tree
version=v4
num_class=1
num_tree_per_iteration=1
label_index=0
max_feature_idx=18
objective=binary sigmoid:1
feature_names=num_dpd_events_24m pct_dpd_payments_24m max_consecutive_dpd_24m dpd_trend_slope_24m longest_clean_streak_24m pct_overdue_payments_24m debt_to_income monthly_income declared_income_type_code declared_employment_code declared_income_gap agg_dpd_count current_clean_streak_24m dpd_late_autocorr_lag1_24m dpd_late_autocorr_lag2_24m income_detected thin_file declared_provided n_features_missing
monotone_constraints=1 1 1 1 -1 1 1 -1 0 0 1 0 -1 1 1 -1 1 0 1
feature_infos=[0:88] [0:0.9375] [0:21] [-9:14.548120498657227] [0:22] [0:0.7804877758026123] [0:11.891450881958008] [200:200000] [218884:16566093] [1487881:10492638] [0:0.99500000476837158] [0:363] [0:22] [-0.66666668653488159:0.85742038488388062] [-0.46666666865348816:0.72979795932769775] [0:1] [0:1] [0:1] [2:7]
tree_sizes=3433 3452 3436 3468 3462 3454 3143 3476 3497 3496 3512 3521 3485 3497 3479 3509 3491 3502 3502 3519 3506 3495 3491 3506 3504 3501 3510 3502 3530 3507 3523 3507 3524 3494 3501 3523 3505 3523 3530 3523 3515 3537 3526 3522 3541 3523 3519 3544 3539 3578 3524 3548 3554 3533 3534 3568 3523 3557 3536 3565 3538 3562 3543 3537 3543 3552 3548 3562 3566 3577 3536 3546 3563 3568 3533 3537 3568 3545 3560 3564 3563 3530 3529 3545 3502 3561 3583 3585 3553 3556 3540 3536 3584 3577 3551 3510 3527 3502 3550 3554 3542 3593 3557 3525 3565 3546 3531 3558 3547 3538 3592 3566 3540 3510 3559 3581 3567 3539 3568 3568 3576 3569 3552 3550 3521 3548 3576 3506 3561 3535 3539 3559 3536 3511 3561 3522 3503 3517 3524

Tree=0
num_leaves=31
num_cat=0
split_feature=12 1 8 8 8 8 12 12 1 1 11 1 11 12 12 11 11 12 7 7 6 1 14 8 11 9 8 7 9 11
split_gain=687111 174045 41996.1 73201.2 30652.8 35824.8 28313.5 11731.5 10236.6 9229.04 9191.83 7089.59 5393.49 4864.9 4644.14 3709.85 3603.07 3413.34 2951.63 2950.65 2504.2 2478.59 2372.83 2295.51 2159.71 2105.74 2077.86 1995.27 2637.24 1894.48
threshold=16.937500000000004 0.045663053169846542 5320895.5000000009 12130922.500000002 5320895.5000000009 12130922.500000002 11.354166507720949 21.816666603088382 0.017937581054866317 0.18245838582515719 43.500000000000007 0.014815627597272398 43.500000000000007 14.062500000000002 15.062500000000002 1.0000000180025095e-35 54.500000000000007 18.366666793823246 31417.700195312504 58060.000000000007 0.035088999196887023 0.060790836811065681 0.15856517106294635 5320895.5000000009 40.500000000000007 3211691.0000000005 10052930.500000002 159699.00000000003 1.0000000180025095e-35 1.0000000180025095e-35
decision_type=2 2 2 2 2 2 2 2 2 2 2 2 2 2 2 2 2 2 8 8 8 2 2 2 2 8 2 8 10 2
left_child=1 2 13 -4 7 8 9 16 17 23 19 12 -7 15 29 18 -2 -6 -1 -9 -14 -10 -8 -3 26 -12 -19 28 -22 -5
right_child=4 6 3 14 5 11 22 10 21 -11 25 -13 20 -15 -16 -17 -18 24 -20 -21 27 -23 -24 -25 -26 -27 -28 -29 -30 -31
leaf_value=-2.4403417633286812 -2.7110609226951672 -2.2157573737462224 -2.7110609226951672 -2.509614937862457 -2.9964395088550355 -2.83515043558379 -2.4403417633286812 -2.8182100395883221 -2.9187453236075389 -2.1338858089236843 -2.8182100395883221 -2.7110609226951672 -3.4146772230587228 -2.6000991013751675 -2.6702688907553958 -2.4403417633286812 -2.8182100395883221 -3.0482099539710745 -2.5349653749815597 -2.8933057306285423 -2.9689917369387784 -2.7110609226951672 -2.3329666267045797 -2.3259836508211089 -3.1372523690895608 -2.9966181898683875 -3.1274788479401474 -3.0721438129802552 -2.7978008582074971 -2.4403417633286812
leaf_weight=641.77511133812368 1353.6158515196294 1116.5253589879721 6758.0183740202338 2162.2574643976986 1028.095698222518 2234.3529208935797 1651.0243585295975 1013.0192494317889 426.12131434306502 1885.1214087344706 178.71102273277938 374.02961824089289 30.436599155887961 962.86360160261393 362.7472939863801 2974.7467062324286 1122.8714990969747 1101.9871714282781 2277.4668421894312 1475.8835063446313 815.83790225721896 130.4281422290951 637.04744591377676 1880.781851157546 2055.6942873485386 1575.8669468145818 951.80552408657968 304.07718886062503 279.27863024920225 2022.581261837855
leaf_count=7947 24316 9781 129972 31309 24583 46459 23217 18929 9534 13554 3599 6338 973 15613 6357 38247 23036 26600 34669 32345 19069 2205 6950 20530 54786 37696 25179 7707 5501 26064
internal_value=-2.66691 -2.5035 -2.5861 -2.64583 -2.91862 -2.97562 -2.29459 -2.83625 -3.05671 -2.22559 -2.88758 -2.86153 -2.88454 -2.48787 -2.48512 -2.46983 -2.74884 -3.07909 -2.5155 -2.82519 -2.9625 -2.85224 -2.44034 -2.28412 -3.09998 -2.9767 -3.06303 -2.95275 -2.92038 -2.46946
internal_weight=41785.1 25333 18162.5 11305.6 16452.1 9732.14 7170.5 6719.97 5694.13 4882.43 4243.48 4038.01 3663.98 6856.85 4547.59 5893.99 2476.49 5137.58 2919.24 2488.9 1429.63 556.549 2288.07 2997.31 4109.49 1754.58 2053.79 1399.19 1095.12 4184.84
internal_count=733065 364210 290178 193702 368855 228934 74032 139921 142887 43865 92569 86047 79709 96476 63730 80863 47352 131148 42616 51274 33250 11739 30167 30311 106565 41295 51779 32277 24570 57373
is_linear=0
shrinkage=1


Tree=1
num_leaves=31
num_cat=0
split_feature=12 9 11 11 7 6 2 9 7 9 9 11 7 12 9 4 11 6 11 12 11 8 11 3 8 6 6 9 8 11
split_gain=22308.8 6714.14 5953.19 8663.9 5095.52 4675.62 2931.3 2707.07 2551.92 2289.49 2085.85 2056.47 2073.25 1756.49 1710.94 1301.64 1286.04 1708.87 1218.54 1010.36 1189.12 768.841 996.142 726.77 707.139 655.505 634.014 582.318 542.412 486.711
threshold=15.267857074737551 1.0000000180025095e-35 1.0000000180025095e-35 11.500000000000002 16034.600097656252 0.0090917046181857603 1.5000000000000002 3211691.0000000005 38060.000000000007 7714069.5000000009 3211691.0000000005 12.500000000000002 8010.0000000000009 21.708333015441898 3211691.0000000005 21.500000000000004 65.500000000000014 0.0058937692083418378 41.500000000000007 21.633333206176761 64.500000000000014 5320895.5000000009 43.500000000000007 -0.00028775571263395244 15089427.500000002 0.079201109707355513 0.061743529513478286 1.0000000180025095e-35 10052930.500000002 15.500000000000002
decision_type=2 10 2 2 8 10 2 10 8 10 8 2 8 2 8 2 2 10 2 2 2 2 2 2 2 8 10 10 2 2
left_child=2 6 4 -4 28 7 8 -3 18 19 -6 12 -5 -10 26 23 17 -15 -2 -9 21 -21 24 -16 -23 -18 -13 -14 -1 -25
right_child=1 5 3 11 10 -7 -8 9 13 -11 -12 14 27 16 15 -17 25 -19 -20 20 -22 22 -24 29 -26 -27 -28 -29 -30 -31
leaf_value=0.44646495943982761 0.31599558116815701 0.32308974640503624 0.50920518468026055 0.48580320101427277 0.38080717249925167 0.34223738416495347 0.34223738416495347 0.2990195123625265 0.2941814485190119 0.32308974640503624 0.34223738416495347 0.39848805094710937 0.34223738416495347 0.18669693590658015 0.37146056125451987 0.35609089712920849 0.069074745490964901 0.27382487767582114 0.2941814485190119 0.27585328879379117 0.12249431299065468 0.20673887030723989 0.14984840940057242 0.47245445617051313 0.27585328879379117 0.21245062179432553 0.44828856808753265 0.36465950502447464 0.39071299299082574 0.39036268972369975
leaf_weight=1112.9058895036578 3671.7329375967383 2203.7428734861314 1260.7397480532527 288.35490426421165 2662.4419199600816 4952.0281829275191 1626.2259339652956 1917.9061422087252 4973.6657525748014 489.15026021748781 13194.227711919695 2371.5455622524023 3900.768898088485 626.97138817608356 8754.5716147907078 6328.3108617551625 90.995535340160131 3748.3124049305916 2879.1565093584359 1769.2182519696653 172.28137898817658 553.4567001722753 307.01817469671369 228.82686116173863 730.24820788949728 819.31451124325395 1155.2277651205659 3622.9703461900353 1080.8690317049623 11214.382327590138
leaf_count=5484 46455 25091 3938 1174 17011 50405 12938 21232 61429 5135 107233 9365 28157 11739 35657 38186 1897 57926 42330 24911 3390 9631 6274 821 9141 14726 3942 20848 7509 48915
internal_value=0.349833 0.315988 0.368487 0.379532 0.344506 0.342237 0.296396 0.303942 0.289754 0.28214 0.342237 0.375188 0.351699 0.27395 0.381269 0.376748 0.253468 0.26485 0.314413 0.269095 0.252687 0.259286 0.232474 0.383184 0.251972 0.198301 0.415046 0.346432 0.419377 0.392087
internal_weight=88707.6 31531.4 57176.1 39125.7 18050.4 13095.1 18436.4 8143.02 16810.1 5939.28 15856.7 37865 7812.09 10259.3 30052.9 26526.1 5285.59 4375.28 6550.89 5450.13 3532.22 3359.94 1590.72 20197.8 1283.7 910.31 3526.77 7523.74 2193.77 11443.2
internal_count=732890 404650 328240 191003 137237 155210 249440 104805 236502 79714 124244 187065 50179 147717 136886 123579 86288 69665 88785 74579 53347 49957 25046 85393 18772 16623 13307 49005 12993 49736
is_linear=0
shrinkage=0.05


Tree=2
num_leaves=31
num_cat=0
split_feature=12 8 13 8 8 8 12 11 6 11 6 8 8 11 10 6 10 8 11 6 14 6 10 11 8 6 11 10 6 10
split_gain=9480.34 3570.94 3442.14 2791.34 6346.79 2587.93 1713.12 1113.9 1310.11 1041.94 907.095 718.572 1449.88 639.218 385.315 370.416 238.527 230.758 215.081 343.551 190.332 183.685 157.222 142.189 141.147 138.932 125.496 125.144 123.742 106.236
threshold=21.774999618530277 5320895.5000000009 0.073747340589761748 10052930.500000002 15089427.500000002 12130922.500000002 15.062500000000002 43.500000000000007 0.0025190354790538554 65.500000000000014 0.10234026983380319 5320895.5000000009 13439690.500000002 45.500000000000007 0.32859666645526892 0.088506285101175322 0.57604345679283153 1289243.5000000002 43.500000000000007 0.03994718752801419 -0.053670633584260934 0.087612550705671324 0.28581193089485174 65.500000000000014 5320895.5000000009 0.27498221397399908 65.500000000000014 0.62012657523155224 0.079201109707355513 0.25009433925151831
decision_type=2 2 2 2 2 2 2 2 10 2 10 2 2 2 8 10 10 2 2 10 2 10 8 2 2 10 2 10 8 8
left_child=2 9 3 6 -5 7 20 8 -3 17 14 -4 -13 24 21 28 -10 -2 29 22 -1 -9 -20 -12 -8 -14 -24 -25 -11 -7
right_child=1 5 11 4 -6 18 13 10 16 15 23 12 25 -15 -16 -17 -18 -19 19 -21 -22 -23 26 27 -26 -27 -28 -29 -30 -31
leaf_value=0.24842495420308303 0.10924867981936753 0.14784611327855471 0.28260513733045312 0.23421320811575491 0.2590288010209526 0.20897351744053261 0.24842495420308303 0.017914141585300414 0.20261025233969152 0.064192598992881128 0.18272435891927874 0.2590288010209526 0.28282540401482226 0.23421320811575491 0.12711986128260597 0.19748633204184513 0.23421320811575491 0.23421320811575491 0.025044671724120067 0.21823713483299076 0.2590288010209526 0.089120432525213122 0.18496563574880351 0.13961876858312156 0.23421320811575491 0.31030033573588173 0.10533874747160384 0.20928209538867182 0.1464524239853322 0.23409419600003095
leaf_weight=2894.9863938763738 126.19859886541963 1161.1151558943093 8139.454718105495 12179.92396755144 17462.471234634519 727.97149915248156 3730.7565322890878 157.67713328078389 1899.120619405061 67.129216894507408 1043.251111023128 8631.1642510257661 4096.465866163373 5760.2400477230549 647.53254514187574 750.59028531610966 650.5353502817452 8034.4263173118234 19.947844866663218 1562.6657526493073 31359.666487127542 71.992013994604349 327.83481528237462 521.93114333972335 1583.9903289563954 811.84726943075657 69.45162845030427 83.762225329875946 182.69133435189724 3006.4956534095109
leaf_count=9306 1580 17943 20297 95456 83870 6978 25197 2908 25501 1137 15351 29899 10609 51094 11097 9330 8089 78056 431 16995 146057 1157 4989 8446 16602 1821 1203 1180 2589 27670
internal_value=0.246108 0.215675 0.252752 0.247635 0.235594 0.197293 0.255498 0.174859 0.192424 0.234213 0.148925 0.270423 0.263058 0.237821 0.107383 0.179679 0.212593 0.234213 0.221709 0.207151 0.259029 0.051121 0.164787 0.170867 0.248425 0.287494 0.171643 0.14991 0.125034 0.229312
internal_weight=117763 21112.3 96651 74972 29642.4 11951.3 45329.6 6236.92 3710.77 9161.04 2526.15 21678.9 13539.5 11075 877.202 1000.41 2549.66 8160.62 5714.37 1979.9 34254.7 229.669 417.234 1648.94 5314.75 4908.31 397.286 605.693 249.821 3734.47
internal_count=732838 242630 490208 427582 179326 149938 248256 91672 51533 92692 40139 62626 42329 92893 15162 13056 33590 79636 58266 23618 155363 4065 6623 24977 41799 12430 6192 9626 3726 34648
is_linear=0
shrinkage=0.05


Tree=3
num_leaves=31
num_cat=0
split_feature=5 9 7 7 1 11 11 7 11 11 10 1 9 9 1 11 11 6 3 14 11 9 9 9 6 11 11 10 11 9
split_gain=5826.12 5641.15 4479.75 2470.52 2087.71 1765.59 1703.25 1420.93 1454.77 901.477 612.915 559.936 541.525 1297.4 422.678 383.879 474.895 329.095 233.456 213.316 213.186 202.182 188.559 306.721 181.35 154.296 147.371 146.449 131.99 115.666
threshold=0.018019480630755428 1.0000000180025095e-35 39610.000000000007 198800.00000000003 0.0089687905274331587 43.500000000000007 42.500000000000007 199700.00000000003 1.0000000180025095e-35 65.500000000000014 0.58010751008987438 0.016438479535281662 3211691.0000000005 7714069.5000000009 0.024640761315822605 21.500000000000004 1.0000000180025095e-35 0.26226332783699041 0.0073467134498059758 -0.0090754483826458437 118.50000000000001 3211691.0000000005 7714069.5000000009 3211691.0000000005 1.0000000180025095e-35 23.500000000000004 97.500000000000014 0.49488030374050146 221.00000000000003 1.0000000180025095e-35
decision_type=2 10 8 8 2 2 2 8 2 2 10 2 10 10 2 2 2 10 2 2 2 10 10 10 8 2 2 8 2 10
left_child=1 2 6 -3 7 12 10 9 24 -4 14 20 -5 15 -1 16 -14 19 25 29 22 -13 23 26 -9 -17 -7 -10 -22 -2
right_child=17 3 4 5 -6 11 -8 8 27 -11 -12 21 13 -15 -16 18 -18 -19 -20 -21 28 -23 -24 -25 -26 -27 -28 -29 -30 -31
leaf_value=0.18206390500948655 0.20006184680433514 0.20006184680433514 0.16696927983332124 0.19337581091647271 0.17808404361653976 0.16386460806151357 0.17808404361653976 -0.050874216976338288 0.019394661485583845 0.14768629676119258 0.20006184680433514 0.19337581091647271 0.17561089525903736 0.19337581091647271 0.19431591756398764 0.1605655986941523 0.19337581091647271 0.22583775141937484 0.19337581091647271 0.21444733841835795 -0.050206191039067531 0.16901415152915533 0.16386460806151357 0.13323358539103433 0.10649199804932208 0.17753327513748984 -0.044422116476033474 0.14768629676119258 0.16386460806151357 0.20836016341917701
leaf_weight=10267.705431926996 3576.9511538147926 18167.597786866128 19179.331124667078 9332.6019006669521 9576.2077362313867 933.25351501628757 6907.3367879502475 17.344299621880054 63.977628633379936 2399.5611496940255 9011.7607435584068 681.87755201756954 6978.6967030093074 2894.4778356701136 2130.1992508918047 5114.3539955355227 2915.5929782614112 4864.6809035167098 595.02291129529476 12809.639444544911 21.853626869618896 1693.2939548939466 172.25015728920698 2238.1163160167634 2662.3652298748493 2181.7129472866654 8.2121561244130117 2193.1136706657708 4.362257480621337 2660.2630733251572
leaf_count=61156 11408 82122 135673 41123 42823 7326 52456 167 760 25820 40183 2632 33080 11236 6196 41312 9755 10041 1568 25619 290 8254 1273 23515 19045 11810 100 19295 8 6425
internal_value=0.191061 0.186499 0.176482 0.198454 0.164764 0.18669 0.191404 0.157091 0.132718 0.162654 0.198976 0.161112 0.191582 0.184788 0.18857 0.176874 0.183624 0.213625 0.168366 0.210482 0.147739 0.179991 0.148849 0.143797 0.105436 0.165687 0.163865 0.147686 0.00529769 0.202273
internal_weight=142254 118342 64408.9 53933.3 36091.9 35765.7 28317 26515.7 4936.8 21578.9 21409.7 5753.22 30012.5 20679.9 12397.9 17785.4 9894.29 23911.5 7891.09 19046.9 3378.05 2375.17 3351.83 3179.58 2679.71 7296.07 941.466 2257.09 26.2159 6237.21
internal_count=732471 678978 403574 275404 243583 193282 159991 200760 39267 161493 107535 43398 149884 108761 67352 97525 42835 53493 54690 43452 32512 10886 32214 30941 19212 53122 7426 20055 298 17833
is_linear=0
shrinkage=0.05


Tree=4
num_leaves=31
num_cat=0
split_feature=4 11 11 8 8 8 11 12 11 9 6 9 6 13 10 13 9 0 7 13 9 10 12 6 10 9 11 11 10 9
split_gain=5850.4 3455.21 1922.34 1819.13 1937.87 1521.36 1486.12 1271.48 990.26 890.779 869.828 815.97 636.796 620.475 472.292 448.847 420.062 389.009 358.807 319.599 319.014 308.365 307.343 308.38 299.937 253.09 265.273 235.175 212.574 235.591
threshold=21.500000000000004 1.0000000180025095e-35 11.500000000000002 5320895.5000000009 12130922.500000002 1289243.5000000002 12.500000000000002 14.348484516143801 21.500000000000004 1.0000000180025095e-35 0.0090917046181857603 7714069.5000000009 0.0090917046181857603 0.16662679612636569 0.83346664905548107 -0.049675324931740754 3211691.0000000005 1.0000000180025095e-35 98200.000000000015 0.07330589741468431 7714069.5000000009 0.2942016869783402 18.816666603088382 0.0090917046181857603 0.38008263707160955 1.0000000180025095e-35 65.500000000000014 57.500000000000007 0.81258332729339611 3211691.0000000005
decision_type=2 2 2 2 2 2 2 2 2 10 10 10 8 2 10 2 10 2 8 2 10 10 2 8 10 10 2 2 10 8
left_child=1 11 -3 5 7 19 17 -5 -8 13 16 14 21 -9 -1 -10 -11 -4 -14 24 -18 -7 -6 -24 -2 26 -25 28 29 -17
right_child=3 2 6 4 22 12 8 9 15 10 -12 -13 18 -15 -16 27 20 -19 -20 -21 -22 -23 23 25 -26 -27 -28 -29 -30 -31
leaf_value=0.15693424700422598 0.017273784731051251 0.21560306744873242 0.15693424700422598 0.15693424700422598 0.15693424700422598 0.03024852884887505 0.21027133644990192 0.11499546429521537 0.16445304428174967 0.12631522050435609 0.14103480516007622 0.19431274009500055 0.15693424700422598 0.14103480516007622 0.1933455002233139 0.18505860305847552 0.088414453827173417 0.17889925575287552 0.14655827196217949 0.15693424700422598 0.12631522050435609 0.1209402615426397 0.045789693854415177 0.14338109753175973 0.10331443952417943 0.15142929792326673 0.11093206299807259 0.18978225635751214 0.19530376611718459 0.17289981903479137
leaf_weight=29902.089291393757 260.92425303161144 2656.9215367510915 12228.040934376419 3623.3057048618793 8001.6720653213561 147.07972444966435 2102.8690419644117 12596.335189457983 8923.7905576601624 723.20456318557262 2487.1140409037471 1819.1293221861124 17670.727963600308 865.25339008867741 1802.0019901767373 3867.7434815615416 1718.2420416660607 2136.0800525397062 10214.280405156314 78.915968731045723 139.14379383996129 179.74385966360569 78.44600024074316 3557.4506932236254 145.84149054437876 4346.5122810155153 816.79541413486004 3761.4360532090068 1484.279910646379 24802.689237132668
leaf_count=126590 2449 3938 46298 12907 36481 1315 3893 116961 26518 5721 16128 5723 93828 3256 5020 7064 18353 3865 64113 255 1059 1211 912 25873 1068 29168 7241 6067 2483 56936
internal_value=0.158579 0.16656 0.173756 0.147308 0.140233 0.156902 0.171874 0.130475 0.176379 0.125135 0.141035 0.156934 0.156934 0.118312 0.156934 0.174705 0.111596 0.157759 0.156934 0.0680523 0.0966018 0.0849463 0.153083 0.145924 0.0496946 0.146814 0.137375 0.177393 0.175835 0.174813
internal_weight=163138 95487.1 61963.9 67651 38953.5 28697.5 59306.9 22152.6 44942.8 18529.3 5067.7 33523.2 28211.8 13461.6 31704.1 42839.9 2580.59 14364.1 27885 485.682 1857.39 326.824 16800.9 8799.2 406.766 8720.76 4374.25 33916.1 30154.7 28670.4
internal_count=732694 294395 157062 438299 274060 164239 153124 174385 102961 161478 41261 137333 160467 120217 131610 99068 25133 50163 157941 3772 19412 2526 99675 63194 3517 62282 33114 72550 66483 64000
is_linear=0
shrinkage=0.05


Tree=5
num_leaves=31
num_cat=0
split_feature=1 12 11 11 12 7 5 6 3 11 7 6 7 6 4 11 1 7 11 6 14 7 6 6 7 7 7 11 7 12
split_gain=4597.97 2627.55 899.123 879.721 868.734 860.914 775.457 569.626 486.711 358.47 324.409 223.915 189.8 306.416 175.792 165.43 165.156 116.169 114.075 99.6918 78.5083 61.883 83.7722 59.5344 48.8393 38.1158 32.2333 29.1142 47.7724 27.2845
threshold=0.022814018651843074 15.267857074737551 1.0000000180025095e-35 43.500000000000007 21.774999618530277 32013.600585937504 0.028039832599461082 0.0090917046181857603 0.0079377144575119036 65.500000000000014 58060.000000000007 0.048953261226415641 50000.500000000007 0.013957562390714886 20.500000000000004 33.500000000000007 0.0082305916585028189 59620.000000000007 108.50000000000001 0.017895999364554886 -0.074646510183811174 70100.000000000015 0.15698416531085971 0.0058937692083418378 38060.000000000007 150200.00000000003 39610.000000000007 33.500000000000007 79040.000000000015 17.267857551574711
decision_type=2 2 2 2 2 8 2 8 2 2 10 10 8 8 2 2 2 8 2 8 2 10 10 10 8 10 8 2 10 2
left_child=1 2 5 7 16 -1 8 10 26 12 15 18 -6 -14 20 -3 17 29 19 -11 -8 22 -13 -12 -9 -21 -2 -26 -29 -5
right_child=6 3 -4 4 9 -7 14 24 -10 11 23 21 13 -15 -16 -17 -18 -19 -20 25 -22 -23 -24 -25 27 -27 -28 28 -30 -31
leaf_value=0.13822445377502543 0.14267803101024676 0.094760272438380325 0.13822445377502543 0.12400515571546263 0.11423691023172633 0.12892066400828248 0.15117497426771945 0.12892066400828248 0.14713160824546812 -0.011391424514719745 -0.054217822751021806 0.090510590578544159 -0.051116203450773494 0.10350970195295101 0.14713160824546812 0.027439826187106171 0.12892066400828248 0.11423691023172633 -0.049361890135073944 0.074962009002825611 0.15700197797513063 0.080715401821856783 0.10615537143843123 0.027439826187106171 0.12749389957426768 0.030322285239736124 0.13822445377502543 0.12453476919682803 0.1102415307688851 0.11912103297359447
leaf_weight=10380.806401543319 6299.1496593132615 186.98672955483198 31036.294614762068 2203.5535612106323 4295.2783354669809 27202.061741627753 4102.3283003792167 8718.7543968558311 9855.2933779135346 38.224573045969009 59.964873790740967 564.12378342822194 31.166085571050644 4365.5111742317677 5419.7356970831752 67.59325410425663 5033.1266526319087 4384.5452197007835 21.10881906747818 455.75805733725429 17552.315237313509 552.28613495826721 1879.1472469568253 11.038281664252279 14424.331981107593 10.651465710252522 14467.879443928599 5241.4755462408066 848.29321670532227 2465.9019777737558
leaf_count=32254 17800 1351 92216 10518 33872 105116 7024 52253 21109 577 641 5309 440 38012 13844 544 26921 27278 313 5068 23370 5411 16151 88 98863 171 44405 30061 5072 16943
internal_value=0.135091 0.129673 0.136242 0.121599 0.114899 0.129978 0.146776 0.127553 0.14126 0.105072 0.0612329 0.0914363 0.110574 0.102391 0.153003 0.0874429 0.123402 0.11909 0.0609074 0.0656966 0.155218 0.0967502 0.100306 -0.0325632 0.128288 0.072036 0.138224 0.126067 0.122581 0.124005
internal_weight=182175 124478 68619.2 55858.8 26300.4 37582.9 57696.7 29558.4 30622.3 12213.3 325.583 3521.3 8691.96 4396.68 27074.4 254.58 14087.1 9054 525.743 504.634 21654.6 2995.56 2443.27 71.0032 29232.9 466.41 20767 20514.1 6089.77 4669.46
internal_count=732995 605443 229586 375857 186984 137370 127552 188873 83314 105324 2624 33000 72324 38452 44238 1895 81660 54739 6129 5816 30394 26871 21460 729 186249 5239 62205 133996 35133 27461
is_linear=0
shrinkage=0.05


Tree=6
num_leaves=28
num_cat=0
split_feature=12 5 7 3 4 14 4 7 13 14 12 12 4 7 12 10 13 7 10 3 14 0 10 10 3 7 10
split_gain=4491.54 2062.12 1134.32 445.143 318.129 215.298 183.14 182.738 216.809 208.231 162.023 106.029 93.1351 89.5788 66.9103 58.1315 56.7945 44.0983 40.6149 32.6233 26.0727 65.3668 25.0404 17.9998 15.4638 10.3662 1.36901
threshold=18.366666793823246 0.027460098266601566 39610.000000000007 0.0079377144575119036 21.500000000000004 0.049307929351925857 18.500000000000004 46010.000000000007 -0.026378921233117577 0.027958904393017295 21.774999618530277 15.062500000000002 12.500000000000002 57040.000000000007 5.9166667461395273 0.10570267215371133 0.24371013045310977 199700.00000000003 0.35723467171192175 0.00029801116033922886 -0.054528366774320595 1.0000000180025095e-35 0.31827457249164587 0.44452822208404547 -0.25405237078666681 71055.500000000015 0.047809524461627013
decision_type=2 2 8 2 2 2 2 8 2 2 2 2 2 10 2 10 2 10 10 2 2 2 10 10 2 8 10
left_child=1 2 6 11 -2 12 23 15 9 -9 -10 20 24 -12 25 -6 -16 18 -15 -8 -4 -22 -18 -1 -3 -7 -19
right_child=4 5 3 -5 7 14 19 8 10 -11 13 -13 -14 17 16 -17 22 26 -20 -21 21 -23 -24 -25 -26 -27 -28
leaf_value=0.12344163143507003 0.11251655813848527 0.12927924276245825 0.11390628299100181 0.12075277932744713 0.1031780689929252 0.14590952305301802 0.12075277932744713 -0.055682292970192282 0.1031780689929252 0.062181833597089502 0.099619940915183114 0.11251655813848527 0.12613048354269293 0.088883547980881064 0.13242800198222357 0.10748274706551367 0.13510775239101247 0.062181833597089502 0.095869428996139094 0.12344163143507003 0.1148531230144382 0.1174248546860903 0.13902559808576578 0.12613048354269293 0.13242800198222357 0.13902559808576578 0.07742454749011618
leaf_weight=12713.075341068208 680.66766352951527 1982.3924093693495 3669.7257935851812 8170.6491571068764 2543.9072028659284 2781.7900824695826 7080.834715873003 46.179933048784733 5192.7197101376951 50.0512315928936 15416.411560982466 15654.808382309973 4730.4233053177595 3697.2497289553285 4214.7234494909644 14632.231273680925 5695.2355421334505 16.212954506278038 2212.0479797683656 2431.7415143996477 48831.69081890583 10523.961645849049 3856.3407602310181 15979.07904971391 4411.1136090010405 1558.0895486176014 70.680336847901344
leaf_count=35935 2189 2914 8673 17372 16967 2208 30731 389 29934 255 107403 74658 10632 27744 7489 91583 7698 209 16039 6746 156128 27507 4656 38893 5872 1470 628
internal_value=0.117496 0.121538 0.118734 0.115558 0.103495 0.133527 0.125947 0.102449 0.0997976 0.0242948 0.100069 0.114097 0.127865 0.0975282 0.136991 0.106559 0.135087 0.0921189 0.0926673 0.120753 0.115296 0.1158 0.137788 0.12613 0.132428 0.142964 0.0621818
internal_weight=198844 154286 125056 86850.8 44558.4 29230.1 38204.7 43877.7 26701.6 96.2312 26605.3 78680.2 11123.9 21412.6 18106.2 17176.1 13766.3 5996.19 5909.3 9512.58 63025.4 59355.7 9551.58 28692.2 6393.51 4339.88 86.8933
internal_count=732922 439582 396643 284338 293340 42939 112305 291151 182601 644 181957 266966 19418 152023 23521 108550 19843 44620 43783 37477 192308 183635 12354 74828 8786 3678 837
is_linear=0
shrinkage=0.05


Tree=7
num_leaves=31
num_cat=0
split_feature=12 8 8 9 8 8 7 6 9 9 8 5 11 1 5 10 10 8 7 8 8 11 1 11 12 6 11 8 11 9
split_gain=4088.76 2061.4 2827.49 1890.68 972.792 1027.23 673.907 513.402 689.21 492.984 473.48 460.737 460.642 452.548 328.291 305.648 303.771 301.697 285.234 239.302 472.354 263.533 201.551 200.154 192.049 189.775 185.204 184.57 176.344 166.94
threshold=15.267857074737551 10052930.500000002 15089427.500000002 1.0000000180025095e-35 5320895.5000000009 1289243.5000000002 39610.000000000007 0.0090917046181857603 3211691.0000000005 7714069.5000000009 12130922.500000002 0.018019480630755428 55.500000000000007 0.0076340327505022296 0.029268989339470867 0.47834612429142004 0.90672317147254955 5320895.5000000009 181000.00000000003 5320895.5000000009 13439690.500000002 48.500000000000007 0.027874902822077278 75.500000000000014 19.414285659790043 0.0040080321487039336 91.500000000000014 1289243.5000000002 33.500000000000007 1.0000000180025095e-35
decision_type=2 2 2 10 2 2 8 10 10 10 2 2 2 2 2 10 10 2 10 2 2 2 2 2 2 8 2 2 2 10
left_child=1 6 -3 4 5 15 16 8 -5 19 13 17 25 28 29 -2 -1 -8 24 23 21 -21 -12 27 -14 -7 -22 -10 -6 -4
right_child=3 2 14 7 10 12 11 -9 9 -11 22 -13 18 -15 -16 -17 -18 -19 -20 20 26 -23 -24 -25 -26 -27 -28 -29 -30 -31
leaf_value=0.11933507575756919 -0.032531897816299442 0.10166188715311371 0.10924887550046658 0.09728480778268743 0.079347746166931854 0.029490543754917761 0.11107091149348627 0.10166188715311371 0.0091163012335656116 0.09728480778268743 0.087477545962452552 0.11584172362044981 0.094136739274733913 0.090818052804134297 0.12723192817718526 0.071346599748256689 0.1428023861760325 0.10218882593826883 -0.055014687907282769 0.062393199966675431 0.085698238095026844 0.014246486330499755 0.10166188715311371 0.04039963520744138 0.073077262855912151 0.10166188715311371 -0.053530086922352949 0.089757718654180987 0.067189430236657507 0.11766474764168083
leaf_weight=23392.369743347168 191.42063932865858 22268.460146218538 10882.55612668395 5432.2825738526881 4962.8208663165569 109.87259861081839 30873.386456012726 12368.26358731091 72.221280112862587 1156.894323989749 8747.5834114402533 13756.931495264173 2925.9073428660631 4235.2048300653696 6080.7818372994661 109.72435259819031 1523.3244108259678 14478.730564445257 34.796629950404167 1882.1080289334059 3458.845929119736 336.33759389445186 1055.2001078277826 225.00377338379622 1801.4363005459309 11390.055671855807 22.802738264203072 6500.5491951033473 7921.086551759392 14732.374071538448
leaf_count=46334 1608 78949 25431 24959 37816 848 72127 50264 608 5153 48070 17913 12914 19366 6728 640 2081 46416 305 15426 19320 2951 3133 1454 12120 51706 210 35019 61181 31592
internal_value=0.103813 0.108923 0.101662 0.0944004 0.0875184 0.0970781 0.113834 0.101662 0.0929077 0.0848618 0.0816303 0.110902 0.0987723 0.0765785 0.116626 0.00553798 0.120781 0.10824 0.0850918 0.0808919 0.0732426 0.0551131 0.090435 0.0872825 0.086146 0.101662 0.0847562 0.0888747 0.0718843 0.114098
internal_weight=212929 137989 53964.2 74940.4 43485.1 16563.2 84024.7 31455.3 19087 13654.8 26921.9 59109 16262.1 17119.1 31695.7 301.145 24915.7 45352.1 4762.14 12497.9 5700.09 2218.45 9802.78 6797.77 4727.34 11499.9 3481.65 6572.77 12883.9 25614.9
internal_count=732642 327571 142700 405071 249707 80141 184871 155364 105100 80141 169566 136456 77893 118363 63751 2248 48415 118543 25339 74988 37907 18377 51203 37081 25034 52554 19530 35627 98997 57023
is_linear=0
shrinkage=0.05


Tree=8
num_leaves=31
num_cat=0
split_feature=1 9 8 8 12 7 10 8 8 8 11 12 12 7 4 9 9 11 6 6 8 7 12 6 13 3 13 6 8 7
split_gain=3754.32 3366.15 2255.64 3708.07 1725.06 1690.47 789.41 737.584 727.829 697.077 634.976 517.862 484.627 432.679 1201.46 654.191 539.347 356.499 330.864 281.754 267.928 299.763 220.424 213.994 203.659 209.648 189.348 180.461 143.367 142.621
threshold=0.036429991945624358 1.0000000180025095e-35 10052930.500000002 12130922.500000002 15.211111068725588 97002.000000000015 0.81675708293914806 5320895.5000000009 1289243.5000000002 13439690.500000002 34.500000000000007 18.683333396911625 14.062500000000002 198800.00000000003 21.500000000000004 3211691.0000000005 7714069.5000000009 1.0000000180025095e-35 0.20257303118705752 0.0040080321487039336 5320895.5000000009 140100.00000000003 5.0625000000000009 0.032394221052527435 0.26698686182498937 0.008502367418259384 0.22089631110429767 0.017895999364554886 5320895.5000000009 49000.099609375007
decision_type=2 10 2 2 2 8 10 2 2 2 2 2 2 8 2 10 10 2 10 8 2 10 2 8 2 2 2 8 2 10
left_child=1 2 4 5 -1 6 18 26 -3 22 19 -12 -5 -10 -15 -16 -17 -7 -4 -6 21 23 -9 -13 25 -11 -2 -14 -21 -29
right_child=7 8 3 12 10 17 -8 9 13 24 11 20 27 14 15 16 -18 -19 -20 28 -22 -23 -24 -25 -26 -27 -28 29 -30 -31
leaf_value=0.095699165662209401 0.10615162758568231 0.013579151384559673 0.060227255528247925 0.095699165662209401 0.0098633347926632073 0.026431672210597498 0.095699165662209401 0.10833183056971224 0.095699165662209401 0.097208826812552801 0.082992559022377677 0.02502844963699203 0.032882669447985256 0.093255573344826995 0.086678229976836926 0.069133834681996437 0.086678229976836926 0.050814644942045961 0.077968365570730211 0.087643662394687932 0.048084988393683026 -0.021039946592407714 0.095699165662209401 0.072895997696555789 0.11631803767944526 0.10985537471541099 0.11543865152948157 0.087066222190560025 0.075957455644102501 0.07451829108320418
leaf_weight=22738.581776216626 14884.226199746132 276.0708954334259 11107.23584343493 9793.5279852151871 118.97050363570452 3477.523596778512 1274.1904587447643 4424.5502355396748 24326.807897843421 5831.1400585174561 5907.0830877497792 129.68091041222215 192.27596936374903 30111.128899730742 5481.943354152143 12482.186031091958 1191.9910310059786 2646.0222680047154 3485.7936352342367 7457.7934926375747 2163.0593203678727 89.134387381374836 20533.916393071413 4598.3623418360949 4871.1808401048183 3376.9471799880266 9414.0293384939432 6100.0770256966352 3030.0829716771841 3821.0438506379724
leaf_count=56466 25193 1613 58426 22794 957 17790 4411 5555 73129 11856 26807 1103 1407 75407 24108 72009 4914 17830 19225 30754 18393 764 45518 27401 5196 4637 10748 28661 19096 19958
internal_value=0.092554 0.0885141 0.0818938 0.0734794 0.0895157 0.0593158 0.0679297 0.102884 0.0956992 0.0985997 0.0795882 0.0720667 0.0891181 0.0956992 0.090812 0.0801009 0.0732139 0.0369809 0.0644751 0.0876437 0.0627994 0.069384 0.0956992 0.0710968 0.107881 0.103393 0.109759 0.0813176 0.0876437 0.0822495
internal_weight=225337 162001 88130.4 41897.7 46232.7 21990.8 15867.2 63336 73870.1 39037.7 23494.2 12887.3 19906.9 73594.1 49267.2 19156.1 13674.2 6123.55 14593 10606.8 6980.24 4817.18 24958.5 4728.04 14079.3 9208.09 24298.3 10113.4 10487.9 9921.12
internal_count=732126 623423 372243 190502 181741 117682 82062 108703 251180 72762 125275 74468 72820 249567 176438 101031 76923 35620 77651 50807 47661 29268 51073 28504 21689 16493 35941 50026 49850 48619
is_linear=0
shrinkage=0.05


Tree=9
num_leaves=31
num_cat=0
split_feature=4 11 1 12 9 9 11 8 8 11 11 10 10 6 10 12 10 3 8 8 11 11 10 11 11 6 10 6 8 6
split_gain=3713.52 2180.85 1169.41 1147.34 1038.25 572.436 552.374 472.971 504.136 439.977 382.473 325.774 240.854 225.416 317.462 223.238 184.82 182.154 181.973 180.102 158.725 158.006 156.038 125.768 158.984 110.447 109.013 99.8876 95.2368 103.686
threshold=21.500000000000004 1.0000000180025095e-35 0.0089687905274331587 10.949999809265138 1.0000000180025095e-35 7714069.5000000009 11.500000000000002 5320895.5000000009 12130922.500000002 12.500000000000002 34.500000000000007 0.78579074144363414 0.61116281151771557 0.0090917046181857603 0.48989796638488775 19.2613639831543 0.69240385293960582 0.59072089195251476 5320895.5000000009 13439690.500000002 34.500000000000007 102.50000000000001 0.52732190489768993 22.500000000000004 33.500000000000007 0.0058937692083418378 0.78268364071846019 0.079201109707355513 1289243.5000000002 0.07426562532782556
decision_type=2 2 2 2 10 10 2 2 2 2 2 10 10 10 8 2 10 2 2 2 2 2 8 2 2 8 8 10 2 10
left_child=1 5 4 6 7 11 26 10 16 12 28 -1 -5 14 -6 -12 25 23 -11 20 -20 -10 27 -8 -25 -9 -3 -17 29 -2
right_child=2 3 -4 9 13 -7 17 8 21 18 15 -13 -14 -15 -16 22 -18 -19 19 -21 -22 -23 -24 24 -26 -27 -28 -29 -30 -31
leaf_value=0.083377630320458293 -0.054560336728483816 0.10571904069291634 0.083377630320458293 0.083377630320458293 -0.0024960925210384252 0.10794988761844593 0.094706183471482741 -0.0007355646073139994 0.073272682067744052 0.094706183471482741 0.076082438575726941 0.10321782545874814 0.094706183471482741 0.078385327050573203 0.072636655001534087 0.032477394685426458 0.073406374598200527 0.10704030843612672 0.083377630320458293 0.094706183471482741 0.094706183471482741 0.012978916471311542 0.067403997222058296 0.1021777888050184 0.096614395999896935 0.056083797241226002 0.12644169081864803 0.056344555467161307 0.078385327050573203 0.046819497335214393
leaf_weight=42982.595923408866 32.96697723120451 1007.9955478906631 30053.463528551161 15793.569157853723 141.56545515730977 2805.8239297568798 14751.790256768465 86.042277552187443 9366.2514426074922 11287.617832779884 3247.9129908010364 3872.0149526745081 2528.6889084279537 11591.083427555859 18090.39299370721 530.83911158517003 1688.2726403176785 5899.8581586629152 6274.5019870325923 6319.4018644988537 3112.9585560560226 110.90118094161153 1120.6888414770365 2890.7423096597195 16010.095659509301 12976.123230345547 2298.7792437970638 2814.8499401807785 7757.9013311564922 89.38719916343689
leaf_count=124216 286 1369 83475 41216 1012 5714 21390 783 44956 19806 12314 7512 5408 43276 93780 3782 10090 4936 17319 11568 6935 753 6228 3350 21793 89595 2172 16964 30477 494
internal_value=0.084396 0.0897163 0.0770389 0.0945488 0.073393 0.0833776 0.10043 0.0679415 0.0635494 0.0889828 0.074756 0.0833776 0.0833776 0.0783853 0.0720531 0.0660511 0.0577447 0.0987712 0.093073 0.0888167 0.084319 0.07257 0.0587256 0.0973153 0.100156 0.0557095 0.120193 0.0525794 0.0783853 0.0190656
internal_weight=237535 137836 99698.6 88176 69645.2 49660.4 42859.3 39822.1 24227.6 45316.7 15594.5 46854.6 18322.3 29823 18232 7714.29 14750.4 39552.5 26994.5 15706.9 9387.46 9477.15 4466.38 33652.6 18900.8 13062.2 3306.77 3345.69 7880.26 122.354
internal_count=732969 294704 438265 157262 354790 137442 55010 216722 146177 102252 70545 131728 46624 138068 94792 39288 100468 51469 55628 35822 24254 45709 26974 46533 25143 90378 3541 20746 31257 780
is_linear=0
shrinkage=0.05


Tree=10
num_leaves=31
num_cat=0
split_feature=5 9 8 8 12 7 7 4 9 9 12 6 8 7 7 6 8 14 1 7 9 3 6 1 10 10 7 10 12 12
split_gain=3308.47 2830.37 2007.01 3401.82 1734.06 1202.93 1118.66 1030.16 599.752 668.127 499.545 447.256 422.494 503.726 333.048 235.21 232.21 221.85 173.055 170.064 168.099 164.997 160.132 153.945 150.424 141.401 138.712 133.349 121.269 119.074
threshold=0.023976048454642299 1.0000000180025095e-35 10052930.500000002 12130922.500000002 16.267857551574711 197600.00000000003 198800.00000000003 21.500000000000004 3211691.0000000005 7714069.5000000009 13.690476417541506 0.17396961152553561 5320895.5000000009 43970.000000000007 39610.000000000007 0.017895999364554886 1289243.5000000002 0.049307929351925857 0.017937581054866317 7420.0000000000009 1.0000000180025095e-35 0.00021880293206777426 0.017895999364554886 0.0089687905274331587 0.94803845882415783 0.38008263707160955 19602.200195312504 0.18286825716495517 17.354166984558109 18.774999618530277
decision_type=2 10 2 2 2 8 8 2 10 10 2 10 2 10 10 8 2 2 2 10 10 2 10 2 8 10 10 10 2 2
left_child=1 2 4 5 14 11 -3 -8 -9 -10 26 21 13 -6 -1 27 25 20 -7 -13 -2 -4 -16 -21 29 -15 -5 -12 -18 -14
right_child=17 6 3 10 12 18 7 8 9 -11 15 19 24 16 22 -17 28 -19 -20 23 -22 -23 -24 -25 -26 -27 -28 -29 -30 -31
leaf_value=0.082400843663078593 0.082400843663078593 0.082400843663078593 0.048398210389050837 0.082400843663078593 0.073246939516090723 0.02728438707185582 0.078873667086819865 0.072820291800900439 0.056354868513387217 0.072820291800900439 -0.056599913135300876 0.082400843663078593 0.061070447277936479 -0.056226561652398747 0.073246939516090723 0.068585248439627197 0.06617831868972919 0.09379080503678966 0.04305774598798498 0.058282558229352736 0.089700792801628626 0.058282558229352736 0.078979529047354377 0.0728733181863256 0.073246939516090723 0.060398434138772064 0.076115818981336014 0.036680466781511038 0.056009904572716429 0.047931653299025261
leaf_weight=18992.534793049097 8190.5493758022785 33019.800526257604 13441.251102387905 3954.4630129933357 9067.8425481468439 5696.0035807527602 40328.811283700168 6649.1306053549051 14881.035376608372 1501.5692546069622 47.782650720328093 591.27301938831806 2911.8541627973318 68.657650396227837 4139.9670439511538 12210.018751468509 1963.4129539579153 21938.556736573577 761.30217479169369 3646.9073729813099 5774.2486526742578 1170.1262352243066 14198.711373284459 2459.6389840692282 245.21093355864286 39.179066777229309 9287.1526245027781 165.32631645724177 5742.4335065856576 4424.5295925661922
leaf_count=37833 13554 83301 61949 6843 36096 30724 88718 25353 75468 5140 430 1842 15265 612 12029 51383 6924 24453 2336 20039 7395 3024 32301 7615 1330 223 19892 1039 29203 30579
internal_value=0.0765711 0.0741876 0.0688941 0.0617898 0.0750348 0.0496532 0.0805145 0.0753465 0.0667669 0.0608339 0.0749155 0.0553834 0.0646726 0.0690882 0.0818213 0.0676761 0.0591097 0.0906141 0.0307321 0.0661047 0.0856108 0.0504605 0.0755582 0.0633458 0.054825 -0.0135263 0.0816961 0.0154336 0.0601294 0.0531617
internal_weight=247509 211606 115226 53431.2 61794.3 27766.5 96380.3 63360.5 23031.7 16382.6 25664.7 21309.2 24463.1 16881.5 37331.2 12423.1 7813.68 35903.4 6457.31 6697.82 13964.8 14611.4 18338.7 6106.55 7581.59 107.837 13241.6 213.109 7705.85 7336.38
internal_count=732893 687491 409511 207116 202395 127529 277980 194679 105961 80608 79587 94469 120232 73058 82163 52852 36962 45402 33060 29496 20949 64973 44330 27654 47174 835 26735 1469 36127 45844
is_linear=0
shrinkage=0.05


Tree=11
num_leaves=31
num_cat=0
split_feature=5 9 8 8 12 6 17 4 11 9 9 12 10 8 5 10 8 12 11 9 9 8 8 17 12 8 10 10 6 6
split_gain=3091.93 2343.87 1649.67 2911.14 1521.17 1197.93 1095.17 909.134 529.209 489.127 505.865 433.97 373.105 359.228 334.806 314.652 304.428 255.764 252.845 246.601 453.095 249.777 229.565 204.135 185.21 171.516 159.872 157.471 141.383 141.103
threshold=0.018019480630755428 1.0000000180025095e-35 10052930.500000002 12130922.500000002 15.062500000000002 0.07336157932877542 1.0000000180025095e-35 21.500000000000004 33.500000000000007 3211691.0000000005 7714069.5000000009 16.763889312744144 0.5004003942012788 1289243.5000000002 0.075853470712900176 0.76583588123321544 5320895.5000000009 17.354166984558109 1.0000000180025095e-35 3211691.0000000005 7714069.5000000009 15089427.500000002 5320895.5000000009 1.0000000180025095e-35 18.683333396911625 13439690.500000002 0.52005645632743847 0.30866880714893347 0.044101111590862281 0.017895999364554886
decision_type=2 10 2 2 2 10 2 2 2 10 10 2 10 2 2 10 2 2 2 10 10 2 2 2 2 2 8 8 8 8
left_child=1 2 4 5 27 12 7 19 -6 -9 -11 26 18 -10 22 -7 17 -15 23 -3 21 -21 -2 -4 -18 -24 -5 -1 -19 -13
right_child=14 6 3 11 8 15 -8 9 13 10 -12 29 -14 16 -16 -17 24 28 -20 20 -22 -23 25 -25 -26 -27 -28 -29 -30 -31
leaf_value=0.070156801421894427 0.08305747516605029 0.075581744749050467 0.017212789220522242 0.068887946197056099 0.067889418625177556 0.054138755348601547 0.075581744749050467 0.066970078083732981 -0.0055503803202206518 0.052004416670647438 0.066970078083732981 0.017715218988068781 0.046280586079134794 0.067889418625177556 0.087629929024523906 0.075581744749050467 0.054051615127245961 0.020728341719054997 0.038927928563948271 0.066970078083732981 0.075581744749050467 0.075581744749050467 0.075581744749050467 0.034573380534609843 0.036605141385317397 0.08305747516605029 0.075581744749050467 0.075581744749050467 0.055964001659252118 0.061669139861673175
leaf_weight=13856.113150417805 7335.9218796491623 13349.781685680151 3650.8294190615416 9973.2069491744041 8459.0219765529037 11935.386072613299 33903.662528049201 6756.8053821995854 237.06667392328382 15176.049492157996 1475.5480457469821 187.88296474516392 3117.1982023715973 5693.2947247326374 20517.622164592147 1163.8037405088544 4052.2467669174075 299.74689656496048 4907.2187039777637 16819.90594625473 4448.3539342731237 6675.3017568141222 8408.8569383472204 3169.2327097654343 2470.8798445612192 4431.537389755249 5836.091025441885 20573.26383164525 7120.3437420651317 10244.206652849913
leaf_count=30660 10087 26086 17213 21850 35519 54783 82627 25004 1619 74464 5002 1346 11295 17718 20294 3981 19182 1965 26064 41130 7872 13281 16960 12284 18460 6130 10719 39951 34461 44853
internal_value=0.0704521 0.0680636 0.0632716 0.0568733 0.0687936 0.0456357 0.0737455 0.0686803 0.0601971 0.0607903 0.0556719 0.0688354 0.0359014 0.0555856 0.0830999 0.0566597 0.0563241 0.0607274 0.0315753 0.0731498 0.0699952 0.0669701 0.078485 0.0252879 0.0474564 0.0755817 0.0740759 0.0755817 0.0545466 0.0608811
internal_weight=256246 215552 116947 54185.1 62762 27943.7 98605.4 64701.7 28332.6 23408.4 16651.6 26241.4 14844.5 19873.6 40693.9 13099.2 19636.5 13113.4 11727.3 41293.3 27943.6 23495.2 20176.3 6820.06 6523.13 12840.4 15809.3 34429.4 7420.09 10432.1
internal_count=732860 679389 403923 204388 199535 125620 275466 192839 128924 104470 79466 78768 66856 93405 53471 58764 91786 54144 55561 88369 62283 54411 33177 29497 37642 23090 32569 70611 36426 46199
is_linear=0
shrinkage=0.05


Tree=12
num_leaves=31
num_cat=0
split_feature=1 9 7 8 8 11 8 12 7 4 12 9 9 3 7 7 7 13 8 7 8 8 3 11 7 8 8 3 12 11
split_gain=3145.82 1764.18 1315.28 1250.76 2381.35 825.388 725.284 659.829 578.857 681.024 377.168 314.088 402.251 255.862 234.684 217.016 193.381 152.908 145.393 134.242 111.925 111.232 106.399 100.472 92.9802 78.1088 192.082 104.647 119.19 102.626
threshold=0.022814018651843074 1.0000000180025095e-35 16034.600097656252 10052930.500000002 12130922.500000002 1.0000000180025095e-35 5320895.5000000009 9.6833333969116229 198800.00000000003 21.500000000000004 16.816666603088382 3211691.0000000005 7714069.5000000009 0.59072089195251476 170200.00000000003 45977.000000000007 150200.00000000003 0.2764487117528916 13439690.500000002 97002.000000000015 5320895.5000000009 15089427.500000002 -0.001391465659253299 65.500000000000014 85080.000000000015 5320895.5000000009 15089427.500000002 -0.0045063630677759639 21.633333206176761 87.500000000000014
decision_type=2 10 8 2 2 2 2 2 8 2 2 10 10 2 8 10 10 2 2 8 2 2 2 2 10 2 2 2 2 2
left_child=1 2 -1 10 5 14 17 13 -3 -10 -4 -11 25 18 -5 20 -6 23 -8 -7 -12 -18 -21 24 -2 -13 29 -28 -29 -27
right_child=6 8 3 4 16 19 7 -9 9 11 15 12 -14 -15 -16 -17 21 -19 -20 22 -22 -23 -24 -25 -26 26 27 28 -30 -31
leaf_value=0.067257947722517877 0.079621022031381938 0.067257947722517877 0.06082550518375867 0.031857648673223035 0.06082550518375867 0.046502383311777223 0.071877199740190592 0.067257947722517877 0.064696232362328382 0.059878949927202475 0.057509981705752458 0.050612908350119834 0.059878949927202475 0.087445737158280759 0.014430155728387501 0.048900098645686514 -0.060145863264620292 0.084968248812264932 0.080190575385076554 -0.021432961457615741 0.05320504017571949 0.032446027443280484 0.03594574041133388 0.070068289247497972 0.067257947722517877 0.031861394410894819 -0.025788125715155232 0.059878949927202475 0.045626333535557777 0.059878949927202475
leaf_weight=13769.573689550161 16765.92436952889 27636.570783302188 22768.523354530334 4066.6201743781567 18983.725516688079 10938.13348210603 11403.472228035331 26955.238871894777 34285.690238937736 6467.8926323354244 7963.6714588999748 7897.6926415413618 1451.5831502526999 4355.4250481277704 3689.386846601963 10676.664973333478 34.507802445441484 8641.4302922934294 6359.2710573971272 81.954940937459469 3413.620734423399 298.56732735782862 2794.404126688838 4396.0325010865927 934.86112582683563 2961.76186452806 42.61423796415329 949.23448176681995 2564.2137082368135 105.29950672388077
leaf_count=35790 23864 70252 53429 15440 61002 55235 17167 57274 74148 23871 30098 35433 4839 3537 17341 53382 226 8117 7346 504 20205 1398 16814 8642 1599 19283 216 3380 12530 571
internal_value=0.064912 0.061311 0.056796 0.0543931 0.0480619 0.0366367 0.0732049 0.0694197 0.0666335 0.0621345 0.060166 0.0550617 0.0508122 0.0764965 0.0235736 0.0541945 0.060815 0.0792431 0.0738021 0.0439664 0.05751 0.0225514 0.0342971 0.0769967 0.0787092 0.0472235 0.0431677 0.0510911 0.0520377 0.0339537
internal_weight=263654 183842 99479.4 85709.8 40887.3 21570.5 79811.7 49073.4 84362.6 56726 44822.5 22440.3 15972.4 22118.2 7756.01 22054 19316.8 30738.2 17762.7 13814.5 11377.3 333.075 2876.36 22096.8 17700.8 14520.8 6623.12 3556.06 3513.45 3067.06
internal_count=732933 605387 360864 325074 167960 105334 127546 85324 244523 174271 157114 100123 76252 28050 32781 103685 62626 42222 24513 72553 50303 1624 17318 34105 25463 71413 35980 16126 15910 19854
is_linear=0
shrinkage=0.05


Tree=13
num_leaves=31
num_cat=0
split_feature=4 1 8 8 1 9 7 8 8 8 7 7 9 9 12 10 10 7 8 12 7 13 12 10 8 8 10 7 7 7
split_gain=3053.6 1477.2 921.589 848.621 801.861 652.448 314.47 342.122 289.255 484.672 289.465 201.309 276.402 334.028 166.166 142.552 131.374 122.886 118.002 101.417 99.3375 93.1917 75.6392 93.3442 75.1519 166.381 70.0243 69.1159 66.2389 63.0439
threshold=21.500000000000004 0.091287881135940566 10052930.500000002 15089427.500000002 0.0082305916585028189 1.0000000180025095e-35 73850.000000000015 5320895.5000000009 5320895.5000000009 12130922.500000002 37830.000000000007 197600.00000000003 3211691.0000000005 7714069.5000000009 5.0625000000000009 0.7334517538547517 0.68435618281364452 194500.00000000003 10052930.500000002 18.414285659790043 56050.000000000007 0.25127005577087408 17.038461685180668 0.3501115888357163 5320895.5000000009 13439690.500000002 0.2400607839226723 77040.000000000015 58060.000000000007 21040.000000000004
decision_type=2 2 2 2 2 10 8 2 2 2 10 8 10 10 2 10 8 10 2 2 10 2 2 10 2 2 10 10 10 10
left_child=1 2 6 -4 5 8 -1 -8 10 15 -2 -7 -13 16 -3 18 -14 22 -10 -11 -20 -16 -12 28 -6 -26 -22 -21 -24 -17
right_child=4 14 3 -5 24 11 7 -9 9 19 17 12 13 -15 21 29 -18 -19 20 27 26 -23 23 -25 25 -27 -28 -29 -30 -31
leaf_value=0.068208421084215196 0.055151018445916182 0.079904316540391665 0.059198177499549656 0.068208421084215196 0.059198177499549656 0.055151018445916182 0.065357636231318836 0.059198177499549656 0.041974037469820841 0.055151018445916182 0.05057895700460785 0.052584866812268309 -0.058617365013267746 0.052584866812268309 0.068208421084215196 0.055151018445916182 0.041702964982311408 -0.01814892693864829 0.035984893312246781 0.04997793233243273 0.010947102841554916 0.074814621987466537 0.042738205912722385 0.046970823256812982 0.055151018445916182 0.059198177499549656 0.029318229258554887 0.034863889058333847 0.032252449326276487 0.045169523673866618
leaf_weight=37146.137024581432 7433.7280342429876 9469.0402696728706 21316.751096054912 29195.328428134322 13195.263295158744 14079.162510670722 25027.190048262477 10403.953692406416 7038.8059244565666 3257.2811217308044 3462.6822957992554 6218.4719227999449 31.056313686072826 1386.9349993392825 9482.3491611927748 1208.442445538938 13523.955233745277 73.160099536180496 6640.8802457302809 7243.1561810337007 757.35836134105921 12156.539164662361 2337.9335238710046 2600.3764585033059 13771.882319189608 7356.5738847851753 1029.4464108198881 868.19745317846537 2292.0433096289635 337.20974227786064
leaf_count=68145 25893 7847 68711 51759 28231 44086 46709 27086 39716 10351 10638 22477 207 4607 11889 5655 66712 444 41210 30946 5172 12125 10429 11511 39510 15732 6512 4480 11535 1956
internal_value=0.0599545 0.0645681 0.0621042 0.0591982 0.0538283 0.0511039 0.0659925 0.0625069 0.0471562 0.0439894 0.0520892 0.055151 0.0500187 0.0451059 0.0743126 0.0386366 0.0414645 0.0460069 0.0371784 0.0519912 0.0331641 0.0718586 0.0464492 0.0433627 0.0591982 0.0558418 0.0226516 0.0483692 0.0385056 0.0531607
internal_weight=270341 154197 123089 50512.1 116144 81820.3 72577.3 35431.1 46580.7 28380.8 18199.9 35239.6 21160.4 14941.9 31107.9 17012.1 13555 10766.2 15466.5 11368.6 8427.69 21638.9 10693 7230.35 34323.7 21128.5 1786.8 8111.35 4629.98 1545.65
internal_count=732281 294271 262410 120470 438010 354537 141940 73795 216448 145998 70450 138089 94003 71526 31861 100221 66919 44557 92610 45777 52894 24014 44113 33475 83473 55242 11684 35426 21964 7611
is_linear=0
shrinkage=0.05


Tree=14
num_leaves=31
num_cat=0
split_feature=1 12 8 8 5 8 8 8 8 8 11 13 11 3 8 7 7 10 8 10 12 3 7 12 11 3 7 11 10 13
split_gain=3193.64 1399.59 744.543 1122.63 675.871 644.778 571.384 449.692 296.823 225.893 188.858 160.991 149.941 134.704 128.833 230.097 114.617 93.2573 81.6734 79.9234 77.8704 75.1082 103.811 72.8977 74.8236 64.7084 61.5769 52.4458 49.2962 48.4908
threshold=0.032362798228859908 16.816666603088382 10052930.500000002 13439690.500000002 0.073606811463832869 5320895.5000000009 12130922.500000002 5320895.5000000009 13439690.500000002 1289243.5000000002 43.500000000000007 0.37281277775764471 54.500000000000007 1.0000000180025095e-35 10052930.500000002 38060.000000000007 37020.000000000007 0.5501680076122285 1289243.5000000002 0.55564939975738536 8.354166507720949 -0.021950875408947464 59620.000000000007 12.354166507720949 43.500000000000007 -0.0028124050004407759 197900.00000000003 48.500000000000007 0.062622431665658965 -0.020871212705969807
decision_type=2 2 2 2 2 2 2 2 2 2 2 2 2 2 2 8 8 8 2 10 2 2 10 2 2 2 10 2 8 2
left_child=1 2 18 -4 7 9 10 -2 -9 25 14 20 -11 -12 -7 -16 -14 21 -1 28 -6 22 -8 -10 -25 -3 29 -13 -17 -18
right_child=4 5 3 -5 11 6 17 8 23 12 13 27 16 -15 15 19 26 -19 -20 -21 -22 -23 -24 24 -26 -27 -28 -29 -30 -31
leaf_value=0.05146086495460122 0.066509865759150008 -0.057831641563994174 0.05146086495460122 0.058213002874304011 0.071434465105242831 0.046121560631780023 0.026962892347686784 0.058213002874304011 0.066509865759150008 0.05146086495460122 0.031865474178126796 0.074347955353035955 0.05146086495460122 0.05146086495460122 0.047610067504116414 0.0053308923540874784 0.015249061217818955 0.05146086495460122 0.058213002874304011 0.037444849039635082 0.066509865759150008 0.046333299279807491 -0.063949936674258592 0.063202277170504736 0.058213002874304011 0.021670286382688253 -0.019999767622557899 0.08428120713582285 0.026122001939226099 0.0419181452932453
leaf_weight=537.3415996581316 21106.059680834413 25.116675034165382 18024.415736615658 30316.633602261543 5345.0011557042599 7781.7140289619565 91.925198137760162 21790.199979230762 7837.3480471819639 27673.381892293692 10469.277385361493 9819.6508081108332 1849.8481643795967 358.12715998291969 2478.6996313557029 322.55583126842976 178.33864311873913 10182.896996952593 68637.679720684886 346.25197447091341 4675.5008739978075 11350.616156414151 35.449538707733154 1626.5107038021088 2789.9992980062962 486.87614075094461 40.307310581207275 1692.7323564887047 2532.654863409698 6158.8267778381705
leaf_count=1540 30439 160 62507 56633 4549 38473 294 43520 9835 98719 63601 8541 6594 1380 12720 2099 722 39248 143598 1865 6508 43355 186 2660 5826 2827 267 1109 16693 25971
internal_value=0.0555391 0.0522094 0.0557143 0.0514609 0.0642166 0.0472074 0.0432376 0.0612746 0.058213 0.0514609 0.0379638 0.0717451 0.0514609 0.03303 0.0419265 0.036165 0.0441825 0.0491473 0.058213 0.0272796 0.067046 0.0459048 0.00759249 0.0660799 0.0598947 0.0175603 0.0407799 0.0758229 0.0237786 0.0411727
internal_weight=276562 199879 117516 48341 76683 82362.9 45950.2 55150.1 34044.1 36412.7 24289.3 21532.9 35900.7 10827.4 13461.9 5680.16 8227.32 21660.9 69175 3201.46 10020.5 11478 127.375 12253.9 4416.51 511.993 6377.47 11512.4 2855.21 6337.17
internal_count=732439 619452 264278 119140 112987 355174 219914 92280 61841 135260 136831 20707 132273 64981 71850 33377 33554 83083 145138 20657 11057 43835 480 18321 8486 2987 26960 9650 18792 26693
is_linear=0
shrinkage=0.05


Tree=15
num_leaves=31
num_cat=0
split_feature=5 4 7 3 12 5 3 14 6 0 13 7 10 6 6 12 6 4 14 10 14 10 7 14 0 7 13 3 6 14
split_gain=3414.77 1557.01 745.601 313.502 298.347 223.68 112.982 100.877 84.6221 83.085 77.646 167.11 73.3921 53.3379 53.2337 40.1991 38.3064 30.7984 30.4353 28.9798 27.8974 27.3205 27.0066 82.0177 20.1301 23.361 19.9882 18.8092 9.51314 9.4128
threshold=0.023392613045871261 21.500000000000004 39610.000000000007 0.0031327368924394254 18.366666793823246 0.15954545140266421 0.49617773294448858 0.049307929351925857 0.013957562390714886 1.0000000180025095e-35 -0.025974025949835774 118100.00000000001 0.7334517538547517 0.013957562390714886 0.44283500313758856 5.0625000000000009 0.17115274071693423 20.500000000000004 -0.085082970559597002 0.17656862735748294 -0.015106421429663895 0.4167881458997727 34007.000000000007 -0.0025188863510265942 1.0000000180025095e-35 58060.000000000007 0.2578235417604447 -0.028786431066691872 0.15217082947492602 -0.015413943212479351
decision_type=2 2 8 2 2 2 2 2 10 2 2 8 10 8 10 2 10 2 2 10 2 10 10 2 2 10 2 2 10 2
left_child=1 2 19 8 9 6 7 17 -4 16 11 22 13 21 15 -7 -3 18 -2 -1 27 -12 -6 -24 25 -22 -9 -15 -17 -10
right_child=5 4 3 -5 10 14 -8 26 29 -11 12 -13 -14 20 -16 28 -18 -19 -20 -21 24 -23 23 -25 -26 -27 -28 -29 -30 -31
leaf_value=0.053762145146992693 0.058792260236508104 0.045393508184141937 0.048969310977014284 0.053762145146992693 0.030228529498285896 0.074737884941378285 0.067324219503077293 0.061132643025369249 0.050173228819313256 0.048969310977014284 0.030228529498285896 -0.061828490735142641 0.045393508184141937 0.036338688992848089 0.08203732409116285 0.067324219503077293 0.047350227067513677 0.057182616021995626 0.061132643025369249 0.057182616021995626 0.042811191769113466 0.036338688992848089 -0.015799980618428373 0.019266312300018473 0.043835803080167005 0.040164582068468319 0.064339452557031371 0.039820360597475193 0.07107078089647284 0.051377146661612229
leaf_weight=7045.4667367786169 3747.8188289999962 14871.506220199168 60150.406664922833 8491.9028283804655 101.6034834086895 3365.6363046169281 5394.8172390013933 5477.2524972707033 5003.898646697402 22649.476087905467 508.2575839497149 53.375303730368614 4326.6362692266703 585.84565104544163 1178.2544321268797 3614.9521887004375 9576.5548310577869 2894.5145906358957 4927.2405524849892 33900.847224116325 45935.615137062967 292.85182939469814 72.447905942797661 79.952083766460419 1439.9934842288494 10957.882092084736 7142.7155084013939 1764.2737676426768 1635.2184203416109 15262.424624398351
leaf_count=14527 5127 50336 136265 11730 267 2205 5117 7662 9853 53754 3215 317 16464 2261 648 3400 29183 5593 6436 61217 203022 1430 393 263 4964 51298 7877 6331 1335 30336
internal_value=0.0514583 0.0492445 0.0529829 0.0503417 0.0449557 0.0651208 0.0629328 0.0613547 0.0489921 0.0480042 0.0427828 0.017557 0.0429001 0.0422781 0.0717156 0.0702854 0.0457311 0.0579258 0.0604019 0.0571826 0.0424488 0.0302285 0.0302285 0.0083041 0.0426682 0.0423029 0.0643395 0.0369725 0.0674037 0.0513771
internal_weight=282450 243071 129855 88908.6 113216 39378.4 29584.4 24189.5 80416.7 47097.5 66118.7 307.379 65811.4 61484.7 9794.06 8615.81 24448.1 11569.6 8675.06 40946.3 60683.6 801.109 254.003 152.4 58333.5 56893.5 12620 2350.12 5250.17 20266.3
internal_count=732826 687426 263928 188184 423498 45400 37812 32695 176454 133273 290225 1240 288985 272521 7588 6940 79519 17156 11563 75744 267876 4645 923 656 259284 254320 15539 8592 4735 40189
is_linear=0
shrinkage=0.05


Tree=16
num_leaves=31
num_cat=0
split_feature=5 9 7 8 8 4 4 7 10 4 8 7 9 9 11 7 4 3 8 3 13 7 8 8 8 11 0 7 8 13
split_gain=2779.3 1772.53 1126.86 1067.73 1620.73 1173.92 1003.33 899.885 447.715 436.357 369 340.103 324.633 459.3 273.324 245.796 243.61 197.793 187.429 176.369 165.919 149.625 145.867 257.83 143.343 142.711 133.235 169.46 125.953 138.032
threshold=0.023392613045871261 1.0000000180025095e-35 198800.00000000003 10052930.500000002 12130922.500000002 21.500000000000004 21.500000000000004 199700.00000000003 0.83003267645835888 21.500000000000004 5320895.5000000009 194500.00000000003 3211691.0000000005 7714069.5000000009 1.0000000180025095e-35 39610.000000000007 20.500000000000004 0.0025680841645225887 1289243.5000000002 0.00021880293206777426 -0.049416434019803994 19602.200195312504 5320895.5000000009 13439690.500000002 5320895.5000000009 93.500000000000014 1.0000000180025095e-35 44050.000000000007 13439690.500000002 -0.024951900355517861
decision_type=2 10 8 2 2 2 2 8 10 2 2 10 10 10 2 10 2 2 2 2 2 10 2 2 2 2 2 10 2 2
left_child=1 3 -3 5 7 15 -4 8 17 21 11 18 25 24 -9 -1 22 -5 -7 20 -12 -6 -2 -24 -14 -8 27 -20 29 -26
right_child=16 2 6 4 9 10 12 14 -10 -11 19 -13 13 -15 -16 -17 -18 -19 26 -21 -22 -23 23 -25 28 -27 -28 -29 -30 -31
leaf_value=0.053612987703275598 0.067525181135842646 0.053612987703275598 0.050150161617554839 0.031163478537633876 0.053612987703275598 0.012898445576226459 0.044575100574584053 0.005987658400662739 0.053612987703275598 0.040280216487997109 -0.014099741764525371 -0.048075935727087078 0.036096487705748262 0.044575100574584053 0.024601748318321001 0.04723953771556906 0.053612987703275598 0.043141959753204374 0.04475175577249485 0.04713518118781352 0.032220693306495025 0.047312719143639666 0.058276621934075214 0.068519344958305861 -0.023490239621099477 -0.063793508934072429 0.04713518118781352 0.036934468544198532 0.032220181967042537 0.021927389568806008
leaf_weight=18656.675000414252 11152.756018027663 39229.440560251474 46955.124177351594 21431.283242478967 4540.4628635644913 460.59678850322962 7861.8883376270533 4070.3594589084387 1760.8180446028709 15526.722558755428 195.79875285923481 97.891797199845314 9621.1345073506236 1765.7353574186563 3271.3520794510841 15276.413807928562 8968.1918609589338 2071.5542539805174 10450.469488158822 1941.6016315072775 10809.312217094004 10191.294622957706 12121.113405048847 6910.7312721163034 175.15775927901268 36.842742897570133 6046.1151414811611 8784.382668659091 4798.2151745371521 3125.1311831995845
leaf_count=30903 9700 83467 89221 85363 6870 2357 25101 17246 4382 53470 749 585 37337 5050 15808 30460 14677 4503 34371 4669 51479 19249 14853 6122 740 215 13157 33712 19531 18055
internal_value=0.0483928 0.0464457 0.0510555 0.0425837 0.0378076 0.0467113 0.0466873 0.03007 0.0345479 0.0461429 0.0407636 0.0442198 0.039 0.0353269 0.0146556 0.0535067 0.0607803 0.0326709 0.0445745 0.03386 0.0313942 0.0523157 0.0629403 0.0602467 0.0319628 0.0445751 0.0451505 0.0423683 0.0270443 0.0195042
internal_weight=288305 249152 113569 135583 62863.8 72719.3 74339.2 32605.4 25263.7 30258.5 38786.2 25839.5 27384.1 19485.4 7341.71 33933.1 39152.8 23502.8 25741.6 12946.7 11005.1 14731.8 30184.6 19031.8 17719.6 7898.73 25281 19234.9 8098.5 3300.29
internal_count=733402 688050 278717 409333 206891 202442 195250 127302 94248 79589 141079 84182 106029 80713 33054 61363 45352 89866 83597 56897 52228 26119 30675 20975 75663 25316 81240 68083 38326 18795
is_linear=0
shrinkage=0.05


Tree=17
num_leaves=31
num_cat=0
split_feature=1 9 7 7 5 4 4 0 9 9 10 3 4 6 6 7 6 10 9 4 6 4 10 13 3 13 3 5 7 14
split_gain=2764.1 1736.91 769.239 588.144 534.333 528.424 506.741 319.226 295.296 313.746 196.889 161.579 133.838 105.188 92.6972 88.7761 90.2529 81.7876 65.4711 64.146 61.5157 148.943 39.6141 39.1753 25.7952 20.8221 28.0559 32.0685 19.9742 33.0115
threshold=0.045663053169846542 1.0000000180025095e-35 39610.000000000007 198800.00000000003 0.083722744137048735 21.500000000000004 21.500000000000004 1.0000000180025095e-35 3211691.0000000005 7714069.5000000009 0.63334861397743236 0.014872808475047352 15.500000000000002 0.18441750109195712 0.044101111590862281 199700.00000000003 0.0090917046181857603 0.25009433925151831 3211691.0000000005 21.500000000000004 0.0090917046181857603 21.500000000000004 0.13798908889293673 0.52484878897666942 0.0014376927283592524 0.12785669416189197 -0.15466403216123578 0.029268989339470867 43000.500000000007 0.053944408893585212
decision_type=2 10 8 8 2 2 2 2 10 10 10 2 2 10 10 10 10 8 8 2 10 2 10 2 2 2 2 2 8 2
left_child=1 2 5 -3 11 10 -5 15 -8 17 14 18 13 23 -1 20 -17 -10 -2 -13 -4 -22 -18 -6 -7 26 27 -19 29 -20
right_child=4 3 7 6 12 24 8 -9 9 -11 -12 19 -14 -15 -16 16 22 25 28 -21 21 -23 -24 -25 -26 -27 -28 -29 -30 -31
leaf_value=0.043390755038525491 0.052229619951531886 0.048580583062568801 0.031069817720852794 0.046165304885340736 0.059810926692686422 0.039075905049940102 0.04223453643150317 0.039075905049940102 -0.059810258150191746 0.04223453643150317 0.048580583062568801 0.056233599045545396 0.056233599045545396 0.070055010354341404 0.045985669050547143 -0.06410338217662824 -0.017342775801805741 -0.013998831371654181 0.049879617313989447 0.052229619951531886 0.036159707658595448 0.032842373421745182 0.020021676428758062 0.064915455347376388 0.043390755038525491 0.04223453643150317 0.031705658345911894 0.015670336674874875 0.048580583062568801 0.052229619951531886
leaf_weight=9626.8636285960674 2967.8207052946091 35228.857671022415 18937.265515461564 42429.550668016076 7366.2515975087881 24407.338699072599 7900.87321215868 13590.575414314866 22.630584947764874 1711.8467701151967 11311.682103335857 11111.603858843446 3987.473493412137 4433.987213537097 8512.4641720056534 37.519221410155296 71.742039103060961 47.149186342954636 6188.1210847496986 3870.5195078253746 9351.9396535009146 26678.961021963507 203.87531895190477 4576.913145005703 1605.3860557824373 271.35211688280106 17155.719996847212 21.272005438804626 14022.452367424965 3991.0683360248804
leaf_count=22475 3718 77722 63125 82456 7008 92436 24655 34700 137 4989 19419 12316 5449 3001 16846 208 456 217 9690 6158 20430 115293 948 3557 3492 708 73124 35 23175 5624
internal_value=0.0451919 0.0426482 0.0386496 0.0473917 0.054513 0.0430348 0.04375 0.035117 0.0383038 0.0344647 0.0477056 0.0512911 0.0611761 0.0633883 0.0433908 0.0332435 0.00664859 0.0316874 0.048975 0.0554842 0.0333948 0.0346149 0.0166723 0.0609019 0.0390759 0.0318126 0.0315782 -0.000364985 0.0485806 0.0511787
internal_weight=291641 229125 124336 104789 62516.2 55463.7 69560.4 68871.9 27130.8 19230 29451 42151.6 20364.6 16377.2 18139.3 55281.3 313.137 17518.1 27169.5 14982.1 54968.2 36030.9 275.617 11943.2 26012.7 17495.5 17224.1 68.4212 24201.6 10179.2
internal_count=733567 653871 389828 264043 79696 154668 186321 235160 103865 79210 58740 60681 19015 13566 39321 200460 1612 74221 42207 18474 198848 135723 1404 10565 95928 74084 73376 252 38489 15314
is_linear=0
shrinkage=0.05


Tree=18
num_leaves=31
num_cat=0
split_feature=12 11 12 9 14 7 11 13 6 9 9 9 11 6 7 11 13 7 6 11 3 14 12 7 6 9 7 7 11 14
split_gain=2740.52 1662.52 1854.4 730.832 555.838 516.244 356.116 305.629 292.194 256.42 249.313 211.027 208.292 195.982 190.699 183.732 200.523 161.532 150.566 112.658 110.468 100.268 93.678 119.965 91.1397 90.8851 87.8489 84.6114 83.2211 81.3497
threshold=15.267857074737551 1.0000000180025095e-35 11.949999809265138 1.0000000180025095e-35 -0.044947260990738862 15605.300292968752 14.500000000000002 0.082257445901632323 0.0090917046181857603 3211691.0000000005 3211691.0000000005 7714069.5000000009 65.500000000000014 0.065956726670265212 21900.000000000004 43.500000000000007 0.044275460764765746 25605.900390625004 0.19385655969381335 99.500000000000014 0.014872808475047352 0.01758784614503384 19.679487228393558 37980.000000000007 0.15820822119712832 3211691.0000000005 4804.8000488281259 59620.000000000007 118.50000000000001 -0.083471268415451036
decision_type=2 2 2 10 2 8 2 2 10 10 8 10 2 8 8 2 2 10 10 2 2 2 2 10 8 8 10 10 2 2
left_child=1 5 4 7 20 26 24 12 9 -5 -4 15 17 -14 -12 27 28 -2 -8 22 -3 -16 23 -15 -6 -20 -1 -11 -17 -19
right_child=3 2 10 8 6 -7 18 -9 -10 11 14 -13 13 19 21 16 -18 29 25 -21 -22 -23 -24 -25 -26 -27 -28 -29 -30 -31
leaf_value=0.068661172628366268 0.036407017075610663 0.04982650366776889 0.04982650366776889 0.038598954856010365 0.060381817650419792 0.041159241340963493 0.055264643174157684 0.041159241340963493 0.041159241340963493 0.033779181890294711 0.04982650366776889 0.038598954856010365 -0.0081702501657119585 0.036407017075610663 0.041159241340963493 0.019738230174189908 0.038598954856010365 -0.070090613270534785 0.080156292349058564 0.036407017075610663 0.054750152093305193 0.045577431997083515 0.019091945146429003 0.024128410108968767 0.07543740237173252 0.061359639578048734 0.05320351818689615 -0.058720802055410574 -0.057819212987107488 0.031280775166790072
leaf_weight=1113.4527254551649 13265.989274822176 12934.2181199193 8076.5502713918686 8219.8894048258662 1419.0199494212866 54480.13408473134 21696.674612522125 4834.149184808135 18934.311802953482 11864.67176258564 7115.4807687997818 1746.2553754523396 413.40059923753142 1752.1061520427465 41782.405716300011 5376.431671179831 824.7370570152998 17.992250725626945 713.25965252518654 1678.1938844770193 8761.054866194725 7065.7452589124441 4191.9059138298035 3438.9587290808558 4024.4804331213236 9528.7076744884253 6182.4359056353569 23.038534365594387 32.93663813918829 34322.663807399571
leaf_count=1481 51428 19414 12739 25098 1578 125678 24137 10404 50506 46351 12172 5118 2552 5871 85723 26092 1889 79 500 6358 10441 10557 22798 13019 3509 9949 10298 139 240 137196
internal_value=0.0424024 0.0461308 0.0495796 0.0361877 0.055971 0.0411592 0.0596738 0.0327037 0.0409218 0.0360387 0.043682 0.032143 0.0316548 0.0255956 0.0424489 0.0299405 0.0229728 0.0331141 0.0576476 0.0268588 0.0498265 0.0413284 0.0246698 0.0291649 0.0715363 0.062684 0.0555807 0.0335901 0.0192448 0.0312236
internal_weight=295831 184894 123118 110938 59077.4 61776 37382.1 63915.4 47022.3 28088 64040.2 19868.1 59081.2 11474.6 55963.6 18121.8 6234.11 47606.6 31938.6 11061.2 21695.3 48848.2 9382.97 5191.06 5443.5 10242 7295.89 11887.7 5409.37 34340.7
internal_count=733314 328176 190719 405138 69528 137457 39673 249705 155433 104927 121191 79829 239301 50598 108452 74711 28221 188703 34586 48046 29855 96280 41688 18890 5087 10449 11779 46490 26332 137275
is_linear=0
shrinkage=0.05


Tree=19
num_leaves=31
num_cat=0
split_feature=1 9 10 7 12 4 1 13 7 11 7 9 9 12 6 11 7 11 3 14 12 10 2 11 9 9 7 11 12 11
split_gain=2907.68 1415.65 1004.68 624.158 494.281 436.819 325.566 308.422 259.456 317.38 354.992 191.992 313.407 187.902 176.386 159.363 157.214 143.006 121.28 113.131 86.498 79.8459 75.5052 68.8734 137.406 114.851 65.2624 59.22 56.143 188.857
threshold=0.045663053169846542 1.0000000180025095e-35 0.73922109603881847 198800.00000000003 7.5357143878936776 21.500000000000004 0.016438479535281662 0.17516008019447329 35003.500000000007 1.0000000180025095e-35 196090.00000000003 3211691.0000000005 7714069.5000000009 15.436508178710939 0.0090917046181857603 65.500000000000014 98200.000000000015 36.500000000000007 0.040490306913852699 -0.054600955918431275 12.464285850524904 0.54296705126762401 2.5000000000000004 1.0000000180025095e-35 7714069.5000000009 3211691.0000000005 197024.50000000003 104.50000000000001 18.267857551574711 56.500000000000007
decision_type=2 10 10 8 2 2 2 2 8 2 8 10 10 2 8 2 10 2 2 2 2 8 2 2 10 10 10 2 2 2
left_child=1 2 6 -3 18 23 8 -6 17 10 -10 27 19 -11 -15 -16 21 -1 -2 -13 -8 -17 -9 24 25 -5 -12 -7 -21 -30
right_child=4 3 -4 5 7 11 20 22 9 13 26 12 -14 14 15 16 -18 -19 -20 28 -22 -23 -24 -25 -26 -27 -28 -29 29 -31
leaf_value=0.034570774875234321 0.051374416550271779 0.043538943705394434 0.043538943705394434 0.040955348486032744 0.043538943705394434 0.037213836405963006 0.037944887813662301 0.047032127075525898 0.028603090267131905 0.031961007276236519 0.013100675232953888 -0.068667998509133507 0.037213836405963006 -0.0047987093635885984 0.030003334721346399 0.021912251170819068 0.011833312017621361 0.031961007276236519 0.058930562641158868 0.032313303349078705 0.034570774875234321 0.030003334721346399 0.050992124566287281 0.040955348486032744 0.040955348486032744 0.037213836405963006 -0.063734313916049959 -0.059915318887411931 0.027665713936989408 0.0037624385811767316
leaf_weight=25576.424065217376 9636.1780822128057 36313.499892607331 14527.944671034813 8485.9167957305908 19221.931892305613 8148.4265508055687 6161.9196863025427 5926.1165657192469 10212.158278331161 16535.047458440065 5334.470041424036 28.622099548578262 1861.1021340489388 403.0778925716877 24445.886040955782 5345.7149186246097 864.79792875796556 6501.5960682779551 12375.924415513873 4980.5533833950758 11508.701241031289 910.2111470028758 16764.293417990208 16800.967061936855 3292.6468639522791 14782.321377009153 25.83575639128685 23.377378791570663 12146.817171618342 887.38099830597639
leaf_count=65837 10447 77616 33039 15916 30502 24688 10796 8579 25456 37462 19270 136 5025 2637 103986 25046 4647 27047 10580 15462 30028 3993 19748 28169 5413 32893 133 143 53014 5250
internal_value=0.0400893 0.0375272 0.0339782 0.0417541 0.0495507 0.0383718 0.0323508 0.0463566 0.0311967 0.0293512 0.0231336 0.0334723 0.0305808 0.0313464 0.0280457 0.0284653 0.0218381 0.0345708 0.0556277 0.0276166 0.0379449 0.0251291 0.0505253 0.0409553 0.0382775 0.0372138 0.0127067 0.0372138 0.0277772 0.0260392
internal_weight=300030 236105 128354 107752 63924.4 71438.1 113826 41912.3 96155.2 64077.2 15572.5 28076.3 19904.5 48504.7 31969.7 31566.6 7120.72 32078 22012.1 18043.4 17670.6 6255.93 22690.4 43361.9 26560.9 23268.2 5360.31 8171.8 18014.8 13034.2
internal_count=732958 653102 389377 263725 79856 186109 356338 58829 315514 222630 44859 103718 78887 177771 140309 137672 33686 92884 21027 73862 40824 29039 28327 82391 54222 48809 19403 24831 73726 58264
is_linear=0
shrinkage=0.05


Tree=20
num_leaves=31
num_cat=0
split_feature=1 9 8 8 12 11 7 12 8 8 12 11 7 6 11 8 12 8 9 9 7 3 7 1 6 14 6 13 11 11
split_gain=2740.34 1265.51 904.333 1516.56 1104.04 684.233 622.417 512.334 499.718 655.328 487.778 376.967 376.81 261.644 238.898 227.002 226.623 138.342 138.281 324.849 129.605 102.913 100.272 97.8431 93.1281 91.6215 91.5745 89.4783 81.4905 125.463
threshold=0.045663053169846542 1.0000000180025095e-35 10052930.500000002 12130922.500000002 15.211111068725588 1.0000000180025095e-35 198800.00000000003 15.354166507720949 5320895.5000000009 13439690.500000002 21.585714340209964 34.500000000000007 29679.900390625004 0.20257303118705752 43.500000000000007 5320895.5000000009 20.366666793823246 5320895.5000000009 3211691.0000000005 7714069.5000000009 39440.000000000007 -0.7501411736011504 22040.000000000004 0.2736185491085053 0.10686470568180086 -0.010719696991145609 0.0058937692083418378 0.46431924402713781 33.500000000000007 13.500000000000002
decision_type=2 10 2 2 2 2 8 2 2 2 2 2 8 10 2 2 2 2 10 10 10 2 10 2 10 2 8 2 2 2
left_child=1 2 4 5 20 12 -3 -5 27 23 18 15 -4 21 -12 -6 -13 -16 -8 -20 -1 -7 -15 -10 -25 -18 -9 -2 29 -23
right_child=8 6 3 7 11 13 10 26 9 -11 14 16 -14 22 17 -17 25 -19 19 -21 -22 28 -24 24 -26 -27 -28 -29 -30 -31
leaf_value=0.040881415524608555 0.051079569568044894 0.040881415524608555 0.023840788060232203 0.040881415524608555 0.035120170752538503 -0.066626414122743977 0.038288330732889064 -0.016913438729742474 0.040881415524608555 0.052434604274906566 0.031927601768185536 0.029327219368838742 0.0034391746113762132 0.040881415524608555 0.025634915958845341 0.023893828201211789 -0.018510935143207726 0.0076634916414668464 0.033419634420191302 0.038288330732889064 0.035887026073919658 0.016470526859730421 0.028505951532555203 0.046199950260779506 0.059165941502838097 0.01908274707853615 0.028776525617731058 0.059546074599701709 0.016755099224085707 0.027451948397640646
leaf_weight=17969.256426721811 20201.673794329166 36810.918456912041 3225.564254835248 15606.238763600588 11122.520030289888 31.266371861100197 16927.717864394188 109.34845000505447 21993.706646844745 13994.511714741588 14069.80864277482 11035.139881893992 7578.0395785570145 2426.8946065604687 2775.8751401528716 4520.473423704505 163.92439566552639 1746.3577373027802 31027.770717255771 5415.9786823689938 15515.252995327115 3326.9920208603144 3888.1516226306558 1692.4897391200066 2035.9319464564323 7983.1750258654356 13523.763379514217 3796.4893120378256 5546.8752145394683 6043.7544404193759
leaf_count=29716 23284 77649 8736 27897 31930 151 31523 732 34619 15671 52069 36335 28366 7566 11754 19704 732 10679 71110 8811 32016 10217 14972 1850 1504 39711 47252 2873 25743 27244
internal_value=0.0375064 0.0350437 0.0317049 0.027294 0.0356627 0.0197826 0.0390217 0.0355301 0.0467191 0.0432696 0.0356952 0.0293589 0.00953364 0.0249885 0.0287129 0.0351202 0.0246555 0.0187013 0.0381264 0.0351893 0.0408814 0.0213779 0.033526 0.0408814 0.0515185 0.018322 0.0284076 0.0524238 0.0215712 0.0244179
internal_weight=302106 238391 129617 61306.9 68309.7 32067.5 108774 29239.4 63714.8 39716.6 71963.5 34825.2 10803.6 21263.9 18592 15643 19182.2 4522.23 53371.5 36443.7 33484.5 14948.9 6315.05 25722.1 3728.42 8147.1 13633.1 23998.2 14917.6 9370.75
internal_count=732416 652615 389020 198876 190144 122995 263595 75881 79801 53644 185946 128412 37102 85893 74502 51634 76778 22433 111444 79921 61732 63355 22538 37973 3354 40443 47984 26157 63204 37461
is_linear=0
shrinkage=0.05


Tree=21
num_leaves=31
num_cat=0
split_feature=4 11 12 8 8 11 3 5 7 8 13 12 7 9 14 9 7 8 13 8 8 8 9 7 0 7 13 11 8 11
split_gain=2350.48 1721.16 1383.1 643.33 583.183 461.197 353.416 268.708 241.469 234.286 221.214 215.877 194.908 171.234 145.775 125.957 115.59 114.177 105.868 103.924 107.55 90.0445 88.0392 90.3291 83.7055 101.329 74.0339 68.6825 67.9653 66.7436
threshold=21.500000000000004 1.0000000180025095e-35 10.535714149475099 5320895.5000000009 12130922.500000002 11.500000000000002 0.011662250384688379 0.018019480630755428 17002.200195312504 1289243.5000000002 -0.049675324931740754 18.816666603088382 37980.000000000007 3211691.0000000005 0.088287636637687697 1.0000000180025095e-35 4804.8000488281259 15089427.500000002 0.082257445901632323 5320895.5000000009 13439690.500000002 10052930.500000002 7714069.5000000009 197600.00000000003 1.0000000180025095e-35 50000.500000000007 -0.052248043939471238 127.50000000000001 5320895.5000000009 36.500000000000007
decision_type=2 2 2 2 2 2 2 2 8 2 2 2 8 8 2 10 10 2 2 2 2 2 10 8 2 8 2 2 2 2
left_child=1 8 5 9 6 -3 13 12 16 18 -7 -6 -4 -5 22 17 -1 -13 -2 -12 -21 -18 23 -15 25 -11 -25 -17 -14 -27
right_child=3 2 7 4 11 10 -8 -9 -10 24 19 15 28 14 -16 27 21 -19 -20 20 -22 -23 -24 26 -26 29 -28 -29 -30 -31
leaf_value=0.060567435042286226 0.00092409659857227021 0.065919946787374201 0.040232634757088964 0.028641659326548982 0.03492707881083127 0.04386838368463148 0.03492707881083127 0.04386838368463148 0.03492707881083127 0.033802418207859598 0.053888790483737736 0.031736967251841046 0.037579856783960121 0.020849442340041706 0.028641659326548982 0.031736967251841046 0.049262488588606129 0.02185331531005506 0.03492707881083127 0.04707144141854807 0.053355949552122112 0.040312526467066567 0.024541928918121785 -0.033580464811086168 0.03492707881083127 0.032020038227571816 0.014708986951958623 -0.062228242186520025 0.03492707881083127 0.027192591293725022
leaf_weight=1139.1059179157019 745.19615193456411 3987.4342138171196 14850.879454299808 2729.7856640592217 15582.741452492774 11275.611366719007 3825.4314231872559 9004.0887035429478 55247.094393178821 17565.926939308643 12610.501168757677 1097.6039697006345 14578.975181668997 29179.67984329164 2111.5099983215332 8991.3126650564373 3644.3252694606781 8079.7130210027099 152.54829552769661 13389.121318757534 7458.5089149475098 3477.23803396523 524.19760686159134 78.643230810761452 14445.559593632817 13722.049796409905 5817.9466756656766 18.880470842123032 19008.721180722117 10555.904402852058
leaf_count=1464 3539 3560 26280 8631 36468 15794 7052 11477 124070 50942 11452 3644 24513 121716 4038 29175 5088 30201 242 16532 7042 6783 1413 312 27564 43637 31291 110 40938 38067
internal_value=0.0354266 0.0393464 0.0433985 0.0305078 0.0275534 0.0495978 0.0237755 0.038139 0.0349271 0.0345383 0.04814 0.0325038 0.0365969 0.0223562 0.0213095 0.0285469 0.045698 0.0243417 0.00917247 0.0502745 0.0480833 0.0433032 0.0204422 0.0197079 0.0349271 0.0326778 0.0140538 0.031737 0.0349271 0.0302377
internal_weight=304896 169672 106164 135225 78037.4 48721.2 44267.2 57442.7 63507.8 57187.2 44733.7 33770.3 48438.6 40441.8 37712 18187.5 8260.67 9177.32 897.744 33458.1 20847.6 7121.56 35600.5 35076.3 56289.4 41843.9 5896.59 9010.19 33587.7 24278
internal_count=733035 294993 157588 438042 274051 54380 174453 103208 137405 163991 50820 99598 91731 167401 158770 63130 13335 33845 3781 35026 23574 11871 154732 153319 160210 132646 31603 29285 65451 81704
is_linear=0
shrinkage=0.05


Tree=22
num_leaves=31
num_cat=0
split_feature=12 5 8 8 8 8 11 4 9 11 12 11 12 14 4 6 7 11 8 5 7 9 6 14 9 7 6 12 14 8
split_gain=2277 1375.52 843.436 1064.43 623.249 409.867 173.253 199.12 161.902 158.573 283.33 137.208 135.43 134.065 131.615 131.139 116.428 187.337 113.422 104.195 97.096 87.621 85.2198 127.726 78.2431 153.623 83.5996 74.6069 66.2804 62.8196
threshold=15.775000095367433 0.052830941975116737 5320895.5000000009 15089427.500000002 5320895.5000000009 12130922.500000002 12.500000000000002 11.500000000000002 7714069.5000000009 62.500000000000007 19.366666793823246 1.0000000180025095e-35 13.690476417541506 0.084302932024002089 15.500000000000002 0.0090917046181857603 49620.000000000007 77.500000000000014 1289243.5000000002 0.1366749703884125 16920.000000000004 3211691.0000000005 0.0025190354790538554 -0.064708407968282686 7714069.5000000009 120200.00000000001 0.13828091323375705 21.708333015441898 -0.010719696991145609 1289243.5000000002
decision_type=2 2 2 2 2 2 2 2 10 2 2 2 2 2 2 8 10 2 2 2 8 8 10 2 8 10 8 2 2 2
left_child=1 2 6 -4 9 8 7 11 13 29 -11 20 -5 21 19 -7 27 -18 -8 -3 -1 -6 23 -23 -12 26 -26 -17 -28 -2
right_child=4 14 3 12 5 15 18 -9 -10 10 24 -13 -14 -15 -16 16 17 -19 -20 -21 -22 22 -24 -25 25 -27 28 -29 -30 -31
leaf_value=0.041298475285562956 0.01174025000619415 0.046066299269192805 0.032029692346790463 0.041234304959331156 0.025621085844497994 -0.010304731294567035 0.032029692346790463 0.032029692346790463 0.032029692346790463 0.032029692346790463 0.024247694113644865 0.041298475285562956 0.032029692346790463 0.032029692346790463 0.041298475285562956 0.032029692346790463 0.026897144166142407 0.0093458294380639149 0.041298475285562956 0.053494076978831101 0.035564177563763642 -0.075590208095898143 0.019685652212705008 0.013323797068101398 -0.0030395891848364431 -0.046541983084807809 0.0075877373236751368 0.028004467243154946 0.021874381546626128 0.032029692346790463
leaf_weight=2535.1899687200785 538.89136129617691 10281.458223491907 67121.196738049388 35489.802767321467 2132.5740055963397 212.98163238912821 451.60425589978695 8499.9884169846773 466.70031201094389 4166.7929719984531 1719.0558173060417 2757.7686447203159 4151.5355084687471 1403.387956187129 5133.5616147369146 6994.7354111894965 6815.622708208859 986.37622308731079 31148.845800146461 9036.2118425965309 21244.654929339886 38.749364659190178 24477.990601524711 5172.7112489715219 587.2662553563714 108.1757713034749 157.24467140436172 12848.709451392293 2011.592751711607 38272.560814678669
leaf_count=3107 2467 10403 154236 55052 7590 1255 1080 15319 1331 10810 6168 2465 8277 2965 6611 18359 21877 3670 45721 6801 39544 169 108912 29115 3104 710 663 43468 8324 113134
internal_value=0.0333306 0.0365289 0.0349624 0.0322054 0.0275304 0.0242065 0.0393783 0.0368859 0.0204936 0.0318308 0.0252662 0.0390987 0.0402309 0.0198973 0.0476345 0.0286952 0.0289964 0.0238054 0.0412985 0.049546 0.03683 0.0192125 0.0184488 0.0126339 0.0164657 0.0113817 0.0136872 0.0310348 0.0182151 0.0320297
internal_weight=306964 197852 173401 106763 109112 61550.5 66638.1 35037.6 33692.1 47561.6 8750.13 26537.6 39641.3 33225.4 24451.2 27858.4 27645.4 7802 31600.5 19317.7 23779.8 31822 29689.5 5211.46 4583.34 2864.28 2756.1 19843.4 2168.84 38811.5
internal_count=732707 348616 324801 217565 384091 238711 107236 60435 150082 145380 29779 45116 63329 148751 23815 88629 87374 25547 46801 17204 42651 145786 138196 29284 18969 12801 12091 61827 8987 115601
is_linear=0
shrinkage=0.05


Tree=23
num_leaves=31
num_cat=0
split_feature=13 4 11 8 8 12 8 6 8 12 10 8 8 8 9 12 14 8 14 13 10 9 9 6 9 12 7 9 3 9
split_gain=2135.9 1239.06 882.795 474.175 393.588 375.149 312.456 191.047 186.875 178.569 177.655 156.091 228.655 123.758 112.606 144.873 140.122 112.903 109.04 150.721 103.084 80.0077 87.4842 75.9211 82.3713 75.227 69.9041 67.3678 66.5573 66.1329
threshold=0.073747340589761748 21.500000000000004 1.0000000180025095e-35 5320895.5000000009 12130922.500000002 11.949999809265138 13439690.500000002 0.013957562390714886 5320895.5000000009 13.887499809265138 0.31196330487728124 13439690.500000002 5320895.5000000009 1289243.5000000002 1.0000000180025095e-35 17.408332824707035 -0.013320707250386475 15089427.500000002 -0.057476550340652459 0.036062303930521018 0.53846231102943432 7714069.5000000009 3211691.0000000005 0.013957562390714886 3211691.0000000005 11.949999809265138 98200.000000000015 1.0000000180025095e-35 0.00021880293206777426 3211691.0000000005
decision_type=2 2 2 2 2 2 2 8 2 2 10 2 2 2 10 2 2 2 2 2 10 10 8 10 10 2 10 10 2 10
left_child=1 2 6 7 9 11 -1 10 -7 -5 -3 12 -2 -9 15 -6 17 -17 19 -11 -19 22 -20 29 28 -4 -15 -28 -25 -24
right_child=5 3 25 4 14 8 -8 13 -10 18 -12 -13 -14 26 -16 16 -18 20 21 -21 -22 -23 23 24 -26 -27 27 -29 -30 -31
leaf_value=0.02962549860980428 0.048482751204091262 -0.025665133849745243 0.035520804702435141 0.02962549860980428 0.02962549860980428 0.040363065361896835 0.035520804702435141 0.016813607033031277 0.035520804702435141 -0.078678385305316192 0.016813607033031277 0.051412480642632596 0.040363065361896835 0.02962549860980428 0.02962549860980428 0.0078029658207607435 0.0222780465060613 -0.041490965026482425 0.02434321696236412 -0.0012894197822041348 0.0078029658207607435 0.02434321696236412 0.015874293668329004 0.017105464122301316 0.02434321696236412 0.03268820465606783 0.016813607033031277 0.025375950651399439 0.02434321696236412 0.0076255502131280717
leaf_weight=47343.315242499113 10665.084172010422 310.95922000706196 28381.102891728282 3142.9676467180252 5855.8833525925875 7523.4808328449726 17311.177391991019 766.12045923620462 12172.531783074141 72.377589493989944 418.18397153913975 6938.5754979848862 11436.496023535728 48722.475633464754 14964.295711982995 73.062831431627274 10164.170501966029 258.00424878299236 2391.7637624442577 88.372152343392372 103.97683830559254 501.6417386084795 2470.9917201697826 21461.066545754671 3961.3487902209163 44744.604648128152 1982.6631210520864 935.16220757365227 1276.5313179343939 3285.9294020906091
leaf_count=107232 9350 1563 37045 6475 14186 10874 30033 3469 22419 314 1435 5941 13806 139852 42561 127 36595 1051 8006 191 294 1372 13614 97374 12377 84566 6943 2253 3455 17862
internal_value=0.0316133 0.0298184 0.033077 0.026174 0.0234702 0.0412232 0.0296255 0.0296255 0.0358855 0.0200892 0.00400172 0.0448407 0.042773 0.0296255 0.027628 0.0246425 0.0210888 -0.00667211 0.0190609 -0.0218269 -0.02425 0.0192481 0.0186769 0.0179207 0.0190445 0.0355208 0.0296255 0.0211264 0.0178567 0.012704
internal_weight=309724 260988 137780 123208 70072.4 48736.2 64654.5 53135.6 19696 38653 729.143 29040.2 22101.6 52406.4 31419.4 16455.1 10599.2 435.044 35510 160.75 361.981 35349.3 34847.6 32455.9 26698.9 73125.7 51640.3 2917.83 22737.6 5756.92
internal_count=732635 670245 258876 411369 255854 62390 137265 155515 33293 161040 2998 29097 23156 152517 94814 52253 38067 1472 154565 505 1345 154060 152688 144682 113206 121611 149048 9196 100829 31476
is_linear=0
shrinkage=0.05


Tree=24
num_leaves=31
num_cat=0
split_feature=12 11 12 11 11 12 14 10 10 8 12 6 8 8 8 7 8 8 8 7 6 11 6 8 6 7 6 11 11 3
split_gain=2153.95 1263.83 1812.73 612.363 427.98 443.598 375.854 315.347 190.836 163.593 160.009 153.267 144.577 120.097 272.226 111.272 104.412 114.346 159.831 115.027 95.0212 88.9715 234.256 88.5251 81.8268 77.5652 76.4435 76.1488 75.8408 74.3421
threshold=15.267857074737551 1.0000000180025095e-35 11.949999809265138 11.500000000000002 43.500000000000007 18.535714149475101 -0.051857864484190934 0.82013070583343517 0.52384921908378612 5320895.5000000009 7.9444444179534921 0.0058937692083418378 5320895.5000000009 5320895.5000000009 15089427.500000002 58060.000000000007 1289243.5000000002 5320895.5000000009 12130922.500000002 197900.00000000003 0.18901041895151141 65.500000000000014 0.070036113262176528 10052930.500000002 0.24422249943017962 88100.000000000015 0.013957562390714886 33.500000000000007 14.500000000000002 0.009682346601039173
decision_type=2 2 2 2 2 2 2 10 10 2 2 8 2 2 2 10 2 2 2 10 8 2 10 2 10 10 10 2 2 2
left_child=1 7 3 20 11 12 29 -1 9 28 -8 15 -6 -13 23 27 -7 19 -19 21 -3 -18 -23 26 -14 -24 -15 -2 -4 -5
right_child=4 2 8 6 5 16 10 -9 -10 -11 -12 13 24 14 -16 -17 17 18 -20 -21 -22 22 25 -25 -26 -27 -28 -29 -30 -31
leaf_value=0.028905701897602189 0.013831895246295601 0.046997994102309391 0.028905701897602189 0.036494534469465677 0.028905701897602189 -0.013109412694412008 0.048302337281484697 0.044190622613507896 0.036102190713957226 0.028905701897602189 0.041313016185190843 0.028905701897602189 0.022688905822593197 0.018595008936150282 0.028905701897602189 -0.046050388992449176 0.022688905822593197 0.012042666773246863 0.020903796687814544 -0.058714308994492662 0.064332915813227448 -0.0067002039133301486 0.022688905822593197 0.017866827268452443 0.028905701897602189 0.0071114163093784159 0.027854825787548367 -0.016999675814853659 0.032655815592768547 0.040432476971071211
leaf_weight=61378.431607916951 317.67104631662369 1065.9265946000814 7375.6460598111153 11941.880485206842 9360.299323245883 261.90995198488235 14687.546928241849 4015.9608141481876 12381.664473131299 32407.260119214654 18918.249169021845 25937.126999467611 9206.876684628427 3395.4364763721824 14862.059223368764 102.37791735678911 11004.824685938656 11369.925214856863 9229.9507749974728 42.574659012258053 3433.37508033216 933.78643870353699 3719.9002409130335 9014.714587263763 4440.8012856096029 566.9069811925292 6599.600797072053 71.765531465411186 14431.112992838025 9587.9761447310448
leaf_count=131533 1285 1211 13172 17687 21063 1526 13145 5819 20768 65179 23140 71479 25766 15206 42116 640 37226 58637 33581 307 2714 4627 13007 39999 11555 2348 24047 356 22294 11657
internal_value=0.0298793 0.0331729 0.0361641 0.0424971 0.0246385 0.0216519 0.0410463 0.0289057 0.030492 0.0292094 0.0443704 0.0276163 0.0271084 0.0278449 0.0256042 -0.000181094 0.0182694 0.018493 0.0160146 0.021629 0.0602488 0.021847 0.0159815 0.0214689 0.0232446 0.020923 0.0247135 0.012051 0.0326558 0.0364945
internal_weight=312064 191625 126231 59635 120439 60137.8 55135.7 65394.4 66595.7 54214 33605.8 60300.8 23008 59808.9 33871.8 491.814 37129.8 36867.9 20599.9 16268 4499.3 16225.4 5220.59 19009.8 13647.7 4286.81 9995.04 389.437 21806.8 21529.9
internal_count=733090 328319 190967 69554 404771 209643 65629 137352 121413 100645 36285 195128 58384 192847 121368 2281 151259 149733 92218 57515 3925 57208 19982 79252 37321 15355 39253 1641 35466 29344
is_linear=0
shrinkage=0.05


Tree=25
num_leaves=31
num_cat=0
split_feature=13 9 9 12 7 5 3 7 9 10 4 10 1 7 9 12 12 7 9 3 1 1 10 10 5 9 13 10 9 5
split_gain=2212.81 1174.54 1070.84 847.439 708.87 325.227 280.183 120.052 234.252 89.3143 79.7669 76.0951 74.2217 70.8382 71.9335 70.6594 64.8209 55.25 52.1868 46.0162 48.0838 43.0705 37.9613 34.9411 34.5596 18.6621 17.1466 13.4764 12.2971 11.153
threshold=0.16314934939146045 3211691.0000000005 7714069.5000000009 15.267857074737551 31417.700195312504 0.068404637277126326 0.0079377144575119036 197900.00000000003 3211691.0000000005 0.72736483812332164 21.500000000000004 0.84003925323486339 0.0082305916585028189 199700.00000000003 3211691.0000000005 5.9166667461395273 21.585714340209964 97002.000000000015 1.0000000180025095e-35 -0.0045063630677759639 0.011173533275723459 0.13680927455425265 0.35723467171192175 0.66670760512352001 0.14721362292766574 3211691.0000000005 0.41228353977203375 0.047809524461627013 1.0000000180025095e-35 0.018019480630755428
decision_type=2 8 10 2 8 2 2 8 10 10 2 8 2 8 10 2 2 8 10 2 2 2 10 10 2 10 2 10 10 2
left_child=1 -1 3 4 9 17 13 8 10 12 -5 19 -3 14 -6 24 -13 18 21 -9 27 -2 26 -12 -7 -18 -17 -21 -26 -23
right_child=5 2 -4 7 6 15 -8 11 -10 -11 23 16 -14 -15 -16 22 25 -19 -20 20 -22 29 -24 -25 28 -27 -28 -29 -30 -31
leaf_value=0.03329441413288263 0.035283278837759439 0.029110823546969283 0.03329441413288263 0.024323022472870739 0.025342335140879885 0.04601095291441714 0.029110823546969283 -0.066076781968111398 0.024323022472870739 0.03329441413288263 0.020151683828634907 0.020151683828634907 0.031812365053933679 0.024323022472870739 0.026716923009920013 0.039878294000501219 0.018198127367996454 0.03329441413288263 0.039878294000501219 -0.032756474292770808 0.0069699064871986049 0.037580786419130333 0.04601095291441714 0.022237353150752821 0.049507917276067827 0.015350048991563867 0.043247892980015093 -0.0089046170250301603 0.055922491657787725 0.039878294000501219
leaf_weight=34346.18669179827 7244.7628793567419 17981.112898662686 9227.5950034037232 1332.5357064604759 37094.291679739952 1734.4370773583651 10485.850312873721 26.042862862348557 15588.682095907629 11689.733312681317 53849.53065713495 7690.742582000792 7735.3538864552975 36366.519175827503 9661.4751436710358 4584.8182381987572 2056.9446669518948 5893.5318311154842 3042.0885958373547 62.743416242301464 70.351508066058159 943.16742154955864 4654.2909860759974 8132.8788216710091 1835.1648196876049 12842.10873067379 3801.1226740181446 206.17964223772287 1693.104910209775 2124.9596116095781
leaf_count=67059 11260 34757 15589 2717 75990 1559 15449 132 39980 17180 196996 24315 11443 79795 15453 5225 11091 8639 3614 410 146 1291 4379 26700 1312 53078 3645 1118 982 2011
internal_value=0.0283732 0.0268258 0.0255539 0.024704 0.027364 0.039763 0.0250377 0.021282 0.0222089 0.033184 0.020471 0.0180945 0.0303303 0.024323 0.0263616 0.0445417 0.0184606 0.0352148 0.0372721 -0.00452078 0.000563833 0.0352833 0.0425412 0.0201517 0.0494807 0.0162446 0.0404848 -0.0152957 0.052616 0.0398783
internal_weight=313998 276447 242101 232873 131014 37551.4 93608.1 101859 78903.6 37406.2 63314.9 22955.1 25716.5 83122.3 46755.8 18302.9 22589.8 19248.5 13355 365.317 339.275 10312.9 13040.2 61982.4 5262.71 14899.1 8385.94 268.923 3528.27 3068.13
internal_count=733315 689398 622339 606750 250067 43917 186687 356683 266393 63380 226413 90290 46200 171238 91443 17102 88484 26815 18176 1806 1674 14562 13249 223696 3853 64169 8870 1528 2294 3302
is_linear=0
shrinkage=0.05


Tree=26
num_leaves=31
num_cat=0
split_feature=1 9 8 8 8 7 12 12 8 7 12 12 7 7 1 11 9 3 10 9 9 7 11 1 9 1 11 13 11 14
split_gain=2018.41 1316.42 1127.23 1610.95 1032.36 748.981 595.11 571.646 558.985 462.108 318.654 280.635 238.7 205.995 181.802 165.29 143.405 126.697 126.35 123.24 111.262 109.958 104.603 93.2172 93.0865 93.3957 91.6555 89.3624 92.0428 83.5272
threshold=0.091287881135940566 3211691.0000000005 5320895.5000000009 12130922.500000002 10052930.500000002 197600.00000000003 13.887499809265138 14.062500000000002 1289243.5000000002 66050.000000000015 16.535714149475101 9.5277776718139666 8010.0000000000009 38060.000000000007 0.0089687905274331587 1.0000000180025095e-35 7714069.5000000009 0.70779219269752514 0.24999500066041949 3211691.0000000005 7714069.5000000009 98200.000000000015 43.500000000000007 0.0082305916585028189 7714069.5000000009 0.017316341400146488 1.0000000180025095e-35 0.16662679612636569 33.500000000000007 -0.043046252802014344
decision_type=2 8 2 2 2 8 2 2 2 8 2 2 10 8 2 2 8 2 10 10 10 8 2 2 10 2 2 2 2 2
left_child=1 -1 8 4 6 12 9 -5 18 -4 21 17 -6 -12 26 19 -11 -2 -3 -7 27 -10 -13 -15 25 -9 -14 28 -8 -17
right_child=11 2 3 7 5 15 20 24 10 16 13 22 14 23 -16 29 -18 -19 -20 -21 -22 -23 -24 -25 -26 -27 -28 -29 -30 -31
leaf_value=0.031256000398371966 0.038931085552768252 -0.021927746923638147 0.031256000398371966 0.031256000398371966 0.031049224251704269 -0.0072997741521265772 0.017354553314707085 0.019907225078949483 0.031256000398371966 0.021128968936929123 0.028006723345943386 0.036570628882483046 0.0057998147644842055 0.021067956357296632 0.019785216284448175 -0.01305385270924015 0.026192484667650541 0.047961341361662808 0.0093419248132481578 -0.050260721801730794 0.021128968936929123 0.028006723345943386 0.031256000398371966 0.025275603686083101 0.026670940897288331 0.026670940897288331 0.012764496679237203 0.021128968936929123 0.011466693466306519 0.0057998147644842055
leaf_weight=34870.88365893811 17527.121206954122 578.7882319688797 15415.708748430014 31658.863960698247 1960.3966675400734 4539.9674291163683 5855.214620962739 23401.617997832596 32838.912057757378 6145.3699215054512 11471.699264653027 6367.4618974030018 6063.7731940299273 25492.337312504649 7242.8846940100193 591.46520765125751 3875.7761219441891 5056.066294953227 726.17719415575266 171.39488200843334 571.87209428846836 20410.50764259696 9020.3087432086468 3603.1545732468367 939.70257618278265 4273.9562019407749 14079.263589158654 1068.8380977362394 15380.642057165504 3269.728222951293
leaf_count=67253 17948 2410 27900 51128 4347 17157 24202 75200 52083 15069 29775 7357 17798 84155 17286 1659 7233 3839 2254 646 1439 36509 13308 8524 2046 8853 57022 2070 61533 15056
internal_value=0.0265931 0.0251083 0.0237143 0.0209618 0.0165777 0.0104015 0.0214244 0.0272333 0.0279532 0.0266875 0.0284053 0.0374037 0.0141993 0.0250628 0.012991 -0.00259969 0.021129 0.0409569 -0.00453937 -0.00888332 0.0155704 0.0309506 0.0321844 0.0225445 0.0220859 0.0211758 0.0105462 0.0144807 0.0135801 0.00506812
internal_weight=314470 276499 241628 146506 86232.3 37918.9 48313.4 60274.1 95121.6 25436.9 93816.6 37971 29346.3 40567.2 27385.9 8572.56 10021.1 22583.2 1304.97 4711.36 22876.6 53249.4 15387.8 29095.5 28615.3 27675.6 20143 22304.7 21235.9 3861.19
internal_count=733059 690607 623354 407644 270417 130971 139446 137227 215710 50202 211046 42452 96453 122454 92106 34518 22302 21787 4664 17803 89244 88592 20665 92679 86099 84053 74820 87805 85735 16715
is_linear=0
shrinkage=0.05


Tree=27
num_leaves=31
num_cat=0
split_feature=5 9 9 7 12 4 10 11 10 11 9 12 5 9 10 9 9 13 10 3 9 11 11 11 7 2 7 9 11 11
split_gain=2170.58 1096.02 915.014 568.103 653.551 379.732 328.505 260.622 244.826 216.559 224.766 219.445 196.995 130.897 90.8288 78.0222 66.0711 49.6658 48.6388 42.3544 40.1212 80.1732 39.2573 37.4782 28.0795 17.8977 17.0936 17.0748 13.878 13.3475
threshold=0.016530054621398452 3211691.0000000005 7714069.5000000009 199700.00000000003 15.062500000000002 20.500000000000004 0.6000007987022401 14.500000000000002 0.097182542085647597 1.0000000180025095e-35 3211691.0000000005 21.585714340209964 0.073606811463832869 3211691.0000000005 0.30866880714893347 3211691.0000000005 1.0000000180025095e-35 0.22277536988258365 0.68006250262260448 -0.055025408044457429 3211691.0000000005 64.500000000000014 44.500000000000007 144.50000000000003 199700.00000000003 5.5000000000000009 8010.0000000000009 3211691.0000000005 43.500000000000007 23.500000000000004
decision_type=2 8 10 8 2 2 10 2 8 2 10 2 2 10 10 10 10 2 8 2 10 2 2 2 10 2 10 8 2 2
left_child=1 -1 3 4 6 12 7 15 23 10 24 -11 16 -6 22 -3 -2 -7 -13 25 -20 28 27 29 -10 -16 -21 -14 -22 -5
right_child=5 2 -4 8 13 17 -8 -9 9 11 -12 18 14 -15 19 -17 -18 -19 20 26 21 -23 -24 -25 -26 -27 -28 -29 -30 -31
leaf_value=0.029463858851861868 0.033900410816498708 0.023095334635658844 0.029463858851861868 -0.03230182164266706 0.020171991423876622 0.029463858851861868 0.029463858851861868 0.026811934210493205 0.0053924709126970914 0.020171991423876622 0.016573924628363223 -0.015211411561194639 0.042454221556886218 0.023095334635658844 0.042454221556886218 0.026811934210493205 0.037878318191117623 0.033900410816498708 0.017145205595300493 0.058526366479464381 0.014744522604002844 -0.00044912879033809084 0.042454221556886218 -0.015211411561194639 -0.015211411561194639 0.046284537289045635 0.04848906966768738 0.037878318191117623 0.010700870597509314 -0.069125325434557267
leaf_weight=34543.490035630763 8341.0003513842821 28785.259740740061 9121.7100580185652 41.391558513045311 63753.738898590207 8833.3390926420689 20572.295040696859 31290.384768784046 5780.1811044365168 24686.862019367516 15602.756403446198 60.501618687063456 1500.5634273886681 15599.568833492696 2149.6045706868172 5548.1744282990694 5891.3947227746248 4065.3119771331549 2131.6799351945519 561.7167978733778 9793.3161418586969 519.16412109136581 1862.0456673949957 9.5160632282495481 25.975525662302971 1731.3403322845697 2976.2203929722309 7169.0585636943579 2745.0131988227367 90.489781159907579
leaf_count=66777 11225 62874 15472 192 224462 16419 33315 53238 19242 54773 33069 401 1268 39876 2288 8736 6607 5445 11177 288 36700 3340 1474 18 126 1291 2169 7443 13202 542
internal_value=0.0252305 0.0235384 0.0222627 0.0214624 0.022987 0.0353893 0.0260187 0.02416 0.017357 0.017509 0.0134489 0.0196848 0.038337 0.020172 0.041828 0.0230953 0.0339286 0.0294639 0.0141184 0.0460929 0.0143132 0.0130154 0.0388156 -0.0479318 0.00504829 0.0424542 0.0501149 0.0378783 0.0138611 -0.0582233
internal_weight=315783 270701 236158 227036 165549 45081.6 86196.1 65623.8 61486.8 61345.5 21408.9 39936.5 32182.9 79353.3 17950.5 34333.4 14232.4 12898.7 15249.7 7418.88 15189.2 13057.5 10531.7 141.397 5806.16 3880.94 3537.94 8669.62 12538.3 131.881
internal_count=733449 677532 610755 595283 422501 55917 158163 124848 172782 172030 52437 119593 34053 264338 16221 71610 17832 21864 64820 6036 64419 53242 10185 752 19368 3579 2457 8711 49902 734
is_linear=0
shrinkage=0.05


Tree=28
num_leaves=31
num_cat=0
split_feature=1 9 10 5 8 8 11 8 17 11 8 9 9 8 8 11 11 13 8 10 8 11 11 17 11 8 11 8 9 11
split_gain=1781.19 929.314 671.596 612.844 438.887 1009.04 456.364 432.952 336.071 363.273 243.051 204.974 365.307 214.036 443.584 178.463 168.073 134.294 87.5608 87.3312 86.2668 84.8658 82.5464 84.7161 71.1866 70.6931 69.5702 64.6141 63.4902 62.7792
threshold=0.015209345612674953 1.0000000180025095e-35 0.66670760512352001 0.068404637277126326 10052930.500000002 12130922.500000002 1.0000000180025095e-35 5320895.5000000009 1.0000000180025095e-35 43.500000000000007 13439690.500000002 7714069.5000000009 3211691.0000000005 15089427.500000002 5320895.5000000009 1.0000000180025095e-35 36.500000000000007 0.38960760831832891 1289243.5000000002 0.18103912472724917 5320895.5000000009 11.500000000000002 54.500000000000007 1.0000000180025095e-35 23.500000000000004 1289243.5000000002 60.500000000000007 15089427.500000002 7714069.5000000009 102.50000000000001
decision_type=2 10 10 2 2 2 2 2 2 2 2 10 10 2 2 2 2 2 2 10 2 2 2 2 2 2 2 2 10 2
left_child=1 2 4 7 16 6 19 25 9 11 -9 12 -3 14 -14 -16 18 -5 -1 -6 -18 -17 23 -22 -8 -2 -11 28 -28 -7
right_child=3 8 -4 17 5 29 24 10 -10 26 -12 -13 13 -15 15 21 20 -19 -20 -21 22 -23 -24 -25 -26 -27 27 -29 -30 -31
leaf_value=-0.0054707938568116544 0.025419625630178133 0.025419625630178133 0.025419625630178133 0.033581294817507545 -0.0057366505995995092 0.021054108092316799 0.0083809733185731018 0.025419625630178133 0.025419625630178133 0.014520773888538598 0.031633124366263275 0.025419625630178133 0.020379511294877681 0.024651894166269738 -0.0021461508437223289 0.025419625630178133 0.018154042363809405 0.041685513489263012 0.021054108092316799 0.004001453939231769 -0.061959412817540027 0.010692001323252123 0.015598401141336538 0.0044999915332647987 0.015024147484747015 0.032218464849078601 0.00046887251905657133 0.021319559872077596 -0.067714251591458441 -0.0078015022790774895
leaf_weight=362.9182011410594 479.23508620262146 18543.370153456926 18839.097216680646 12113.869326621294 6008.558948174119 22604.469290535897 8094.466001726687 30583.85469391942 32577.267225857824 6281.8456844910979 17070.981911629438 6018.2166054993868 17493.970001667738 9894.5922928005457 3597.0873517692089 248.13325233757496 11843.846585318446 8966.2897215783596 33053.173473186791 3729.9051538258791 47.055055633187294 3893.9171150326729 3232.980531476438 2135.6500420197845 8056.874337695539 28847.379090771079 1484.5136834457517 405.73066077381372 32.945455759763718 187.75772716104984
leaf_count=1224 1111 37347 42920 13581 21679 58653 32570 61062 66729 23972 25881 10350 41968 21861 9636 283 38824 7842 79356 10904 301 15169 14126 10151 33937 42684 6461 1565 164 801
internal_value=0.0238755 0.0213641 0.0183581 0.0294752 0.0166886 0.013297 0.00654209 0.0274049 0.0249 0.0218429 0.0254196 0.0231991 0.0215395 0.0184171 0.0159704 0.00600125 0.0199461 0.037032 0.0210541 -0.00200683 0.0157628 0.0130743 0.0105286 0.00301184 0.0116963 0.0322185 0.0119738 0.00364812 -0.00109863 0.0209687
internal_weight=316730 218668 118197 98061.6 99357.7 48682 25889.8 76981.5 100472 67894.3 47654.8 59689.3 53671.1 35127.7 25233.1 7739.14 50675.6 21080.2 33416.1 9738.46 17259.5 4142.05 5415.69 2182.71 16151.3 29326.6 8205.04 1923.19 1517.46 22792.2
internal_count=733112 580951 345446 152161 302526 158544 99090 130738 235505 168776 86943 136614 126264 88917 67056 25088 143982 21423 80580 32583 63402 15452 24578 10452 66507 43795 32162 8190 6625 59454
is_linear=0
shrinkage=0.05


Tree=29
num_leaves=31
num_cat=0
split_feature=1 9 9 4 10 11 12 6 9 12 6 5 13 3 0 10 11 11 12 11 11 9 5 10 11 1 10 11 10 13
split_gain=1745.46 1056.35 924.939 584.394 633.82 409.09 351.297 250.184 162.298 161.898 133.974 115.474 70.7313 54.6682 49.0652 43.1056 41.4056 80.689 43.2345 39.4854 39.4325 34.5706 30.8435 27.9301 47.5669 82.3751 40.9455 33.3731 26.3478 22.8629
threshold=0.091287881135940566 3211691.0000000005 7714069.5000000009 21.500000000000004 0.44452822208404547 12.500000000000002 9.5277776718139666 0.013957562390714886 3211691.0000000005 15.354166507720949 0.0090917046181857603 0.16100230067968371 0.26698686182498937 0.33872106671333319 17.500000000000004 0.62481230497360241 43.500000000000007 45.500000000000007 20.366666793823246 33.500000000000007 79.500000000000014 3211691.0000000005 0.058481533080339439 0.31196330487728124 23.500000000000004 0.022305141203105453 0.14276190847158435 43.500000000000007 0.2105745151638985 0.52779263257980358
decision_type=2 8 10 2 10 2 2 10 10 2 8 2 2 2 2 10 2 2 2 2 2 10 2 10 2 2 10 2 10 2
left_child=1 -1 3 4 5 -3 11 10 9 -9 20 13 -8 29 -13 21 -12 -18 -19 28 23 -6 -14 24 -5 26 -26 -25 -11 -2
right_child=6 2 -4 7 15 -7 12 8 -10 19 16 14 22 -15 -16 -17 17 18 -20 -21 -22 -23 -24 27 25 -27 -28 -29 -30 -31
leaf_value=0.027228638449105204 0.03212631667756833 0.019513613072847769 0.027228638449105204 -0.0031847754671817164 0.023452526564014687 0.023452526564014687 0.027228638449105204 0.019513613072847769 0.019513613072847769 0.015477990580650081 0.015140291395322029 0.040061139573186771 0.029677477563336763 0.038682211283738693 0.050190024319421656 0.027228638449105204 0.0064202813777671681 0.015477990580650081 0.004558025843194524 0.015477990580650081 -0.06236823929895309 0.025693474919235793 0.03212631667756833 -0.0031847754671817164 -0.063412100373549871 -0.0031847754671817164 -0.022862794235282424 0.004558025843194524 0.017527144256350227 0.035732971160748764
leaf_weight=35337.581708945334 10211.679243728518 54645.854928448796 9323.3809858411551 185.26790841668844 11214.958475530148 28318.425005555153 7985.5202247053385 14071.754494547844 19043.990261405706 5729.376532793045 15061.596645504236 4785.1047439724207 1769.0612129122019 4427.4271837621927 1655.3291160613298 18656.521896019578 4956.9725491702557 4603.4126776829362 750.31520160287619 41929.304975323379 26.533695228397846 2353.0443212687969 5442.867380425334 264.11514078080654 108.21200382709503 87.106137439608574 151.75744538754225 276.78678015619516 13652.947402387857 968.30241499841213
leaf_count=67388 11691 119903 15545 844 21585 47289 12176 28745 44812 20613 55223 3967 2601 4014 1027 29507 20500 13295 4489 148251 183 3463 5919 1180 710 187 849 1099 45103 831
internal_value=0.0228178 0.0214683 0.0202482 0.0194536 0.0220026 0.0196764 0.032989 0.0170246 0.0182292 0.0167825 0.0127268 0.037024 0.0272286 0.0346852 0.0426793 0.0272286 0.0134673 0.011021 0.0152768 0.0155407 -0.00435126 0.0241583 0.0321263 -0.00280357 -0.0109276 -0.0239812 -0.0400967 0.00455803 0.0175271 0.0327837
internal_weight=317995 280749 245412 236088 115189 82964.3 37245.3 120899 94427.4 75383.4 26472.1 22047.8 15197.4 15607.4 6440.43 32224.5 25372.3 10310.7 5353.73 61311.6 1099.78 13568 7211.93 1073.25 532.343 347.076 259.969 540.902 19382.3 11180
internal_count=732989 690763 623375 607830 221747 167192 42226 386083 287524 242712 98559 21530 20696 16536 4994 54555 93507 38284 17784 213967 5052 25048 8520 4869 2590 1746 1559 2279 65716 12522
is_linear=0
shrinkage=0.05


Tree=30
num_leaves=31
num_cat=0
split_feature=13 9 8 8 17 12 9 12 10 8 12 11 11 5 12 14 8 8 11 11 6 6 5 13 10 9 8 4 12 6
split_gain=1508.45 1007.17 951.416 1216.11 846.048 527.767 422.826 379.586 345.936 281.59 384.885 305.321 276.841 242.177 150.825 235.081 146.669 141.292 127.542 117.629 108.969 103.485 102.244 110.629 95.5936 92.3664 96.2776 89.7159 87.4752 84.7029
threshold=0.16314934939146045 3211691.0000000005 5320895.5000000009 12130922.500000002 1.0000000180025095e-35 16.535714149475101 7714069.5000000009 13.690476417541506 0.79789990186691295 10052930.500000002 13.887499809265138 3.5000000000000004 1.0000000180025095e-35 0.045628037303686149 9.5277776718139666 -0.097455322742462144 1289243.5000000002 5320895.5000000009 34.500000000000007 10.500000000000002 0.23240856826305392 0.07426562532782556 0.081514000892639174 -0.052248043939471238 0.24999500066041949 3211691.0000000005 10052930.500000002 12.500000000000002 18.22500038146973 0.17396961152553561
decision_type=2 8 2 2 2 2 10 2 10 2 2 2 2 2 2 2 2 2 2 2 10 8 2 2 10 10 2 2 2 10
left_child=1 -1 5 4 6 -3 12 -5 9 10 -6 -11 -4 17 -13 -16 21 -2 -18 -14 27 -7 23 -21 -23 26 -25 -15 -20 -17
right_child=13 2 3 7 8 16 -8 -9 -10 11 -12 14 19 20 15 29 18 -19 28 22 -22 24 -24 25 -26 -27 -28 -29 -30 -31
leaf_value=0.026013247679565754 0.031026523088296665 0.026013247679565754 -0.0050090903777545385 0.026013247679565754 0.020379025480946812 -0.061424769106076894 0.026013247679565754 0.018293600190305081 0.026013247679565754 0.001031119720238297 0.012026191887713204 0.020379025480946812 0.026013247679565754 0.036469251916281413 -0.075631670901651724 0.0096830225346848237 0.021878321764055658 0.026013247679565754 0.022493573510806435 -0.01430390653777118 0.041936072118357495 -0.02179124971883132 0.026013247679565754 0.015729567626846238 0.021115749706388503 0.0026959754024353019 0.0066038774841662706 0.031026523088296665 0.014758756882280809 0.016227839804544331
leaf_weight=35632.594141505659 6113.0410063564777 55612.115613877773 7794.2131385356188 31300.245544478297 17548.212721958756 71.075229220092297 1577.8121694922447 29704.332687128335 6056.6401873975992 6032.5579334944487 17287.347151763737 2370.3035933971405 275.80947433412075 9868.8829612284899 74.135420829057693 11447.485031917691 22358.230917945504 10261.752035990357 2882.9366912767291 663.20106139779091 4573.8004808872938 231.24041095376015 304.22557097673416 740.59750434756279 290.75878871232271 5851.432569861412 3442.9919114485383 5463.0234537571669 15722.384985849261 7763.6128291636705
leaf_count=67113 7460 90726 25796 50380 32413 462 3265 86179 13296 17621 63181 3701 371 9121 267 42401 60586 16098 7079 1649 4123 1285 333 1906 1132 23315 14963 7163 53835 26017
internal_value=0.0218289 0.0205982 0.0194005 0.0169063 0.0131862 0.0232563 0.00431312 0.0223471 0.0158577 0.0147448 0.0177367 0.0109796 0.00223645 0.0314283 0.0137505 0.0120767 0.0189739 0.0269155 0.0193313 0.00724372 0.0351375 -0.00569577 0.00631627 0.00544589 0.00209775 0.00675371 0.0124251 0.0331042 0.0162686 0.012423
internal_weight=319317 283036 247404 150235 89230.6 97168.7 20650.3 61004.6 68580.3 62523.7 34835.6 27688.1 19072.5 36280.5 21655.5 19285.2 41556.6 16374.8 40963.6 11278.3 19905.7 593.074 11002.4 10698.2 521.999 10035 4183.59 15331.9 18605.3 19211.1
internal_count=733237 689272 622159 407054 270495 215105 71598 136559 198897 185601 95594 90007 68333 43965 72386 68685 124379 23558 121500 42537 20407 2879 42166 41833 2417 40184 16869 16284 60914 68418
is_linear=0
shrinkage=0.05


Tree=31
num_leaves=31
num_cat=0
split_feature=5 8 8 7 8 12 12 8 12 8 8 8 6 11 11 13 1 3 10 6 3 11 12 13 11 3 4 10 11 13
split_gain=1498.57 977.903 1393.73 767.264 508.337 472.462 401.391 370.453 718.201 311.166 259.976 322.721 243.017 202.779 150.655 136.795 135.833 125.27 104.087 98.1051 95.9798 90.2952 88.8325 146.906 85.656 80.0467 79.4147 77.2475 72.9863 68.0367
threshold=0.023392613045871261 5320895.5000000009 12130922.500000002 199700.00000000003 1289243.5000000002 16.937500000000004 16.535714149475101 10052930.500000002 14.22499990463257 10052930.500000002 5320895.5000000009 13439690.500000002 0.1907056346535683 13.500000000000002 33.500000000000007 -0.049416434019803994 0.009828069247305395 -0.0020586297614499922 0.24999500066041949 0.40503749251365667 -0.38592566549777979 44.500000000000007 14.348484516143801 -0.034865135326981538 43.500000000000007 -0.0023856577463448043 21.500000000000004 0.16675345599651339 43.500000000000007 0.18937674909830096
decision_type=2 2 2 8 2 2 2 2 2 2 2 2 10 2 2 2 2 2 10 10 2 2 2 2 2 2 2 10 2 2
left_child=1 4 3 7 18 -4 -6 8 25 17 26 19 -9 -11 -8 -15 -16 22 -1 -12 -7 27 -5 -24 -10 -3 -2 -14 -19 -28
right_child=10 2 5 9 6 20 14 12 24 13 11 -13 21 15 16 -17 -18 28 -20 -21 -22 -23 23 -25 -26 -27 29 -29 -30 -31
leaf_value=-0.019942136042581854 0.037677263234001397 0.018259990668535939 0.024697950766172518 0.0035531296741612168 0.024697950766172518 -0.075947493964733354 0.022171365691479431 0.010690521845586436 0.016454958080780489 -0.007749941429083966 0.024697950766172518 0.035242928014299742 0.014957318131465067 -0.02433577340465054 0.015682755933120063 0.010690521845586436 0.022171365691479431 0.010690521845586436 0.0065441599093129287 0.037365005726573065 0.017227904125956997 0.014957318131465067 -0.053623396108195866 -0.00684182148923187 0.010690521845586436 0.024697950766172518 0.024697950766172518 0.024697950766172518 0.0035531296741612168 0.033195226200392017
leaf_weight=708.93503189086914 10369.537284240127 2700.2379433065653 43338.668993219733 942.35943883657455 65260.0311883986 25.73339731991291 19053.723896369338 21164.807539567351 7182.340186342597 5589.428461715579 13623.9069878757 8275.0352861136198 904.28096123039722 292.26806384325027 24275.151119276881 2789.2583026736975 4279.9603322893381 12972.500395648181 774.07955592870712 2034.884903922677 28384.980629235506 3446.9678663313389 200.83553302288055 505.60505183041096 11840.716967239976 18268.646208420396 1412.7473262250423 4263.5663942843676 2630.646122764796 1882.9924942106009
leaf_count=2796 9723 4779 70478 1882 104823 109 51736 68578 24882 20348 19885 8802 3074 898 74320 12968 9942 35660 2320 2207 84787 11342 803 1705 43427 32600 2342 11805 10919 2303
internal_value=0.0206352 0.0193839 0.0169493 0.0129989 0.0229485 0.0222176 0.0233306 0.0157278 0.0188721 0.00565321 0.030012 0.0268645 0.0115044 -0.00207349 0.0196448 0.0082211 0.0172861 0.00953649 -0.00612706 0.024698 0.0171382 0.0192241 -0.00358426 -0.0172368 0.011822 0.024698 0.0355199 0.0235652 0.0106905 0.0287132
internal_weight=319395 281796 167444 95694.5 114352 71749.4 112869 69771.6 39991.9 25922.9 37599.1 23933.8 29779.6 8670.95 47608.8 3081.53 28555.1 17251.9 1483.01 15658.8 28410.7 8614.82 1648.8 706.441 19023.1 20968.9 13665.3 5167.85 15603.1 3295.74
internal_count=732243 686981 441044 285670 245937 155374 240821 200487 105688 85183 45262 30894 94799 34214 135998 13866 84262 50969 5116 22092 84896 26221 4390 2508 68309 37379 14368 14879 46579 4645
is_linear=0
shrinkage=0.05


Tree=32
num_leaves=31
num_cat=0
split_feature=1 8 8 8 8 8 6 4 4 4 11 3 8 9 11 3 6 3 6 4 10 1 11 8 10 9 11 10 13 9
split_gain=1490.28 713.891 1160.76 685.425 400.26 367.065 343.492 332.194 270.462 254.769 244.832 158.652 145.325 179.724 160.512 116.467 115.796 108.325 104.276 103.257 97.1639 95.0751 94.8809 106.034 137.475 91.227 84.8513 73.2947 72.4213 68.5119
threshold=0.045663053169846542 5320895.5000000009 15089427.500000002 10052930.500000002 5320895.5000000009 13439690.500000002 0.07336157932877542 21.500000000000004 21.500000000000004 21.500000000000004 2.5000000000000004 0.010784867219626905 12130922.500000002 1.0000000180025095e-35 23.500000000000004 0.18614899367094043 0.013957562390714886 -0.037502352148294442 0.40503749251365667 9.5000000000000018 0.84003925323486339 0.0082305916585028189 32.500000000000007 1289243.5000000002 0.32438437640666967 1.0000000180025095e-35 33.500000000000007 0.44452822208404547 0.46431924402713781 1.0000000180025095e-35
decision_type=2 2 2 2 2 2 10 2 2 2 2 2 2 10 2 2 8 2 10 2 10 2 2 2 8 10 2 10 2 10
left_child=1 7 3 9 28 -6 12 -1 -4 10 27 18 13 14 20 19 -11 -10 26 -7 -5 22 -9 24 -24 -25 -8 -3 -2 -19
right_child=4 2 8 6 5 15 11 21 17 16 -12 -13 -14 -15 -16 -17 -18 29 -20 -21 -22 -23 23 25 -26 -27 -28 -29 -30 -31
leaf_value=0.022016255717671008 0.030453238400232337 0.015953432020197961 0.022016255717671008 -0.0014059081318400014 0.022016255717671008 0.033788179234306638 0.012908469795143984 0.018343948089969472 -0.0065712917385898186 -0.01600990839584672 0.022016255717671008 0.022016255717671008 0.0077704375003583683 -0.034578368123288426 0.0077704375003583683 0.03946622043133366 0.012804942101520448 0.015119710721026445 0.016497793837036642 0.025186921370321275 0.0077704375003583683 0.019943868849087366 -0.051207716442637212 0.012538444728204076 0.010141062661516244 0.018256379263893032 0.0077704375003583683 0.022016255717671008 0.038487922385754561 0.019537539331686695
leaf_weight=48364.589328914881 19318.887204274535 8955.9255135655403 29710.504371494055 15661.507461555302 25348.893465012312 2260.5208071321249 7038.2570362836123 18535.283839575946 476.48774901032448 351.88532967120409 13126.097001627088 995.48281449079514 4232.2183877266943 344.19406826049089 2250.4279319569468 2917.9693166017532 25430.093456968665 15655.270990047604 2184.2565702274442 7983.0081636607647 870.05597957968712 9636.1822144389153 135.70249801874161 15211.481215655804 269.60946605354548 12928.588425196707 8508.0740002989769 2924.0452215373516 3321.3306855261326 14487.568318624049
leaf_count=78553 23358 20661 47663 55181 38038 2124 21942 51522 1250 1783 24568 1796 10397 1352 8857 2582 93339 46211 6216 10953 1729 19725 851 47264 1150 34957 32861 5158 2828 37735
internal_value=0.0193377 0.0176756 0.0154981 0.0119898 0.0263569 0.0232523 0.00727057 0.02085 0.0208981 0.0158999 0.0194964 0.0123153 0.00322558 0.00112019 0.00177801 0.0306335 0.0124105 0.0170588 0.0109793 0.0281101 -0.000296464 0.0178715 0.016744 0.0148007 -0.0105497 0.0151666 0.00931915 0.0159534 0.0316352 0.0174328
internal_weight=319434 258284 153202 92872.5 61150.6 38510.4 42084.5 105081 60329.8 50788 25006.1 18726.1 23358.4 19126.2 18782 13161.5 25782 30619.3 17730.6 10243.5 16531.6 56716.8 47080.7 28545.4 405.312 28140.1 15546.3 11880 22640.2 30142.8
internal_count=732604 652721 418699 285840 79883 53697 140331 234022 132859 145509 50387 62815 77516 67119 65767 15659 95122 85196 61019 13077 56910 155469 135744 84222 2001 82221 54803 25819 26186 83946
is_linear=0
shrinkage=0.05


Tree=33
num_leaves=31
num_cat=0
split_feature=4 1 8 8 12 8 12 8 13 3 8 10 8 9 13 3 8 13 13 12 6 8 6 10 6 6 7 6 9 6
split_gain=1276.24 791.91 586.576 482.107 235.272 213.556 178.88 172.121 124.062 109.649 108.215 158.205 96.3894 80.905 84.2274 90.0276 79.9751 74.4215 72.0806 79.8687 69.9299 66.4466 65.6011 63.5662 54.9824 53.6059 50.9299 46.0161 44.0623 39.0813
threshold=21.500000000000004 0.091287881135940566 5320895.5000000009 15089427.500000002 14.348484516143801 5320895.5000000009 5.0625000000000009 12130922.500000002 -0.067965365946292863 -1.3974590897560117 1289243.5000000002 0.12494444474577905 1289243.5000000002 7714069.5000000009 0.16662679612636569 -0.49061264097690577 5320895.5000000009 -0.074005283415317522 -0.033730158582329743 17.038461685180668 0.013957562390714886 15089427.500000002 0.17979500442743304 0.31196330487728124 0.17826095223426822 0.07426562532782556 15605.300292968752 0.33931532502174383 3211691.0000000005 0.017895999364554886
decision_type=2 2 2 2 2 2 2 2 2 2 2 8 2 10 2 2 2 2 2 2 10 2 10 10 8 8 10 8 8 10
left_child=1 2 12 -4 -2 10 22 8 23 -9 11 -6 -1 14 15 -10 -8 27 19 24 26 -18 -3 -7 -11 -13 -19 -12 -17 -14
right_child=4 6 3 -5 5 7 16 9 13 18 17 25 29 -15 -16 28 21 20 -20 -21 -22 -23 -24 -25 -26 -27 -28 -29 -30 -31
leaf_value=0.018755252629160397 0.018755252629160397 0.032923263653527012 0.018755252629160397 0.02490364657450456 -0.064601516817208604 -0.0824146485050299 0.031011851306134465 -0.098169755886385712 -0.015816462471743186 -0.017584580243739274 -0.0896637315770486 -0.029301913590859419 0.023245803884740863 0.016772289570910762 0.016772289570910762 0.013385008863559616 0.02490364657450456 0.014010972928180371 0.016056947109217526 -0.041192969306526057 0.016772289570910762 0.031153580795943631 0.043046076050312292 -0.015816462471743186 0.0060238088190475124 0.010362165751598257 0.00097762677655410281 -0.012160734291273286 0.0096245558020890149 0.02490364657450456
leaf_weight=586.86760197579861 16859.241003364325 6343.7492624372244 55289.997095897794 33278.68239878118 87.161234382539988 51.483035504817963 7602.8862674832344 19.161466583609581 194.69964925944805 125.14568543434143 25.872584119439125 63.756612051278353 36066.23031423986 544.06562775373459 2229.0763952881098 2704.1941170096397 8743.198124781251 17545.231910690665 32854.204896166921 93.113902285695076 37469.628540866077 4334.9152431190014 2182.5449436157942 54.435221672058105 234.72503912448883 655.67593338340521 783.32364399731159 34.348793312907219 36097.39057790488 18190.591965645552
leaf_count=1383 27794 6195 124838 51797 547 217 7913 78 561 355 105 379 59083 1369 4253 8065 11526 51852 92869 338 96362 4596 1643 131 437 2570 2909 77 147019 25354
internal_value=0.0189903 0.0219153 0.0203864 0.0187553 0.0155952 0.0147893 0.0294209 0.0130304 0.0108953 0.0157124 0.0167723 -0.00177224 0.0245611 0.0110331 0.0105842 0.00999773 0.0269016 0.0167723 0.0157838 -0.00400933 0.0167723 0.0249036 0.035524 -0.0426661 0.00602381 0.00599769 0.0134541 -0.0410938 0.0101745 0.0249036
internal_weight=321346 172620 143412 88568.7 148726 131867 29207.3 75201.7 41875.3 33326.4 56665 806.594 54843.7 41769.4 41225.4 38996.3 20681 55858.4 33307.2 452.985 55798.2 13078.1 8526.29 105.918 359.871 719.433 18328.6 60.2214 38801.6 54256.8
internal_count=732615 294328 262455 176635 438287 410493 31873 255692 161615 94077 154801 3496 85820 161267 159898 155645 24035 151305 93999 1130 151123 16122 7838 348 792 2949 54761 182 155084 84437
is_linear=0
shrinkage=0.05


Tree=34
num_leaves=31
num_cat=0
split_feature=5 4 11 8 8 7 8 8 8 4 9 9 13 6 7 6 9 5 8 5 11 6 13 6 11 6 13 11 7 9
split_gain=1599.19 748.923 619.286 251.72 372.498 223.453 210.423 251.545 244.25 131.619 121.909 116.801 97.5611 76.4573 73.4169 67.647 95.646 64.6084 70.4808 64.5043 76.3988 63.9485 82.3365 59.9487 52.7323 51.228 48.893 52.5654 46.9507 62.9605
threshold=0.018019480630755428 21.500000000000004 1.0000000180025095e-35 5320895.5000000009 13439690.500000002 17650.000000000004 5320895.5000000009 12130922.500000002 1289243.5000000002 20.500000000000004 7714069.5000000009 3211691.0000000005 -0.067965365946292863 0.36844848096370703 62050.000000000007 0.013957562390714886 3211691.0000000005 0.15954545140266421 10052930.500000002 0.014389234129339458 45.500000000000007 0.013957562390714886 -0.010152646806091068 0.037614908069372184 23.500000000000004 0.062580697238445296 0.16662679612636569 33.500000000000007 197900.00000000003 3211691.0000000005
decision_type=2 2 2 2 2 8 2 2 2 2 10 8 2 10 8 8 8 2 2 2 2 10 2 8 2 10 2 2 8 10
left_child=1 2 5 9 17 -1 8 10 13 -2 11 -8 19 24 -11 16 -10 -5 25 20 -13 22 -14 -4 -3 -19 27 -23 -17 -30
right_child=3 6 23 4 -6 -7 7 -9 15 14 -12 12 21 -15 -16 28 -18 18 -20 -21 -22 26 -24 -25 -26 -27 -28 -29 29 -31
leaf_value=0.021007988373303262 0.034329449327785921 -0.0015720278324489524 0.015721207777921978 0.021007988373303262 0.031796510362257641 0.015721207777921978 0.015721207777921978 0.014597213310255272 -0.074629597585725668 0.029129810423385978 0.015721207777921978 -0.026887262778565665 -0.0090066960994691688 0.015721207777921978 0.021007988373303262 0.015721207777921978 0.0050303830621391517 0.0253006398858679 0.0253006398858679 -0.0090066960994691688 -0.088968251967399756 0.011752413329083706 0.0053752568012517968 0.021007988373303262 -0.02765475696695013 0.040333338807833088 0.015721207777921978 0.0071127220729635537 0.014435084713924105 0.010544832513839289
leaf_weight=8534.9553200602531 10870.40974676609 185.32834970206022 4450.159711048007 14292.120862454176 9251.8266126960516 58280.508717343211 3047.2334068715572 34540.47646638006 37.683364063501358 2568.276150599122 607.08130678534508 109.80882377922535 795.76508235931396 107.01813096553087 1690.0155488997698 38641.33958645165 745.04270513355732 803.22536611557007 860.03905393183231 44.119033634662628 62.382770612835884 8248.4110570251942 5862.4735875427723 70305.38930863142 489.16796184703708 1623.9827366918325 786.06917151808739 23565.833630941808 5902.4209534004331 12429.887870743871
leaf_count=13530 10480 857 8167 23056 10313 124006 8573 95613 167 3499 1439 296 2961 306 2862 97984 2740 895 1146 58 258 33002 29789 115556 2392 1307 1476 86545 14642 38709
internal_value=0.017146 0.0157715 0.0183182 0.0262445 0.0233322 0.0157212 0.0131242 0.0114173 0.0153884 0.0314059 0.00887015 0.00831947 0.00757111 -0.0123545 0.0239302 0.0157212 0.00101482 0.021008 0.0295933 -0.0257695 -0.0447678 0.00775612 0.00328952 0.021008 -0.0188653 0.0352008 0.00866811 0.00831631 0.0157212 0.013149
internal_weight=319738 277779 141571 41959.9 26831.2 66815.5 136208 77669.7 58537.9 15128.7 43129.2 42522.1 39474.9 781.514 4258.29 57756.4 782.726 17579.4 3287.25 216.311 172.192 39258.6 6658.24 74755.5 674.496 2427.21 32600.3 31814.2 56973.6 18332.3
internal_count=732624 679066 261259 53558 36717 137536 417807 260010 157797 16841 164397 162958 154385 3555 6361 154242 2907 26404 3348 612 554 153773 32750 123723 3249 2202 121023 119547 151335 53351
is_linear=0
shrinkage=0.05


Tree=35
num_leaves=31
num_cat=0
split_feature=3 9 9 13 8 8 7 11 8 12 8 7 12 7 12 12 6 10 11 10 7 1 12 13 11 6 11 8 9 10
split_gain=1324.47 700.576 701.358 684.439 444.513 721.109 517.666 354.127 352.877 259.87 250.386 243.143 218.271 200.743 186.821 140.794 116.231 110.403 105.135 133.053 101.891 96.3452 92.794 87.1654 79.0084 142.47 85.3375 73.6286 73.5992 72.8312
threshold=0.011662250384688379 3211691.0000000005 7714069.5000000009 0.12629869580268863 5320895.5000000009 12130922.500000002 199700.00000000003 1.0000000180025095e-35 10052930.500000002 21.708333015441898 1289243.5000000002 98200.000000000015 7.6833331584930429 8010.0000000000009 12.267857074737551 20.774999618530277 0.19720250368118289 0.24999500066041949 90.500000000000014 0.16658333688974383 71055.500000000015 0.05352368205785752 16.535714149475101 -0.052248043939471238 43.500000000000007 0.10505434498190881 65.500000000000014 10052930.500000002 3211691.0000000005 0.29138357937335974
decision_type=2 8 10 2 2 2 8 2 2 2 2 8 2 10 2 2 10 10 2 10 10 2 2 2 2 10 2 2 10 10
left_child=1 15 3 4 10 6 8 27 14 -7 17 -12 16 -10 -6 -1 -2 21 22 -20 -11 -3 -13 -9 -17 26 -26 28 -8 -14
right_child=12 2 -4 -5 5 9 7 23 13 20 11 18 29 -15 -16 24 -18 -19 19 -21 -22 -23 -24 -25 25 -27 -28 -29 -30 -31
leaf_value=0.021323978232405116 0.028746886865151589 -0.037348692702917401 0.021323978232405116 0.021323978232405116 0.017314226784585433 0.017314226784585433 0.0059710391449237761 -0.015072477598343943 0.017314226784585433 0.011582803382652274 0.017314226784585433 0.014938750371396187 0.021323978232405116 0.0059710391449237761 0.010815870222489532 0.017598412558609982 0.039261443689490839 0.0064662142021564605 -0.037156337625458676 0.014938750371396187 -0.0030366950067497382 -0.0086549270646009268 0.0096910787989487185 0.0059710391449237761 0.0028071235617492009 0.017845580301418303 -0.029570748076091058 -0.010786227551271732 -0.0046311311272461469 0.026928107508581746
leaf_weight=28083.250346332788 10919.269030407071 435.55064227059484 9512.1727222651243 21567.663824826479 14956.445895880461 39966.786203809083 182.66608645021915 525.35346795618534 1997.549623042345 14582.554900921881 56785.704173192382 16987.084252610803 7998.9020651131868 26275.972370482981 19486.478274926543 5606.7364151626825 3490.126476213336 714.79223976284266 236.44393411278725 229.06999191641808 1297.0852731578052 83.93369659781456 12793.793097525835 10301.69921631366 1476.9649176448584 651.11992335319519 233.98739802837372 4761.6815873831511 2989.9329046458006 6230.8503535240889
leaf_count=46000 12226 2175 15848 30309 27772 76728 280 1324 4211 45997 122760 30953 12596 87526 67427 14517 3035 2146 956 605 4809 102 41540 39985 4691 1465 973 17797 7913 8812
internal_value=0.0166948 0.0156906 0.014765 0.0141286 0.0133045 0.0115247 0.00852463 0.00123771 0.0107044 0.0159012 0.0160732 0.0163903 0.0269574 0.00656412 0.0141024 0.021324 0.0312987 -0.00628008 0.0125633 -0.0109786 0.0103884 -0.0237761 0.012932 0.00597104 0.0143672 0.00668897 -0.00165018 -0.00685595 -0.000954011 0.0225575
internal_weight=321362 292722 256670 247158 225591 137324 81477.8 18761.3 62716.4 55846.4 88266.4 87032.1 28639.1 28273.5 34442.9 36052.1 14409.4 1234.28 30246.4 465.514 15879.6 519.484 29780.9 10827.1 7968.81 2362.07 1710.95 7934.28 3172.6 14229.8
internal_count=733478 696809 629163 613315 583006 381769 254235 67299 186936 127534 201237 196814 36669 91737 95199 67646 15261 4423 74054 1561 50806 2277 72493 41309 21646 7129 5664 25990 8193 21408
is_linear=0
shrinkage=0.05


Tree=36
num_leaves=31
num_cat=0
split_feature=13 9 9 4 11 8 8 7 6 10 8 11 4 7 4 7 13 1 1 6 8 11 9 1 11 8 11 11 9 11
split_gain=1165.02 797.507 654.176 486.833 599.997 259.149 280.768 227.75 145.559 144.811 138.103 129.309 115.139 92.0179 95.7331 86.8665 132.61 84.1648 80.6107 74.3126 68.3875 58.9327 53.6528 51.6646 49.2485 91.8361 40.3828 109.551 33.1557 32.1116
threshold=0.073747340589761748 3211691.0000000005 7714069.5000000009 21.500000000000004 1.0000000180025095e-35 5320895.5000000009 13439690.500000002 17002.200195312504 0.017895999364554886 0.53846231102943432 5320895.5000000009 67.500000000000014 9.5000000000000018 78050.000000000015 20.500000000000004 39610.000000000007 -0.049675324931740754 0.3712316900491715 1.0000000180025095e-35 0.24145799875259402 5320895.5000000009 43.500000000000007 3211691.0000000005 0.30330087244510656 43.500000000000007 5320895.5000000009 12.500000000000002 11.500000000000002 3211691.0000000005 58.500000000000007
decision_type=2 8 10 2 2 2 2 8 10 8 2 2 2 8 2 8 2 2 2 10 2 2 10 2 2 2 2 2 8 2
left_child=1 -1 3 4 7 13 17 -3 9 11 -10 20 -8 23 -15 -6 -17 -7 -12 21 -5 -14 -11 28 -24 -26 27 -18 -2 -22
right_child=5 2 -4 8 15 6 12 -9 10 22 18 -13 19 14 -16 16 26 -19 -20 -21 29 -23 24 -25 25 -27 -28 -29 -30 -31
leaf_value=0.018801723783391761 0.034794458339389427 0.018801723783391761 0.018801723783391761 -0.01981277108234045 0.018801723783391761 0.018801723783391761 0.037687799199512872 0.012700757726185535 0.012700757726185535 0.0092493334799523819 0.0092493334799523819 -0.069163431840672876 0.026581708192200345 0.027242579098561426 0.018801723783391761 0.012700757726185535 0.017613894895931882 0.033397467408324603 0.012700757726185535 0.031180604359412237 -0.00080198306301574327 0.018801723783391761 0.0081980000365686305 0.040013727276137917 0.0081257905381885917 -0.00080198306301574327 0.017613894895931882 0.015157326311058709 0.028504008292047252 -0.061177992276527454
leaf_weight=35000.461270138621 592.4641490727663 8260.4781943708658 9187.3404043018818 532.00238245725632 21681.618102043867 17579.976051703095 2161.628072977066 44717.334295555949 36281.82877541706 4303.1888191923499 41940.492046169937 82.784301523119211 2985.5309970974922 4987.5297594666481 1834.8383568823338 9620.7742609381676 1862.9363916367292 1519.5423283576965 12181.508098974824 1836.1062971800566 588.94716012850404 3294.9968266189098 13222.151646465063 1390.986021772027 4400.9591090604663 3300.0271992459893 15238.420091405511 12419.566021665931 8226.5403003543615 31.535176154226065
leaf_count=65855 516 13161 15303 2286 34580 28447 1749 101231 95170 17504 149587 478 3473 5405 3282 17078 1738 1354 29370 2105 2564 5092 44790 1023 14560 14467 25040 25597 10160 241
internal_value=0.0157566 0.0145191 0.0133858 0.0126703 0.0149983 0.0230843 0.0202362 0.0127008 0.0104032 0.00714063 0.011358 -0.00956323 0.0274173 0.027994 0.0234803 0.018578 0.0164261 0.0188017 0.0096354 0.0246734 -0.00516968 0.0219828 0.00795927 0.0310049 0.00634678 0.00316705 0.0176139 0.0151573 0.0295752 -0.000801983
internal_weight=321264 274854 239854 230667 113801 46410.1 29377.8 52977.8 116865 26461.6 90403.8 1235.27 10278.3 17032.4 6822.37 60823.3 39141.7 19099.5 54122 8116.63 1152.48 6280.53 25226.3 10210 20923.1 7700.99 29520.9 14282.5 8819 620.482
internal_count=733206 670600 604745 589442 218425 62606 42220 114392 371017 96890 274127 5569 12419 20386 8687 104033 69453 29801 178957 10670 5091 8565 91321 11699 73817 29027 52375 27335 10676 2805
is_linear=0
shrinkage=0.05


Tree=37
num_leaves=31
num_cat=0
split_feature=12 11 11 14 9 6 7 12 6 11 11 14 9 11 6 10 11 10 12 11 11 10 13 10 13 14 7 13 12 6
split_gain=1012 1569.61 603.752 335.196 278.377 316.582 253.427 220.778 152.759 146.078 144.632 121.886 114.964 104.296 102.426 106.895 101.747 101.522 92.6728 105.193 92.4596 82.6715 76.0396 74.556 73.4828 71.8647 59.7174 55.1754 45.2408 83.6437
threshold=11.949999809265138 1.0000000180025095e-35 11.500000000000002 -0.044947260990738862 1.0000000180025095e-35 0.0090917046181857603 198800.00000000003 15.354166507720949 0.1907056346535683 23.500000000000004 33.500000000000007 -0.10753119364380835 3211691.0000000005 12.500000000000002 0.013957562390714886 0.30567033588886267 82.500000000000014 0.82013070583343517 21.633333206176761 43.500000000000007 20.500000000000004 0.28542743623256689 0.082257445901632323 0.49488030374050146 0.38597455620765692 -0.052015691995620721 45977.000000000007 0.30356636643409735 17.408332824707035 0.10327889770269395
decision_type=2 2 2 2 10 8 8 2 10 2 2 2 8 2 8 10 2 10 2 2 2 8 2 10 2 2 10 2 2 8
left_child=1 17 21 9 7 23 -7 13 24 20 26 -12 -10 -2 15 -13 18 -1 -8 -20 -4 -3 28 -6 -5 -15 -9 -14 -16 -30
right_child=4 2 3 8 5 6 16 10 12 -11 11 14 27 25 22 -17 -18 -19 19 -21 -22 -23 -24 -25 -26 -27 -28 -29 29 -31
leaf_value=0.016216635659161843 0.012306296124287049 0.020172494640005992 0.02336790700239464 0.02336790700239464 -0.03575231297698192 0.016216635659161843 0.014399455883399449 0.012306296124287049 0.051967071717876782 0.02336790700239464 -0.09168561826556422 -0.039066914513035657 0.028813824038409142 0.012306296124287049 0.01011609521020756 -0.0020714522746267672 -0.0039187510998613872 0.029100147913081714 0.012357571064493752 0.00414578595231629 0.016216635659161843 0.045885649527413086 0.012306296124287049 -0.0039187510998613872 0.028813824038409142 0.016216635659161843 0.0074080201100256192 0.037379852938049511 0.0010440960947674586 0.0080900930904831327
leaf_weight=63571.157197117805 12842.985410049558 344.82409432530403 2772.7936791926622 14696.175101354718 378.52951111271977 34551.894239902496 26750.793912529945 16894.893042445183 713.30829733610153 9954.7320894002914 28.419608667492867 240.61209220439196 6632.8887169659138 3943.1882880628109 15536.50361058116 315.3310502320528 900.93722751736641 4102.2839793264866 16610.409088775516 5099.7498722225428 8232.4540469497442 3882.6514020115137 4614.838083550334 134.15373913198709 6085.149750828743 25974.473842948675 7216.3177857026458 2542.1029686033726 5222.0056517645717 21789.195227019489
leaf_count=131376 26781 489 3403 19170 1461 69711 55480 53035 490 13151 115 1460 8192 7312 44710 1382 3219 5755 51863 21345 13208 3432 9276 359 5842 48049 25253 2053 21775 82660
internal_value=0.0155423 0.0190975 0.02563 0.0241407 0.0133358 0.0155149 0.0157544 0.0117304 0.0274725 0.0192633 0.010037 0.0083911 0.0325958 0.0145756 0.00845454 -0.0128491 0.0125823 0.0162166 0.0128918 0.0104292 0.0162166 0.0437988 0.0087062 -0.0235919 0.0250318 0.0162166 0.0123063 0.0310788 0.00796565 0.00672809
internal_weight=322576 123531 55857.1 51629.6 199045 84426.5 83913.8 114619 30669.6 20960 71858.1 47746.9 9888.3 42760.6 47718.5 555.943 49361.9 67673.4 48461 21710.2 11005.2 4227.48 47162.5 512.683 20781.3 29917.7 24111.2 9174.99 42547.7 27011.2
internal_count=731807 206561 69430 65509 525246 203438 201618 321808 35747 29762 239666 161378 10735 82142 161263 2842 131907 137131 128688 73208 16611 3921 158421 1820 25012 55361 78288 10245 149145 104435
is_linear=0
shrinkage=0.05


Tree=38
num_leaves=31
num_cat=0
split_feature=12 11 11 8 8 8 14 10 13 11 12 14 3 12 5 10 1 7 9 12 7 11 11 3 10 7 9 9 9 11
split_gain=1107.63 1734.58 643.17 399.24 401.245 287.59 278.383 186.261 259.527 151.286 131.691 124.412 118.92 117.002 106.639 99.3598 83.9317 89.715 86.6494 125.137 86.4525 82.5583 77.194 74.1397 72.0762 71.6828 75.0819 71.2944 63.0933 56.7004
threshold=11.949999809265138 1.0000000180025095e-35 11.500000000000002 5320895.5000000009 12130922.500000002 1289243.5000000002 -0.044947260990738862 0.55564939975738536 -0.097454812377691255 22.500000000000004 21.708333015441898 -0.086166717112064348 0.014872808475047352 15.354166507720949 0.14007994532585147 0.58825558423995983 0.0082305916585028189 38060.000000000007 1.0000000180025095e-35 19.2613639831543 45977.000000000007 75.500000000000014 43.500000000000007 -0.01238109730184078 0.82013070583343517 199700.00000000003 3211691.0000000005 7714069.5000000009 7714069.5000000009 23.500000000000004
decision_type=2 2 2 2 2 2 2 10 2 2 2 2 2 2 2 8 2 8 10 2 10 2 2 2 10 8 10 10 8 2
left_child=1 24 15 5 7 21 9 8 28 12 -6 -10 -4 -9 23 -3 17 -7 19 -19 -21 29 -12 -8 -1 -13 -27 -28 -5 -2
right_child=3 2 6 4 10 16 14 13 11 -11 22 25 -14 -15 -16 -17 -18 18 -20 20 -22 -23 -24 -25 -26 26 27 -29 -30 -31
leaf_value=0.014948327066183102 -0.00016307996444992981 0.02679724503394847 0.014948327066183102 -0.097120690313884872 0.014948327066183102 0.014026078716882976 0.022579212913415969 0.014948327066183102 -0.014855383435930798 0.022579212913415969 0.012513768005769553 0.0077829381011251522 0.022579212913415969 0.009611285489766792 0.031734014405152701 0.046868366818363288 0.014948327066183102 0.012707732670444217 0.012798802391106579 0.008568024123659387 0.00090991695693026602 0.014948327066183102 0.0058727744566444929 0.026740200723278429 0.027666170907412569 0.0056758424223609834 -0.0029068158424224652 0.0056758424223609834 -0.032957896880458401 -0.025242522663254375
leaf_weight=63296.55193015933 354.82861262559891 757.13864505290985 6841.4621676951647 52.935502260923386 30004.2550278157 15796.842930279672 6623.9606410562992 5478.8856680244207 675.44175650179386 9904.507434874773 12376.956800594926 39665.520515076816 4160.660135820508 7083.4243790954351 7043.461362361908 3565.3545726984739 19783.982622221112 9791.843748293817 27673.169200904667 2366.7967376410961 6185.4730247184634 144.82132835686207 6777.5265786796808 16889.210528478026 4091.4479654878378 7139.2005281746387 5783.8469237089157 617.61845882236958 139.66268984973431 615.81073006242514
leaf_count=131431 1262 968 11261 215 59928 35462 8424 10177 1551 13030 34573 125843 5325 25263 6270 2979 34224 21738 69383 7252 22290 393 23949 21198 5772 24752 23219 1518 379 2714
internal_value=0.0142416 0.0179664 0.0248403 0.0119302 0.0100347 0.0145836 0.0232826 0.00750635 0.0062318 0.0188326 0.0134616 0.00643974 0.0149483 0.0129908 0.0263258 0.0433667 0.0149283 0.0131038 0.0115715 0.00884866 0.00442832 -0.0106177 0.0101648 0.0247032 0.0149483 0.00671063 0.00356875 -0.000546126 -0.0514099 -0.0160936
internal_weight=321683 123174 55785.8 198509 115795 82713.6 51463.3 66636.5 54074.2 20906.6 49158.7 53881.6 11002.1 12562.3 30556.6 4322.49 81598.1 61814.1 46017.3 18344.1 8552.27 1115.46 19154.5 23513.2 67388 53206.2 13540.7 6401.47 192.598 970.639
internal_count=732743 206658 69455 526085 331367 194718 65508 212917 177477 29616 118450 176883 16586 35440 35892 3947 190349 156125 120663 51280 29542 4369 58522 29622 137203 175332 49489 24737 594 3976
is_linear=0
shrinkage=0.05


Tree=39
num_leaves=31
num_cat=0
split_feature=5 8 8 8 11 7 11 8 6 3 5 8 8 11 11 6 6 3 11 7 11 1 11 3 0 11 7 3 10 7
split_gain=968.915 505.504 931.388 649.698 757.235 313.668 263.948 255.716 240.998 233.167 205.237 211.092 183.349 143.842 112.403 112.154 109.983 181.02 106.08 127.123 104.886 205.516 107.081 97.6965 93.3469 142.416 121.218 92.3788 92.1724 86.6566
threshold=0.018019480630755428 5320895.5000000009 12130922.500000002 10052930.500000002 1.0000000180025095e-35 8010.0000000000009 43.500000000000007 1289243.5000000002 0.013957562390714886 -0.0095954765565693361 0.15954545140266421 5320895.5000000009 13439690.500000002 45.500000000000007 57.500000000000007 0.10412324965000154 0.20257303118705752 -0.1489271596074104 21.500000000000004 98200.000000000015 21.500000000000004 0.009828069247305395 52.500000000000007 -0.089691106230020509 1.0000000180025095e-35 112.50000000000001 174400.00000000003 0.00021880293206777426 0.24999500066041949 38060.000000000007
decision_type=2 2 2 2 2 8 2 2 10 2 2 2 2 2 2 10 10 2 2 10 2 2 2 2 2 2 10 2 8 8
left_child=1 7 3 6 5 -5 8 14 9 23 11 -2 -13 -8 28 -15 17 -6 19 -4 -9 22 -22 -3 25 26 -20 -17 -1 -11
right_child=10 2 18 4 16 -7 13 20 -10 29 -12 12 -14 15 -16 27 -18 -19 24 -21 21 -23 -24 -25 -26 -27 -28 -29 -30 -31
leaf_value=-0.039376870184669087 0.023641658252666918 -0.10319358043792302 0.016741863865523333 0.016741863865523333 -0.057909944575883533 -0.010378903879005757 -0.00054180128269556299 0.016741863865523333 0.016741863865523333 0.013210787904839219 0.028150743907535792 0.016741863865523333 0.023641658252666918 0.0010563254780217887 0.016741863865523333 0.0086781852123663985 0.012324236354305695 0.0056233298264751676 0.012629661642461912 -0.010444702625263239 0.013609968241423071 0.016741863865523333 0.0080005297711103571 -0.018506506200736766 0.016741863865523333 -0.044006710427104752 -0.02237472626855546 0.016741863865523333 -0.00532575842738146 0.0084527200900826709
leaf_weight=253.88806436955929 11553.410569742322 35.207280054688454 26111.42451274395 1084.4167019426823 110.8176147043705 10908.351921856403 5560.9352064654231 36810.493603974581 17509.445454761386 3922.9018880575895 7833.2548417150974 14060.928797140718 7055.5601450353861 3386.8784229457378 298.04859548807144 7979.3791255876422 7777.5369854867458 18367.184445880353 32000.012920171022 470.11767171323299 42720.157302968204 21907.479941472411 10636.701129160821 426.43115980923176 12856.360229298472 110.54688294231892 247.50070534646511 2548.8327378630638 893.60901883244514 16158.4377502352
leaf_count=1123 14189 147 42539 2055 435 35592 22132 60654 41022 7125 7629 23088 8683 11414 963 24775 23526 65262 86779 1060 109192 36563 31865 1084 22142 500 1028 4710 2865 41938
internal_value=0.0136477 0.0126057 0.0108603 0.00763259 0.00258194 -0.00782672 0.0109903 0.0151821 0.0134134 0.00967971 0.020878 0.0191326 0.0167419 0.00625537 -0.00570644 0.00897144 0.00733654 0.00523608 0.0151657 0.0167419 0.0154516 0.0142985 0.0124921 -0.0253825 0.0136078 0.0121644 0.0123596 0.011517 -0.0129151 0.0104882
internal_weight=321596 281093 167573 95776.8 38248.3 11992.8 57528.4 113520 38052.4 20543 40503.2 32669.9 21116.5 19476 1445.55 13915.1 26255.5 18478 71796 26581.5 112075 75264.3 53356.9 461.638 45214.4 32358.1 32247.5 10528.2 1147.5 20081.3
internal_count=732079 678490 435265 281217 126870 37647 154347 243225 91316 50294 53589 45960 31771 63031 4951 40899 89223 65697 154048 43599 238274 177620 141057 1231 110449 88307 87807 29485 3988 49063
is_linear=0
shrinkage=0.05


Tree=40
num_leaves=31
num_cat=0
split_feature=9 5 9 8 8 7 8 7 4 8 4 11 13 4 1 7 8 11 10 1 7 7 11 10 7 11 11 7 11 10
split_gain=967.212 954.191 843.887 539.016 726.197 643.794 328.489 319.7 261.533 256.647 281.605 227.406 191.941 142.97 130.258 119.511 97.6524 89.7036 80.9739 80.4653 89.465 75.6174 74.5194 151.226 74.28 89.459 74.2449 60.9607 102.275 59.1475
threshold=7714069.5000000009 0.073606811463832869 3211691.0000000005 5320895.5000000009 12130922.500000002 199700.00000000003 1289243.5000000002 57987.701171875007 21.500000000000004 10052930.500000002 21.500000000000004 1.0000000180025095e-35 -0.049675324931740754 20.500000000000004 0.032362798228859908 7420.0000000000009 10052930.500000002 45.500000000000007 0.31482119858264929 0.016438479535281662 27670.000000000004 39610.000000000007 108.50000000000001 0.076942957937717452 21040.000000000004 1.5000000000000002 23.500000000000004 80100.000000000015 114.50000000000001 0.020153569057583812
decision_type=10 2 8 2 2 8 2 8 2 2 2 2 2 2 2 10 2 2 10 2 10 10 2 8 8 2 2 8 2 8
left_child=1 2 -1 6 5 9 29 19 24 10 21 -7 -13 16 22 -11 -3 -10 -2 20 -8 -5 -9 -24 -6 -26 -17 -25 -29 -4
right_child=18 13 3 4 8 11 7 14 17 15 -12 12 -14 -15 -16 26 -18 -19 -20 -21 -22 -23 23 27 25 -27 -28 28 -30 -31
leaf_value=0.017666633501166287 0.026492204872704563 0.028828549386022292 -0.059067387538243005 0.017666633501166287 0.017666633501166287 -0.0082984996516077478 0.016391918605662675 0.010046723714638583 0.0079386623427876706 0.017419331279701071 0.0070266106354968773 -0.015936108883345092 0.0033005508372977756 0.017666633501166287 0.014029746072132882 0.0033005508372977756 0.021726024775651654 0.013135693866255547 0.040770879584482972 0.017666633501166287 0.014029746072132882 0.012027715876972177 -0.074143999909446742 0.011915768670361971 0.013135693866255547 0.016129487087546197 0.0071053673504586417 -0.0023397646931244925 -0.036072692936974536 -0.0086205939581992554
leaf_weight=37214.303229779005 9086.7920790910721 9768.449197858572 58.948223318904638 10044.044779360294 5464.6424572020769 7984.1840233653784 12426.878259688616 40793.222350843251 20672.341059628874 1824.2958045750856 21879.472657300532 1317.4016687572002 11283.779246311635 3004.1733575463295 8926.8428764641285 16130.328345857561 5267.3990591168404 11177.285506330431 1122.431420981884 11819.105519875884 22929.76001188904 9393.3882644176483 73.725131168961525 226.08849701285362 10854.253593891859 14276.333267614245 14765.878665901721 135.24715304374695 107.55903869867325 1287.6621828339994
leaf_count=68979 15002 9537 304 16847 7557 25953 23489 100658 59288 3771 71479 3470 41584 4504 13485 49110 6117 27693 1493 17138 53025 17519 353 607 20297 21432 46243 407 490 4470
internal_value=0.0129269 0.0124298 0.0117426 0.0107063 0.00888602 0.00612393 0.0136002 0.0139392 0.0130711 0.00829858 0.0109183 -0.00169748 0.00248562 0.0235906 0.0111637 0.0049901 0.0257854 0.00989847 0.0280697 0.0168958 0.0151172 0.0152978 0.00980179 -0.00858108 0.0163729 0.0145923 0.00425513 0.00199861 -0.0165953 -0.0109132
internal_weight=321316 311107 293067 255853 157068 94622.8 98785 97438.4 62444.9 74037.4 41316.9 20585.4 12601.2 18040 50262.7 32720.5 15035.8 31849.6 10209.2 47175.7 35356.6 19437.4 41335.8 542.62 30595.2 25130.6 30896.2 468.895 242.806 1346.61
internal_count=732301 715806 695648 626669 412243 275976 214426 209652 136267 204969 105845 71007 45054 20158 116000 99124 15654 86981 16495 93652 76514 34366 102515 1857 49286 41729 95353 1504 897 4774
is_linear=0
shrinkage=0.05


Tree=41
num_leaves=31
num_cat=0
split_feature=3 4 11 14 9 6 10 7 13 3 7 11 14 13 8 8 14 4 6 4 11 9 9 8 8 3 8 14 8 1
split_gain=942.858 542.951 552.16 211.974 178.865 212.507 172.309 162.691 118.273 116.526 105.193 97.815 68.5868 61.5382 58.3818 84.7421 56.4628 54.969 63.6746 49.1657 48.4333 42.4222 65.4549 45.1441 101.67 40.3647 43.6891 36.4283 81.8095 42.2278
threshold=0.011662250384688379 21.500000000000004 1.0000000180025095e-35 -0.051857864484190934 1.0000000180025095e-35 0.0090917046181857603 0.32859666645526892 17650.000000000004 0.082257445901632323 0.59072089195251476 29679.900390625004 82.500000000000014 -0.11666097119450568 -0.049416434019803994 12130922.500000002 5320895.5000000009 -0.064708407968282686 15.500000000000002 0.32970714569091802 21.500000000000004 37.500000000000007 7714069.5000000009 3211691.0000000005 15089427.500000002 5320895.5000000009 -0.0031028754310682412 5320895.5000000009 -0.053241055458784096 5320895.5000000009 0.075614638626575484
decision_type=2 2 2 2 10 10 8 8 2 2 10 2 2 2 2 2 2 2 10 2 2 10 10 2 2 2 2 2 2 2
left_child=1 2 7 13 8 6 20 -1 10 14 -3 16 -12 -4 15 19 -8 18 -11 -2 -6 22 -18 24 -24 -13 -27 28 -14 -30
right_child=9 4 3 -5 5 -7 11 -9 -10 17 12 25 27 -15 -16 -17 21 -19 -20 -21 -22 -23 23 -25 -26 26 -28 -29 29 -31
leaf_value=0.016048585071437648 0.022929433738451348 0.0090137308624068466 0.011157845388493079 0.016048585071437648 -0.017471076157633311 0.011157845388493079 -0.016387829067339599 0.011157845388493079 0.011157845388493079 0.027434304260864573 -0.058884634559730392 -0.017471076157633311 0.00081514326332926274 0.013603215229965363 0.022929433738451348 0.016048585071437648 0.0091964727360705368 0.022929433738451348 0.043494086060540921 0.016048585071437648 -0.070176118575636853 0.0091964727360705368 0.0065459591462900604 0.0091964727360705368 -0.0022761052642094309 -0.0092885064580998846 0.0091964727360705368 0.0059004293387308884 -0.026574025498280487 0.00081514326332926274
leaf_weight=8605.9038296043873 4739.9632182717323 20785.328469865024 10814.026772975922 65404.028912112117 91.038348041474819 25016.021651819348 235.810781031847 58430.484701380134 6796.402756139636 4006.8599920421839 39.10699251294136 248.30783203244209 375.87156730890274 7506.9087312072515 4761.756728798151 8952.5591123998165 9722.3142006248236 1698.9554922580719 737.24878239631653 2723.5240258425474 80.783342890441418 2167.9974360316992 11628.701225571334 5276.5830212980509 4539.6663810685277 297.5418635904789 264.40897800773382 54619.557077713311 436.87674045562744 80.747802838683128
leaf_count=13633 5276 66322 19774 104730 363 55067 559 123765 12377 3901 127 792 662 10715 6034 14552 24609 2241 478 4301 442 5040 35825 16181 20654 1166 1085 180800 1307 143
internal_value=0.0120484 0.011217 0.0133095 0.0160486 0.00900619 0.0110976 0.0072351 0.0111578 0.00750737 0.0208802 0.00686962 0.00748575 0.00568897 0.0111578 0.0190846 0.0176357 0.0079002 0.0267743 0.0299473 0.0218784 -0.0424279 0.00807299 0.00701519 0.00538168 0.00406897 -0.0096635 -0.00110594 0.00573658 -0.00427014 -0.0201173
internal_weight=321085 293464 150761 83725 142703 59569.2 34553.2 67036.4 83133.9 27620.9 76337.5 34381.3 55552.2 18320.9 21177.8 16416 33571.1 6443.06 4744.11 7463.49 171.822 33335.3 31167.3 21445 16168.4 810.259 561.951 55513.1 893.496 517.625
internal_count=732921 696138 272617 135219 423521 161783 106716 137398 261738 36783 249361 105911 183039 30489 30163 24129 102868 6620 4379 9577 805 102309 97269 72660 56479 3043 2251 182912 2112 1450
is_linear=0
shrinkage=0.05


Tree=42
num_leaves=31
num_cat=0
split_feature=9 1 12 9 10 8 8 6 5 8 8 10 8 8 7 10 9 8 10 9 9 7 12 7 4 6 7 4 10 10
split_gain=1004.87 849.033 482.697 360.275 358.674 170.828 526.994 247.565 167.59 167.081 122.225 159.291 115.533 143.238 93.029 132.762 103.203 162.7 92.461 77.2751 62.0664 60.168 45.8491 43.4696 36.6552 36.1328 33.7323 33.3099 30.5666 30.3511
threshold=7714069.5000000009 0.0082305916585028189 10.775000095367433 3211691.0000000005 0.66670760512352001 12130922.500000002 10052930.500000002 0.065103333443403258 0.16100230067968371 5320895.5000000009 1289243.5000000002 0.24999500066041949 12130922.500000002 5320895.5000000009 199700.00000000003 0.13044887036085132 3211691.0000000005 5320895.5000000009 0.32859666645526892 3211691.0000000005 3211691.0000000005 57987.701171875007 5.9166667461395273 197600.00000000003 21.500000000000004 0.058075461536645896 79690.000000000015 21.500000000000004 0.51442441344261181 0.097182542085647597
decision_type=10 2 2 8 10 2 2 10 2 2 2 10 2 2 8 8 10 2 10 10 10 10 2 10 2 8 10 2 10 10
left_child=1 3 8 -1 5 6 10 20 12 -4 11 -5 13 -3 19 -16 -17 27 25 24 23 -7 -10 28 -12 -2 -9 -18 -8 -22
right_child=18 2 9 4 -6 21 7 26 22 -11 14 -13 -14 -15 15 16 17 -19 -20 -21 29 -23 -24 -25 -26 -27 -28 -29 -30 -31
leaf_value=0.012417181158761358 0.0035056103913475509 0.021458568902712562 0.015959648205689906 -0.036166333506817173 0.012417181158761358 0.010107564398866578 -0.0036230605201584519 0.007067615586745896 0.031699788376369435 0.012417181158761358 0.010107564398866578 0.0089682312311779849 0.022744219643009905 0.015959648205689906 -0.06858597512606196 0.0081904819624935687 0.0081904819624935687 -0.0015317303422253768 0.040818961494391848 0.010107564398866578 -0.031068901078496931 0.0054970244691565813 0.022762629028109958 -0.06132134504256706 0.0081904819624935687 0.025971685882423431 0.0014266821830345956 0.0048759700687076813 0.0014266821830345956 0.0014266821830345956
leaf_weight=28708.368679344654 183.2559085637331 12127.570059359074 22155.494102939963 347.88694593310356 21846.083911083639 34615.985919304192 13779.640790641308 11138.291878312826 2974.8315824568272 35887.329412467778 19240.952946767211 441.58748243004084 7753.3193706572056 13728.477079555392 56.758663505315781 1954.6259145736694 10921.177404820919 7503.5497735738754 1112.6089064329863 14371.122095994651 283.6259301751852 7510.3526053577662 2839.449254617095 29.812709093093872 29422.766679182649 9084.8838780224323 548.86931075155735 10106.378108412027 1546.6522318944335 28.010039940476418
leaf_count=56836 355 14620 37826 1821 47477 80629 49954 40742 2510 74310 35923 1408 9248 21235 343 4352 20257 26640 1435 30805 1107 19952 2956 186 95721 14765 2418 32547 4474 62
internal_value=0.0118716 0.011362 0.0152315 0.00960289 0.00867597 0.00779795 0.00683791 0.000727281 0.0195021 0.0124172 0.0086092 -0.0109617 0.0181439 0.0165218 0.00877454 0.00650888 0.00665318 0.00478868 0.0271747 0.00987209 -0.00338073 0.0101076 0.0273446 -0.00293061 0.00819048 0.0255283 0.0062341 0.007044 -0.00280904 -0.0254008
internal_weight=322250 311869 97466.5 214403 185694 163848 121722 27354.9 39423.6 58042.8 94366.8 789.474 33609.4 25856 93577.3 30542.5 30485.7 28531.1 10380.7 63034.8 15667.7 42126.3 5814.28 15356.1 48663.7 9268.14 11687.2 21027.6 15326.3 311.636
internal_count=732914 716359 162705 553654 496818 449341 348760 98943 50569 112136 249817 3229 45103 35855 246588 84139 83796 79444 16555 162449 55783 100581 5466 54614 131644 15120 43160 52804 54428 1169
is_linear=0
shrinkage=0.05


Tree=43
num_leaves=31
num_cat=0
split_feature=4 11 11 7 14 8 6 9 14 8 9 3 8 11 8 6 8 6 9 13 3 6 10 10 1 8 9 3 3 10
split_gain=728.023 753.004 509.631 492.707 324.099 185.047 175.77 173.16 161.741 140.512 138.911 137.657 132.994 119.625 109.601 99.4413 87.0418 76.0674 124.909 77.6731 75.3815 73.2574 236.055 57.1324 59.2086 55.7433 55.4621 53.4853 48.6508 47.8873
threshold=21.500000000000004 12.500000000000002 21.500000000000004 8010.0000000000009 -0.051857864484190934 5320895.5000000009 0.090949106961488738 3211691.0000000005 -0.11716270074248313 12130922.500000002 7714069.5000000009 0.0079377144575119036 1289243.5000000002 56.500000000000007 5320895.5000000009 0.0058937692083418378 15089427.500000002 0.013957562390714886 1.0000000180025095e-35 0.16662679612636569 -0.13198757916688916 0.0090917046181857603 0.2942016869783402 0.42319878935813909 0.032362798228859908 10052930.500000002 3211691.0000000005 0.09124209359288217 -0.079278927296400056 0.65017482638359081
decision_type=2 2 2 8 2 2 10 8 2 2 10 2 2 2 2 8 2 10 10 2 2 10 8 10 2 2 10 2 2 8
left_child=1 3 20 6 11 12 -1 -6 -7 17 -5 -4 -2 14 23 -11 -16 29 19 -19 -3 22 -14 24 -9 -22 -24 -18 -20 -10
right_child=5 2 4 10 7 8 -8 13 9 15 -12 -13 21 -15 16 -17 27 18 28 -21 25 -23 26 -25 -26 -27 -28 -29 -30 -31
leaf_value=0.02057578508623413 -0.0086985284200214227 0.020348749841505614 0.010958806053768861 0.010958806053768861 0.027133627647910826 -0.04107676234178427 0.040938922634054062 0.015200881088056778 -0.015591386224224225 -0.016950276323031612 0.018833649171563792 0.015200881088056778 -0.03910397162728086 0.025612741897678065 0.015200881088056778 0.0096634360914101113 0.018960566866980666 0.0042845658824200309 0.0039485677252432943 0.010958806053768861 0.044809941959864298 0.010958806053768861 0.0094524176352930103 0.025676366036420956 0.02199056940747789 0.030051064492962173 0.0060666929065074605 0.030745577129945679 0.010958806053768861 0.0022058082427068768
leaf_weight=3534.2661381065845 878.20429915934801 619.32568293809891 15810.766938567162 88111.0217448771 5526.2585243880749 172.0534393787384 1518.2258335649967 4302.9591271877289 391.67031147330999 207.41855501011014 4869.4365952908993 7395.2877837866545 261.18501198291779 4226.0959583222866 14336.434536740184 37744.618757557124 6040.931171759963 29930.911363691092 442.46464364230633 2583.3814295828342 1842.6229139268398 43262.757570467889 6502.966592669487 3687.0991391390562 5025.0932540744543 924.16398426890373 13483.340355962515 1152.0766209363937 6810.0489648804069 9484.0425934717059
leaf_count=5362 3791 724 27062 176715 6545 481 1491 6884 1914 1014 7361 9890 1303 4972 24282 98356 8334 109931 1047 4480 1915 103675 15353 4409 5828 1246 39841 1032 17078 39564
internal_value=0.0110834 0.0133431 0.0172916 0.0109588 0.0163412 0.00857452 0.0267085 0.0188491 0.00708068 0.00717621 0.0109588 0.0115527 0.0106105 0.0176669 0.0166934 0.00946664 0.0152009 0.00542485 0.00640018 0.00504043 0.0362183 0.0108777 0.00794603 0.0203967 0.0183048 0.0397534 0.00856474 0.0208561 0.0109588 0.00149696
internal_weight=321077 168922 70889.1 98033 67503 152155 5052.49 44296.9 87766.6 87594.6 92980.5 23206.1 64388.5 38770.7 34544.6 37952 21529.4 49642.5 39766.8 32514.3 3386.11 63510.2 20247.5 13015.2 9328.05 2766.79 19986.3 7193.01 7252.51 9875.71
internal_count=731880 294052 103123 190929 99238 437828 6853 62286 273865 273384 184076 36952 163963 55741 50769 99370 33648 174014 132536 114411 3885 160172 56497 17121 12712 3161 55194 9366 18125 41478
is_linear=0
shrinkage=0.05


Tree=44
num_leaves=31
num_cat=0
split_feature=5 8 8 6 4 8 8 4 3 9 1 7 3 13 4 8 5 3 9 10 7 6 3 6 3 9 9 10 9 13
split_gain=772.876 628.386 855.484 507.977 314.034 302.411 295.321 283.286 204.115 151.011 150.142 137.933 131.912 121.153 115.326 98.1193 96.8814 85.6071 85.6007 80.0342 76.3015 59.6021 53.3308 52.4977 46.9381 45.3476 56.6206 61.0604 45.1294 49.1749
threshold=0.073606811463832869 5320895.5000000009 12130922.500000002 0.013957562390714886 21.500000000000004 1289243.5000000002 10052930.500000002 21.500000000000004 -0.49061264097690577 1.0000000180025095e-35 0.0089687905274331587 58060.000000000007 0.00021880293206777426 -0.049675324931740754 21.500000000000004 10052930.500000002 0.0065800866577774295 -1.0000000180025095e-35 7714069.5000000009 0.69240385293960582 8010.0000000000009 0.0058937692083418378 -0.035754101350903504 0.32042481005191809 0.024283687584102157 3211691.0000000005 7714069.5000000009 0.70010000467300426 7714069.5000000009 0.085602473467588439
decision_type=2 2 2 10 2 2 2 2 2 10 2 8 2 2 2 2 2 2 8 10 8 8 2 10 2 10 10 10 10 2
left_child=1 5 3 6 -4 16 13 -7 -8 12 11 -9 19 18 15 -2 22 -13 24 -5 -10 -6 -1 -17 -3 -11 27 -27 29 -23
right_child=14 2 4 9 21 7 8 10 20 25 -12 17 -14 -15 -16 23 -18 -19 -20 -21 -22 28 -24 -25 -26 26 -28 -29 -30 -31
leaf_value=-0.096415272690769382 0.025630751782590257 -0.024064607975137278 0.015205257240613616 0.0046755591008689852 -0.01889013981691455 0.015226607059263934 -0.09640639946866715 0.01103075097969957 0.0043780260724185626 0.015226607059263934 0.012933129896175356 -0.071135135544372716 0.012234058303478563 0.0043780260724185626 0.015226607059263934 0.018876989140009993 0.015226607059263934 0.0067374882374147127 -0.0031268428303576402 0.008924596465564134 -0.0049478763963864266 0.0078280615633992811 -0.013302877422074859 0.033481170191089094 -0.0031268428303576402 0.0076103744306073896 0.015226607059263934 0.015226607059263934 0.011997903152755372 0.011997903152755372
leaf_weight=17.654216051101685 9778.9452778548002 926.84814228117466 39026.381641343236 37247.594683736563 191.66686613112688 57113.760025918484 57.965228170156479 21803.473271667957 1051.0211631059647 2362.6466453075409 14112.981495991349 33.353106155991554 9120.5269134640694 23718.179468512535 2985.7831268459558 4507.5195867866278 234.18298053741455 26980.227682761848 243.72582417726517 5870.2057788297534 15574.370023332536 33649.713171437383 1302.7899992354214 730.37630920112133 173.43744865059853 8008.742673560977 408.22232437133789 957.71374782919884 1020.5665840953588 2489.9709417074919
leaf_count=76 9891 2546 61629 120003 972 89302 242 54832 2055 4396 25799 156 16504 62955 4499 5652 374 78269 362 15569 52705 91443 4829 618 311 18490 598 1877 2018 4080
internal_value=0.0104921 0.0098953 0.00803658 0.00512353 0.0120685 0.0126786 0.000832907 0.0129624 -0.00432121 0.00792315 0.0106397 0.00912837 0.00677119 0.00426396 0.0205579 0.0225274 -0.00922293 0.00663608 -0.0106317 0.00561513 -0.00398859 0.00879055 -0.0145582 0.018877 -0.0193422 0.013048 0.0109743 0.00933254 0.00893433 0.00842297
internal_weight=321701 303698 182099 105721 76378.3 121598 41745.5 120044 16683.4 63975.7 62930 48817.1 52238.3 25062.2 18002.6 15016.8 1554.63 27013.6 1344.01 43117.8 16625.4 37351.9 1320.44 5237.9 1100.29 11737.3 9374.68 8966.46 37160.3 36139.7
internal_count=733052 712392 458755 298613 160142 253637 121176 248358 55002 177437 159056 133257 152076 66174 20660 16161 5279 78425 3219 135572 54760 98513 4905 6270 2857 25361 20965 20367 97541 95523
is_linear=0
shrinkage=0.05


Tree=45
num_leaves=31
num_cat=0
split_feature=9 9 14 8 8 7 7 12 10 12 11 6 7 1 11 8 12 12 12 14 6 11 10 11 6 7 7 11 10 6
split_gain=659.701 687.911 558.979 432.586 457.746 381.604 341.089 260.017 250.15 163.392 163.066 158.788 158.703 149.696 148.873 129.12 211.223 124.643 123.894 113.485 99.496 90.0443 97.6751 130.858 68.2464 82.7258 67.302 63.9137 60.8083 62.4093
threshold=7714069.5000000009 3211691.0000000005 0.076757155358791365 5320895.5000000009 13439690.500000002 150200.00000000003 inf 21.708333015441898 0.82013070583343517 5.9166667461395273 12.500000000000002 0.15217082947492602 38060.000000000007 0.014319890644401314 42.500000000000007 10052930.500000002 12.22499990463257 9.3452377319335955 17.354166984558109 -0.053241055458784096 0.20992828905582431 65.500000000000014 1.0000000180025095e-35 75.500000000000014 0.0058937692083418378 50000.500000000007 49000.099609375007 113.50000000000001 0.81675708293914806 0.013957562390714886
decision_type=10 8 2 2 2 8 8 2 10 2 2 10 8 2 2 2 2 2 2 2 10 2 10 2 8 8 10 2 10 8
left_child=1 5 3 12 6 17 8 26 15 -4 -8 -11 -3 14 -7 16 -5 -1 -14 -12 -17 24 27 -24 25 -20 -6 -23 29 -2
right_child=28 2 9 4 7 13 10 -9 -10 11 19 -13 18 -15 -16 20 -18 -19 21 -21 -22 22 23 -25 -26 -27 -28 -29 -30 -31
leaf_value=0.033863707943669441 -0.0079685329789169947 0.012344118880738712 0.026173467389535372 0.0087096118931935477 0.012344118880738712 0.012404065542315193 -0.0057229045453015513 0.0045293446814173603 0.012344118880738712 0.012344118880738712 -0.012838932126881817 0.02014982089664203 0.010838727982556549 0.018515530507180061 -0.00054656201246457712 0.0023507293351136232 0.003140914881169723 0.021051294686552785 -0.0069159503367984794 0.0023507293351136232 0.0081596967252241075 -0.0093219482661141984 -0.0035722574729422254 0.0086602179590708709 0.008296805589858576 -0.062221349754940959 0.0085775953636692982 -0.066822525905768468 0.052837392355755998 0.022729908006105408
leaf_weight=2489.3160931766033 167.48057290911674 28221.268053546548 3639.0310827493668 16709.448619991541 31204.420465014875 19320.340336382389 10439.322118803859 15915.239837314934 5463.494896069169 10507.048802360892 1263.5010189861059 8041.686695098877 43763.343461595476 6875.1527142375708 2506.8273690640926 23897.388448603451 20189.878548260778 8097.4828082472086 104.48511280119419 8961.8597941249609 7495.00594137609 1193.4570979624987 1483.4635166637599 2218.2817322835326 19344.380739711225 79.73673127964139 12241.212330453098 48.45226838439703 163.91382521390915 9825.9868198186159
leaf_count=2671 348 54230 3554 29926 55790 37630 31620 49506 11091 15807 2865 10798 80075 9673 7317 74099 67307 13979 418 35969 21773 4781 5729 6508 57782 503 24837 263 131 16098
internal_value=0.0101792 0.00977046 0.00887833 0.00820379 0.00655719 0.0159556 0.00439407 0.0099976 0.00598475 0.0164844 -0.00128329 0.014581 0.0108288 0.0129613 0.0109168 0.0050751 0.00708039 0.0240698 0.00933334 0.00235073 0.00271774 0.00648171 0.000453464 0.00452461 0.00800755 -0.0221287 0.0120005 -0.0116691 0.0227184 0.0222139
internal_weight=321872 311715 272425 250238 153781 39289.1 94419.9 59360.9 73755.2 22187.8 20664.7 18548.7 96456.9 28702.3 21827.2 68291.7 36899.3 10586.8 68235.6 10225.4 31392.4 24472.3 4943.65 3701.75 19528.6 184.222 43445.6 1241.91 10157.4 9993.47
internal_count=733078 716501 645231 615072 404783 71270 274650 130133 204196 30159 70454 26605 210289 54620 44947 193105 97233 16650 156059 38834 95872 75984 17281 12237 58703 921 80627 5044 16577 16446
is_linear=0
shrinkage=0.05


Tree=46
num_leaves=31
num_cat=0
split_feature=9 13 9 10 6 8 8 8 8 12 6 11 13 10 10 6 11 12 11 11 11 8 9 6 11 11 12 10 11 11
split_gain=621.264 635.036 489.707 296.809 318.292 220.579 419.584 209.746 191.598 177.956 101.062 99.7684 138.446 105.837 97.8772 136.568 95.5009 94.5629 90.9963 82.1651 81.2947 80.4422 78.5375 58.5806 56.4392 48.9428 48.1371 70.4457 82.1416 42.5371
threshold=7714069.5000000009 0.17516008019447329 3211691.0000000005 0.69240385293960582 0.013957562390714886 12130922.500000002 5320895.5000000009 5320895.5000000009 13439690.500000002 14.408333301544191 0.077505085617303862 2.5000000000000004 -0.049416434019803994 0.44452822208404547 0.21524236351251605 0.032394221052527435 33.500000000000007 9.7750000953674334 87.500000000000014 45.500000000000007 32.500000000000007 10052930.500000002 3211691.0000000005 0.21170419454574588 66.500000000000014 32.500000000000007 17.408332824707035 0.30567033588886267 36.500000000000007 34.500000000000007
decision_type=10 2 8 10 10 2 2 2 2 2 10 2 2 10 8 10 2 2 2 2 2 2 10 8 2 2 2 8 2 2
left_child=1 2 -1 4 5 6 18 -3 -9 -6 14 13 25 21 15 -2 -11 -10 26 -14 -5 -8 -20 -19 -21 -13 -4 28 -28 -12
right_child=10 7 3 20 9 -7 11 8 17 16 29 12 19 -15 -16 -17 -18 23 22 24 -22 -23 -24 -25 -26 -27 27 -29 -30 -31
leaf_value=0.012247346652986064 -0.1003134673014125 0.021446264088446996 0.0066814682440977189 0.012247346652986064 0.009641213897813531 0.0066814682440977189 -0.001129682905438172 0.012247346652986064 0.026658841571577579 0.008304254154832675 0.042721006287997645 -0.007022415347120026 0.0061918042339184605 0.0045504744651615617 0.020542082817713574 0.0007602035373230426 0.0066814682440977189 0.012247346652986064 -0.075823968621344107 -0.004087221454073712 0.009641213897813531 -0.0086390820416120985 -0.0087048817333343527 0.020813401661029934 0.0066814682440977189 -0.02821076463189073 -0.011145835531710981 0.0037454675912061775 -0.062491534262133087 0.027242162439102203
leaf_weight=35511.7418192029 37.53830198943615 11310.527569815516 26059.716205351055 16813.700285069644 48647.534826949239 23620.301068380475 6106.2042688578367 12598.872373759747 3355.963056281209 22249.01542583853 752.34669518470764 1103.4087442308664 8769.1036183536053 3174.2160538733006 8695.2308889329433 120.16827104985714 59072.029320009053 1606.8996337801218 47.721984289586544 1335.2510061338544 8327.6908094361424 8573.847367092967 359.5027134642005 1984.7400450706482 650.08492790907621 360.91000030934811 107.78237303346395 9457.5186438038945 93.047029860317707 573.87038193643093
leaf_count=66924 156 13427 48579 30772 83364 51011 14537 19441 3280 65617 866 2634 33643 7554 14414 224 178059 2546 251 5261 21253 28730 1273 2549 2230 1086 423 31043 612 921
internal_value=0.00961546 0.00921788 0.00846866 0.00762693 0.00703508 0.00474605 0.003019 0.016026 0.0128877 0.00861689 0.0217702 -0.00134385 0.00213719 -0.00372611 0.0198332 -0.0190217 0.00696729 0.0206212 0.00665079 0.00410161 0.0122473 -0.00551611 -0.0169026 0.014968 -0.00408722 -0.0122761 0.00668147 0.00312093 -0.0260371 0.0346512
internal_weight=321476 311297 280440 244929 219787 89818.6 66198.3 30857 19546.5 129969 10179.2 30073 12218.8 17854.3 8852.94 157.707 81321 6947.6 36125.3 10754.4 25141.4 14680.1 407.225 3591.64 1985.34 1464.32 35718.1 9658.35 200.829 1326.22
internal_count=732680 716099 674856 607932 555907 228867 177856 41243 27816 327040 16581 95675 44854 50821 14794 380 243676 8375 82181 41134 52025 43267 1524 5095 7491 3720 80657 32078 1035 1787
is_linear=0
shrinkage=0.05


Tree=47
num_leaves=31
num_cat=0
split_feature=9 13 9 8 8 8 6 4 3 8 6 17 11 9 4 8 10 5 11 4 13 10 3 9 6 3 4 11 5 11
split_gain=570.814 608.281 465.15 330.599 468.286 311.159 248.706 187.993 210.924 155.242 168.4 153.958 137.888 124.51 115.978 112.907 119.91 105.511 95.1385 92.2992 84.9673 79.7819 71.8754 71.4831 70.2752 68.9001 67.4065 91.6735 64.5276 62.9465
threshold=7714069.5000000009 0.16314934939146045 3211691.0000000005 5320895.5000000009 12130922.500000002 10052930.500000002 1.0000000180025095e-35 21.500000000000004 -0.084627330303192125 5320895.5000000009 0.23690199851989749 1.0000000180025095e-35 2.5000000000000004 3211691.0000000005 21.500000000000004 1289243.5000000002 0.24999500066041949 0.087228260934352889 33.500000000000007 20.500000000000004 1.0000000180025095e-35 0.33337777853012091 -0.56673488020896901 3211691.0000000005 0.30809284746646887 -0.38592566549777979 21.500000000000004 1.0000000180025095e-35 0.029268989339470867 89.500000000000014
decision_type=10 2 8 2 2 2 10 2 2 2 10 2 2 10 2 2 10 2 2 2 2 10 2 10 8 2 2 2 2 2
left_child=1 2 -1 11 5 7 22 12 24 -3 -11 13 -5 -4 -6 16 20 -12 -17 -20 -13 -2 -7 29 -9 28 27 -15 -16 -21
right_child=21 9 3 4 14 6 -8 8 -10 10 17 15 -14 26 25 18 -18 -19 19 23 -22 -23 -24 -25 -26 -27 -28 -29 -30 -31
leaf_value=0.012072146397678953 0.019743729892648915 0.020326224266779571 0.012072146397678953 0.0065737654929812223 0.011895595995445079 -0.066420833559120568 0.0038403879976295374 -0.030174958069939223 0.004433477161544859 0.012072146397678953 0.016975955245484276 -0.046459150722125614 0.012072146397678953 0.0053941826303645357 -0.088543965581189057 0.012072146397678953 0.0061160643211092495 0.030296846484761289 0.012072146397678953 0.0053044209435958592 -0.011799486309260313 0.034413456984745378 -0.0039888709823837588 0.010026659120159532 -0.0071601812055803269 0.00765037745833929 0.0028323476299381227 0.012072146397678953 -0.0091276075478163264 0.010026659120159532
leaf_weight=35683.689080566168 9062.3374234214425 11613.797702237964 1573.0664078891277 9022.1735997349024 28368.576648637652 44.240705594420433 23961.751031376421 589.15772214531898 24486.699622493237 15757.358577355742 2481.2413400709629 264.06387705355883 15407.965592771769 7474.3020998686552 30.266199827194214 31659.754934236407 779.04881773144007 2110.273005887866 5219.0120256543159 20620.557923160493 67.066646784543991 1035.6041745990515 16245.232926085591 7069.6839227303863 430.57359151542187 31256.875140614808 11939.34023668617 6415.932112544775 126.2476129680872 1800.2673114538193
leaf_count=66953 15118 13954 2979 19634 46743 158 76157 1720 86956 23193 3688 1374 27181 14696 125 58620 2264 1960 7174 55194 103 1331 53945 14840 1051 84736 36801 10071 267 4135
internal_value=0.00955497 0.00917678 0.00843206 0.00760765 0.00614612 0.00387123 0.000599968 0.00650789 0.00350506 0.0157122 0.0130771 0.00991755 0.00964247 0.00675607 0.00957781 0.0112011 -0.00460541 0.0218798 0.0114657 0.00932192 -0.029715 0.0212547 -0.00416656 0.00798117 -0.0187538 0.00748406 0.00558808 0.00795602 -0.0254083 0.00635487
internal_weight=322596 312498 280536 244852 149970 90187.8 40251.2 49936.6 25506.4 31962.7 20348.9 94882.1 24430.1 27402.6 59782 67479.5 1110.18 4591.51 66369.3 34709.5 331.131 10097.9 16289.5 29490.5 1019.73 31413.4 25829.6 13890.2 156.514 22420.8
internal_count=733121 716672 673877 606924 398673 266802 130260 136542 89727 42795 28841 208251 46815 64547 131871 143704 3741 5648 139963 81343 1477 16449 54103 74169 2771 85128 61568 24767 392 59329
is_linear=0
shrinkage=0.05


Tree=48
num_leaves=31
num_cat=0
split_feature=5 8 8 11 7 12 12 12 6 8 7 8 8 13 10 6 12 11 7 13 8 13 12 14 12 11 7 7 12 7
split_gain=661.903 418.983 426.626 385.906 400.696 290.889 264.516 224.545 176.839 164.399 139.409 132.179 127.928 113.297 225.855 108.188 99.501 93.2958 82.1138 78.3005 76.3013 68.5089 67.4108 62.0122 61.1382 76.8162 62.549 59.5497 53.2167 52.4297
threshold=0.073606811463832869 5320895.5000000009 13439690.500000002 1.0000000180025095e-35 32820.000000000007 9.6833333969116229 11.949999809265138 11.949999809265138 0.0090917046181857603 10052930.500000002 198800.00000000003 10052930.500000002 10052930.500000002 -0.069642856717109666 0.37263815104961401 0.0058937692083418378 18.774999618530277 43.500000000000007 39610.000000000007 0.38960760831832891 12130922.500000002 -0.10132575780153273 8.354166507720949 -0.053670633584260934 21.708333015441898 86.500000000000014 36009.800781250007 52059.400390625007 12.535714149475099 8010.0000000000009
decision_type=2 2 2 2 8 2 2 2 8 2 8 2 2 2 8 8 2 2 8 2 2 2 2 2 2 2 10 10 2 10
left_child=1 6 3 4 9 23 -1 -4 -8 -3 -10 -6 19 14 21 27 18 -18 -15 22 -14 -7 -2 -5 26 -26 -17 -9 -23 -11
right_child=12 2 7 5 11 13 8 15 10 29 -12 -13 20 16 -16 24 17 -19 -20 -21 -22 28 -24 -25 25 -27 -28 -29 -30 -31
leaf_value=0.013414212833359097 0.022066481107110764 0.013414212833359097 0.013414212833359097 0.0094203444679905671 -0.00066457999824839865 -0.080006358864587429 -0.013810237755600824 -0.0076731689400001794 0.010763917497334657 0.012230564960449284 0.0063584932444496886 -0.0095457033580528608 0.013414212833359097 0.0094203444679905671 -0.0028467173894057615 0.010614210935490732 0.0050241540643621609 -0.00047588518775748746 0.0054334180245166636 0.026202970614581947 0.020556626142915577 -0.026043890348733674 0.013414212833359097 0.013414212833359097 0.006363668265003457 -0.0076731689400001794 0.0076387876396905854 -0.056640689191610451 -0.054947245559530559 0.0018141941665016795
leaf_weight=39429.715001344681 3191.0939550101757 3369.1283264011145 26403.545996084809 3782.1923290342093 8702.048844024539 110.98760779201984 833.1864032112062 186.65588181465864 54770.289597600698 1212.4268436282873 26735.554723739624 8077.8042473644018 2139.2711823731661 16911.84326697886 696.95771950483322 15358.460116513073 13496.610685490072 10819.992126788944 30542.896323099732 4987.0539781451225 3871.1915749758482 112.33904160559177 3583.5603404194117 6943.9218874722719 18713.01904694736 501.2004076987505 13157.832197897136 88.512523483484983 70.365759164094925 3572.9119101315737
leaf_count=61172 3263 5710 41379 6044 19963 391 2965 675 122538 2247 67134 27499 3488 38046 1321 29357 53689 49637 77663 4867 4276 213 4882 10211 54493 1959 27908 506 257 9347
internal_value=0.00899818 0.00845082 0.00693729 0.00493626 -0.00052211 0.00656641 0.0107232 0.00985281 0.00908467 0.00856896 0.00931904 -0.00494057 0.0183776 0.00542648 -0.0113518 0.00781421 0.00565837 0.00305727 0.00699104 0.0214417 0.0134142 -0.0492411 0.01793 0.0134142 0.00799479 0.00581364 0.00946394 -0.0233411 -0.0298881 0.0021926
internal_weight=322373 304600 182832 108422 24934.3 83488.1 121769 74409.2 82339 8154.47 81505.8 16779.9 17772.2 72762 990.65 48005.7 71771.3 24316.6 47454.7 11761.7 6010.46 293.692 6774.65 10726.1 47730.5 19214.2 28516.3 275.168 182.705 4785.34
internal_count=733100 712324 458515 302238 64766 237472 253809 156277 192637 17304 189672 47462 20776 221217 2182 114898 219035 103326 115709 13012 7764 861 8145 16255 113717 56452 57265 1181 470 11594
is_linear=0
shrinkage=0.05


Tree=49
num_leaves=31
num_cat=0
split_feature=3 9 7 10 12 11 12 7 9 9 10 6 11 11 7 6 14 12 11 4 10 7 12 11 4 14 6 12 6 11
split_gain=517.843 389.636 561.775 295.58 208.555 191.464 267.293 181.539 157.745 257.716 121.142 103.574 92.2942 88.7557 225.877 105.009 68.1678 78.1895 145.315 79.8521 59.8276 59.1416 52.8777 48.3662 72.0254 45.7608 41.8397 41.3984 40.7246 60.9243
threshold=0.011662250384688379 1.0000000180025095e-35 198800.00000000003 0.7334517538547517 7.5357143878936776 1.0000000180025095e-35 17.774999618530277 32820.000000000007 3211691.0000000005 7714069.5000000009 0.29989059269428259 0.1956100016832352 100.50000000000001 62.500000000000007 114030.00000000001 0.079201109707355513 -0.045547308400273316 21.585714340209964 1.0000000180025095e-35 21.500000000000004 0.34791304171085363 197024.50000000003 21.354166984558109 22.500000000000004 9.5000000000000018 -0.010719696991145609 0.0058937692083418378 20.612500190734867 0.29996180534362799 77.500000000000014
decision_type=2 10 8 10 2 2 2 8 10 10 8 10 2 2 10 8 2 2 2 2 10 10 2 2 2 2 8 2 8 2
left_child=1 3 -3 5 11 7 23 20 12 10 -10 -2 27 26 15 -15 -12 18 -18 -20 -1 -9 -16 24 -7 -5 -8 -4 29 -17
right_child=4 2 8 25 -6 6 13 21 9 -11 16 -13 -14 14 22 28 17 -19 19 -21 -22 -23 -24 -25 -26 -27 -28 -29 -30 -31
leaf_value=0.0029749801920087682 0.017369093403389501 0.011675628759257329 0.0094296329011447112 0.0086614783856002395 0.011675628759257329 0.0086614783856002395 -0.01064665484270462 -0.0010669149943462063 -0.080881589145280305 0.0094296329011447112 -0.0020448062369431098 0.027845654054504943 -0.077115428555662655 -0.015911969171525132 -0.019883513923939899 0.0030398781654609984 0.0038322061360934094 0.0016391223051549749 0.0094296329011447112 0.0042082789490395355 0.0086614783856002395 -0.072028377172535796 -0.053279954238051944 0.0086614783856002395 0.0060915976734466203 0.011675628759257329 0.0049758498691195967 0.0048202640287247703 0.0060915976734466203 -0.0060492266279918785
leaf_weight=3975.547610476613 9839.3382650762796 45303.152345895767 20122.040357127786 2017.3994996845722 13599.822663933039 3271.5554436147213 431.74794996157289 17476.67181108892 39.876467552036047 7528.7314200401306 4034.9812368154526 3113.4566003680229 32.900327175855637 414.03859220445156 306.24428074806929 3697.9536875858903 16123.168394610286 14477.797271192074 10614.74759966135 7348.3617876172066 6494.891264885664 27.412109851837158 195.78293130546808 48631.188552841544 17616.181896865368 15914.214583478868 37315.126201055944 6632.2124600857496 3270.0402594357729 2546.037666618824
leaf_count=8584 12150 84103 34212 4160 21579 4231 2188 45822 196 13045 7942 3078 163 2178 1215 13995 33108 53100 16943 20516 12311 125 1299 102716 35097 32059 128123 17688 11523 9547
internal_value=0.00863137 0.00803096 0.0100491 0.00639936 0.0153203 0.00564733 0.00653107 0.00192901 0.00718364 0.00570842 0.00413146 0.0198912 0.00942963 0.00366855 -0.000414074 0.00124341 0.00419899 0.00471782 0.00602529 0.00924973 0.00713622 -0.00118626 -0.0330674 0.00851465 0.00623925 0.0116756 0.00479661 0.00942963 0.00238429 -1.18413e-05
internal_weight=322413 295860 132258 163602 26552.6 145670 117696 27974.5 86954.8 60167.7 52638.9 12952.8 26787.2 48177 10430.1 9928.07 52599.1 48564.1 34086.3 17963.1 10470.4 17504.1 502.027 69518.9 20887.7 17931.6 37746.9 26754.3 9514.03 6243.99
internal_count=732996 696189 281016 415173 36807 378954 312112 66842 196913 144850 131805 15228 52063 170068 39757 37243 131609 123667 70567 37459 20895 45947 2514 142044 39328 36219 130311 51900 35065 23542
is_linear=0
shrinkage=0.05


Tree=50
num_leaves=31
num_cat=0
split_feature=12 11 11 6 9 9 11 11 11 11 7 12 5 11 6 6 6 9 10 11 11 11 6 11 11 5 3 6 5 7
split_gain=575.671 1077.24 652.424 173.612 161.477 156.128 141.296 277.649 146.679 121.328 157.072 139.542 120.122 103.898 96.9926 89.6379 87.1415 85.6648 71.8166 71.5116 62.5739 62.4802 58.8998 57.7159 50.3216 43.9716 59.6767 43.9273 43.3825 39.2561
threshold=11.949999809265138 1.0000000180025095e-35 11.500000000000002 0.0090917046181857603 3211691.0000000005 3211691.0000000005 22.500000000000004 33.500000000000007 21.500000000000004 43.500000000000007 36820.000000000007 19.612500190734867 0.15954545140266421 12.500000000000002 0.18901041895151141 0.12838535755872729 0.21555858105421069 1.0000000180025095e-35 0.49488030374050146 45.500000000000007 57.500000000000007 67.500000000000014 0.15575250238180163 65.500000000000014 21.500000000000004 0.089871797710657134 -0.20732166618108747 0.5436544418334962 0.12158167362213136 40005.000000000007
decision_type=2 2 2 8 8 8 2 2 2 2 8 2 2 2 8 10 10 10 10 2 2 2 10 2 2 2 2 8 2 10
left_child=1 -1 14 17 -5 16 8 27 29 10 -6 15 19 -12 -3 -11 28 21 24 -9 -17 -2 -21 -13 -19 -10 -27 -8 -4 -7
right_child=3 2 5 4 9 6 7 12 25 11 13 23 -14 -15 -16 20 -18 18 -20 22 -22 -23 -24 -25 -26 26 -28 -29 -30 -31
leaf_value=0.0085135825859030574 -0.0014339201371489218 0.021441871546383287 0.017974535004516481 0.0085135825859030574 0.0085135825859030574 0.020797076769149537 0.025637110457680329 0.0098877915799569453 0.0085135825859030574 0.0037561365614600796 0.0015066536990195143 0.0032125560654626319 0.024333528520339254 0.0064834614623402731 0.03984757010906198 0.0056279549638358758 0.038596904128609943 -0.079376406496411506 -0.0014339201371489218 0.010719006781996249 0.0085135825859030574 -0.066259510772896116 0.01857595148355376 -0.0014339201371489218 -0.029586240569937944 0.011471427416224098 0.020783977712615032 0.038167195867829677 0.029368790279847897 0.0097431631706776135
leaf_weight=66934.576287940145 1204.4801051951945 937.80013301968575 4168.4696954339743 22332.040225118399 31821.31518086791 3351.4285811930895 2083.1061731874943 10271.996080607176 8329.0161081254482 18732.519092068076 13124.941163152456 18331.476759515703 2552.0591954439878 52201.411719501019 3136.9880443066359 16694.202181078494 733.89010375738144 60.062600806355476 140.02583156526089 3602.9642938226461 17283.057378895581 35.341411504894495 6354.1457038521767 9554.1257426068187 315.01470502465963 1653.5247665345669 2100.2373365014791 1076.5892269313335 893.83972869813442 1063.4700665771961
leaf_count=137319 4514 1187 5313 46001 72846 4098 2535 14993 13689 45647 27109 67768 2485 144632 2733 38899 619 212 376 5375 38492 229 8370 37953 1252 2229 2222 1015 761 1565
internal_value=0.00795009 0.0107045 0.0164147 0.00632262 0.00645999 0.0147905 0.0137379 0.0160392 0.0101178 0.00586422 0.00705413 0.00442979 0.0141104 0.00548363 0.0356242 0.00594301 0.02249 -0.00932783 -0.0264239 0.0128184 0.00749977 -0.0021939 0.015839 0.00156926 -0.0379381 0.00851358 0.0144293 0.0299279 0.0201407 0.01814
internal_weight=321074 119244 52309.5 201830 200075 48234.7 42438.5 25940.9 16497.7 177743 97147.7 80595.4 22781.2 65326.4 4074.79 52709.8 5796.2 1754.92 515.103 20229.1 33977.3 1239.82 9957.11 27885.6 375.077 12082.8 3753.76 3159.7 5062.31 4414.9
internal_count=732438 206508 69189 525930 519347 65269 58576 34773 23803 473346 244587 228759 31223 171741 3920 123038 6693 6583 1840 28738 77391 4743 13745 105721 1464 18140 4451 3550 6074 5663
is_linear=0
shrinkage=0.05


Tree=51
num_leaves=31
num_cat=0
split_feature=3 9 7 14 10 9 9 10 11 9 4 4 7 11 13 11 11 3 11 11 7 7 11 4 11 11 11 11 10 14
split_gain=546.917 490.847 452.692 230.271 192.522 139.798 198.149 147.739 135.151 132.437 114.272 96.413 72.8579 126.271 62.4761 98.3427 61.7157 54.5001 51.8467 51.6109 43.7015 42.4178 40.6596 37.104 36.8255 35.9402 43.9634 35.1533 30.5035 30.3756
threshold=0.0079377144575119036 1.0000000180025095e-35 198800.00000000003 0.088287636637687697 0.79174411296844494 7714069.5000000009 3211691.0000000005 0.49488030374050146 1.0000000180025095e-35 3211691.0000000005 11.500000000000002 21.500000000000004 35620.000000000007 14.500000000000002 -0.049675324931740754 78.500000000000014 61.500000000000007 0.77343308925628673 43.500000000000007 104.50000000000001 85080.000000000015 199700.00000000003 78.500000000000014 8.5000000000000018 35.500000000000007 65.500000000000014 91.500000000000014 66.500000000000014 0.16675345599651339 -0.10883838310837744
decision_type=2 10 8 2 8 10 10 8 2 8 2 2 10 2 2 2 2 2 2 2 10 10 2 2 2 2 2 2 10 2
left_child=1 3 -3 4 12 6 16 -8 -9 28 -10 17 18 21 15 20 -4 23 -1 22 29 -14 27 -11 -19 -16 -27 -18 -2 -15
right_child=9 2 5 -5 -6 -7 7 8 10 11 -12 -13 13 14 25 -17 19 24 -20 -21 -22 -23 -24 -25 -26 26 -28 -29 -30 -31
leaf_value=0.0058255045470579202 0.021036799123375857 0.010696793449275641 0.0087074662815280115 0.010696793449275641 0.007720864820219539 0.0087074662815280115 -0.079132670371500832 0.00018367685157885905 0.0087074662815280115 0.017695598732778133 0.0043909793404311673 0.010696793449275641 -0.00048450578389489782 -0.0086852167973431055 0.0042460468444749499 -0.070943916306036067 -0.0025083525085322854 0.017695598732778133 0.0042460468444749499 -0.071808114320074209 -0.017862283862296432 -0.039142310432807484 0.0087074662815280115 0.013125042834000442 0.028105140453133216 0.00074718932464787097 0.0042460468444749499 -0.029501040560703313 0.032307785061365779 0.00074718932464787097
leaf_weight=34712.413898900151 2265.7363334745169 44817.392491474748 25614.780778005719 9202.2327365279198 24986.652965515852 7643.0608179867268 51.456814259290695 15880.612245708704 3567.0023263245821 2382.3368651121855 32997.255905553699 8926.2020543962717 18255.74883595109 244.72758211195469 45238.759541369975 50.017439022660255 417.32148121297359 2087.8314216956496 12730.458860263228 26.107037931680679 364.72791515290737 69.237439543008804 237.02231849730015 10929.66813492775 1247.954739049077 10891.266377955675 2336.443181373179 167.90041016042233 831.37932994961739 2558.7681982815266
leaf_count=77386 2722 83568 49475 13215 65571 13122 256 33043 4536 2731 93525 15575 40655 520 129058 176 1126 2350 37344 136 862 239 517 15133 1125 36014 6540 493 805 5038
internal_value=0.00772383 0.00707893 0.00934835 0.00523373 0.00474494 0.00671814 0.00574629 0.00395064 0.00403517 0.0143147 0.00570785 0.0131301 0.00393014 0.00300946 0.00409207 -0.00275167 0.00870747 0.0155533 0.00548263 -0.00517918 -0.00163103 -0.000634822 -0.00289455 0.0141167 0.0212745 0.00424605 0.00159771 -0.0103267 0.0240812 0.00049185
internal_weight=321732 293061 131420 161641 152439 86602.5 78959.5 52496.3 52444.9 28671.1 36564.3 25574 127453 80009.7 61684.7 3218.24 26463.1 16647.8 47442.9 848.351 3168.22 18325 822.244 13312 3335.79 58466.5 13227.7 585.222 3097.12 2803.5
internal_count=732856 692415 279797 412618 399403 196229 183107 131360 131104 40441 98061 36914 333832 219102 178208 6596 51747 21339 114730 2272 6420 40894 2136 17864 3475 171612 42554 1619 3527 5558
is_linear=0
shrinkage=0.05


Tree=52
num_leaves=31
num_cat=0
split_feature=5 8 8 11 7 8 8 12 12 13 11 12 10 8 12 6 7 7 6 11 10 12 12 8 6 11 7 8 13 13
split_gain=514.131 312.994 451.197 434.777 222.192 212.851 258.888 205.305 188.944 211.055 155.788 124.427 111.583 109.623 100.972 70.7258 63.5592 63.4183 57.592 51.5593 278.464 57.2206 50.7334 55.2216 51.5497 49.1572 45.2482 43.1003 42.6394 41.633
threshold=0.023392613045871261 5320895.5000000009 12130922.500000002 1.0000000180025095e-35 38060.000000000007 5320895.5000000009 13439690.500000002 18.366666793823246 9.7750000953674334 -0.067670401185750947 55.500000000000007 10.775000095367433 0.35723467171192175 10052930.500000002 12.775000095367433 0.0058937692083418378 45977.000000000007 8010.0000000000009 0.013957562390714886 107.50000000000001 0.11111180484294893 21.944444656372074 21.774999618530277 10052930.500000002 0.090072538703680052 42.500000000000007 44050.000000000007 10052930.500000002 0.18937674909830096 -0.049416434019803994
decision_type=2 2 2 2 8 2 2 2 2 2 2 2 8 2 2 8 8 10 8 2 10 2 2 2 8 2 10 2 2 2
left_child=1 7 3 4 13 25 -7 -1 -5 12 16 -4 14 -3 -10 -13 -9 -15 -11 21 -21 -12 23 29 -24 -2 -14 -6 -27 -20
right_child=5 2 11 8 27 6 -8 10 9 18 19 15 26 17 -16 -17 -18 -19 22 20 -22 -23 24 -25 -26 28 -28 -29 -30 -31
leaf_value=0.0099669226879739951 0.021546765916469354 0.0099669226879739951 0.0099669226879739951 0.0099669226879739951 -0.003829260534845157 0.0099669226879739951 0.019317295258699789 0.0078623631512693068 -0.028806360974619069 -0.0086380661210811258 0.0019752840203197237 -0.018957496401521393 -0.0086380661210811258 0.0099669226879739951 -0.093684161849419273 0.006884736068838525 0.0049752570429495097 -0.0013089193438085168 0.0040077403572306245 -0.059817587739268985 0.0078623631512693068 -0.0065322520926969817 -0.0018033076304101127 0.0040077403572306245 0.0039421265372029946 0.0099669226879739951 -0.028806360974619069 -0.0091443836184665287 0.018670646047436769 0.007035575533915376
leaf_weight=76478.30729906261 6451.5282423198223 3639.3799953013659 24283.377059236169 7981.4045672267675 8125.7072871774435 14222.765576526523 7425.8219412714243 10457.180118747056 168.70475247502327 619.05551228672266 5428.8239270225167 264.3611960709095 460.44483713805676 1089.6482644826174 82.871561139822006 48275.511057585478 19517.553031750023 3889.6355435699224 1753.0424129664898 155.7318770699203 612.42977087944746 3105.3690281249583 5189.4177991598845 16073.832260943949 15748.426484018564 2202.4958340674639 70.20755410194397 7194.6353376656771 3348.0198423564434 27207.132885672152
leaf_count=134176 7076 6625 39187 12463 19034 22179 8818 25436 408 2535 15020 1168 933 2050 340 115126 56959 10576 4150 788 1487 12216 22072 44939 68395 3268 224 24989 4041 66318
internal_value=0.00738478 0.0067011 0.00534891 0.00315643 -0.00271348 0.0132327 0.0102702 0.00871153 0.00502124 0.00410423 0.0057578 0.00833817 -0.0216839 0.00370834 -0.0489747 0.00674322 0.00751193 -0.00111663 0.0044078 0.00010514 0.00786236 -0.00112119 0.00455194 0.00549739 0.00251809 0.0185739 -0.00863807 -0.00632618 0.015112 0.00687452
internal_weight=321523 287872 172117 99293.5 23939 33650.6 21648.6 115755 75354.5 67373.1 39277.1 72823.2 782.229 8618.66 251.576 48539.9 29974.7 4979.28 66590.9 9302.35 768.162 8534.19 65971.9 45034 20937.8 12002 530.652 15320.3 5550.52 28960.2
internal_count=732996 687614 441532 286051 63274 45382 30997 246082 222777 210314 111906 155481 1905 19251 748 116294 82395 12626 208409 29511 2275 27236 205874 115407 90467 14385 1157 44023 7309 70468
is_linear=0
shrinkage=0.05


Tree=53
num_leaves=31
num_cat=0
split_feature=9 14 8 8 12 8 7 6 12 12 7 8 6 6 6 10 11 14 11 11 14 9 7 14 8 12 11 11 11 11
split_gain=560.138 448.91 389.453 430.367 343.607 307.568 246.605 209.412 196.946 176.597 147.484 127.495 112.442 110.367 98.7367 124.248 93.9881 79.0739 78.2385 70.2556 126.691 68.3852 67.0631 66.4671 64.5258 64.3966 62.4946 71.4742 87.0623 58.3836
threshold=7714069.5000000009 0.076757155358791365 5320895.5000000009 15089427.500000002 17.354166984558109 10052930.500000002 8010.0000000000009 0.099720869213342681 12.775000095367433 11.949999809265138 inf 1289243.5000000002 0.077505085617303862 0.15698416531085971 0.0090917046181857603 0.2942016869783402 20.500000000000004 -0.016720779240131375 78.500000000000014 12.500000000000002 -0.053241055458784096 3211691.0000000005 136250.00000000003 -0.036368066444993012 5320895.5000000009 14.062500000000002 75.500000000000014 23.500000000000004 33.500000000000007 23.500000000000004
decision_type=10 2 2 2 2 2 8 10 2 2 8 2 10 10 10 8 2 2 2 2 2 10 10 2 2 2 2 2 2 2
left_child=1 2 9 5 -5 8 -7 19 10 -1 -4 16 -2 24 15 29 -11 22 21 -8 -21 -17 -10 -6 -3 -24 27 -18 -29 -13
right_child=12 13 3 4 23 6 7 -9 17 11 -12 14 -14 -15 -16 18 26 -19 -20 20 -22 -23 25 -25 -26 -27 -28 28 -30 -31
leaf_value=0.0094383464996364106 0.016292607313382005 0.013855027376136154 0.0094383464996364106 0.0094383464996364106 -0.020680771297334456 0.0094383464996364106 -0.0062508481278602873 0.002702355870455306 -0.0023691162726993029 -0.060052168428146958 0.0047961473159818611 -0.010421153793763455 0.031770818860502752 0.017351306042248372 0.0080134817433802231 0.0061252349486359261 0.0080134817433802231 0.0032931908118177416 -0.010421153793763455 -0.016650749389791827 -0.00073416387064688957 0.002546788290954317 -0.022430251084759628 0.0026992611282685266 0.0094383464996364106 -0.079071321620620943 0.0080134817433802231 -0.094902817262371708 -0.016643430310077929 -0.044106568126137766
leaf_weight=36334.749217242002 8805.517318546772 5898.746748059988 20347.261308595538 43104.60890186578 306.4418610483408 2587.0908671468496 16400.727514609694 18550.545404367149 6181.6519750207663 85.967446804046631 10076.801717728376 148.20198707282543 1355.4321095496416 9062.0177999660373 51713.253846511245 8601.5958009213209 233.61903240531683 22610.149766914546 502.62568492442369 1254.1904902160168 9868.8579324185848 15406.194780036807 42.159704685211182 21149.268692839891 9098.8142882138491 61.784738466143608 148.6324353069067 36.077210977673531 567.39537212625146 196.23415223136544
leaf_count=57363 14746 7547 35551 74294 773 4930 48304 55095 15938 284 21424 471 1783 11897 116755 18429 942 82228 1732 2792 37716 41960 77 61522 13727 273 374 146 2469 992
internal_value=0.00681194 0.00643391 0.00588298 0.00438466 0.0076141 0.00245372 -0.000492561 -0.00140345 0.00487056 0.00815112 0.00767815 0.00658862 0.0183632 0.0129937 0.0068284 0.00423699 -0.010524 0.00191415 0.00465691 -0.00417068 -0.00110295 0.00507926 -0.00304592 0.00236344 0.0103587 -0.0424914 -0.00609169 -0.0124938 -0.02162 -0.0254992
internal_weight=320737 310576 286516 172542 64560.3 107981 48661.4 46074.3 59319.8 113975 30424.1 77639.8 10160.9 24059.6 76568.1 24854.9 1071.69 28895.7 24510.4 27523.8 11123 24007.8 6285.6 21455.7 14997.6 103.944 985.724 837.092 603.473 344.436
internal_count=732534 716005 682834 440917 136589 304328 148837 143907 155491 241917 56975 184554 16529 33171 180339 63584 4215 98516 62121 88812 40508 60389 16288 62295 21274 350 3931 3557 2615 1463
is_linear=0
shrinkage=0.05


Tree=54
num_leaves=31
num_cat=0
split_feature=9 7 0 8 8 9 11 8 8 8 11 7 11 6 8 7 10 10 7 10 7 11 7 11 9 11 10 10 10 11
split_gain=533.036 411.596 497.414 243.907 210.67 197.204 159.471 137.79 218.278 192.648 203.718 140.554 125.04 122.405 111.797 105.674 100.442 99.0759 95.9634 87.3282 76.4739 75.6871 75.4156 74.2455 54.719 92.4452 64.2442 53.1651 48.5251 46.3436
threshold=7714069.5000000009 7420.0000000000009 1.0000000180025095e-35 5320895.5000000009 13439690.500000002 3211691.0000000005 21.500000000000004 5320895.5000000009 15089427.500000002 10052930.500000002 12.500000000000002 57650.000000000007 96.500000000000014 0.071730714291334166 1289243.5000000002 147776.39843750003 0.69240385293960582 0.24999500066041949 195300.00000000003 0.33337777853012091 99288.000000000015 92.500000000000014 38060.000000000007 75.500000000000014 3211691.0000000005 81.500000000000014 0.64714372158050548 0.90672317147254955 0.01668212749063969 43.500000000000007
decision_type=10 8 2 2 2 8 2 2 2 2 2 10 2 10 2 10 10 10 10 10 8 2 8 2 10 2 8 10 8 2
left_child=1 6 5 -4 -5 21 13 14 9 16 15 28 -13 27 17 22 -9 -7 -12 -2 29 -3 -11 -22 26 -26 -25 -1 -10 -16
right_child=19 2 3 4 -6 7 -8 8 11 10 18 12 -14 -15 20 -17 -18 -19 -20 -21 23 -23 -24 24 25 -27 -28 -29 -30 -31
leaf_value=0.012633819354955748 0.016366197472017577 0.0068319505043621916 0.011548621400200867 0.0068319505043621916 0.011548621400200867 -0.033537281142347823 0.011548621400200867 0.0025431832289818605 0.0030284887565780062 -0.00073418539225228094 0.0025325811870162886 0.00015786604421123609 -0.048784097222707219 0.036067020885220839 0.0068319505043621916 -0.059315296900730868 0.0068319505043621916 0.0014372251163359982 -0.062310091912643466 0.031756463341490258 0.0041140781035680389 -0.060276784681256058 -0.0075606433090095685 -0.039981812002140148 -0.043346563157298436 0.0052544200936748518 0.0052544200936748518 0.026276964486678402 0.0068319505043621916 0.0052544200936748518
leaf_weight=1789.0222987234592 9129.9049595296383 28439.181812368333 34656.676106065512 37948.891818724573 20124.421939358115 333.44582873955369 4154.4550568759441 29911.663867354393 1853.7422058284283 6412.5094492286444 17359.791930634528 6846.681350145489 131.04069717600942 1397.156939804554 31000.115312665701 88.172027975320816 3097.0489604622126 510.48971394449472 55.249655183404684 1026.5640650391579 25314.51640240103 69.392307013273239 10962.527928769588 245.85194943100214 99.156360074877739 262.63813108950853 68.805066049098969 1195.2924930155277 32237.59299210459 14190.739437557757
leaf_count=2866 15146 56362 53922 74666 31439 1801 8713 93179 4618 16147 67492 17879 586 1390 61004 363 7279 1686 349 1310 62192 284 34681 1086 390 877 199 1513 72774 40375
internal_value=0.00665672 0.00628823 0.00598233 0.00903121 0.00700732 0.00463269 0.0171149 0.00394695 0.00282516 0.00108444 -0.0015067 0.00570237 -0.000774973 0.0238514 0.00564381 -0.0053224 0.00382225 -0.0124281 0.00231973 0.0179277 0.00585841 0.00683195 -0.00504161 0.00367689 -0.0126477 0.000633278 -0.0278258 0.0181122 0.00683195 0.00683195
internal_weight=320913 310756 302220 92730 58073.3 209490 8535.93 180982 108956 67887 34878.3 41069.1 6977.72 4381.47 72025.8 17463.2 33008.7 843.936 17415 10156.5 71181.8 28508.6 17375 25991 676.452 361.794 314.657 2984.31 34091.3 45190.9
internal_count=732568 716112 701630 160027 106105 541603 14482 484957 315347 219490 119032 95857 18465 5769 169610 51191 100458 3487 67841 16456 166123 56646 50828 64744 2552 1267 1285 4379 77392 101379
is_linear=0
shrinkage=0.05


Tree=55
num_leaves=31
num_cat=0
split_feature=3 8 8 8 6 8 7 1 10 14 10 6 11 6 10 11 7 3 10 6 14 11 0 11 10 11 7 11 6 13
split_gain=354.248 226.203 396.132 301.524 438.205 266.236 164.758 137.253 131.067 113.151 102.443 111.811 102.282 118.958 98.5404 92.8637 137.794 91.8094 93.0081 89.2341 98.2206 85.7871 70.7371 69.7932 87.2145 75.8414 68.1938 84.8941 54.3713 52.7559
threshold=0.011662250384688379 5320895.5000000009 13439690.500000002 10052930.500000002 0.20257303118705752 1289243.5000000002 198800.00000000003 0.030060240998864177 0.69240385293960582 -0.053241055458784096 0.36671064794063574 0.089236602187156691 33.500000000000007 0.017895999364554886 0.14287638664245608 21.500000000000004 157900.00000000003 0.84189721941947948 0.29138357937335974 0.013957562390714886 -0.086166717112064348 45.500000000000007 2.5000000000000004 102.50000000000001 0.42834821343421942 112.50000000000001 38060.000000000007 1.0000000180025095e-35 0.61727386713027965 -0.049675324931740754
decision_type=2 2 2 2 10 2 10 2 10 2 10 8 2 8 10 2 10 2 10 10 2 2 2 2 10 2 8 2 10 2
left_child=1 5 3 8 9 10 7 12 19 14 11 -1 -7 -14 -5 16 -4 18 -2 20 -3 26 23 -17 25 28 -11 -28 -25 -22
right_child=17 2 15 4 -6 6 -8 -9 -10 21 -12 -13 13 -15 -16 22 -18 -19 -20 -21 29 -23 -24 24 -26 -27 27 -29 -30 -31
leaf_value=-0.063292345147740278 0.0086818659562965857 -0.020562843679521409 0.0086818659562965857 -0.033024215794675071 0.0086818659562965857 0.0075889645161227592 -0.034085717360654764 0.0086818659562965857 0.0086818659562965857 -0.00033383376187436857 0.0020973750346476084 -0.016474062289421897 -0.013211938701282754 0.0048327680982072803 -0.009629321818666629 0.0052420426099937644 -0.054519090449372899 0.018749357570346514 0.014416436551669413 0.0056115380045492031 -0.0092742163034552957 0.0026699636250390054 0.0086818659562965857 -0.075277857591158237 0.006859164161628223 -0.012833447596047166 -0.0095012181956181455 -0.002835418482720745 -0.012833447596047166 0.0025020705219320327
leaf_weight=154.81043929234147 12476.499056890607 489.9869886636734 25245.922210633755 583.87743155658245 9111.5936855524778 58180.508522212505 234.88119737803936 19003.942308723927 6432.1517232134938 10614.176826074719 581.27173648029566 697.59705466777086 510.65948707610369 38451.460578344762 960.75583054125309 40437.184736017138 94.99044993519783 3959.3902389407158 9166.5886732190847 31450.713523380458 922.82059018313885 2533.3027825504541 6264.9091198295355 108.74997007101774 128.42531014978886 150.47768596559763 7451.9844569712877 11554.043001517653 11.226338326930998 22194.254814121872
leaf_count=779 19320 1066 41489 1545 25159 115977 862 27509 13680 29772 1621 2660 2094 97271 1980 100896 295 4378 12857 82884 2305 8707 9056 526 332 505 25936 42221 24 59486
internal_value=0.00610641 0.005616 0.00448463 0.00251179 -0.000710159 0.00731312 0.007577 0.00766184 0.00475489 -0.00334194 -0.0140886 -0.0251052 0.00649606 0.00449971 -0.0165523 0.00732491 0.00868187 0.0117477 0.0104652 0.00386766 0.0015441 -0.00270633 0.00589549 0.00503646 -0.0157268 -0.0325261 -0.0035443 -0.005337 -0.0620609 0.00201441
internal_weight=320159 294557 176742 104300 42809.7 117815 116381 116147 61489.9 33698.1 1433.68 852.407 97142.6 38962.1 1544.63 72441.9 25340.9 25602.5 21643.1 55057.8 23607.1 32153.5 47101 40836.1 398.879 270.454 29620.2 19006 119.976 23117.1
internal_count=733192 696637 447864 294741 135320 248773 243713 242851 159421 110161 5060 3439 215342 99365 3525 153123 41784 36555 32177 145741 62857 106636 111339 102283 1387 1055 97929 68157 550 61791
is_linear=0
shrinkage=0.05


Tree=56
num_leaves=31
num_cat=0
split_feature=4 6 8 12 8 10 14 8 14 12 10 3 7 14 8 12 7 7 3 6 10 14 12 12 8 6 12 10 8 12
split_gain=355.06 340.464 274.159 225.188 196.85 95.797 93.0456 89.2454 125.467 79.9094 78.2189 52.0961 83.8772 70.3503 60.6423 49.4602 43.4275 41.9641 36.6809 32.7769 61.1569 29.2678 27.409 26.9383 26.393 25.3828 24.1927 19.4479 19.0105 16.3147
threshold=21.500000000000004 0.1907056346535683 5320895.5000000009 7.3541667461395273 15089427.500000002 0.88008713722229015 -0.18495246767997739 5320895.5000000009 -0.11958907917141913 14.408333301544191 0.38471275568008428 -0.014295125380158423 46010.000000000007 0.098410379141569151 13439690.500000002 11.759615421295168 197900.00000000003 75900.000000000015 -0.0013081121724098919 0.037614908069372184 0.14276190847158435 0.11022963002324106 17.774999618530277 5.0625000000000009 12130922.500000002 0.5436544418334962 3.1000000238418584 0.53138309717178356 16151869.500000002 17.690475463867191
decision_type=2 10 2 2 2 10 2 2 2 2 10 2 10 2 2 2 10 8 2 10 8 2 2 2 2 10 2 8 2 2
left_child=1 2 15 23 -4 21 -2 16 10 -10 -9 12 -11 14 -14 -1 19 -17 -18 20 -8 -5 -20 25 -13 -3 -27 -26 -6 -22
right_child=6 3 4 5 28 -7 7 8 9 11 -12 24 13 -15 -16 17 18 -19 22 -21 29 -23 -24 -25 27 26 -28 -29 -30 -31
leaf_value=0.010287398409052238 -0.10593633287585554 0.024079639095975082 0.0059498437965152242 0.010287398409052238 0.010287398409052238 0.017006635070616991 -0.0063509569300471752 -0.050819313229133106 0.0059498437965152242 0.00074919343591852133 -0.018641635466195607 0.0022682326201261586 -0.018641635466195607 -0.004363882391539408 -0.010248518723885876 0.0088469749979550628 -0.050819313229133106 0.0059498437965152242 -0.0063509569300471752 0.0059498437965152242 0.0049902548012669794 0.013647016739834615 -0.029677232858634509 0.019319623967925643 0.002677655000207248 0.046692236902083212 0.030173761039325356 0.0043570624780758316 0.0059498437965152242 0.0032692570638614368
leaf_weight=38262.411999359727 17.148133844137192 1901.3678586408496 56439.750661164522 11479.093446865678 33025.982525572181 1528.8222660571337 534.46021038666368 80.84282822906971 10275.016031786799 3848.7534508854151 79.572089314460754 39752.646915208548 1132.5962101072073 630.8156270980835 577.61921858787537 8124.6975966095924 22.712842993438244 8954.3736737817526 93.80717471241951 42416.160648696125 6524.3215811252594 1874.8552955240011 66.859349224716425 2299.7515899986029 17628.962728846818 303.51388278603554 261.55188274383545 15604.04657984525 748.97163866460323 15778.629710927606
leaf_count=59808 71 1971 124881 19045 51962 1869 1822 300 18200 8824 140 150561 3554 1127 1217 12917 103 15367 229 100691 13863 2151 394 2696 47751 175 262 42447 1370 47177
internal_value=0.00600262 0.00761554 0.0067814 0.0137934 0.00594984 0.0107617 0.00428415 0.00429771 0.00327249 0.00335214 -0.0406354 0.00276428 -0.0016394 -0.00947696 -0.0161332 0.00971871 0.00570152 0.00740655 -0.0184719 0.00577002 0.00403067 0.0102874 -0.00853515 0.0232515 0.00313778 0.0268991 0.0362679 0.00417772 0.0100836 0.00447581
internal_weight=320270 165205 145556 19649 90214.7 14882.8 155065 155048 89610.9 89450.5 160.415 79175.4 6189.78 2341.03 1710.22 55341.5 65437 17079.1 183.379 65253.6 22837.4 13353.9 160.667 4766.19 72985.7 2466.43 565.066 33233 33775 22303
internal_count=732945 294474 266305 28169 178213 23065 438471 438400 274121 273681 440 255481 14722 5898 4771 88092 164279 28284 726 163553 62862 21196 623 5104 240759 2408 437 90198 53332 61040
is_linear=0
shrinkage=0.05


Tree=57
num_leaves=31
num_cat=0
split_feature=8 8 8 6 2 4 5 14 4 7 17 4 11 3 11 10 6 5 14 7 10 14 11 11 11 3 11 11 6 13
split_gain=296.237 382.828 361.922 268.402 239.898 229.422 196.545 181.526 166.658 163.271 129.483 176.37 133.848 119.824 142.055 100.91 94.598 87.1976 86.3392 80.4346 79.3808 71.2442 76.5017 69.5447 66.3907 64.2771 60.172 59.2125 90.2671 56.2038
threshold=5320895.5000000009 13439690.500000002 10052930.500000002 0.20257303118705752 1.0000000180025095e-35 21.500000000000004 0.079455267637968077 -0.10883838310837744 21.500000000000004 64010.000000000007 1.0000000180025095e-35 21.500000000000004 1.0000000180025095e-35 -0.014864664524793623 12.500000000000002 0.67745968699455272 0.0040080321487039336 0.024640761315822605 -0.011665234342217444 11645.600097656252 0.58010751008987438 -0.044408369809389107 76.500000000000014 26.500000000000004 21.500000000000004 -1.546301484107971 156.50000000000003 29.500000000000004 0.23690199851989749 0.07330589741468431
decision_type=2 2 2 10 2 2 2 2 2 8 2 2 2 2 2 10 10 2 2 8 10 2 2 2 2 2 2 2 10 2
left_child=4 2 6 7 8 15 10 9 -1 -4 12 -12 -2 -9 19 17 -13 -3 29 -15 -8 22 -14 -10 -11 -7 -5 28 -25 -6
right_child=1 5 3 26 18 25 20 13 23 24 11 16 21 14 -16 -17 -18 -19 -20 -21 -22 -23 -24 27 -26 -27 -28 -29 -30 -31
leaf_value=0.0087230955656594205 -0.0053651532173219062 0.008100835818584803 -0.012550600108343328 0.0063089585130243478 0.0087799126352547645 -0.067034802542841457 0.01132228188974398 -0.011863251762815323 0.0065757271053969203 -0.13587083855713919 0.0091657116566418867 -0.040165624634228743 -0.0038438694630201992 0.0019354130749168357 0.0019354130749168357 0.017445182673076896 0.0031374017783530115 0.013282761345013182 0.014303996237945702 -0.0055527200274802721 0.026614787377643973 0.0053159856897877153 -0.093014615548356522 -0.099814312595487259 -0.046225911857502737 0.0045938870161325775 0.077830699779171314 0.0030210242911209058 0.0065757271053969203 0.011777178011440794
leaf_weight=41115.192643880844 5904.6899877488613 31327.09820716083 733.31701368093491 10230.737752199173 16015.154204972088 29.354000225663185 3672.0918729156256 2846.0896257311106 19726.697484657168 20.969733402132988 20969.906491234899 124.78821983933449 1986.3579325079918 1750.8369304090738 15110.170569747686 4051.8085414394736 24273.919077135623 4623.9208133220673 13755.716990083456 15459.493360921741 1104.6469759941101 10900.69282848388 22.353613436222076 32.927248418331146 299.87037299573421 37859.548628121614 27.508974298834801 30366.470831867307 21.387903645634651 5962.4231565445662
leaf_count=68691 13952 51805 1403 27125 28286 93 4801 6644 51279 95 36732 708 4222 3450 55207 5409 74865 5497 19004 46887 1068 33839 94 133 828 97256 25 84182 25 8491
internal_value=0.00584732 0.00461486 0.00278714 -0.000622981 0.00772342 0.00732348 0.00508553 -0.00264506 0.00636335 -0.0230697 0.00435701 0.00580317 0.00086947 -0.00203154 -0.00116509 0.00996438 0.00291265 0.00912034 0.0111965 -0.00428434 0.0148684 0.00372154 -0.00492772 0.00442836 -0.0528904 0.00453486 0.00651589 0.00292622 -0.0482996 0.00925036
internal_weight=320326 193330 115438 46479 126996 77891.7 68959.4 36220.7 91262.7 1054.16 64182.7 45368.6 18814.1 35166.6 32320.5 40002.8 24398.7 35951 35733.3 17210.3 4776.74 12909.4 2008.71 50147.5 320.84 37888.9 10258.2 30420.8 54.3152 21977.6
internal_count=732096 472005 311945 141664 260091 160060 170281 114514 204310 2326 164412 112305 52107 112188 105544 62711 75573 57302 55781 50337 5869 38155 4316 135619 923 97349 27150 84340 158 36777
is_linear=0
shrinkage=0.05


Tree=58
num_leaves=31
num_cat=0
split_feature=9 9 10 7 5 7 9 11 12 12 6 8 8 11 14 11 4 8 12 11 8 12 11 11 12 11 6 11 11 14
split_gain=488.219 322.358 257.59 255.244 229.525 168.428 356.325 172.239 152.205 119.257 104.456 89.7452 107.623 85.5461 76.5975 80.1972 69.5682 67.48 112.786 67.3467 57.7806 57.5505 55.3296 76.3211 57.5002 54.5155 52.3129 51.6626 45.9205 44.8273
threshold=7714069.5000000009 3211691.0000000005 0.92071518301963817 124200.00000000001 0.083722744137048735 197600.00000000003 3211691.0000000005 1.0000000180025095e-35 9.3452377319335955 17.038461685180668 1.0000000180025095e-35 15089427.500000002 5320895.5000000009 32.500000000000007 -0.036368066444993012 43.500000000000007 15.500000000000002 5320895.5000000009 15.211111068725588 1.0000000180025095e-35 10052930.500000002 10.267857074737551 43.500000000000007 47.500000000000007 20.267857551574711 42.500000000000007 0.1812112703919411 34.500000000000007 26.500000000000004 0.080915343016386046
decision_type=10 8 10 8 2 8 10 2 2 2 8 2 2 2 2 2 2 2 2 2 2 2 2 2 2 2 10 2 2 2
left_child=1 3 4 8 5 6 17 10 -1 19 -7 12 -12 20 15 -11 -6 18 -3 -5 -4 -21 -9 -24 -25 -16 -2 -28 -23 -10
right_child=26 2 13 9 16 7 -8 22 29 14 11 -13 -14 -15 25 -17 -18 -19 -20 21 -22 28 23 24 -26 -27 27 -29 -30 -31
leaf_value=0.027470712237263453 0.015415683377635171 0.0074916236051037581 0.031001984920430232 0.0057491462141414616 0.011518440303304088 -0.076490505636440609 0.0074916236051037581 0.0033981060697802351 0.011696552808292703 -0.098416056584267497 0.00087253445643911481 0.0033981060697802351 -0.0072245925800838206 0.011518440303304088 0.0051518136462368391 -0.020871600271998015 0.0074916236051037581 0.0033981060697802351 0.0033981060697802351 0.011671906934383108 0.015054918525414305 0.0053900446568078937 -0.0032581210464678609 0.0033981060697802351 -0.0098385902101416883 -0.0039201758142823357 0.045528786950798615 0.022730340122676801 0.0095583131634436394 0.020193879855574623
leaf_weight=2341.4909307807684 9413.2813427150249 26073.717951402068 1339.6158350482583 8926.140999481082 9838.1597948372364 44.651504024863243 35212.469612494111 32416.466291457415 7239.6632136702538 39.542783141136169 7771.3283719271421 5115.3855521976948 8692.6530757695436 886.6444139033556 5252.6798968017101 48.724772110581398 3125.0481105148792 98192.143394928426 28670.97394252196 3669.2752755284309 997.02324685454369 3906.0987229347229 7508.8547806069255 5362.7312236726284 850.01802610233426 2416.2659097313881 316.04140801727772 338.32249653339386 4175.5498390346766 501.10738949477673
leaf_count=2623 15588 42221 1655 15829 11727 203 67983 83183 13185 160 15214 9348 27542 1945 12905 106 4893 257541 77247 4239 1634 6764 25178 13432 4768 7068 299 538 7595 543
internal_value=0.00553674 0.00518544 0.00457935 0.00946664 0.00441082 0.00408196 0.00485175 0.00194446 0.0163017 0.00704206 -0.00175295 -0.00159123 -0.00340295 0.0186261 0.00175482 -0.0440364 0.0109013 0.00369705 0.00522336 0.00902527 0.0242162 0.0115124 0.00339811 0.00018203 0.00339811 0.00229321 0.0163723 0.030045 0.00744472 0.012917
internal_weight=320682 310614 272098 38516.5 268875 255911 188149 67762.1 10082.3 28434.3 21624 21579.4 16464 3223.28 7757.21 88.2676 12963.2 152937 54744.7 20677.1 2336.64 11750.9 46138.1 13721.6 6212.75 7668.95 10067.6 654.364 8081.65 7740.77
internal_count=733156 716731 645714 71017 640480 623860 444992 178868 16351 54666 52307 52104 42756 5234 20239 266 16620 377009 119468 34427 3289 18598 126561 43378 18200 19973 16425 837 14359 13728
is_linear=0
shrinkage=0.05


Tree=59
num_leaves=31
num_cat=0
split_feature=9 9 7 12 14 8 8 8 12 11 14 10 9 5 6 11 6 6 11 6 7 7 12 11 6 14 11 6 12 10
split_gain=390.916 391.909 248.053 212.886 209.736 117.709 104.427 372.818 105.947 104.28 150.963 143.899 126.543 102.331 94.4056 84.4001 115.484 84.0825 82.9163 74.0807 66.9585 62.5651 61.3482 56.5879 53.9927 110.759 56.5213 52.7582 51.1815 51.0702
threshold=7714069.5000000009 3211691.0000000005 7420.0000000000009 20.774999618530277 0.01758784614503384 1289243.5000000002 12130922.500000002 10052930.500000002 11.949999809265138 1.0000000180025095e-35 -0.054528366774320595 0.14902948588132861 3211691.0000000005 0.10741758346557619 0.062580697238445296 42.500000000000007 0.26809000968933111 0.34456743299961096 43.500000000000007 0.0090917046181857603 67500.000000000015 45055.000000000007 11.354166507720949 1.0000000180025095e-35 0.013957562390714886 -0.035392384976148598 33.500000000000007 0.0090917046181857603 14.845237731933596 0.28542743623256689
decision_type=10 8 8 2 2 2 2 2 2 2 2 10 10 2 10 2 10 10 2 10 8 8 2 2 10 2 2 8 2 8
left_child=1 3 15 13 5 18 7 8 23 12 11 -11 -9 14 -1 16 -3 -2 21 27 -6 -4 -23 -7 25 -10 -26 -5 -28 -27
right_child=17 2 4 19 20 6 -8 9 24 10 -12 -13 -14 -15 -16 -17 -18 -19 -20 -21 -22 22 -24 -25 26 29 28 -29 -30 -31
leaf_value=0.009485959351552567 0.014125795515764842 0.0094767230339871181 -0.010616697959136882 -0.066042062504088436 0.0083742571407259409 0.0045158499265035464 0.0053954685580807809 -0.0047729350150059746 -0.010330185621499774 -0.025209942135590691 0.0015956229751267676 -0.0041954578504099652 -0.048097645139590826 0.025519439979319922 0.016517872365215333 0.0083742571407259409 0.022564280599852504 0.041695950776178707 0.0023917384565102697 0.0070746734621615348 0.0057981303025934662 -0.026026335230186284 -0.063574926135449517 0.0057981303025934662 0.0045158499265035464 -0.0040732520733691531 0.0045158499265035464 6.4320985245117879e-05 0.0025548677404191389 0.0025548677404191389
leaf_weight=22882.289739042521 9754.6518170982599 3505.4223820269108 392.00883487612009 28.319812811911106 17370.472232080996 25663.986190259457 58005.537410955876 11028.125508368015 1919.1573530733585 1053.8272972106934 24697.923331879079 2119.2283781021833 169.18982365727425 1257.8594795912504 6036.6034214347601 1407.1105089634657 3253.798126488924 283.23270835727453 554.99423624947667 1802.4754086881876 9657.0386878997087 128.42785479128361 155.97940483689308 16561.476701140404 25830.666624158621 541.56391092762351 8949.3370548188686 6623.3026835545897 36921.408433448523 21670.346545822918
leaf_count=38753 16206 5891 1173 143 24961 50300 128516 35252 4482 2578 84555 4044 652 1192 9223 3369 5081 282 2189 3890 15473 296 847 23871 58230 2319 16041 17709 108619 66727
internal_value=0.00520139 0.00488706 0.00421667 0.0095991 0.00395052 0.00347335 0.00355414 0.00295108 0.00417134 -0.00136103 0.000276395 -0.00998654 -0.00543604 0.0115636 0.0109549 0.012798 0.0157817 0.0149119 -0.0119331 0.00258574 0.00812291 -0.023659 -0.041436 0.00579813 0.00323357 0.00118767 0.00392206 -0.000236899 0.00260998 0.00218368
internal_weight=320226 310188 271557 38630.9 263391 236363 235132 177126 138058 39068.3 27871 3173.06 11197.3 30176.8 28918.9 8166.33 6759.22 10037.9 1231.41 8454.1 27027.5 676.416 284.407 42225.5 95832.5 24131.1 71701.4 6651.62 45870.7 22211.9
internal_count=732864 716376 645466 70910 631125 590691 586186 457670 330589 127081 91177 6622 35904 49168 47976 14341 10972 16488 4505 21742 40434 2316 1143 74171 256418 73528 182890 17852 124660 69046
is_linear=0
shrinkage=0.05


Tree=60
num_leaves=31
num_cat=0
split_feature=8 8 8 18 1 4 5 6 5 7 7 11 6 11 3 7 11 6 4 3 11 3 7 7 11 11 11 10 6 11
split_gain=314.177 349.09 357.366 307.777 203.533 200.94 192.198 170.46 145.559 121.717 121.217 109.928 82.4096 169.999 111.986 93.367 93.1469 78.3263 108.17 77.7175 65.9459 83.2619 121.277 58.8462 51.2626 48.7407 44.2759 43.7107 41.7792 47.9682
threshold=5320895.5000000009 12130922.500000002 10052930.500000002 6.5000000000000009 0.030060240998864177 21.500000000000004 0.16774892061948779 0.07426562532782556 0.017167698591947559 19602.200195312504 37420.000000000007 4.5000000000000009 0.013957562390714886 21.500000000000004 0.00029801116033922886 38060.000000000007 45.500000000000007 0.0090917046181857603 21.500000000000004 -0.0085054696537554247 23.500000000000004 -0.26585733890533442 63024.000000000007 76100.000000000015 56.500000000000007 29.500000000000004 45.500000000000007 0.86670219898223888 0.038801250979304321 67.500000000000014
decision_type=2 2 2 2 2 2 2 10 2 8 8 2 10 2 2 10 2 8 2 2 2 2 8 8 2 2 2 10 8 2
left_child=3 2 6 4 10 8 12 20 9 -3 -1 -9 15 -14 -15 -2 -17 -12 -19 -13 21 22 -4 -6 -5 -8 -7 -21 29 -28
right_child=1 5 7 24 23 26 25 11 -10 -11 17 19 13 14 -16 16 -18 18 -20 27 -22 -23 -24 -25 -26 -27 28 -29 -30 -31
leaf_value=0.0079611795636639632 0.0024529505428195026 0.011628754454279796 -0.017074749971613134 0.030749236178336099 0.012459712997284619 0.0023777804993373453 0.011669379268687427 0.055841612573869173 0.015880596491061459 0.0061138934296211325 -0.0015139366442340784 -0.0017509133359833917 0.011669379268687427 0.0032641313028634999 0.0093861924118807689 -0.0058217087161200626 -0.060014780408237378 0.006208868530039182 0.0031627520681890135 0.002304581446425617 -0.0017509133359833917 -0.0057370344329731445 -0.057002248968999941 0.0079611795636639632 0.016778329414155035 0.025753833088379554 -0.006805354022651572 0.014738748701095839 0.0060829852312537167 -0.072767247724077944
leaf_weight=24802.99498090893 23679.455633044243 4279.7554901987314 190.35673214495182 1657.7773588001728 15240.262190319598 25827.744059972465 681.8768464922905 90.185553938150406 5871.3196560963988 30960.026883915067 5111.9492540247738 4211.2221221476793 4589.7973004877567 28118.566115327179 7802.2319545298815 2513.6392378658056 79.912188094109297 26888.319091230631 41821.470530830324 17733.48551813513 3127.0421251431108 17983.004383154213 221.95701816678047 11101.09799579531 199.36547537147999 1236.6370523348451 123.99476433545351 734.24372100830078 12776.797709189355 31.599611811339855
leaf_count=49436 60597 5935 299 2617 21370 68997 869 66 6963 52206 11030 9323 7650 79974 13116 6240 403 45315 113254 55360 10539 59644 656 16807 540 1182 448 1567 30067 191
internal_value=0.00489802 0.00362689 0.00183837 0.00683098 0.00653043 0.00615699 0.00409607 -0.00166365 0.00859209 0.00737691 0.00548738 0.00135205 0.00364749 0.00506192 0.00385432 0.00146634 -0.00753646 0.00445656 0.00490079 0.00113046 -0.00485388 -0.00624832 -0.0284125 0.010435 0.0270262 0.0196913 0.00357388 0.00280048 0.00596193 -0.0196937
internal_weight=319688 192865 112994 126823 124966 79871.2 68702.1 44291.5 41111.1 35239.8 98624.7 22769.1 66783.6 40510.6 35920.8 26273 2593.55 73821.7 68709.8 22679 21522.4 18395.3 412.314 26341.4 1857.14 1918.51 38760.1 18467.7 12932.4 155.594
internal_count=732661 472292 307485 260369 257212 164807 170031 137454 65104 58141 219035 66316 167980 100740 93090 67240 6643 169599 158569 66250 71138 60599 955 38177 3157 2051 99703 56927 30706 639
is_linear=0
shrinkage=0.05


Tree=61
num_leaves=31
num_cat=0
split_feature=3 8 8 4 12 11 12 7 9 8 13 9 7 9 7 11 12 9 12 14 4 11 11 9 3 11 11 1 7 10
split_gain=349.757 268.412 273.357 156.491 118.621 125.804 118.551 107.505 114.467 113.964 109.404 105.559 80.3142 74.8765 63.2112 60.035 59.9789 58.8982 55.3959 54.7711 48.94 57.1005 42.5057 87.0112 40.4688 37.0039 195.112 71.322 35.811 52.4543
threshold=0.011662250384688379 5320895.5000000009 13439690.500000002 21.500000000000004 11.949999809265138 12.500000000000002 5.5357143878936776 199700.00000000003 7714069.5000000009 10052930.500000002 -0.049675324931740754 1.0000000180025095e-35 25025.000000000004 3211691.0000000005 42004.500000000007 1.0000000180025095e-35 21.816666603088382 7714069.5000000009 9.3452377319335955 -0.01471808413043618 13.500000000000002 61.500000000000007 43.500000000000007 1.0000000180025095e-35 0.037568408995866782 113.50000000000001 131.50000000000003 1.0000000180025095e-35 120200.00000000001 0.53138309717178356
decision_type=2 2 2 2 2 2 2 8 8 2 2 10 10 10 8 2 2 8 2 2 2 2 2 10 2 2 2 2 10 8
left_child=1 4 7 -4 -1 17 24 11 9 10 20 12 -3 -12 -8 -15 -7 -6 -13 -17 -9 -22 -18 28 -2 -5 -27 -28 29 -24
right_child=6 2 3 25 5 16 14 8 -10 -11 13 18 -14 15 -16 19 22 -19 -20 -21 21 -23 23 -25 -26 26 27 -29 -30 -31
leaf_value=0.0074398986878279338 0.01193093109934939 0.0045456833243849885 0.0074398986878279338 0.0033214862145506821 0.0029844416960490925 0.0062439153582853632 0.01193093109934939 -0.011388240853422861 0.00069053026733528658 -0.033219683236069483 0.00069053026733528658 0.0074398986878279338 0.00069053026733528658 -0.011186840068335428 0.0074398986878279338 -0.011388240853422861 0.0050937854479769194 -0.0054180371812328695 0.0036379646921827179 -0.00066980464529619525 -0.047388321031392372 -0.022885994592147046 -0.0043011350656843471 0.0050937854479769194 0.017548863886861034 -0.085068156332239409 -0.046527179148530197 0.0053098651729129517 -0.025273809515285503 0.0050937854479769194
leaf_weight=36434.740309596062 1203.8327705264091 17659.869830191135 36045.893393501639 35960.369143433869 4719.2374958395958 41032.277904100716 7400.0522816181183 552.51852026581764 12157.610289394855 328.51899410039186 5365.0939712971449 2333.8259907960892 45923.519957154989 2967.3239015340805 10394.15026819706 933.24618789553642 19702.770037122071 3733.9409196972847 10022.392057590187 5551.7562577947974 318.82283554971218 48.407911702990532 4930.4092246741056 5734.7098136395216 6591.3398991078138 71.781234920024872 65.976113013923168 143.61608663201332 162.77226797491312 1705.8933532312512
leaf_count=58046 1817 43228 58203 93945 8169 82749 10650 1211 40510 1303 12198 3362 136765 7883 16686 2676 51239 7177 23272 20561 1114 91 17890 17245 7516 322 312 248 875 5298
internal_value=0.00487996 0.00439287 0.00315781 0.00552014 0.00623718 0.00504793 0.0104869 0.00151831 -0.00111649 -0.00416191 -0.00355117 0.00249755 0.00167566 -0.00251109 0.00823278 -0.00529836 0.00571426 -0.000727508 0.00672595 -0.00260137 -0.0202654 -0.0343837 0.00394366 0.00164663 0.0156291 0.00317983 -0.0148197 0.00530987 -0.00224751 -0.00167529
internal_weight=320197 294607 176451 72287.6 118157 81722 25589.4 104163 28223.3 16065.7 15737.2 75939.6 63583.4 14817.4 17794.2 9452.33 73268.8 8453.18 12356.2 6485 919.749 367.231 32236.6 12533.8 7795.17 36241.7 281.373 209.592 6799.07 6636.3
internal_count=732561 695892 447204 153030 248688 190642 36669 294174 87547 47037 45734 206627 179993 43318 27336 31120 175296 15346 26634 23237 2416 1205 92547 41308 9333 94827 882 560 24063 23188
is_linear=0
shrinkage=0.05


Tree=62
num_leaves=31
num_cat=0
split_feature=9 8 8 12 8 1 8 10 5 3 6 3 10 7 12 7 7 9 9 10 7 6 9 6 14 7 14 14 9 10
split_gain=454.263 317.801 297.299 314.919 290.775 267.989 191.573 187.755 181.797 130.202 121.177 127.015 120.171 112.438 135.671 103.351 101.201 94.1537 91.5171 102.966 90.2919 86.4025 67.7054 65.7136 63.2961 60.0954 52.2302 49.8846 48.5233 48.5166
threshold=7714069.5000000009 5320895.5000000009 12130922.500000002 11.949999809265138 10052930.500000002 0.046620300039649017 1289243.5000000002 0.24999500066041949 0.079455267637968077 0.073415715247392668 0.20257303118705752 -0.16294574737548825 0.52732190489768993 inf 12.22499990463257 140100.00000000003 19602.200195312504 1.0000000180025095e-35 3211691.0000000005 0.5004003942012788 35003.500000000007 0.0058937692083418378 3211691.0000000005 0.069241665303707137 -0.079001326113939271 6816.0000000000009 0.44115051627159124 -0.10883838310837744 1.0000000180025095e-35 0.2105745151638985
decision_type=10 2 2 2 2 2 2 10 2 2 10 2 10 8 2 8 8 10 8 10 10 8 10 10 2 10 2 2 10 8
left_child=1 5 4 9 8 6 7 20 13 16 11 15 -10 14 -3 -6 -4 -15 -8 -20 -1 22 -5 29 -19 -12 -7 -13 -16 -2
right_child=23 2 3 21 10 26 18 -9 12 -11 25 27 -14 17 28 -17 -18 24 19 -21 -22 -23 -24 -25 -26 -27 -28 -29 -30 -31
leaf_value=-0.020984329070217432 -0.015539803207685677 0.0070717232696198284 0.014087613053821431 -0.013672040895313049 -0.009598056343072231 0.011092569331817979 0.0084770668704754869 0.0023170211816784629 0.0079264088132134872 0.01974734780727486 0.015104047902744369 -0.0090460750368608882 0.025838035871693251 0.0016231246340237767 0.0016231246340237767 -0.03769698392248802 0.0071063831755269341 -0.017824918687592374 0.0039749376892387576 0.0082964680662259045 -0.064243226538094 0.0030725492724298156 -0.07990388585796547 0.025144409512888339 -0.0022739365662823273 0.0017979298105637587 0.022897556050136908 -0.0021143694326269747 0.0043474239518218024 0.013880646006752713
leaf_weight=328.32327703386545 140.86912225186825 19977.264480859041 3506.2941247224808 227.76090902462602 1533.2059610635042 17952.230663880706 15817.733736231923 715.36179591715336 3355.7901164069772 2822.5079229548573 935.68360017240047 718.44762556254864 1298.5581874251366 1133.3381503224373 17413.545204661787 414.89760294556618 21890.652270056307 681.6671472042799 69374.200763877481 17202.738650269806 191.6774976439774 48014.386014580727 44.785172428935766 1381.728871807456 15288.716797120869 8936.6971192359924 988.76236675679684 31819.990399748087 7312.6253142431378 8638.7805505245924
leaf_count=1406 314 35173 4727 959 3224 24350 29202 2156 4580 3078 1758 1534 1273 2392 58268 1151 35967 1481 159669 34317 1130 114532 227 1910 44866 24992 981 105140 18033 14304
internal_value=0.00460439 0.00426323 0.00296799 0.00536528 0.00131292 0.00624268 0.00524297 -0.0143143 0.00340527 0.00956137 -0.00182201 -0.0032202 0.0129327 0.00268742 0.00400649 -0.015615 0.00842788 -0.000760237 0.00547919 0.00483379 -0.037115 0.00291274 -0.0250582 0.0150061 -0.00293985 0.00306186 0.0117112 -0.0024772 0.00162312 0.0134052
internal_weight=320059 309898 187327 76506.4 110820 122571 103630 1235.36 66461.5 28219.5 44358.9 34486.5 4654.35 61807.2 44703.4 1948.1 25396.9 17103.7 102395 86576.9 520.001 48286.9 272.546 10161.4 15970.4 9872.38 18941 32538.4 24726.2 8779.65
internal_count=733094 716566 463355 159490 303865 253211 227880 4692 166066 43772 137799 111049 5853 160213 111474 4375 40694 48739 223188 193986 2536 115718 1186 16528 46347 26750 25331 106674 76301 14618
is_linear=0
shrinkage=0.05


Tree=63
num_leaves=31
num_cat=0
split_feature=9 5 9 4 11 10 8 6 11 14 1 10 18 6 8 11 6 10 4 14 8 6 11 8 1 8 3 11 17 8
split_gain=348.6 303.537 186.178 152.993 146.629 140.429 90.7933 91.6134 96.757 87.0044 83.879 77.9241 76.8714 60.8923 51.862 50.5318 50.0509 62.041 47.4872 45.5935 45.2998 42.0936 39.8305 39.4079 47.1159 37.5318 63.2956 33.0715 58.8342 37.3995
threshold=7714069.5000000009 0.012903762981295587 3211691.0000000005 12.500000000000002 57.500000000000007 0.7334517538547517 1289243.5000000002 0.013957562390714886 103.50000000000001 -0.014019926078617571 0.0082305916585028189 0.080018397420644774 6.5000000000000009 0.5436544418334962 5320895.5000000009 33.500000000000007 0.070036113262176528 0.10570267215371133 12.500000000000002 0.080915343016386046 10052930.500000002 0.07426562532782556 110.50000000000001 5320895.5000000009 0.020942983217537407 13439690.500000002 -0.0010940146748907862 1.0000000180025095e-35 1.0000000180025095e-35 15089427.500000002
decision_type=10 2 8 2 2 10 2 10 2 2 2 8 2 10 2 2 10 8 2 2 2 8 2 2 2 2 2 2 2 2
left_child=1 2 22 4 13 6 11 8 9 18 15 -4 -10 14 -3 -9 17 -2 -8 -5 -6 -13 -1 -20 -25 26 -26 28 29 -11
right_child=16 3 5 19 20 -7 7 10 12 27 -12 21 -14 -15 -16 -17 -18 -19 23 -21 -22 -23 -24 24 25 -27 -28 -29 -30 -31
leaf_value=0.005417877704040279 -0.033441433566673104 0.013680945620748975 -0.055421877552176174 0.005417877704040279 0.029926022114206776 0.005417877704040279 -0.0012382009389365709 0.0029184880790817146 -0.053644143263766625 -0.0012382009389365709 0.0037804666607870172 -0.026820164059534215 0.0020421376026290732 0.025104686548162565 0.0084269470984476482 0.0020421376026290732 0.022037973951430898 0.012112504048285443 -0.0042221713738752305 0.0084269470984476482 0.010242811920501698 -0.0024533730083648956 -0.045858052633948404 -0.032141995861202449 -0.020761111035373918 -0.0042221713738752305 -0.0042221713738752305 0.0020421376026290732 0.0020421376026290732 0.0020421376026290732
leaf_weight=34347.588388383389 73.531714007258415 4995.1410544514656 93.41105168312788 13634.480119779706 1292.6461073830724 19178.582281693816 2656.1040995121002 41814.741490878165 142.45953461527824 16433.338290721178 34582.172287806869 228.65097096934915 45.727330058813095 625.73539204150438 9262.340189486742 48904.208803422749 1361.3953806087375 8605.3624496459961 2308.7474943846464 8846.2702307552099 381.15171352028847 767.49772557616234 57.274280667304993 249.27803948521614 655.4357283860445 1077.0481308698654 710.6419894695282 35278.914927642792 24969.000912383199 5069.995493710041
leaf_count=66085 189 5878 558 25001 1154 39382 4647 102764 733 42666 66443 833 154 602 12798 150287 1921 14446 4834 12959 487 2838 195 959 2260 2195 1777 106536 52239 9251
internal_value=0.00395432 0.00365597 0.0030592 0.00777656 0.011436 0.00252708 0.00214306 0.0022161 0.000995209 0.00107097 0.00308907 -0.012241 -0.0346303 0.00985548 0.0091828 0.00205651 0.0131222 0.0117189 -0.00402475 0.00541788 0.0254614 -0.00808894 0.00541788 -0.00720614 -0.0115099 -0.00938023 -0.015 0.00154834 0.000556162 -0.0012382
internal_weight=318649 308609 269571 39037.8 16557 235166 215987 214898 89596.7 89408.5 125301 1089.56 188.187 14883.2 14257.5 90719 10040.3 8678.89 7657.26 22480.8 1673.8 996.149 34404.9 5001.15 2692.4 2443.13 1366.08 81751.2 46472.3 21503.3
internal_count=733071 716515 657636 58879 20919 591356 551974 547745 228251 227364 319494 4229 887 19278 18676 253051 16556 14635 16672 37960 1641 3671 66280 12025 7191 6232 4037 210692 104156 51917
is_linear=0
shrinkage=0.05


Tree=64
num_leaves=31
num_cat=0
split_feature=12 11 11 6 11 11 11 3 7 11 12 8 11 10 10 10 13 9 6 14 7 14 8 9 1 14 14 11 7 7
split_gain=277.766 616.551 568.693 158.93 122.11 320.397 183.208 115.588 103.369 99.0883 226.272 90.4899 74.9417 65.9453 62.572 61.4475 59.6155 58.8824 57.6136 54.9658 110.173 54.6267 52.039 49.147 48.1642 44.4789 44.3963 43.1329 42.3771 52.3694
threshold=10.949999809265138 1.0000000180025095e-35 10.500000000000002 0.0090917046181857603 23.500000000000004 33.500000000000007 21.500000000000004 0.77343308925628673 58060.000000000007 43.500000000000007 21.774999618530277 10052930.500000002 12.500000000000002 0.54296705126762401 0.29138357937335974 0.06243600137531758 0.52134993672370922 1.0000000180025095e-35 0.2963512390851975 -0.0076178452000021926 82100.000000000015 -0.10753119364380835 15089427.500000002 3211691.0000000005 0.044709488749504096 -0.1906926408410072 -0.05978646129369735 44.500000000000007 17002.200195312504 2149.9001464843755
decision_type=2 2 2 8 2 2 2 2 10 2 2 2 2 10 8 8 2 10 10 2 8 2 2 8 2 2 2 2 8 10
left_child=1 28 14 8 6 15 23 16 -2 12 11 26 13 17 -3 -6 27 22 -13 20 -14 -17 -5 -4 -10 -25 -11 -7 29 -1
right_child=3 2 4 9 5 7 -8 -9 24 10 -12 18 19 -15 -16 21 -18 -19 -20 -21 -22 -23 -24 25 -26 -27 -28 -29 -30 -31
leaf_value=0.038267259223830674 -0.0043849750491813467 0.0088774158518603458 0.026037482247537408 -0.0043849750491813467 0.0046092830214306615 0.0048450283429607791 0.0046092830214306615 0.021121800507030952 -0.039923002527267534 0.00087695550442946392 -0.0018242465678271038 0.00087695550442946392 0.0027951228841401709 0.0046092830214306615 0.032585594199421121 0.016188058991789059 0.014568482293017777 0.0024039335110555443 0.0046092830214306615 0.0046092830214306615 -0.0043849750491813467 0.030468159937500208 0.0024039335110555443 0.0046092830214306615 -0.017791195327268024 0.014566200494647089 0.0046092830214306615 0.0099420604661644638 0.0046092830214306615 0.0098507041415761606
leaf_weight=163.72847892343998 1251.2419163063169 307.05204409360886 792.58727703243494 7482.4780248701572 227.71609026193619 8894.7289941012859 11377.116049855947 1860.6269101426005 428.16337130963802 1786.5631566494703 27694.396827477962 16055.187723204494 6468.1553017646074 4249.0052864551544 3170.0481569692492 412.06265990436077 780.51733745634556 10045.021645471454 5262.2104164063931 82142.226048909128 4215.7795911580324 2751.419946372509 1841.0246761292219 454.16386461257935 68.69208125770092 3662.0220985263586 41460.021104775369 7792.6237412691116 58325.084587305784 8092.2282932251692
leaf_count=165 4363 459 820 17409 365 13277 17420 1908 2171 3510 103654 39135 11330 7398 3032 555 737 17917 11800 214603 8531 2887 3179 738 107 4865 92403 10901 123935 13239
internal_value=0.00411602 0.00616388 0.0111274 0.00305469 0.00939915 0.0117678 0.00609365 0.00927891 -0.0119504 0.00318049 0.00195644 0.00357816 0.00415024 0.00161382 0.0304983 0.02594 0.00801516 0.000198584 0.000889985 0.00460928 0.000980963 0.0277668 -0.00268418 0.0146385 -0.0311974 0.012432 0.00460928 0.00722614 0.00460928 0.0104234
internal_weight=319514 109064 42482.7 210450 39005.6 22719.7 16285.9 19328.5 1748.1 208702 92258.4 64564 116444 23617.5 3477.1 3391.2 17467.9 19368.5 21317.4 92826.2 10683.9 3163.48 9323.5 4908.77 496.855 4116.19 43246.6 16687.4 66581 8255.96
internal_count=732813 195303 57964 537510 54473 30630 23843 26823 6641 530869 250502 146848 280367 45903 3491 3807 24915 38505 50935 234464 19861 3442 20588 6423 2278 5603 95913 24178 137339 13404
is_linear=0
shrinkage=0.05


Tree=65
num_leaves=31
num_cat=0
split_feature=9 9 7 7 11 12 7 11 7 14 6 1 12 11 18 6 11 9 10 9 7 10 11 1 9 12 14 10 11 12
split_gain=274.131 224.765 238.096 231.178 169.133 393.611 147.649 143.764 105.122 97.358 96.1222 86.3055 80.3768 71.046 63.5167 93.3922 143.763 63.4929 61.2063 56.9379 70.2914 49.3436 105.783 55.2445 44.7038 42.3397 42.2229 41.8844 40.5092 53.6204
threshold=7714069.5000000009 3211691.0000000005 8010.0000000000009 150200.00000000003 1.0000000180025095e-35 11.949999809265138 27670.000000000004 21.500000000000004 197024.50000000003 -0.1906926408410072 0.28146463632583624 0.014319890644401314 7.9444444179534921 42.500000000000007 6.5000000000000009 0.013957562390714886 76.500000000000014 3211691.0000000005 0.45011143386363989 3211691.0000000005 130100.00000000001 0.27783857285976415 36.500000000000007 0.022305141203105453 3211691.0000000005 15.436508178710939 -1.0000000180025095e-35 0.81675708293914806 33.500000000000007 13.887499809265138
decision_type=10 8 8 8 2 2 8 2 10 2 10 2 2 2 2 10 2 10 10 10 8 8 2 2 10 2 2 10 2 2
left_child=1 3 7 12 6 -6 18 10 19 -7 -3 13 -1 -5 15 16 21 28 -4 -8 -21 22 -11 -24 -18 -15 -23 -2 -17 -30
right_child=27 2 4 11 5 9 8 -9 -10 14 -12 -13 -14 25 -16 17 24 -19 -20 20 -22 26 23 -25 -26 -27 -28 -29 29 -31
leaf_value=0.023239020930731276 0.011764295425072168 0.013395180001921976 0.0023573403437023269 0.0045093735953253521 0.0068894228183765151 -0.10587999356451588 -0.0027623703343867215 0.0068894228183765151 -0.074621735654031129 -0.0055864473540443802 0.030303534558272439 0.0093895506607166307 0.011688262461930617 0.0064221153575504649 0.0046775679344539653 0.003308929296823835 -0.051700610301221951 0.0034536953178978197 0.0068894228183765151 0.0023573403437023269 -0.0012417546447748944 -0.0037251048105767523 -0.051700610301221951 -0.0055864473540443802 -0.015934042008989218 -0.0075430934644308001 0.0013595925753904772 0.038497829706494582 0.0034536953178978197 0.0013595925753904772
leaf_weight=1843.9930604621768 9767.7730941995978 3819.8342746123672 3218.1532059013844 19033.12913428247 40379.308129422367 18.732798174023628 21007.070257142186 4948.9436533525586 46.52648951113224 523.56400944292545 1078.9033831804991 6419.7284735813737 8262.2587995603681 504.81262846291065 6624.4915878251195 39642.87701716274 46.864921573549509 25886.620614372194 6553.5970758348703 2376.2580655664206 15994.49452149868 4509.3190288543701 174.93975074961782 81.187603443861008 993.69918425008655 2070.9750103354454 27459.362327508628 147.17203485965729 9323.0155005455017 56354.832101020962
leaf_count=2189 16328 5746 6866 37426 58511 78 53848 10526 218 1718 1129 9611 14384 963 21772 99977 310 54131 11415 3740 32966 10539 1229 197 3657 6320 81526 129 16194 168674
internal_value=0.00398578 0.0037233 0.00321761 0.00731736 0.00292983 0.00354269 0.000288584 0.010849 -0.0010752 0.00246571 0.0171299 0.0049791 0.0138 0.00345468 0.00247877 0.00222982 -0.000114295 0.00283348 0.00578988 -0.000984512 0.00104856 0.00046758 -0.0119439 -0.0394562 -0.0183927 -0.00433616 0.000771015 0.0121688 0.00204425 0.00135959
internal_weight=319112 309197 271063 38134.9 261215 212019 49196.1 9847.68 39424.3 171640 4898.74 28028.6 10106.3 21608.9 171621 164996 33788.9 131207 9771.75 39377.8 18370.8 32748.4 779.691 256.127 1040.56 2575.79 31968.7 9914.95 105321 65677.8
internal_count=732317 715860 644967 70893 627566 518513 109053 17401 90772 460002 6875 54320 16573 44709 459924 438152 99176 338976 18281 90554 36706 95209 3144 1426 3967 7283 92065 16457 284845 184868
is_linear=0
shrinkage=0.05


Tree=66
num_leaves=31
num_cat=0
split_feature=3 9 9 11 4 7 8 11 8 13 11 1 8 11 13 8 11 14 11 11 6 0 3 3 6 7 11 18 17 1
split_gain=297.199 166.047 153.446 137.924 192.348 178.452 120.976 108.65 100.392 85.2921 77.5153 189.157 77.4236 58.475 67.6861 53.9048 87.4986 69.3237 53.7288 101.482 51.0735 75.5686 137.022 49.6529 48.1333 41.0034 40.9884 33.6086 32.5753 31.9563
threshold=0.011662250384688379 3211691.0000000005 7714069.5000000009 1.0000000180025095e-35 12.500000000000002 27670.000000000004 15089427.500000002 110.50000000000001 5320895.5000000009 -0.034842789173126214 88.500000000000014 0.051836095750331886 12130922.500000002 33.500000000000007 0.085602473467588439 10052930.500000002 42.500000000000007 -0.10579004511237143 23.500000000000004 11.500000000000002 0.07256875187158586 2.5000000000000004 -0.055025408044457429 1.0495337843894961 0.047941429540514953 150200.00000000003 43.500000000000007 6.5000000000000009 1.0000000180025095e-35 0.044709488749504096
decision_type=2 8 10 2 2 8 2 2 2 2 2 2 2 2 2 2 2 2 2 2 8 2 2 2 10 8 2 2 2 2
left_child=1 7 3 5 18 -3 8 25 -7 10 20 -12 15 28 27 16 17 -2 19 -5 21 22 24 -18 -6 -1 -27 -15 -11 -24
right_child=12 2 -4 4 9 6 -8 -9 -10 13 11 -13 -14 14 -16 -17 23 -19 -20 -21 -22 -23 29 -25 -26 26 -28 -29 -30 -31
leaf_value=0.0060269794891285033 0.0060269794891285033 0.0052891913132536786 0.0060269794891285033 0.0060269794891285033 -0.096874933617959388 1.2098667210727421e-05 0.0019013950593160197 -0.065622567805439694 -0.0057668267496718897 0.0014722482999920457 -0.096944148281443765 -1.2328665153099085e-05 0.013940162492300338 0.00080444286242260213 0.0039010088806625239 0.0060269794891285033 0.0060269794891285033 0.016174180628389483 0.0060269794891285033 0.0039010088806625239 -0.00034663869694844082 -0.0055023544484128556 -0.037742117742702294 0.019005530742003743 -0.03897898239265879 0.0048419572478246948 -0.00048672741015748301 0.002536320055370586 0.0039010088806625239 -0.012470933753963763
leaf_weight=9271.5045303553343 1915.906215980649 12903.785647079349 9279.4470796585083 2857.2294747680426 61.552604362368584 13987.993107959628 9110.4596868604422 52.001657150685787 16239.135023459792 13887.35633200407 71.408288568258286 61.066117614507675 5771.7867443189025 77779.797830186784 12464.476842179894 3470.063090711832 7903.1539335474372 5444.9926112368703 20091.191529944539 29535.270907387137 7821.6828405410051 251.66576300561428 86.786738187074661 736.86304149031639 93.922125652432442 21987.598287418485 4316.8985674977303 2365.4798283800483 28031.65817424655 922.79228612780571
leaf_count=15437 2733 23574 15864 3151 257 27005 16465 206 47503 46184 295 74 7485 232733 21978 6320 12626 6713 32245 54903 16296 314 270 799 265 41807 10398 8090 79184 2014
internal_value=0.00364789 0.00320014 0.00275516 0.00247064 0.00307803 0.00018733 -0.0014864 0.00602698 -0.00309273 0.00213296 -0.00247889 -0.0401679 0.00885382 0.00245423 0.00175173 0.0073448 0.00927334 0.0132813 0.00566906 0.00393982 -0.00192987 -0.0106581 -0.0194395 0.00602698 -0.0628393 0.00602698 0.00396748 0.00117163 0.00390101 -0.0126449
internal_weight=318775 293532 257904 248625 196383 52241.4 39337.6 35628 30227.1 143900 9370.88 132.474 25242.8 134529 92609.8 19471 16000.9 7360.9 52483.7 32392.5 9238.4 1416.72 1165.05 8640.02 155.475 35576 26304.5 80145.3 41919 1009.58
internal_count=733188 696512 628664 612800 498253 114547 90973 67848 74508 407954 19785 369 36676 388169 262801 29191 22871 9446 90299 58054 19416 3120 2806 13425 522 67642 52205 240823 125368 2284
is_linear=0
shrinkage=0.05


Tree=67
num_leaves=31
num_cat=0
split_feature=10 9 9 17 5 1 12 8 8 11 4 8 12 8 9 11 18 17 3 11 11 11 14 11 11 10 14 11 10 1
split_gain=263 180.558 177.953 167.378 124.37 108.808 106.315 104.828 105.547 100.375 97.1554 93.4749 188.124 132.306 103.123 97.2251 82.3235 163.928 79.8202 78.0489 91.7579 170.061 81.4257 67.1988 64.3308 59.6009 59.4727 58.1683 143.095 55.2908
threshold=0.91074174642562877 3211691.0000000005 7714069.5000000009 1.0000000180025095e-35 0.15655637532472613 0.016438479535281662 13.267857074737551 1289243.5000000002 5320895.5000000009 60.500000000000007 21.500000000000004 13439690.500000002 21.708333015441898 10052930.500000002 3211691.0000000005 11.500000000000002 6.5000000000000009 1.0000000180025095e-35 -0.1489271596074104 2.5000000000000004 65.500000000000014 66.500000000000014 -0.0057714751455932847 21.500000000000004 35.500000000000007 0.42875434458255773 -0.086166717112064348 86.500000000000014 0.32859666645526892 0.034602491185069091
decision_type=10 8 10 2 2 2 2 2 2 2 2 2 2 2 10 2 2 2 2 2 2 2 2 2 2 10 2 2 8 2
left_child=1 3 4 5 7 9 -2 -3 10 -1 -9 13 -13 16 18 -16 17 19 -15 -10 22 -22 -21 25 -17 -20 -25 -14 -29 -26
right_child=6 2 -4 -5 -6 -7 -8 8 11 -11 -12 12 27 14 15 24 -18 -19 23 20 21 -23 -24 26 29 -27 -28 28 -30 -31
leaf_value=0.003028046602032436 0.021901988797416998 -0.011401109933755389 0.0093775569112540622 0.0094461773932387541 0.0094461773932387541 0.0094461773932387541 0.0094461773932387541 0.0054501753671011123 -0.010629489702062777 -0.019345208993991295 0.0022891949374698665 0.0048163190894785811 -0.00097180626163260249 -0.0094332231054253344 -0.055468778164666221 0.0058929107781492979 0.0058929107781492979 0.0031735531826499784 -0.0048613367341720885 -0.0089650178243639751 -0.049940125777020325 0.0013324257861652522 0.0035482093012406284 -0.0049913208624684088 -0.074043462128634732 0.0014435055955416304 0.0017737589154874307 -0.049180456106977875 0.0016650255541941794 0.0027080104077959414
leaf_weight=20939.396940588951 2786.1467596068978 1378.7225393950939 9739.9583226665854 10144.976492933929 5493.9637137800455 6281.1689652875066 1461.7437329441309 43984.727648571134 2961.9623059928417 511.63470197468996 54349.91502834484 45107.630081780255 15598.67717538029 2690.30682079494 163.18730130791664 219.89343376457691 1146.9581563472748 42941.427935872227 12078.357557788491 1705.1688886284828 263.05987592786551 414.57097391784191 5449.6962228417397 871.2463556677103 54.340867266058922 5433.5981451123953 23168.563084095716 212.34100004658103 241.21423305571079 39.978407755494118
leaf_count=43042 3398 4863 16557 16850 6835 9290 3542 72432 7896 1665 138828 84093 47126 5893 674 650 2476 107119 37807 4197 1379 1410 19075 1780 272 12889 78468 978 865 75
internal_value=0.00335241 0.00318495 0.00274021 0.00642186 0.00249708 0.00419391 0.0157074 0.00233964 0.00241285 0.00249266 0.00370317 0.00162355 0.00316213 0.000678761 -0.00134002 -0.0244053 0.00232368 0.00178896 -0.00109003 -0.00371868 -0.00110321 -0.0186602 0.000564348 -0.000549419 -0.00802366 -0.00290513 0.00116672 -0.00148627 -0.0190977 -0.0421307
internal_weight=317835 313587 275709 37877.2 265970 27732.2 4247.89 260476 259097 21451 98334.6 160762 61159.9 99602.3 44719.5 477.4 54882.8 53735.9 44242.1 10794.5 7832.5 677.631 7154.87 41551.8 314.213 17512 24039.8 16052.2 453.555 94.3193
internal_count=732424 725484 654637 70847 638080 53997 6940 631245 626382 44707 211260 415122 133062 282060 138508 1671 143552 141076 136837 33957 26061 2789 23272 130944 997 50696 80248 48969 1843 347
is_linear=0
shrinkage=0.05


Tree=68
num_leaves=31
num_cat=0
split_feature=9 14 9 6 6 3 18 9 17 11 14 4 12 10 11 5 12 6 14 6 11 11 14 10 11 6 11 12 11 11
split_gain=218.782 159.852 120.686 72.8538 69.9392 65.1992 55.7149 55.5259 94.1598 101.732 58.8817 51.5346 50.4613 47.4465 70.1098 43.4887 41.2885 55.5486 34.4224 29.9798 62.5233 29.2253 25.1032 24.7927 47.1148 24.2828 40.6872 24.1113 44.8829 51.444
threshold=7714069.5000000009 0.080915343016386046 3211691.0000000005 0.27498221397399908 0.077505085617303862 0.009682346601039173 6.5000000000000009 3211691.0000000005 1.0000000180025095e-35 1.0000000180025095e-35 -0.045547308400273316 21.500000000000004 7.9444444179534921 0.2105745151638985 13.500000000000002 0.10566188395023347 20.774999618530277 0.0090917046181857603 -0.022943723015487191 0.013957562390714886 69.500000000000014 34.500000000000007 -0.026065163314342495 0.18286825716495517 45.500000000000007 0.087612550705671324 65.500000000000014 15.354166507720949 55.500000000000007 89.500000000000014
decision_type=10 2 8 10 10 2 2 10 2 2 2 2 2 8 2 2 2 8 2 10 2 2 2 10 2 10 2 2 2 2
left_child=1 2 16 12 13 6 7 11 9 -9 -11 18 -3 14 -2 -5 -1 -18 -4 20 23 22 -6 24 -13 26 -19 -21 -29 -30
right_child=4 3 5 15 21 -7 -8 8 -10 10 -12 19 -14 -15 -16 -17 17 25 -20 27 -22 -23 -24 -25 -26 -27 -28 28 29 -31
leaf_value=0.005028125053897158 -0.06293388389894207 0.0095968220569902819 0.0014827972863090165 0.0095968220569902819 0.015441368435213976 0.005028125053897158 0.0036279145395394495 -0.0027107007728630356 0.0028057943161421323 -0.0035727141870801229 0.0028057943161421323 -0.011721158915697765 0.005028125053897158 0.0096180544831834837 -0.0041152559897601861 0.019986789002413494 -0.065381218131207383 0.00053180448299493298 0.0028057943161421323 0.0014827972863090165 -0.064633471205584464 0.015441368435213976 0.032434080945515267 -0.0035575380725115929 -0.065319072326342265 0.0031876789237372215 -0.020163810486840562 0.00081924415248437474 -0.0032007520152881942 0.00081924415248437474
leaf_weight=27025.989518456161 57.418630212545395 4976.581798620522 10641.647085227072 2507.7222796529531 56.547782942652702 15854.707024522126 12993.598746240139 15740.970005571842 31524.676654867828 3986.1027193367481 30328.912402063608 196.3319353275001 13391.014123722911 8465.9190260916948 101.01365321874619 1521.4981908425689 29.075735405087471 7110.104275688529 51333.818442001939 11344.722855553031 44.255099251866341 546.10332276672125 645.22010423988104 794.34492433443666 44.736235681921244 1144.630558103323 243.69187062233686 46532.308990709484 16693.371610876173 2598.7363071516156
leaf_count=46237 176 6161 19124 3797 101 25157 41650 32949 63275 7824 86716 1001 21006 14400 187 1620 151 18258 100544 23613 308 884 755 3309 302 2386 917 145175 57168 7755
internal_value=0.00338784 0.0031534 0.00283502 0.00722123 0.0107143 0.0024405 0.0022277 0.00198367 0.00280579 0.000617193 0.00214383 0.00137082 0.00588443 0.00910946 -0.0178486 0.0133092 0.00502813 0.00134723 0.00244785 0.000517741 -0.00774867 0.0217733 0.0286965 -0.00519741 -0.0198848 0.00159086 -0.000159308 0.000633594 0.000155691 -0.00188591
internal_weight=318476 308604 286207 22396.8 9872.22 250653 234799 221805 81580.7 50056 34315 140224 18367.6 8624.35 158.432 4029.22 35553.5 8527.5 61975.5 78248.8 1079.67 1247.87 701.768 1035.41 241.068 8498.43 7353.8 77169.1 65824.4 19292.1
internal_count=732906 716403 683819 32584 16503 615870 590713 549063 190764 127489 94540 358299 27167 14763 363 5417 67949 21712 119668 238631 4920 1740 856 4612 1303 21561 19175 233711 210098 64923
is_linear=0
shrinkage=0.05


Tree=69
num_leaves=31
num_cat=0
split_feature=5 8 8 8 14 11 8 2 6 3 13 11 7 11 11 7 6 10 6 11 7 13 5 11 7 6 6 3 10 11
split_gain=193.99 177.884 151.705 169.635 162.569 143.303 136.55 120.756 112.699 134.533 109.82 106.557 99.9235 99.6855 92.4786 90.8101 87.4182 87.165 104.885 80.427 78.692 76.35 72.7387 90.4899 72.3307 71.5602 67.4436 63.7159 61.7255 73.2342
threshold=0.15954545140266421 5320895.5000000009 13439690.500000002 10052930.500000002 -0.10883838310837744 65.500000000000014 1289243.5000000002 1.0000000180025095e-35 0.17115274071693423 -0.035754101350903504 -0.024623334407806393 66.500000000000014 40005.000000000007 43.500000000000007 106.50000000000001 69010.000000000015 0.067570522427558913 0.24999500066041949 0.081684678792953505 1.0000000180025095e-35 27005.600585937504 0.07330589741468431 0.029268989339470867 20.500000000000004 129300.00000000001 0.097895588725805296 0.0040080321487039336 0.00029801116033922886 0.42834821343421942 92.500000000000014
decision_type=2 2 2 2 2 2 2 2 10 2 2 2 10 2 2 8 8 10 8 2 8 2 2 2 10 10 8 2 10 2
left_child=1 5 3 13 12 6 17 20 9 -6 14 21 -5 15 16 -3 -7 18 -1 -17 -8 -12 23 24 -4 -15 -21 -27 29 -13
right_child=-2 2 22 4 8 10 7 -9 -10 -11 11 28 -14 25 -16 19 -18 -19 -20 26 -22 -23 -24 -25 -26 27 -28 -29 -30 -31
leaf_value=-0.078361669182457405 0.011635683422014917 0.0058940460999901767 0.00513603935452358 -0.010635951610032161 -0.010328932925785289 -0.094037910397739802 0.0056535108791787216 0.0072005649537334225 0.0029167042026531746 -0.0018749856448857822 -0.0068883165021047278 0.0041604072072243675 -0.042067175646191467 -0.0043350717180207447 -0.066515067771605166 -0.0032762796652268246 -0.0087546583370297134 0.00046566779858785758 -0.01698013826383496 -0.072668560996128603 0.0032936753688231424 0.0058833484388457827 0.0072005649537334225 0.0017332535975093815 -0.023786797178190301 -0.0002432108837376899 0.0035421765367018398 0.0066583325340016878 0.0072005649537334225 -0.0068883165021047278
leaf_weight=79.143278416246176 6286.6613625064492 22506.736953563988 24602.238429322839 906.50962197780609 1660.7682489454746 28.905213922262192 12103.283649519086 24400.20645455271 12020.281762719154 30663.790709100664 3365.8606157507747 4832.7255889438093 349.85280320048332 7489.7938179001212 78.52159321308136 6567.4391502887011 1126.5071111619473 715.85801188647747 504.56593402475119 27.036968626081944 71094.006173096597 1245.4563572704792 5154.4443501085043 45383.358731921762 218.55747650563717 13307.351105026901 12265.208596430719 4464.690909922123 2348.1489173173904 1522.3404938429594
leaf_count=453 7557 48853 41202 1782 4189 124 22288 37179 33331 100290 11755 11459 910 24647 268 15193 2440 1941 1914 161 156837 2152 6995 109875 527 39243 31926 7951 4889 4125
internal_value=0.00294125 0.00276545 0.00179542 0.000630251 -0.00171942 0.00423945 0.00486211 0.00505676 -0.00121647 -0.00275353 -0.00042129 0.000902028 -0.0194414 0.0022384 -0.0146787 0.00374969 -0.011047 -0.0112371 -0.0255418 0.00119031 0.00410646 -0.00524163 0.00353061 0.00307151 0.00513604 -0.000236454 0.00354218 0.00149115 0.00415764 0.00112025
internal_weight=317320 311034 187588 112229 45601.2 123446 108897 107597 44344.8 32324.6 14548.5 13314.5 1256.36 66628.3 1233.93 41366.4 1155.41 1299.57 583.709 18859.7 83197.3 4611.32 75358.6 70204.2 24820.8 25261.8 12292.2 17772 8703.22 6355.07
internal_count=732456 724899 467075 308476 140502 257824 220612 216304 137810 104479 37212 34380 2692 167974 2832 96133 2564 4308 2367 47280 179125 13907 158599 151604 41729 71841 32087 47194 20473 15584
is_linear=0
shrinkage=0.05


Tree=70
num_leaves=31
num_cat=0
split_feature=10 4 11 10 11 11 12 12 6 11 6 11 3 6 7 7 11 11 13 12 10 10 11 6 18 12 6 7 11 7
split_gain=164.981 98.1232 214.381 108.517 64.7992 62.9534 112.095 61.146 59.5629 42.0291 35.9725 49.6801 29.4033 27.7099 27.0135 23.9166 23.0238 62.18 25.7284 21.4929 20.9229 20.7008 20.3697 37.0941 38.4234 19.9162 18.0054 68.5605 17.9274 16.4108
threshold=0.90672317147254955 21.500000000000004 23.500000000000004 0.76803451776504528 42.500000000000007 43.500000000000007 21.774999618530277 7.5357143878936776 0.10327889770269395 45.500000000000007 0.1427215784788132 21.500000000000004 0.0025680841645225887 0.35566465556621557 196900.00000000003 2149.9001464843755 34.500000000000007 33.500000000000007 -0.033003883436322205 18.366666793823246 0.69850412011146557 0.86544084548950206 65.500000000000014 0.079201109707355513 6.5000000000000009 10.535714149475099 0.0090917046181857603 58060.000000000007 23.500000000000004 18020.000000000004
decision_type=10 2 2 10 2 2 2 2 10 2 10 2 2 10 10 10 2 2 2 2 10 8 2 10 2 2 8 10 2 8
left_child=1 2 3 29 10 26 9 -4 14 -7 15 13 -13 -12 22 -2 17 21 -18 -11 -16 25 -8 24 -24 -9 27 -3 -14 -1
right_child=4 5 7 -5 -6 6 8 16 -10 19 11 12 28 -15 20 -17 18 -19 -20 -21 -22 -23 23 -25 -26 -27 -28 -29 -30 -31
leaf_value=0.0055312923572073472 0.015739363897535653 -0.0013777284856717168 0.007966662178672505 0.007966662178672505 0.007966662178672505 0.00061152440362667549 -0.0029327191088484679 0.0054133909057721263 0.00061152440362667549 0.0030959225357421877 0.015739363897535653 0.015739363897535653 0.024220878302556863 0.038391619311162445 -0.057687487694712727 0.007966662178672505 0.0030959225357421877 0.0030959225357421877 0.0067833922853907484 0.001110195469825231 -0.019661403977906184 0.0067833922853907484 -0.01817023279168389 -0.0017171011971500744 -0.0074317246987733419 0.0030959225357421877 0.0030959225357421877 -0.038963095962135569 0.045088786623499105 0.0030959225357421877
leaf_weight=7196.1036539971828 152.93016384541988 502.79173880442977 8400.5070921108127 6766.178493283689 950.55746534466743 12013.790715768933 9655.6049235332757 1029.4990241676569 16193.631559953094 33928.965896256268 151.00054614245892 1174.0313547849655 109.08889300376177 485.41400857269764 46.459639016538858 1261.8232981562614 2593.9796946942806 6657.5796705335379 13356.269085206091 13836.5101384148 19.588301494717598 3087.4659691601992 1227.2519740182906 479.47354225814342 166.55731256306171 6247.5852679014206 66335.163635790348 128.30423668771982 146.09995061159134 104075.1685199216
leaf_count=12245 137 1868 10518 10516 2210 26062 37142 1393 57453 71154 202 2322 131 417 375 2012 4463 11220 20394 42067 100 4748 6632 1914 803 11437 187610 742 99 204056
internal_value=0.00324495 0.00310967 0.00398001 0.00309592 0.0128237 0.00221183 0.00131357 0.00709161 -0.00131018 0.00253323 0.016718 0.0209268 0.0157394 0.0325462 -0.00404573 0.010552 0.00560012 0.0043139 0.00678339 0.00309592 -0.0354632 0.00678339 -0.00385962 -0.00862899 -0.0131463 0.00404339 0.00309592 -0.00585138 0.0327024 0.00309592
internal_weight=318375 313944 159410 118037 4430.95 154534 87567.8 41372.9 27788.6 59779.3 3480.39 2065.63 1429.22 636.415 11594.9 1414.75 32972.4 17022.1 15950.2 47765.5 66.0479 10364.6 11528.9 1873.28 1393.81 7277.08 66966.3 631.096 255.189 111271
internal_count=732442 724912 290990 226817 7530 433922 243702 64173 104419 139283 5320 3171 2552 619 46966 2149 53655 28798 24857 113221 475 17578 46491 9349 7435 12830 190220 2610 230 216301
is_linear=0
shrinkage=0.05


Tree=71
num_leaves=31
num_cat=0
split_feature=10 12 11 11 11 11 11 11 11 13 12 6 8 13 6 11 7 8 6 7 8 6 13 8 7 6 10 7 11 7
split_gain=163.203 155.004 350.362 333.038 244.485 141.481 111.903 79.1322 126.591 119.735 115.833 87.3662 55.5229 54.0736 48.1233 43.5547 43.3554 40.916 39.1054 34.0035 32.2555 28.7346 28.5288 27.7371 27.0267 25.7523 36.4726 40.3651 23.5672 52.9259
threshold=0.94803845882415783 11.949999809265138 1.0000000180025095e-35 21.500000000000004 23.500000000000004 33.500000000000007 45.500000000000007 12.500000000000002 43.500000000000007 -0.11660353466868399 21.774999618530277 0.013957562390714886 5320895.5000000009 0.52484878897666942 0.15575250238180163 65.500000000000014 198800.00000000003 10052930.500000002 0.25924760103225714 16920.000000000004 5320895.5000000009 0.0040080321487039336 -0.012615652289241551 5320895.5000000009 37830.000000000007 0.040998572483658798 0.062622431665658965 140100.00000000003 55.500000000000007 2608.400024414063
decision_type=10 2 2 2 2 2 2 2 2 2 2 8 2 2 10 2 8 2 10 8 2 8 2 2 10 8 10 10 2 10
left_child=1 2 19 -4 -5 -6 13 11 21 -10 12 -3 -11 20 15 -8 17 23 -14 -1 -7 -9 -2 -13 -19 26 -12 -28 -24 -30
right_child=22 7 3 4 5 6 14 8 9 10 25 16 18 -15 -16 -17 -18 24 -20 -21 -22 -23 28 -25 -26 -27 27 -29 29 -31
leaf_value=0.00847998427765859 0.011839017322371503 -0.025316798421781462 0.011839017322371503 0.0032037586651139562 0.011839017322371503 0.0075213879937427288 0.0089375784008853352 -0.01181630059814559 -0.10750764559339568 0.0032037586651139562 -0.042512132332567017 -0.00059448690837581909 0.00031138606667451517 0.011839017322371503 0.011839017322371503 0.0032037586651139562 -0.0034283662043010366 0.0032037586651139562 0.0032037586651139562 0.0032037586651139562 0.0032037586651139562 0.0032037586651139562 0.021122887649919909 0.0032037586651139562 -0.0011099076030862229 -0.0013825028824601823 -0.006123552751975586 -0.024717118415270529 0.078374432409962266 0.018695459309288242
leaf_weight=7620.709719017148 95.869861721992493 352.74624240398407 8561.3204774111509 13001.710121914744 3350.8961468562484 4103.2940664738417 2840.8846861869097 455.5983570702374 23.413468435406685 24757.947777494788 79.087550912052393 4902.3344907909632 25348.039664342999 797.3259275406599 7106.2928897514939 1637.7129909396172 7498.3555598855019 3597.1248127371073 11066.180977523327 58243.225491926074 7074.2228434756398 89611.035218086094 1021.6004371270537 3453.9268302321434 3419.152258336544 27152.839335445315 565.11529492773116 89.30857665091753 59.642793014645576 97.950268231332302
leaf_count=12504 207 876 10355 20886 3936 5595 4027 1898 98 52035 546 8764 64181 862 9486 2653 15185 7095 26155 124217 11596 229279 1522 6236 7942 101222 2847 545 45 162
internal_value=0.00295564 0.00288369 0.0043553 0.00780779 0.00546697 0.00870907 0.00671911 0.00205222 0.0024082 0.00100703 0.00103797 -0.000693806 0.00225545 0.00332892 0.0102222 0.00603614 -0.000311856 0.00120855 0.00089661 0.00320376 0.00320376 0.00320376 0.0207943 0.00320376 -0.00110991 -0.00163268 -0.0108646 -0.0069221 0.0239768 0.0419807
internal_weight=317985 316710 114338 48473.7 39912.3 26910.6 23559.7 202372 179149 89081.9 89058.5 23223.6 61172.2 11974.8 11584.9 4478.6 22870.9 15372.5 36414.2 65863.9 11177.5 90066.6 1275.06 8356.26 7016.28 27886.4 733.511 654.424 1179.19 157.593
internal_count=732957 731021 206117 69396 59041 38155 34219 524904 478806 247629 247531 46098 142371 18053 16166 6680 45222 30037 90336 136721 17191 231177 1936 15000 15037 105160 3938 3392 1729 207
is_linear=0
shrinkage=0.05


Tree=72
num_leaves=31
num_cat=0
split_feature=9 7 12 7 8 10 13 8 7 14 12 6 3 5 5 8 9 9 10 12 10 14 9 9 6 6 5 13 3 14
split_gain=183.407 456.091 283.469 157.445 154.77 609.529 168.4 142.668 131.475 125.512 132.317 113.204 126.577 99.4282 98.5612 78.0357 77.3291 101.224 86.4263 71.7961 67.2784 59.2462 59.245 70.3829 58.4802 58.2697 56.2949 55.9911 50.8474 50.3579
threshold=1.0000000180025095e-35 198800.00000000003 7.5357143878936776 2149.9001464843755 10052930.500000002 0.91771242022514354 0.082257445901632323 12130922.500000002 4804.8000488281259 -0.17248234897851941 16.267857551574711 0.20992828905582431 -0.1489271596074104 0.026432231068611148 0.017167698591947559 5320895.5000000009 7714069.5000000009 3211691.0000000005 0.080018397420644774 20.708333015441898 0.044971911236643798 -0.052015691995620721 7714069.5000000009 3211691.0000000005 0.029358250088989738 0.44283500313758856 0.015686515718698505 0.30342836678028112 0.64124464988708507 -1.0000000180025095e-35
decision_type=10 8 2 8 2 8 2 2 10 2 2 10 2 2 2 2 10 10 8 2 10 2 10 10 10 10 2 2 2 2
left_child=3 2 25 -1 5 6 9 11 -9 15 24 12 14 -10 -6 -5 17 19 -19 -3 21 -16 23 -4 -11 29 -8 -25 -13 -2
right_child=1 16 22 4 7 -7 26 8 13 10 -12 28 -14 -15 20 -17 -18 18 -20 -21 -22 -23 -24 27 -26 -27 -28 -29 -30 -31
leaf_value=0.034247108178606496 0.011271709031480167 0.0049062055152484163 0.0098147478268118 -0.12241265636085452 -0.068811443559915322 0.017871428195998029 0.0040840358891163324 0.012821230991481287 0.00042766758237674786 0.0010045670266466953 -0.0010756505155818008 0.002175624329160374 -0.0026017896692529497 0.0070775281067962815 -0.040973413807372683 -0.026872163775098951 0.0049062055152484163 -0.079497953054734977 0.00024658632180401359 -0.00067304377288241986 -0.008998563226854819 -0.018710389157770596 0.011271709031480167 0.0049062055152484163 0.0040840358891163324 0.032707642371365094 0.0093258442902302702 0.011271709031480167 0.017871428195998029 0.017537042490807779
leaf_weight=365.72196416556835 1349.6832232996821 21209.228854648769 8368.7289175540209 28.136086508631706 80.988461181521416 4533.1092820167542 3853.1709181368351 2677.5890317335725 32006.593429852277 14124.052646160126 36089.109556276351 9080.3656612113118 32418.385344907641 3358.6610920578241 159.7822832763195 70.056081905961037 7864.3098860159516 31.997578021138906 55953.131083801389 6702.5903221666813 1439.2992882281542 374.05318182706833 1566.2548629641533 29260.364291235805 26494.187935754657 511.06915127485991 9624.158100925386 1152.0170936733484 256.50067757070065 6357.0202299281955
leaf_count=416 1923 36532 14613 114 342 8178 6876 5154 74489 26811 113993 24752 106017 4458 507 145 13674 164 137112 17695 2886 880 2357 60500 47760 420 13384 1388 265 8806
internal_value=0.00263397 0.00398404 0.00790221 0.00156379 0.00149575 0.00287074 0.00195906 -9.70504e-05 0.00214298 0.0010544 0.00112741 -0.00204224 -0.00336497 0.00133383 -0.0153953 -0.0548717 0.0019102 0.00142451 0.000198171 0.00388409 -0.0131354 -0.0284222 0.00617766 0.00571988 0.00308478 0.0163658 0.00711368 0.00490621 0.00284107 0.0152738
internal_weight=317360 140326 48565.1 177034 176668 94816 90282.9 81852.2 38042.8 76805.5 76707.4 43809.4 34472.5 35365.3 2054.12 98.1922 91761.3 83896.9 55985.1 27911.8 1973.13 533.835 40347.4 38781.1 40618.2 8217.77 13477.3 30412.4 9336.87 7706.7
internal_count=732611 295184 90007 437427 437011 217261 209083 219750 84101 188823 188564 135649 110632 78947 4615 259 205177 191503 137276 54227 4273 1387 78858 76501 74571 11149 20260 61888 25017 10729
is_linear=0
shrinkage=0.05


Tree=73
num_leaves=31
num_cat=0
split_feature=9 9 6 1 8 8 8 1 12 10 12 8 12 18 6 14 11 6 14 10 11 18 13 11 10 7 14 11 11 14
split_gain=241.726 216.123 144.15 108.772 106.968 125.842 246.47 111.814 105.367 92.0169 79.8473 78.4589 183.661 80.2396 116.713 76.8175 68.7391 67.7542 82.4555 71.2224 54.1449 61.1543 53.9217 53.9203 69.6037 55.1815 52.2198 52.1157 50.8806 137.929
threshold=7714069.5000000009 3211691.0000000005 0.046998459845781333 0.40312500298023229 1289243.5000000002 5320895.5000000009 12130922.500000002 0.032362798228859908 10.267857074737551 0.46156607568264013 21.708333015441898 10052930.500000002 12.267857074737551 6.5000000000000009 0.013957562390714886 -0.042407630011439316 104.50000000000001 0.20257303118705752 -0.10883838310837744 0.16658333688974383 65.500000000000014 2.5000000000000004 0.26698686182498937 71.500000000000014 0.24999500066041949 54100.000000000007 -0.11716270074248313 62.500000000000007 100.50000000000001 -0.016720779240131375
decision_type=10 8 10 2 2 2 2 2 2 10 2 2 2 2 10 2 2 10 2 10 2 2 2 2 10 10 2 2 2 2
left_child=1 2 8 4 23 7 11 9 -1 28 22 12 13 14 -7 26 -10 18 19 -13 21 -17 -8 24 -3 -25 -14 -28 -6 -30
right_child=-2 3 -4 -5 5 6 10 -9 16 -11 -12 17 15 -15 -16 20 -18 -19 -20 -21 -22 -23 -24 25 -26 -27 27 -29 29 -31
leaf_value=0.0076051584793505782 0.010334198398963214 -0.02982062482105037 0.01184353269783619 0.013173734432367357 0.0016390718027592982 0.00082000965839453422 0.0039648246344164825 0.0066290024676229423 0.0017905376445819918 0.0045532730132992732 0.00053241546253109204 -0.033531778754849605 -0.049532839844777889 0.0075111969539750001 0.005134416699267722 -0.0059629153732321241 -0.073108035357646761 0.0016081987723293749 -0.002666992426700778 -0.009775321260427761 -0.0051014001335123729 0.00082000965839453422 0.0075111969539750001 0.0075111969539750001 -0.0057883398944138815 -0.071271764932811149 -0.0059629153732321241 -0.024455749342349297 -0.063313406568674582 -0.0028643123388138337
leaf_weight=13601.468085289001 10000.831205636263 506.03941063769162 8175.2144550532103 2135.1769906952977 59858.85510025546 12199.909576684237 44681.589709728956 20312.337205633521 16339.871042728424 19816.419090233743 16978.688921336085 408.04673896729946 81.477683305740356 709.94416888058186 14780.083296827972 3455.0683243088424 28.692031688988209 9812.4711360260844 33246.885658890009 642.24684678018093 6816.6891659013927 16302.662335634232 3162.3591045215726 138.79656400904059 743.41119828820229 22.365713607519865 1829.5173337459564 450.63722883164883 106.87858893722296 709.630689419806
leaf_count=21692 16596 2282 13511 2464 141163 26095 84349 30453 35799 40750 50882 1041 242 925 24179 9544 158 26527 108210 1204 22744 57711 4022 284 2191 131 4207 1255 384 2154
internal_value=0.00268465 0.00243625 0.00595903 0.00193835 0.00184866 0.00192142 0.00107337 0.00331419 0.00435317 0.00247754 0.00347826 -0.000474196 0.000757364 0.00366815 0.00275764 -0.00202813 0.00165033 -0.00205518 -0.00310331 -0.0168837 -0.00125974 6.60643e-05 0.00452361 -0.0118741 -0.0155537 0.0075112 -0.0106661 -0.00923506 0.00146981 -0.0109123
internal_weight=318054 308053 38145.2 269908 267773 266362 165558 100804 29970 80491.8 64822.6 100736 56626 27689.9 26980 28936.1 16368.6 44109.7 34297.2 1050.29 26574.4 19757.7 47843.9 1410.61 1249.45 161.162 2361.63 2280.15 60675.4 816.509
internal_count=733149 716553 71160 645393 642929 638041 423137 214904 57649 184451 139253 283884 146902 51199 50274 95703 35957 136982 110455 2245 89999 67255 88371 4888 4473 415 5704 5462 143701 2538
is_linear=0
shrinkage=0.05


Tree=74
num_leaves=31
num_cat=0
split_feature=12 11 11 14 11 11 11 13 10 10 14 0 6 6 8 11 7 11 12 11 7 12 8 11 8 10 8 10 8 12
split_gain=163.872 254.501 672.321 100.509 98.9733 203.847 118.994 109.518 96.6898 95.2764 90.9635 87.7308 82.9846 78.5416 77.0796 74.2695 61.5013 57.2894 110.952 50.6696 55.5446 47.3483 41.4877 41.4453 37.7402 86.3013 35.7605 34.5898 32.8606 30.5838
threshold=11.949999809265138 1.0000000180025095e-35 11.500000000000002 -0.18495246767997739 23.500000000000004 33.500000000000007 21.500000000000004 0.52134993672370922 0.60625335574150097 0.82505142688751232 -0.054600955918431275 1.0000000180025095e-35 0.0058937692083418378 0.21974209696054461 10052930.500000002 35.500000000000007 58060.000000000007 33.500000000000007 15.436508178710939 12.500000000000002 37980.000000000007 7.3541667461395273 12130922.500000002 19.500000000000004 12130922.500000002 0.18923745304346087 10052930.500000002 0.74154162406921398 15089427.500000002 7.9444444179534921
decision_type=2 2 2 2 2 2 2 2 8 10 2 2 8 10 2 2 10 2 2 2 8 2 2 2 2 10 2 8 2 2
left_child=1 9 8 -2 6 10 23 13 14 -1 -6 12 15 -7 -3 16 -5 19 -19 20 -14 -15 -11 24 25 -4 -22 -12 -28 -26
right_child=3 2 4 11 5 7 -8 -9 -10 22 27 -13 17 21 -16 -17 -18 18 -20 -21 26 -23 -24 -25 29 -27 28 -29 -30 -31
leaf_value=0.0026649212584055355 -0.079167276956916832 0.021068457732307658 0.0026649212584055355 -0.015174457239605241 0.0026649212584055355 0.0026649212584055355 0.0026649212584055355 0.020623477967483303 0.031095103297937157 0.0083021196359623576 0.018053071032513298 0.0026649212584055355 0.0017592035150642716 0.012597038027602031 0.0026649212584055355 -0.0060506397493913424 -0.038835564703237416 0.0017592035150642716 -0.0011991198622531207 0.0017592035150642716 -0.00044810997105340308 0.006170275514770846 0.020187711922711928 0.021781343108735064 0.020745725883068337 0.015100475832930447 -0.0060506397493913424 0.029870553216947222 -0.0010923121936597701 0.0026649212584055355
leaf_weight=62583.896886110306 36.626316696405411 575.84502479434013 1402.7847779691219 600.21979044005275 626.15530499070883 14815.35784804821 13027.371821157634 1114.4082940667868 2994.2130174040794 2703.8683615326881 1523.4617289230227 51393.504343666136 7412.2320177704096 1903.2764746546745 179.82423488795757 290.39568059891462 172.53058189153671 12308.792050287127 59231.199665050954 55449.978995993733 9559.6110001951456 5370.4786647558212 1009.1630350798368 711.36199872195721 875.59060695022345 1588.1492614895105 2680.5415174216032 1061.7838841751218 3470.6631792336702 157.47532831132412
leaf_count=131739 126 651 2376 2127 929 22828 20888 1129 2857 4302 1957 103449 13719 2196 399 1506 868 25242 193987 152991 18182 7953 1244 777 980 2058 7573 1083 6206 264
internal_value=0.00233462 0.00384906 0.00674129 0.00148078 0.00501528 0.00697835 0.00266492 0.00534329 0.027062 0.00266492 0.0187815 0.00149615 0.000853486 0.0045706 0.0110418 -0.0130534 -0.0235769 0.000952151 -7.62026e-05 0.0017592 -0.000593412 0.00883062 0.0115416 0.0106658 0.00869098 0.0058382 -0.00236191 0.022926 -0.00533505 0.0169231
internal_weight=316831 114224 47927.5 202606 44177.7 26414.9 17762.7 23203.5 3749.88 66296.9 3211.4 202570 151176 22089.1 755.669 1063.15 772.75 150113 71540 78573 23123 7273.76 3713.03 4735.36 4024 2990.93 15710.8 2585.25 6151.2 1033.07
internal_count=732586 206610 69325 525976 65418 38075 27343 34106 3907 137285 3969 525850 422401 32977 1050 4501 2995 417900 219229 198671 45680 10149 5546 6455 5678 4434 31961 3040 13779 1244
is_linear=0
shrinkage=0.05


Tree=75
num_leaves=31
num_cat=0
split_feature=10 9 9 6 5 18 17 9 11 11 12 11 3 3 11 6 14 12 14 4 14 8 0 12 12 6 11 10 14 0
split_gain=163.521 162.179 162.382 101.855 89.0261 68.9308 83.3189 94.3512 72.6074 63.5612 66.7296 61.7567 147.516 60.8913 60.4894 76.0396 60.27 66.3396 64.5629 49.3674 48.282 99.845 87.8602 47.7518 45.3243 125.488 84.9903 67.0008 42.1925 52.3742
threshold=0.90672317147254955 3211691.0000000005 7714069.5000000009 0.029358250088989738 0.073606811463832869 6.5000000000000009 1.0000000180025095e-35 3211691.0000000005 178.50000000000003 114.50000000000001 10.535714149475099 82.500000000000014 -0.002512704697437584 0.0079377144575119036 32.500000000000007 0.7300499975681306 -0.01471808413043618 12.354166507720949 -0.11716270074248313 20.500000000000004 -0.18495246767997739 10052930.500000002 4.5000000000000009 18.038461685180668 10.050000190734865 0.0090917046181857603 13.500000000000002 0.64007574319839489 -0.051857864484190934 1.5000000000000002
decision_type=10 8 10 10 2 2 2 10 2 2 2 2 2 2 2 10 2 2 2 2 2 2 2 2 2 8 2 10 2 2
left_child=1 3 4 11 5 6 9 8 13 16 -11 24 -13 20 15 -2 17 -3 -19 -6 21 22 -8 -14 -1 27 -27 -26 29 -28
right_child=14 2 -4 -5 19 -7 7 -9 -10 10 -12 12 23 -15 -16 -17 -18 18 -20 -21 -22 -23 -24 -25 25 26 28 -29 -30 -31
leaf_value=0.0052590187379073366 0.012636151668723006 -0.0022708232008148426 0.0070290976788988276 0.0070290976788988276 0.0070290976788988276 0.0034949882193325219 -0.14182897868883071 0.002328650833899621 -0.080582136229076409 0.002328650833899621 -0.07292414976156808 -0.10375034751249433 0.0052590187379073366 0.002328650833899621 0.0070290976788988276 0.033934733101541908 0.00016157005511248002 -0.072049480632795135 -0.0092398267831268824 0.0034949882193325219 0.00053353177237293315 -0.013448253119453411 -0.020241053273418068 -0.041469552106653991 -0.072733414699848814 -0.0070337611776899031 -0.019503298748462388 -0.023135966455766512 0.0035429633748760348 -0.0011248724669953112
leaf_weight=13220.829230554402 2710.3640985116363 3876.3749597966671 9727.7198254987597 8684.5740305557847 10585.463927991688 13626.716250933707 28.257133468985558 34238.064607933164 25.350202396512032 17.583965465426445 59.235663637518883 42.970623582601547 112.88609036803246 11952.206707186997 1334.2468594610691 495.20681225508451 45582.415291167796 39.45165741443634 3482.4717383384705 2528.4204929023981 138942.54610300995 93.549342393875122 30.727769941091537 56.687502138316631 98.663867421448231 2139.6785194575787 463.99529956281185 22.252921670675278 12213.696306243539 748.37716424465179
leaf_count=21439 4265 6646 16478 14306 13763 42838 129 67931 117 13 346 190 194 19118 2837 554 117227 136 8747 4197 356523 141 60 263 421 4123 1015 39 27558 1250
internal_value=0.0023879 0.00225105 0.00182867 0.00532149 0.00159141 0.00138236 0.00116231 0.00166251 0.00087754 -0.000584676 -0.0454516 0.00348894 -0.0232403 0.000892278 0.0118071 0.0159455 -0.000517907 -0.00470322 -0.0099839 0.00560761 0.000502472 -0.02743 -0.0812297 -0.00186711 0.00368706 0.00182691 0.002224 -0.0484959 0.00354296 -0.00579271
internal_weight=317181 312641 274837 37804.6 265109 251995 238368 185311 151073 53057.5 76.8196 29120 212.544 151047 4539.82 3205.57 52980.7 7398.3 3521.92 13113.9 139095 152.534 58.9849 169.574 28907.5 15686.7 15565.7 120.917 13426.1 1212.37
internal_count=732864 725208 654410 70798 637932 619972 577134 444019 376088 133115 359 56492 647 375971 7656 4819 132756 15529 8883 17960 356853 330 189 457 55845 34406 33946 460 29823 2265
is_linear=0
shrinkage=0.05


Tree=76
num_leaves=31
num_cat=0
split_feature=8 18 8 3 7 12 8 12 18 1 10 13 12 7 7 18 8 12 10 6 6 6 8 10 6 10 4 13 6 5
split_gain=174.44 232.875 152.789 185.616 118.614 113.582 86.1055 121.909 71.5975 69.1946 68.4562 66.1421 62.8239 56.0367 56.0359 55.1569 83.2879 44.4134 43.7579 42.1016 40.502 33.9377 33.6581 89.1434 32.0467 46.9709 31.82 31.8415 31.7235 30.2859
threshold=5320895.5000000009 6.5000000000000009 12130922.500000002 0.020122087560594085 199700.00000000003 11.949999809265138 10052930.500000002 11.759615421295168 6.5000000000000009 0.0082305916585028189 0.78268364071846019 -1.0000000180025095e-35 21.708333015441898 2149.9001464843755 25605.900390625004 6.5000000000000009 10052930.500000002 8.5500001907348651 0.69240385293960582 0.1921707093715668 0.040998572483658798 0.097895588725805296 1289243.5000000002 0.24999500066041949 0.0090917046181857603 0.31196330487728124 21.500000000000004 0.16314934939146045 0.07426562532782556 0.045628037303686149
decision_type=2 2 2 2 8 2 2 2 2 2 10 2 2 10 8 2 2 2 8 10 10 10 2 8 10 8 2 2 8 2
left_child=1 5 4 8 6 10 7 21 12 11 19 -7 14 -8 -4 16 -6 -3 -18 29 -20 -2 23 -13 25 -24 -9 -28 -25 -1
right_child=2 17 3 -5 15 9 13 26 -10 -11 -12 22 -14 -15 -16 -17 18 -19 20 -21 -22 -23 24 28 -26 -27 27 -29 -30 -31
leaf_value=0.004253027489957672 0.0042457710201337434 0.033191756467474041 0.0049947869073275518 0.012670109913657128 -0.0034969798686984238 -0.050218959815521304 0.031712888958697824 0.0036323762113934423 0.0076562659040242571 0.004253027489957672 0.012716811538896217 -0.024191340434276166 -6.8053596032834898e-05 -0.00047082742105199215 0.0023637591280046984 -0.00047082742105199215 -0.072316175146782735 0.016356522888744132 -0.027365980753283982 0.009031264844296288 -0.0022293821447940823 0.0088770514989043765 -0.019150078779105208 -0.011260095951012848 0.0027768545250155658 0.00067580218358158947 -0.00047082742105199215 0.0018437199004499496 0.0030196649560539066 0.0069236278577546441
leaf_weight=32201.192396700382 8930.9591378718615 576.56068775057793 8799.2333249673247 4919.9295187368989 18859.652767881751 59.08342007547617 133.33532436192036 8108.0431075841188 2024.9220757484436 19281.106092534959 2386.0155619457364 138.04470043629408 19760.009181279689 34849.044984690845 43425.195004828274 10449.848583832383 43.789994955062866 1243.800241805613 351.38816871494055 3214.0365998223424 23.060625478625298 7109.3391545340419 301.01181136071682 62.619127586483955 41230.559266977012 21229.39164274931 22310.261959820986 1830.1823260635138 527.91645147651434 3415.4953276365995
leaf_count=53879 16088 655 14512 6364 51759 239 165 15090 4103 34849 3017 1009 57333 101386 82349 36591 263 2491 1398 4140 28 10152 1368 322 97230 55298 71578 2987 2019 4140
internal_value=0.00252852 0.00397506 0.00157985 0.00326779 0.000400789 0.00371432 0.0013687 0.00273741 0.00264242 0.00264694 0.00585911 0.0017863 0.00233331 -0.000470827 0.00324187 -0.00231035 -0.00398794 0.0217193 -0.0260047 0.00534572 -0.0202333 0.00629929 0.00183628 -0.00883429 0.00196043 0.000396868 0.000965467 5.50636e-05 0.00167115 0.00481599
internal_weight=317795 125867 191928 78929.3 112999 124046 83271.2 48288.8 74009.4 82829.7 41216.7 63548.6 71984.4 34982.4 52224.4 29727.7 19277.9 1820.36 418.239 38830.7 374.449 16040.3 63489.5 728.58 62761 21530.4 32248.5 24140.4 590.536 35616.7
internal_count=732802 260656 472146 164661 307485 257510 217446 115895 158297 192334 65176 157485 154194 101551 96861 90039 53448 3146 1689 62159 1426 26240 157246 3350 153896 56666 89655 74565 2341 58019
is_linear=0
shrinkage=0.05


Tree=77
num_leaves=31
num_cat=0
split_feature=8 9 7 11 10 9 8 8 11 12 13 7 14 1 10 11 13 1 10 11 11 7 12 11 13 3 10 8 7 4
split_gain=135.57 122.402 118.834 129.129 117.565 116.957 116.366 287.106 121.119 116.378 99.2206 94.3901 84.0755 137.15 83.0723 135.8 143.605 80.9916 77.7442 103.283 76.7715 90.5198 89.4313 79.9816 95.7143 72.792 89.4171 71.4852 69.1108 64.8027
threshold=1289243.5000000002 3211691.0000000005 132600.00000000003 100.50000000000001 0.94803845882415783 7714069.5000000009 15089427.500000002 10052930.500000002 79.500000000000014 13.690476417541506 0.12629869580268863 8010.0000000000009 -0.10753119364380835 0.10612764954566957 0.26676443219184881 78.500000000000014 -0.052344877272844308 0.053631352260708816 0.30010800063610082 23.500000000000004 33.500000000000007 43401.400390625007 16.816666603088382 1.0000000180025095e-35 -0.049416434019803994 -0.012981583829969166 0.80020001530647289 5320895.5000000009 57650.000000000007 17.500000000000004
decision_type=2 8 8 2 10 10 2 2 2 2 2 8 2 2 8 2 2 2 8 2 2 8 2 2 2 2 8 2 8 2
left_child=-1 2 -2 -4 5 6 7 10 11 -8 20 -9 13 18 15 16 -11 -17 19 -13 21 -3 27 -23 -25 26 29 -22 -12 -7
right_child=1 4 3 -5 -6 25 9 8 -10 14 28 12 -14 -15 -16 17 -18 -19 -20 -21 22 23 -24 24 -26 -27 -28 -29 -30 -31
leaf_value=-0.01237671441007758 0.009767273460004916 0.0037244038129842305 0.0034923597470314575 -0.084340513490743188 0.017280006090922763 -0.02842507948468001 0.0059225367656071878 0.007225551157990508 0.0095974863255271457 -0.10737075400268487 0.0086122361365366749 -0.039030582355487453 -0.0026605272261798767 -0.0088748857553562089 0.0033567073913383957 -0.030143395971864381 -0.00020333582138337892 0.00053860851414455732 -0.021146203747779903 -0.11620039770336739 0.0037244038129842305 -0.0016645257608492434 -0.001062541199459867 -0.0058332707384861002 0.0024644045440665036 0.0084640691834370566 -0.0013552972660939055 0.00081122024260925395 0.0037244038129842305 -0.12450845954046363
leaf_weight=1569.1378551963717 9765.2674616649747 29933.068770594895 27941.827297732234 39.911424018442631 1248.6160317286849 66.117604538798332 29224.658169709146 2353.070640720427 1438.6937205195427 29.36804111301899 10166.115812040865 168.82382775843143 45316.771531015635 695.35889634490013 19457.710310786963 644.85391923412681 9050.0815949104726 119.3193352073431 482.80358636379242 53.942179828882217 15605.248376756907 15852.67280548811 37851.645546827465 3521.0633539557457 24920.948870114982 8973.324075832963 497.42311560362577 11867.790056318045 8071.4731337875128 22.82856522500515
leaf_count=5399 16325 58350 54180 215 1915 138 46734 4537 3960 121 14448 431 140736 1110 50839 2257 23942 166 1099 226 26939 33223 122295 6812 61840 15318 807 25089 12820 100
internal_value=0.00227445 0.00234743 0.0050188 0.00336106 0.00198419 0.00191497 0.00172025 0.00116675 -0.00211415 0.00369009 0.002217 -0.00254162 -0.00303386 -0.0150892 0.00146323 -0.00227949 -0.000573545 -0.0224941 -0.0325683 -0.056915 0.00176368 0.00286383 0.000513556 0.00120441 0.0024644 0.00734841 -0.00969541 0.00268498 0.00568512 -0.0552812
internal_weight=316950 315381 37747 27981.7 277634 276385 266825 208299 50509.5 58526 157790 49070.8 46717.7 1400.93 29301.3 9843.62 9079.45 764.173 705.57 222.766 139552 74227.8 65324.7 44294.7 28442 9559.69 586.369 27473 18237.6 88.9462
internal_count=732371 726972 70720 54395 656252 654337 637974 513915 152099 124059 361816 148139 143602 2866 77325 26486 24063 2423 1756 657 334548 160225 174323 101875 68652 16363 1045 52028 27268 238
is_linear=0
shrinkage=0.05


Tree=78
num_leaves=31
num_cat=0
split_feature=9 7 8 18 8 13 1 8 18 17 5 12 6 9 6 6 11 7 11 9 7 6 11 6 7 9 8 9 4 11
split_gain=157.961 115.607 103.775 143.976 138.95 129.785 86.1192 75.0134 281.876 125.881 105.864 74.4052 115.602 66.4819 64.5986 58.4368 57.5667 55.4367 70.649 55.3047 54.7869 51.1782 47.3319 43.0241 43.5762 43.0137 41.6381 66.9951 43.1298 40.7143
threshold=7714069.5000000009 2149.9001464843755 5320895.5000000009 6.5000000000000009 12130922.500000002 0.15632925182580951 0.0082305916585028189 10052930.500000002 6.5000000000000009 1.0000000180025095e-35 0.088472485542297377 11.045454502105715 0.0058937692083418378 3211691.0000000005 0.40503749251365667 0.21170419454574588 21.500000000000004 198800.00000000003 33.500000000000007 3211691.0000000005 76100.000000000015 0.34456743299961096 48.500000000000007 0.037614908069372184 32820.000000000007 1.0000000180025095e-35 1289243.5000000002 1.0000000180025095e-35 21.500000000000004 1.0000000180025095e-35
decision_type=10 8 2 2 2 2 2 2 2 2 2 2 8 8 10 10 2 10 2 8 8 10 2 10 10 10 2 10 2 2
left_child=1 -1 3 6 7 11 17 8 9 -4 13 29 -13 -11 19 -7 23 26 -19 -9 25 -2 -16 24 -15 -8 27 -3 -28 -6
right_child=21 2 4 -5 5 15 20 14 -10 10 -12 12 -14 16 22 -17 -18 18 -20 -21 -22 -23 -24 -25 -26 -27 28 -29 -30 -31
leaf_value=0.029589800639034644 0.0078696352725095755 0.003569431096077655 -0.0030194116267358091 0.015777833933931593 0.0029757337797068333 0.0069417328715406131 0.0053657493344928635 -0.066004536927161336 0.015777833933931593 0.00477409105384804 0.0082205706960944043 -0.034465975501356189 0.0012532931326241531 0.0026347881360474796 0.011597690365488585 0.015777833933931593 -0.00031940828229081049 -0.081286829980493441 -0.012725951594989819 -0.0019368967280329727 0.003569431096077655 0.031032318017085295 0.001916098939250742 0.00477409105384804 -0.004072783572366072 0.0093368653592561784 0.0035189751938977387 -0.012725951594989819 0.0012485514042417567 0.0058931578974064152
leaf_weight=377.2290348559618 9548.9528297632933 648.72138873487711 17074.765033461154 1751.7588242590427 16728.86579670012 5168.368846423924 14547.699061788619 31.713254138827324 1210.4357274621725 2719.7962528839707 3068.2665645554662 225.64013769105077 45964.744760621339 3082.5750948339701 1720.4598516300321 1465.6601707041264 32163.351677112281 43.028299540281296 112.47744779288769 41639.824976049364 13218.622760228813 242.86428240686655 1105.0297020301223 3511.4992092698812 3042.968366637826 5108.2104698196054 37041.946534708142 315.45566936209798 48056.208804499358 6176.0561783090234
leaf_count=450 16199 2464 47888 3161 29459 7224 23728 117 2464 4916 3837 1127 111263 5574 3680 1723 88407 195 457 130707 22634 272 3137 5973 6781 7425 63651 1388 128364 8583
internal_value=0.00219919 0.00199997 0.00196587 0.00310676 0.001225 0.00287436 0.0028959 9.32924e-05 0.00116461 0.000663307 0.00198474 0.00223282 0.00107732 0.00132761 -0.00149267 0.0095535 0.000696333 0.00206556 -0.0275717 -0.00198882 0.0050733 0.00845035 0.00582102 0.0040857 0.000495485 0.00684834 0.00211975 -0.00820207 0.00223689 0.00456271
internal_weight=317113 307321 306944 120844 186100 75729.3 119092 110371 65873.7 64663.2 47588.5 69095.3 46190.4 44520.2 44497 6634.03 41800.4 86217.8 155.506 41671.5 32874.5 9791.82 2825.49 9637.04 6125.54 19655.9 86062.3 964.177 85098.2 22904.9
internal_count=733248 716777 716327 253467 462860 159379 250306 303481 165840 163376 115488 150432 112390 111651 137641 8947 106735 196519 652 130824 53787 16471 6817 18328 12355 31153 195867 3852 192015 38042
is_linear=0
shrinkage=0.05


Tree=79
num_leaves=31
num_cat=0
split_feature=9 9 6 12 10 4 10 18 13 12 12 6 8 10 4 14 1 8 12 8 13 1 8 13 12 14 10 12 8 8
split_gain=122.318 121.631 135.858 200.001 107.958 100.359 63.1352 64.8659 63.4345 49.9276 45.0514 43.9494 50.6941 37.8963 34.7453 34.5906 29.4761 27.8292 66.2391 40.3878 35.3373 33.0767 28.6576 36.9882 28.3026 22.6911 21.8615 20.4151 19.3973 72.6222
threshold=7714069.5000000009 3211691.0000000005 0.013957562390714886 9.7750000953674334 0.28581193089485174 5.5000000000000009 0.44452822208404547 6.5000000000000009 -0.01316526625305414 20.708333015441898 15.354166507720949 0.044101111590862281 10052930.500000002 0.81675708293914806 12.500000000000002 -0.053241055458784096 0.011173533275723459 5320895.5000000009 18.535714149475101 15089427.500000002 -0.021418264135718342 0.016438479535281662 15089427.500000002 -0.033730158582329743 4.0833332538604745 -0.0008975089294835924 0.87161171436309826 11.045454502105715 13439690.500000002 5320895.5000000009
decision_type=10 8 10 2 10 2 10 2 2 2 2 10 2 10 2 2 2 2 2 2 2 2 2 2 2 2 10 2 2 2
left_child=1 4 6 5 9 -4 7 8 17 16 26 -6 -13 -2 15 -7 27 21 22 -20 -21 -3 23 24 -19 -11 -5 -1 29 -10
right_child=13 2 3 10 11 14 -8 -9 28 25 -12 12 -14 -15 -16 -17 -18 18 19 20 -22 -23 -24 -25 -26 -27 -28 -29 -30 -31
leaf_value=0.0050315631363585783 0.0072770999140120618 -0.031455133753412592 0.018328100377801883 0.0025964208727861722 0.0074407940452525904 0.0059539965225817683 0.00132542144016232 0.00040581362150030991 -0.00049355663477763977 -0.040715890327552365 0.00132542144016232 0.018126101351456449 0.010758051234230426 0.033177331052238933 0.0043890726105868822 0.0095881599805650655 0.0072099017308140129 -0.010593908194057811 -0.022324472582922847 -0.08563313865739873 -0.022324472582922847 -0.0035108317133496743 -0.0035108317133496743 -0.0035108317133496743 -0.022259623471714472 0.00019871436210515219 0.0043890726105868822 0.002327724763308581 -0.00049355663477763977 -0.0035108317133496743
leaf_weight=10202.697580769658 9612.9001158028841 105.78957489132881 1781.5944397300482 56348.728469505906 922.08241587877274 4666.0447983592749 15529.753659706563 14300.012870527804 30691.497620832175 32.03958934545517 87045.035655595362 3203.4769749641418 1070.4235836043954 141.51623533666134 6085.0516590327024 9104.9958104044199 7716.2934882491827 151.29123795032501 119.83688421547413 56.769563362002373 24.712905041873455 3219.5829530954361 1357.4587519094348 589.05236016213894 912.47959960997105 7582.0352237597108 1850.0216841995716 7118.5772335976362 18655.153649646789 17032.190453119576
leaf_count=17322 16341 383 2016 104099 1723 6894 29651 43967 70809 101 257098 4830 1904 133 9407 12232 11777 243 500 236 79 6260 2561 1648 2486 19574 2679 13921 41301 50733
internal_value=0.00214781 0.0019729 0.00160029 0.00248094 0.00462714 0.00696536 0.000169901 -0.000513794 -0.00139293 0.00356142 0.00181279 0.0113202 0.0140753 0.00765958 0.00594409 0.00751892 0.00463955 -0.00609163 -0.00944463 -0.0370756 -0.0641737 -0.00351083 -0.00757336 -0.0120754 -0.017677 1.59012e-05 0.00291539 0.00349381 -0.00093003 -0.0016254
internal_weight=317229 307475 269627 166881 37847.6 21637.7 102746 87215.8 72915.8 32651.6 145244 5195.98 4273.9 9754.42 19856.1 13771 25037.6 6536.97 3211.6 201.319 81.4825 3325.37 3010.28 1652.82 1063.77 7614.07 58198.8 17321.3 66378.8 47723.7
internal_count=732908 716434 645282 394425 71152 30549 250857 221206 177239 62695 363876 8457 6734 16474 28533 19126 43020 14396 7753 815 315 6643 6938 4377 2729 19675 106778 31243 162843 121542
is_linear=0
shrinkage=0.05


Tree=80
num_leaves=31
num_cat=0
split_feature=9 9 10 10 12 11 11 12 10 9 6 18 6 8 6 8 8 8 8 12 11 11 3 8 10 3 12 8 14 11
split_gain=131.975 137.963 136.274 103.921 100.354 88.0574 355.194 146.868 105.821 94.2745 84.7605 77.8913 95.9311 76.7882 60.1259 56.8123 66.9063 56.6625 110.441 91.1779 93.8651 60.3571 45.6059 42.2706 41.9785 41.6488 75.9668 41.5771 39.8691 39.7644
threshold=7714069.5000000009 3211691.0000000005 1.0000000180025095e-35 0.95346027612686168 9.3452377319335955 1.0000000180025095e-35 11.500000000000002 7.5357143878936776 0.44452822208404547 3211691.0000000005 0.17396961152553561 6.5000000000000009 0.0090917046181857603 5320895.5000000009 0.013957562390714886 13439690.500000002 10052930.500000002 13439690.500000002 5320895.5000000009 20.612500190734867 1.5000000000000002 65.500000000000014 0.00029801116033922886 5320895.5000000009 0.22230862081050876 -0.0084545887075364572 13.690476417541506 5320895.5000000009 -0.17248234897851941 81.500000000000014
decision_type=10 8 10 10 2 2 2 2 10 10 10 2 10 2 10 2 2 2 2 2 2 2 2 2 8 2 2 2 2 2
left_child=1 2 17 5 -4 8 -7 10 15 23 -8 12 28 -14 24 16 -3 18 21 20 -20 -1 -15 -10 27 26 -23 -2 -9 -27
right_child=14 3 4 -5 -6 6 7 11 9 -11 -12 -13 13 22 -16 -17 -18 -19 19 -21 -22 25 -24 -25 -26 29 -28 -29 -30 -31
leaf_value=0.004622624946128996 -0.017334673024827385 -0.0013619865509470986 0.019918346212738618 0.018082653460213236 0.007212326074512017 0.0097347765121596295 0.0037232565494583793 -0.049075786744132786 0.0060647388367789448 0.0097347765121596295 0.0097347765121596295 0.0036627175141789245 0.0022846982779892579 6.5175849697374702e-05 0.016315176869914044 0.00068315428774883859 -0.0066217176718858673 0.0064215388617610948 -0.0090396865824377368 -0.016922410447073686 0.004239314300310537 -0.024466304518536288 0.0022846982779892579 0.00068315428774883859 0.0062170654140832398 -0.016875181047518343 -0.10033066183394855 -0.098787030091385286 -0.0013291125787358946 0.0065330678547820325
leaf_weight=13783.081424191594 27.871098816394806 19281.198737710714 2002.9743629172444 933.30068685114384 6932.1209086254239 2951.8207020908594 11363.500862963498 41.774732813239098 4007.2370957285166 1554.6554559916258 4319.842994466424 7590.519797988236 57595.296435717493 83361.016559094191 1685.4766863361001 9684.3633196055889 8807.2154001146555 8540.2658764198422 1888.9589765667915 1122.6615251451731 3082.2202847599983 53.260404691100121 12085.408390507102 8689.0593002289534 8123.0978025719523 316.26539821922779 36.62213234603405 17.738024175167084 36741.296225780621 154.95275969058275
leaf_count=25302 54 39754 2388 1383 12341 3241 16688 110 6422 2235 5383 23323 126328 228561 2449 17731 29781 15488 4185 3966 5869 83 21981 18082 13982 869 153 74 103712 333
internal_value=0.00202585 0.00184295 0.00466662 0.00144496 0.0100644 0.0013869 0.00183158 0.00151933 -0.000459812 0.00321123 0.00617612 0.00114932 0.000906679 0.00145773 0.00772096 -0.00184492 -0.00301155 0.00300169 0.00157218 -0.00406601 -0.00115696 0.00396768 0.000521774 0.0015897 0.00594412 -0.0120798 -0.0428852 -0.0408864 -0.001386 -0.00604744
internal_weight=316775 306921 37913.4 269008 8935.1 268074 216050 213099 52023.7 14251 15683.3 197415 189825 153042 9854.18 37772.8 28088.4 28978.3 20438 6093.84 4971.18 14344.2 95446.4 12696.3 8168.71 561.101 89.8825 45.6091 36783.1 471.218
internal_count=732251 715692 70977 644715 14729 643332 529327 526086 114005 26739 22071 504015 480692 376870 16559 87266 69535 56248 40760 14020 10054 26740 250542 24504 14110 1438 236 128 103822 1202
is_linear=0
shrinkage=0.05


Tree=81
num_leaves=31
num_cat=0
split_feature=7 8 9 12 14 9 9 7 9 18 8 3 13 12 3 8 8 7 8 12 8 5 12 3 1 8 13 13 1 13
split_gain=115.88 111.549 110.631 144.28 65.7764 59.9879 56.5419 68.1934 95.7129 63.8161 50.7768 44.4012 35.4461 33.3563 31.3062 25.7709 44.201 21.2793 18.9996 29.1157 21.1279 28.6539 18.1279 17.4587 33.3547 15.0717 24.9292 20.1696 13.9421 17.1604
threshold=39610.000000000007 1289243.5000000002 1.0000000180025095e-35 8.354166507720949 0.12417027354240419 3211691.0000000005 7714069.5000000009 199700.00000000003 3211691.0000000005 6.5000000000000009 5320895.5000000009 0.010784867219626905 0.30342836678028112 21.633333206176761 0.009682346601039173 5320895.5000000009 15089427.500000002 41002.500000000007 12130922.500000002 12.22499990463257 10052930.500000002 0.075853470712900176 11.759615421295168 -0.096499152481555925 0.16321352869272235 5320895.5000000009 -0.0030431296909227963 0.2764487117528916 0.06042351387441159 -0.017406204715371128
decision_type=8 2 10 2 2 8 10 8 10 2 2 2 2 2 2 2 2 8 2 2 2 2 2 2 2 2 2 2 2 2
left_child=2 11 4 25 10 -3 7 8 14 13 22 17 -5 15 -7 -9 -17 -2 20 -20 21 -6 -1 24 -19 27 -27 -4 29 -25
right_child=1 5 3 12 18 6 -8 9 -10 -11 -12 -13 -14 -15 -16 16 -18 23 19 -21 -22 -23 -24 28 -26 26 -28 -29 -30 -31
leaf_value=0.0050980231316790749 -0.0093283250453234864 0.002135708883583329 0.0093800981968869355 0.0035129994102226069 0.0050980231316790749 0.00025118564321145574 0.002135708883583329 -0.00076518513444869538 0.002135708883583329 0.00025118564321145574 0.002135708883583329 0.002135708883583329 0.0093800981968869355 -0.0038145340296113759 0.002135708883583329 -0.002429614079394138 -0.00076518513444869538 -0.099175801413742937 0.019353382062495469 0.0050980231316790749 0.0050980231316790749 0.014014867536469007 0.0032343677023402122 -0.037338315484474464 -0.037338315484474464 0.0093800981968869355 0.018648994791789549 0.025604949642915577 -0.016938389592905015 -0.022513666787403686
leaf_weight=7898.3723191395402 117.66574091464281 33360.473786652088 1351.4341511055827 13879.965331554413 1239.1547224223614 76380.769869484007 8824.5130431875587 20016.231419883668 22512.639188699424 14206.596486851573 49364.455677345395 114.7568359375 642.31299441307783 14807.807579044253 7933.6133067160845 10354.176925778389 10492.213136851788 23.710958167910576 766.77929470688105 286.42363113164902 842.09460704773664 1641.1609748154879 15711.52001792565 60.671082220971584 26.954138532280922 323.99423109740019 2507.3922911807895 198.51099842041731 67.205392375588417 506.25459074042737
leaf_count=11841 411 63914 1926 27255 1906 202815 15125 38682 44401 43905 121193 163 733 53723 12619 26724 19576 106 811 485 1455 1925 34889 247 45 489 3259 178 101 2403
internal_value=0.00173152 0.00109704 0.00317437 0.00660488 0.00234015 0.00117003 0.000754187 0.00046122 0.00125562 -0.000753249 0.00213571 -0.0162844 0.00420446 -0.00178156 0.000251186 -0.00104469 -0.00242961 -0.0207924 0.00806034 0.0139876 0.0063767 0.00962088 0.00447366 -0.0245485 -0.0525212 0.0145557 0.0167306 0.0105663 -0.0221554 -0.0265668
internal_weight=316460 219806 96653.6 18903.6 77750 218889 185529 176704 106827 69877 72974.3 917.219 14522.3 55670.4 84314.4 40862.6 20846.4 802.462 4775.61 1053.2 3722.41 2880.32 23609.9 684.796 50.6651 4381.33 2831.39 1549.95 634.131 566.926
internal_count=733305 524960 208345 33840 174505 521484 457570 442445 259835 182610 167923 3476 27988 138705 215434 84982 46300 3313 6582 1296 5286 3831 46730 2902 151 5852 3748 2104 2751 2650
is_linear=0
shrinkage=0.05


Tree=82
num_leaves=31
num_cat=0
split_feature=7 11 11 12 11 7 7 4 11 11 11 11 14 8 7 8 8 7 8 8 14 7 1 14 0 11 12 7 7 7
split_gain=91.5049 86.301 560.995 122.807 106.254 101.824 84.1679 66.0672 63.2195 64.0972 59.636 61.0394 59.6176 58.0809 49.6244 48.4477 84.2716 78.2335 45.9159 66.4846 39.7395 49.0974 38.3804 38.2532 37.4863 63.5268 57.8449 31.792 30.6003 30.1601
threshold=2149.9001464843755 1.0000000180025095e-35 11.500000000000002 7.5357143878936776 12.500000000000002 197024.50000000003 17002.200195312504 21.500000000000004 22.500000000000004 21.500000000000004 29.500000000000004 44.500000000000007 -0.015106421429663895 1289243.5000000002 69010.000000000015 13439690.500000002 10052930.500000002 29679.900390625004 12130922.500000002 5320895.5000000009 -0.12182955816388129 100200.00000000001 0.40312500298023229 -0.0073870457708835593 1.0000000180025095e-35 33.500000000000007 21.708333015441898 30820.000000000004 60000.900390625007 69010.000000000015
decision_type=8 2 2 2 2 10 8 2 2 2 2 2 2 2 8 2 2 8 2 2 2 8 2 2 2 2 2 10 8 10
left_child=-1 5 -3 8 13 6 18 12 9 23 -10 22 -6 28 -15 16 -8 -18 19 -2 21 -9 -12 27 25 -22 -27 -4 -5 -13
right_child=1 2 3 4 7 -7 15 20 10 -11 11 29 -14 14 -16 -17 17 -19 -20 -21 24 -23 -24 -25 -26 26 -28 -29 -30 -31
leaf_value=0.026695414986043838 0.01093130224696888 0.014339654401521752 0.010242797587321613 -0.021016736196701708 0.002686104209231092 -0.074028869052331234 0.00016859075662836999 -0.010119100458652355 0.014339654401521752 0.0039043643365872477 0.0039043643365872477 0.014339654401521752 0.0039043643365872477 0.00073635716877147616 -0.0039032229747443924 0.0021825924684042842 0.0025068502422954581 -0.0069783251976109854 0.011439042873775692 0.0025068502422954581 0.0019406676838595528 -0.071340596558431654 0.014339654401521752 0.014339654401521752 0.002686104209231092 0.001337029233933336 -0.0016118465825332485 0.0039043643365872477 -0.083599735899584943 0.0039043643365872477
leaf_weight=373.0725185200572 2353.2132792025805 3599.6565649658442 1401.4866144657135 67.379354357719421 21461.751632615924 43.958281517028809 31957.384573310614 139.73974561691284 1323.8097414001822 6314.8211012706161 3816.0198480784893 2247.5712907165289 27605.356766290963 13504.471262782812 10051.661579847336 15171.440570682287 1769.044108748436 8743.5255118608475 2175.1462903916836 3384.2789312154055 46923.274334229529 37.43768085539341 443.9272419065237 1454.3762762472034 40245.068240992725 41030.403136104345 27961.164715489373 780.95081366598606 26.776382148265839 431.05128445476294
leaf_count=456 3255 3891 1833 184 37395 210 62379 268 1509 9803 5593 2634 43808 26105 20497 26866 4430 29941 3121 6940 138500 127 450 1742 83619 110046 105025 1293 111 640
internal_value=0.00201316 0.00198389 0.00240611 0.00208583 0.00177158 0.000369181 0.000421326 0.00213699 0.00603715 0.00390436 0.00930381 0.00714681 0.00373762 -0.00140198 -0.00124357 -0.000242539 -0.00110892 -0.00499176 0.00525624 0.0029091 0.00163459 -0.0218998 0.00390436 0.0106102 0.00166157 0.00119523 0.000141886 0.00614594 -0.040183 0.0130782
internal_weight=316839 316466 250868 247268 229054 65598 65554 205404 18214 9951.63 8262.38 6938.57 49067.1 23650.3 23556.1 57641.4 42470 10512.6 7912.64 5737.49 156337 177.177 4259.95 3636.81 156160 115915 68991.6 2182.44 94.1557 2678.62
internal_count=732671 732215 595073 591182 565685 137142 136932 518788 25497 14671 10826 9317 81203 46897 46602 123616 96750 34371 13316 10195 437585 395 6043 4868 437190 353571 215071 3126 295 3274
is_linear=0
shrinkage=0.05


Tree=83
num_leaves=31
num_cat=0
split_feature=7 8 8 8 8 3 3 7 0 12 11 17 9 12 14 13 3 13 7 11 11 11 12 12 11 7 13 4 12 4
split_gain=134.131 129.912 117.879 149.054 170.989 114.311 113.465 108.411 103.085 96.1274 103.913 86.2702 347.107 97.686 127.166 89.4604 83.5456 81.9237 86.9637 77.4668 227.527 76.4652 117.36 86.7108 73.6338 73.2427 79.0354 104.113 78.5459 60.6135
threshold=2149.9001464843755 1289243.5000000002 5320895.5000000009 13439690.500000002 10052930.500000002 -0.16294574737548825 0.020122087560594085 140100.00000000003 2.5000000000000004 11.949999809265138 12.500000000000002 1.0000000180025095e-35 1.0000000180025095e-35 11.949999809265138 -0.11958907917141913 -0.049675324931740754 -0.43944099545478815 -0.052344877272844308 138500.00000000003 1.0000000180025095e-35 21.500000000000004 47.500000000000007 11.267857074737551 18.774999618530277 1.0000000180025095e-35 88100.000000000015 -0.050655398517847054 13.500000000000002 21.816666603088382 10.500000000000002
decision_type=8 2 2 2 2 2 2 8 2 2 2 2 10 2 2 2 2 2 8 2 2 2 2 2 2 10 2 2 2 2
left_child=-1 17 9 4 11 7 29 8 -6 19 -11 12 -4 -13 -15 -14 -9 -2 21 -3 -21 22 -19 -23 -7 28 27 -27 -12 -5
right_child=1 2 3 6 5 24 -8 16 -10 10 25 13 15 14 -16 -17 -18 18 -20 20 -22 23 -24 -25 -26 26 -28 -29 -30 -31
leaf_value=0.03069352421675477 -0.084411916171669196 0.0035075533951487003 0.016209843927433659 0.004574181335235363 -0.02204593466412845 -0.005036460718031514 0.010244690558424623 -0.056290111092434404 -0.0068797351061580612 -0.0032954476704331903 0.0035075533951487003 0.0057826853957228443 -0.016031332517388194 -0.065598234830125043 0.0011631907412063317 -0.0021898756198057258 -0.02204593466412845 0.010452809680980099 -0.034554191392661374 0.016209843927433659 0.0046255970904512042 0.016209843927433659 -0.019694094759865527 -0.019694094759865527 -0.00048939417755110542 -0.028324940437685742 -0.0021274597086525684 -0.11063065297226181 0.00087839833399071558 0.0013355591499987669
leaf_weight=398.13608352094889 36.73498797416687 23859.152490079403 1214.1153095662594 19976.4145373106 611.0081052929163 12611.325545117259 4704.6886031851172 243.86487580835819 1976.0245320871472 8262.927520558238 38263.153441749513 16078.969144977629 1249.3153780326247 69.486003771424294 32348.049624409527 17421.068954639137 160.75477032363415 357.79101872444153 305.28454302996397 3318.5437757521868 13533.374581500888 328.39813926815987 479.75410973280668 75.547314327210188 30272.036964658648 26.854091629385948 5712.3972622081637 44.04497218132019 30306.509925980121 52194.922501675785
leaf_count=443 131 41949 2495 33192 1787 39134 6247 750 3510 15099 75018 26400 3066 224 89890 48349 401 583 1367 3685 19118 716 2172 491 95693 23 14706 182 85189 120884
internal_value=0.0017628 0.00172616 0.00179813 0.00102049 -0.000124843 -0.00248632 0.0027227 -0.0119327 -0.00815321 0.00300328 0.00202329 0.00145943 -0.00131399 0.0025966 0.00101605 -0.00311768 -0.0359387 -0.0125503 -0.0107369 0.00499182 0.00760806 -0.004834 -0.0134421 0.0129923 -0.00182679 0.00261444 -0.00278841 -0.0545224 0.00307019 0.00223208
internal_weight=316441 316043 314459 191132 114256 45875 76876 2991.65 2587.03 123327 82615.9 68381 19884.5 48496.5 32417.5 18670.4 404.62 1583.51 1546.78 40711.1 16851.9 1241.49 837.545 403.945 42883.4 74353 5783.3 70.8991 68569.7 72171.3
internal_count=732894 732451 726991 472022 311699 141275 160323 6448 5297 254969 190217 170424 53910 116514 90114 51415 1151 5460 5329 64752 22803 3962 2755 1207 134827 175118 14911 205 160207 154076
is_linear=0
shrinkage=0.05


Tree=84
num_leaves=31
num_cat=0
split_feature=18 8 11 6 9 11 4 7 11 13 9 4 13 11 14 7 11 14 1 8 7 8 8 8 11 11 11 8 8 11
split_gain=111.639 453.884 142.771 84.7511 186.309 81.5155 64.9713 53.5875 110.556 73.5443 55.9697 53.1643 43.3081 40.8399 36.2782 31.107 56.9458 29.4457 36.4292 28.214 47.1022 31.7856 23.949 48.247 22.737 21.5759 21.344 19.7277 19.2061 21.3877
threshold=6.5000000000000009 10052930.500000002 69.500000000000014 0.013957562390714886 1.0000000180025095e-35 9.5000000000000018 9.5000000000000018 38060.000000000007 52.500000000000007 0.14833333343267444 7714069.5000000009 21.500000000000004 -0.050655398517847054 72.500000000000014 -1.0000000180025095e-35 196090.00000000003 21.500000000000004 -0.025937951169908043 0.012903762981295587 13439690.500000002 150200.00000000003 12130922.500000002 13439690.500000002 16151869.500000002 10.500000000000002 55.500000000000007 79.500000000000014 5320895.5000000009 13439690.500000002 99.500000000000014
decision_type=2 2 2 10 10 2 2 10 2 2 8 2 2 2 2 10 2 2 2 2 10 2 2 2 2 2 2 2 2 2
left_child=3 5 22 7 6 27 -5 11 10 14 -9 -1 -7 -4 -10 19 -17 -14 -19 21 -21 24 -3 -24 -12 -20 -27 -2 29 -15
right_child=1 2 13 4 -6 12 -8 8 9 -11 15 -13 17 28 -16 16 -18 18 25 20 -22 -23 23 -25 -26 26 -28 -29 -30 -31
leaf_value=0.0012784817945205701 0.032471399100938818 0.0036739489971778666 0.095321781740711153 0.0036739489971778666 0.0036739489971778666 0.0036739489971778666 0.0012784817945205701 -0.00084775955634424228 -0.080352456070198475 -0.00084775955634424228 -0.0062736574122381249 -0.00078853748653556874 0.012277462265944145 0.0085782609158100414 -0.034316962359670564 -0.07542464493128731 -0.018865518931255962 0.01936716870888381 0.027023419406795847 -0.00084775955634424228 -0.018865518931255962 -0.018865518931255962 0.019743306910886917 0.0036739489971778666 -0.00084775955634424228 0.052343143437911743 0.027023419406795847 0.051418717525875748 0.050857864937557874 0.053335905148732501
leaf_weight=73808.379842452705 408.27285768091679 9435.5933423787355 32.020497411489487 6238.453803345561 42882.851306371391 93.523929595947266 127443.93465364352 2552.853740401566 59.605461217463017 49.974558174610138 7639.5551846325397 37178.182455450296 412.69610472023487 91.255633041262627 163.33833232522011 48.858137741684914 41.874274708330631 1455.5620081573725 264.70532722771168 2509.9601826444268 54.083603069186211 90.361929148435593 1255.0105216503143 350.64992654323578 760.15702253207564 219.14960001409054 52.470971465110779 224.59231296181679 111.43590880930424 36.330465033650398
leaf_count=134225 509 34565 19 8371 81135 205 322299 4578 289 73 18673 109827 700 330 1017 241 136 3431 294 4992 203 270 2223 782 2405 226 83 278 186 98
internal_value=0.00162984 0.00592378 0.00367395 0.00142412 0.00212931 0.0233089 0.00127848 0.000427657 -0.00249055 -0.0338848 -0.00186018 0.000795029 0.0192203 0.0434231 -0.0472298 -0.0045643 -0.0334095 0.020881 0.0235208 -0.00432154 -0.00084776 -0.00574845 0.00367395 0.0149371 -0.00532112 0.0346797 0.0448503 0.0393363 0.0357373 0.0219496
internal_weight=315966 14443.3 11312.3 301522 176565 3130.97 133682 124957 13970.6 272.918 13697.7 110987 2498.11 271.043 222.944 11144.9 90.7324 2404.58 1991.89 11054.1 2564.04 8490.07 11041.3 1605.66 8399.71 536.326 271.621 632.865 239.022 127.586
internal_count=732663 43929 38203 688734 411805 5726 330670 276929 32877 1379 31498 244052 4939 633 1306 26920 377 4734 4034 26543 5195 21348 37570 3005 21078 603 309 787 614 428
is_linear=0
shrinkage=0.05


Tree=85
num_leaves=31
num_cat=0
split_feature=9 14 8 11 11 11 11 8 8 8 6 6 3 3 11 13 9 18 11 8 10 3 11 6 14 0 10 11 6 10
split_gain=105.003 100.142 89.3221 59.2159 83.1836 92.4724 92.445 91.9681 88.1341 95.4459 85.2413 81.1385 77.8303 77.4151 95.0482 75.4927 70.8877 78.9007 65.4212 82.7923 79.4384 62.4867 62.4239 74.1676 53.7093 53.429 49.9478 48.6387 62.1057 46.5862
threshold=7714069.5000000009 0.076757155358791365 5320895.5000000009 66.500000000000014 43.500000000000007 45.500000000000007 55.500000000000007 16151869.500000002 15089427.500000002 10052930.500000002 0.0025190354790538554 0.023499614559113983 -0.27940899133682245 -0.0085054696537554247 57.500000000000007 0.30356636643409735 3211691.0000000005 2.5000000000000004 23.500000000000004 12130922.500000002 0.076942957937717452 -0.26585733890533442 21.500000000000004 0.0025190354790538554 -0.11520562693476676 29.500000000000004 0.81675708293914806 25.500000000000004 0.23926833271980288 0.22230862081050876
decision_type=10 2 2 2 2 2 2 2 2 2 10 8 2 2 2 2 10 2 2 2 8 2 2 8 2 2 10 2 10 10
left_child=1 2 -1 4 8 10 -7 13 9 22 12 -5 15 24 -15 -6 17 -11 19 21 27 29 -4 -24 -8 -3 -2 -20 -29 -19
right_child=26 25 3 11 5 6 7 -9 -10 16 -12 -13 -14 14 -16 -17 -18 18 20 -21 -22 -23 23 -25 -26 -27 -28 28 -30 -31
leaf_value=0.0023461852725479081 0.0063304173472805694 0.0044412862457670716 0.0029993357604843132 -0.053473526364194973 -0.08259629133525484 0.0029993357604843132 -0.064172040788810891 -0.085935960477208945 0.0026860856861980567 -0.062877235681089022 -0.0026442320156754833 0.0029993357604843132 -0.0098935770875488507 -0.0046669948112074396 0.0029993357604843132 -0.030464676784573066 -0.011060334875527891 -0.03210316724664531 -0.0048537002320285846 0.0029993357604843132 0.0029993357604843132 -0.0030324848003763722 -0.065114599369207757 -0.00024085222187978132 -0.0083434967207286475 0.0246087172257493 0.03577754571868938 -0.03210316724664531 -0.0048537002320285846 -0.012226993837896636
leaf_weight=112789.76778509095 9610.7976479008794 21777.006538838148 17888.853744208813 65.561658356338739 86.666446819901466 6540.2263859659433 41.818115934729576 30.429145932197571 44861.951515167952 50.151436030864716 14364.924446444958 12289.009914200753 3462.3844937235117 6066.5988335907459 7751.1306285839528 30.390272080898285 2019.8616264835 208.05759446322918 250.52728985249996 2972.542021356523 5463.7787499278784 24241.425104103982 42.156139187514782 19658.888353511691 2763.2847002148628 331.55149731785059 144.30168987810612 405.29907470941544 149.46362029016018 260.95347273349762
leaf_count=242128 16408 32711 35679 358 350 13501 127 135 88686 155 46283 31792 14072 18123 23934 23 5417 603 503 6013 13854 78334 295 53956 6553 306 123 1500 390 496
internal_value=0.00166682 0.00150445 0.00125275 0.000535558 0.000266635 -0.00167039 0.000414785 -0.00181526 0.000939248 -0.000125386 -0.00436527 0.00299934 -0.0112668 -0.00165095 -0.00011308 -0.0510358 -0.00196452 -0.00142357 -0.0013291 -0.00237525 0.00299934 -0.00338322 0.00163705 -0.000386264 -0.00922091 0.00474593 0.00677326 -0.0127067 -0.0224009 -0.0214215
internal_weight=316620 306865 284756 171966 159612 41137.9 23193.5 16653.3 118474 73612 17944.4 12354.6 3579.44 16622.8 13817.7 117.057 36022.1 34002.2 33952 27683 6269.07 24710.4 37589.9 19701 2805.1 22108.6 9755.1 805.29 554.763 469.011
internal_count=732808 716277 683260 441132 408982 123101 62373 48872 285881 197195 60728 32150 14445 48737 42057 373 107265 101848 101693 85446 16247 79433 89930 54251 6680 33017 16531 2393 1890 1099
is_linear=0
shrinkage=0.05


Tree=86
num_leaves=31
num_cat=0
split_feature=14 9 17 12 6 8 10 13 6 3 8 9 14 4 4 10 9 5 12 10 3 10 8 10 1 12 12 8 3 13
split_gain=97.2659 95.9863 218.202 191.813 110.065 77.7038 429.546 131.725 111.622 103.139 76.9336 71.1542 62.8783 59.4093 55.2439 49.2041 49.0399 64.2098 48.7574 44.2345 43.1094 42.7646 42.4816 72.4506 44.6751 39.4469 56.581 38.1967 37.0354 35.9103
threshold=-0.31677702069282526 1.0000000180025095e-35 1.0000000180025095e-35 9.3452377319335955 0.0090917046181857603 10052930.500000002 0.96026313304901134 0.073747340589761748 0.0025190354790538554 -0.43944099545478815 12130922.500000002 7714069.5000000009 -0.17248234897851941 21.500000000000004 21.500000000000004 0.90019154548645031 3211691.0000000005 0.10968749970197679 11.354166507720949 0.49488030374050146 0.0031327368924394254 0.30866880714893347 5320895.5000000009 0.51002511382102977 0.0076340327505022296 3.1000000238418584 4.0833332538604745 1289243.5000000002 -1.1896762847900388 -0.049675324931740754
decision_type=2 10 2 2 10 2 8 2 10 2 2 10 2 2 2 10 10 2 2 10 2 10 2 10 2 2 2 2 2 2
left_child=25 5 11 15 19 6 7 12 9 -7 -11 16 -2 -8 21 29 17 20 -13 -5 28 -14 -6 24 -24 -1 -27 -18 -3 -4
right_child=1 2 3 4 22 8 13 -9 -10 10 -12 18 14 -15 -16 -17 27 -19 -20 -21 -22 -23 23 -25 -26 26 -28 -29 -30 -31
leaf_value=-0.026354407158210909 -0.026354407158210909 -0.026354407158210909 0.0075860870106855566 -0.026354407158210909 0.0059574600560873018 -0.026354407158210909 0.025491831520849512 0.0056961382911452224 0.00092772593164365882 -0.0051280683539709875 -0.0010827062821161348 0.0090592592303851867 0.00065683824129696372 0.011871688520214634 -0.00069500710550067003 0.03009264716448903 -0.022971041941511179 0.016237231622525074 0.0011725501744741581 -0.0073988501338346701 0.0091300291879947894 0.0030384437961159701 -0.0010080879189920129 0.0075860870106855566 0.0042501063020055968 -0.060236748738614135 -0.16586267967022708 -5.8085299561816559e-05 0.0015740857348753717 0.012312235380675295
leaf_weight=42.710964895784855 97.745210506021976 56.724168807268143 1151.3795218020678 385.70954259112477 16171.303185641766 274.14122585952282 1856.1723271012306 13709.325449243188 57045.378791278228 15848.143813751638 8624.0392423830926 4546.8701674863696 13456.225622780621 1417.5933556929231 45174.992083715275 341.25918924808502 180.48708276450634 816.81644975394011 3444.1356961578131 147.49267867952585 1858.6584523022175 19016.523370593786 10601.44320923835 5333.5918146818876 5700.8404595479369 18.087533198297024 14.93247629702091 55410.402002900839 24883.220540612936 8520.0931128263474
leaf_count=79 233 133 1786 1465 30204 726 2419 20843 149731 53174 16315 6711 25135 3625 132711 315 886 905 7049 394 2607 32416 24303 10347 10190 36 77 135870 50404 11883
internal_value=0.00160112 0.00161486 0.00259483 0.00531002 0.00370033 0.000840117 0.00181488 0.00117765 -0.000288845 -0.00309314 -0.00273789 0.00115514 0.000380749 0.0196049 0.000435715 0.0114718 0.000722256 0.00244441 0.00566122 -0.0188166 0.00202283 0.00200868 0.00401887 0.00256949 0.000914126 -0.0543237 -0.0941191 -0.000133301 0.0014747 0.0108087
internal_weight=316146 316071 139550 48353.1 38340.4 176520 94728.6 91454.8 81791.7 24746.3 24472.2 91197.3 77745.5 3273.77 77647.7 10012.7 83206.3 27615.4 7991.01 533.202 26798.6 32472.7 37807.2 21635.9 16302.3 75.731 33.02 55590.9 24939.9 9671.47
internal_count=732972 732780 295452 90887 76903 437328 217382 211338 219946 70215 69489 204565 190495 6044 190262 13984 190805 54049 13760 1859 53144 57551 75044 44840 34493 192 113 136756 50537 13669
is_linear=0
shrinkage=0.05


Tree=87
num_leaves=31
num_cat=0
split_feature=9 10 7 17 12 13 9 9 1 12 7 12 10 0 13 12 14 14 12 9 12 14 13 14 14 7 10 3 3 14
split_gain=133.501 274.091 97.7711 85.0685 82.3582 57.0498 56.92 55.5706 63.1224 47.9725 86.6627 46.0886 46.0756 45.1948 70.3592 73.8949 44.7299 42.1571 41.1969 32.4948 30.4892 28.0245 26.4606 40.8864 25.6675 24.3628 22.2892 21.7786 20.631 18.7489
threshold=1.0000000180025095e-35 0.45463122427463537 39610.000000000007 1.0000000180025095e-35 10.267857074737551 -0.091585498303174959 7714069.5000000009 3211691.0000000005 0.014319890644401314 15.354166507720949 8010.0000000000009 8.0500001907348651 0.85663524270057689 2.5000000000000004 -0.10132575780153273 9.6833333969116229 -0.013320707250386475 -0.043343897908926003 12.354166507720949 3211691.0000000005 11.354166507720949 -0.019760101102292534 0.085602473467588439 -0.05368408374488353 -0.13621868193149564 59020.000000000007 0.83346664905548107 -0.0073377708904445163 0.010366445407271387 -0.11203766986727713
decision_type=10 10 10 2 2 2 10 10 2 2 8 2 10 2 2 2 2 2 2 10 2 2 2 2 2 10 10 2 2 2
left_child=2 3 9 6 -5 -6 7 8 -2 10 16 12 -3 14 15 -4 -1 18 -9 -7 -8 22 23 -21 -20 -13 -12 -25 -17 -16
right_child=1 11 13 4 5 19 20 17 -10 -11 26 25 -14 -15 29 28 -18 -19 24 21 -22 -23 -24 27 -26 -27 -28 -29 -30 -31
leaf_value=0.0049313565327834393 0.00094972890743811255 0.011199612774683992 -0.01112358749256525 0.0051789258333662276 -0.038981214960774016 0.003577475488801904 0.0051789258333662276 -0.0023171361735272455 0.0051789258333662276 0.00034826603100483034 0.0015214650403394666 0.0086527640184737731 0.026731586580595042 0.00034826603100483034 -0.01112358749256525 -0.05695921572741957 0.010609548848366594 3.1310831903211726e-05 -0.058156567232455991 -0.018434757002920393 0.00045075684018276306 0.0017283590019733829 -0.00095618218960201006 -0.011371681211218135 -0.010174112936430738 0.0051789258333662276 0.0049313565327834393 -0.0042597709551722169 -0.029517363706612783 -0.0012869092575459268
leaf_weight=690.40707125514746 21398.09701513499 2917.8581895232201 292.70775374770164 7036.6328982561827 82.746567651629448 5540.2978951185942 4452.7292626947165 3510.5110239386559 6263.6869297847152 35212.400307059288 47997.927467443049 9317.656939573586 571.07302781194448 14908.28700979799 211.42902816832066 144.91207712888718 5350.8912901952863 50106.443462267518 26.431599289178848 292.75518967211246 3429.597370877862 17182.672151455656 848.13335061073303 438.5284635424614 1741.9332833588123 2862.9370790868998 2001.7177055180073 1249.4198612272739 22.486472815275192 69641.288954624906
leaf_count=1257 44467 4079 496 9958 206 10012 6638 6027 9554 107652 98355 17148 569 24383 413 426 7875 126219 82 685 7063 37364 1439 994 4029 5860 3102 2387 34 194342
internal_value=0.00130187 0.00245918 0.000388521 0.00166933 0.00385759 0.00197603 0.000883014 0.000497554 0.00232762 0.00152583 0.00244538 0.00868852 0.0137558 -0.000829296 -0.00146489 -0.020911 0.00810098 -0.000416511 -0.00466558 0.0021117 0.00494301 0.000969095 -0.00364072 -0.00756336 -0.0109562 0.00723507 0.00176174 -0.00430861 -0.0479111 -0.00133621
internal_weight=315745 139270 176474 123601 32671.2 25634.6 90929.4 83047.1 27661.8 91253.3 56040.9 15669.5 3488.93 85221.1 70312.8 460.106 6041.3 55385.3 5278.88 25551.8 7882.33 20011.5 2828.84 1980.7 1768.36 12180.6 49999.6 1687.95 167.399 69852.7
internal_count=733115 294780 438335 267124 63045 53087 204079 190378 54021 218241 110589 27656 4648 220094 195711 956 9132 136357 10138 52881 13701 42869 5505 4066 4111 23008 101457 3381 460 194755
is_linear=0
shrinkage=0.05


Tree=88
num_leaves=31
num_cat=0
split_feature=18 8 11 8 11 8 9 9 13 11 11 10 11 11 13 10 11 8 11 13 1 10 3 8 5 11 3 9 3 10
split_gain=81.7409 170.629 132.085 72.1717 67.8412 75.2118 65.7972 63.0097 52.9812 49.3725 39.708 119.004 54.9272 50.2717 66.6107 189.963 46.898 48.8991 62.0026 46.0357 83.2557 46.2963 41.8358 54.7739 46.5666 39.2148 38.8819 42.4599 38.4998 47.2908
threshold=6.5000000000000009 10052930.500000002 69.500000000000014 12130922.500000002 25.500000000000004 5320895.5000000009 3211691.0000000005 7714069.5000000009 0.24371013045310977 45.500000000000007 1.0000000180025095e-35 0.44452822208404547 55.500000000000007 57.500000000000007 -0.071969699114561067 0.12494444474577905 65.500000000000014 10052930.500000002 66.500000000000014 -0.049675324931740754 0.044709488749504096 0.4167881458997727 -0.0058184568770229808 5320895.5000000009 0.021818470209836963 79.500000000000014 -0.0031028754310682412 3211691.0000000005 -0.33022774755954737 0.39396969974040991
decision_type=2 2 2 2 2 2 8 10 2 2 2 10 2 2 2 10 2 2 2 2 2 10 2 2 2 2 2 10 2 8
left_child=6 4 3 -3 5 -2 -1 8 10 -6 11 -8 19 26 15 -15 -16 18 -18 20 21 -12 23 25 -25 -20 27 -14 -29 -30
right_child=1 2 -4 -5 9 -7 7 -9 -10 -11 12 -13 13 14 16 -17 17 -19 22 -21 -22 -23 -24 24 -26 -27 -28 28 29 -31
leaf_value=0.0033208996085887527 0.014154404100697019 0.0033208996085887527 0.039165418821229071 0.013387519480779618 0.0033208996085887527 0.037176744933387081 -0.0023441836798396092 0.0033208996085887527 0.0033208996085887527 0.017468338777816863 -0.10304820864046307 0.0020332506279975484 -0.0056427701492815785 -0.12250058658010553 0.0020332506279975484 -0.012758908648600426 -0.0055317574333787305 0.0020332506279975484 -0.012758908648600426 0.0018301163073535017 -0.00089665474357499193 -0.029788001145080491 0.001576562367568893 -0.012758908648600426 -0.0018217033213815054 -0.0018217033213815054 -0.0019093812799574523 -0.059680164760712341 -0.036782638753572648 -0.0056427701492815785
leaf_weight=37520.961827933788 856.93978646397591 8975.4699979275465 261.45710943639278 2104.6257573962212 625.53992449492216 608.56013326346874 31928.703049264848 9684.508152037859 15242.224142126739 800.2740011587739 29.633396342396736 14616.907583944499 1583.1080749407411 40.940285250544548 3368.5372295826674 189.01635171473026 7180.2913532741368 10562.577964890748 412.5965830385685 132105.04050699621 14325.297966018319 30.97861622273922 11079.460992602631 713.8543258830905 585.23861625790596 1131.9311108440161 9358.4434904381633 56.628070399165154 183.10316786170006 318.32920287549496
leaf_count=70943 1441 33338 633 4057 1539 954 68127 16559 21968 1645 124 27220 3326 182 5940 335 23314 29010 927 334603 26042 66 29215 2101 1040 2065 25653 164 488 707
internal_value=0.00155673 0.00525947 0.0033209 0.0033209 0.0162023 0.0237522 0.00138233 0.00110456 0.000930004 0.00841984 0.000745602 -0.000565402 0.00106136 -0.000430553 0.000505639 -0.0262002 0.000682414 -0.000358703 -0.00175852 0.00153762 -0.00114823 -0.0586793 0.000187903 -0.00521997 -0.0127589 -0.0018217 -0.00330105 -0.00937616 -0.0212307 -0.0166687
internal_weight=316481 14232.9 11341.6 11080.1 2891.31 1465.5 302248 264727 255043 1425.81 239801 46545.6 193255 46764.1 35264.4 229.957 35034.5 31666 21103.4 146491 14385.9 60.612 13923.1 2843.62 1299.09 1544.53 11499.6 2141.17 558.06 501.432
internal_count=733726 43607 38028 37395 5579 2395 690119 619176 602617 3184 580649 95347 485302 124467 94129 517 93612 87672 58662 360835 26232 190 35348 6133 3141 2992 30338 4685 1359 1195
is_linear=0
shrinkage=0.05


Tree=89
num_leaves=31
num_cat=0
split_feature=9 9 5 8 8 18 3 18 11 7 12 11 6 4 7 8 11 6 7 3 8 6 3 10 8 11 5 2 3 6
split_gain=92.2013 91.047 113.653 71.8369 84.0859 93.8073 80.6161 79.6314 76.3974 138.159 77.6178 72.9689 64.2082 132.04 59.0747 143.122 120.64 54.3953 54.3715 51.3871 51.3481 68.1686 48.9846 45.3895 44.9176 52.5876 44.4476 43.7874 42.0522 41.3288
threshold=7714069.5000000009 3211691.0000000005 0.020101009868085388 5320895.5000000009 12130922.500000002 6.5000000000000009 0.017493376508355144 6.5000000000000009 33.500000000000007 26040.000000000004 7.5357143878936776 69.500000000000014 0.0040080321487039336 4.5000000000000009 29020.000000000004 13439690.500000002 23.500000000000004 0.013957562390714886 198800.00000000003 0.014872808475047352 1289243.5000000002 0.078340969979763045 -0.21987794339656827 0.40629123151302343 1289243.5000000002 110.50000000000001 0.044859969988465316 1.5000000000000002 -0.0036675281589850779 0.080908220261335387
decision_type=10 8 2 2 2 2 2 2 2 8 2 2 10 2 8 2 2 10 10 2 2 8 2 10 2 2 2 2 2 10
left_child=1 2 19 7 12 6 14 8 9 -3 -10 -7 -5 -14 -6 16 -16 -2 23 22 21 -12 -1 -11 -24 29 28 -22 -23 -26
right_child=17 3 -4 4 5 11 -8 -9 10 18 20 -13 13 -15 15 -17 -18 -19 -20 -21 27 26 24 -25 25 -27 -28 -29 -30 -31
leaf_value=-0.052136737226077826 0.004339554104256022 0.0070661684399138357 0.012172337089312214 -0.0025282995071944942 0.0035876083355361691 0.0093712390063713687 0.0064893078382205586 0.012516949037489136 0.0070661684399138357 0.00094186922636401306 -0.073547775645411137 0.046897187126849919 0.026277716398863948 -6.6769950470965371e-05 -0.042322862115345111 0.00018487864473593272 0.0017241182643596036 0.01433658274938719 -0.050502872061876418 0.0073471243869842025 -0.00084816388348795215 -0.041557168361108447 -0.025005522724573459 0.004355218655597271 0.001473117416172137 -0.025005522724573459 0.0033856876829626301 0.0031195647084237429 -0.0097408407744252051 0.004702308379911117
leaf_weight=39.646489188075066 8070.0205550640821 10268.400048732758 3347.7935009077191 34744.88834714517 12377.309147916734 2004.277166210115 3984.8693934753537 1701.5687324777246 1995.8885708749294 35611.196713540703 42.462030023336411 136.71121267974377 477.06638533622026 66217.283807009459 364.81828351318836 45436.999325653538 248.06789779663086 1635.6171305179596 47.930241845548153 1150.5400904268026 35959.832883704454 108.30050831288099 121.13626044988632 7296.9866555407643 27608.948243819177 47.541761979460716 106.94023226201534 8618.3487798497081 459.43508855625987 5254.158152654767
leaf_count=114 14024 16999 4270 104414 24311 3999 5496 3108 2485 74368 301 203 497 180302 1145 103899 619 2410 200 1442 92554 399 390 13678 55302 195 125 13858 2126 9269
internal_value=0.00122958 0.00107727 0.00338245 0.000754347 0.000112209 0.00152288 0.00116965 0.0017971 0.00161539 0.0029147 0.000152996 0.011809 -0.000785511 0.000122455 0.000685909 -0.000139372 -0.0241005 0.00602688 0.00164427 0.00252191 -0.000294793 -0.0135489 0.00205749 0.00170487 0.00212569 0.00223896 -0.00956656 -8.0973e-05 -0.016472 0.00233262
internal_weight=315485 305779 37569.8 268210 165992 64553.1 62412.1 102217 100516 53224.5 47291.2 2140.99 101439 66694.4 58427.2 46049.9 612.886 9705.64 42956.1 34222 45295.3 717.138 33071.4 42908.2 33031.8 32910.6 674.676 44578.2 567.736 32863.1
internal_count=732502 716068 70982 645086 424885 139672 135470 220201 217093 105245 111848 4202 285213 180799 129974 105663 1764 16434 88246 66712 109363 2951 65270 88046 65156 64766 2650 106412 2525 64571
is_linear=0
shrinkage=0.05


Tree=90
num_leaves=31
num_cat=0
split_feature=7 9 17 12 6 10 8 11 11 14 8 8 11 11 8 8 12 11 3 9 11 11 9 14 9 11 12 8 3 7
split_gain=72.6051 69.254 226.932 199.489 108.819 104.382 282.442 88.5431 91.8399 94.6987 85.77 76.0699 68.9635 322.053 65.3953 63.6277 91.5728 81.6338 66.3733 60.5043 59.5546 56.9346 74.0823 76.8929 70.7128 68.181 76.1627 110.105 66.5063 56.8245
threshold=2149.9001464843755 1.0000000180025095e-35 1.0000000180025095e-35 9.3452377319335955 0.0090917046181857603 0.90672317147254955 10052930.500000002 43.500000000000007 34.500000000000007 -0.086166717112064348 15089427.500000002 1289243.5000000002 1.0000000180025095e-35 11.500000000000002 15089427.500000002 5320895.5000000009 18.038461685180668 54.500000000000007 -0.052277432754635804 7714069.5000000009 21.500000000000004 48.500000000000007 7714069.5000000009 -0.056045996025204652 3211691.0000000005 91.500000000000014 19.22500038146973 13439690.500000002 -0.0013081121724098919 35620.000000000007
decision_type=8 10 2 2 10 8 2 2 2 2 2 2 2 2 2 2 2 2 2 10 2 2 10 2 10 2 2 2 2 10
left_child=-1 5 7 -4 10 -2 -7 8 12 -10 20 -9 -3 -14 -15 16 -13 18 -18 -19 29 22 23 24 -17 26 -23 -28 -27 -5
right_child=1 2 3 4 -6 6 -8 11 9 -11 -12 15 13 14 -16 21 17 19 -20 -21 -22 25 -24 -25 -26 28 27 -29 -30 -31
leaf_value=0.023510139364948876 0.00014960449016763444 -0.00085013712034036825 0.01111083284249658 -0.0079497027775857383 0.0034920599527498218 0.012362198239667511 0.0021739782759049287 -0.052639562204159933 -0.079266467876997038 0.012362198239667511 -0.065698835649042275 0.005161242110977151 0.012362198239667511 3.9483789317431302e-05 0.0044313845827897705 -0.097341705061291695 -0.061433322772688148 -0.013705659953485605 0.000183230951616414 -0.080524734084205185 -0.0079497027775857383 0.0046043501938667422 0.012362198239667511 -0.0095826124233982964 -0.025832362615615376 -0.084351328780856716 -0.045875050913808932 -0.0059559249867953091 -0.012887100069338908 -0.095886883366716608
leaf_weight=363.5684312954545 158556.50239077024 27987.962687134743 9997.2395682111382 30.67114245891571 37607.168201893568 4971.6003480181098 12722.47865767777 73.829869419336319 27.49793666601181 1175.9990554526448 82.11630842462182 4778.5016430541873 1778.4870655462146 31248.388312116265 11628.483436599374 40.640088871121407 42.173458561301231 1224.5615413933992 3166.7112865298986 32.955798357725143 375.99950024485588 2523.6702371835709 348.55026863515377 3924.6246677935123 198.17679876089096 42.040398202836514 206.72821925580502 304.93479582667351 128.59446641802788 36.044572442770004
leaf_count=455 387348 54137 14003 62 74700 9062 41087 464 87 1726 390 8625 1729 74284 24217 149 140 4634 9941 139 1266 5949 705 13575 485 201 1443 1200 504 146
internal_value=0.00124009 0.00121426 0.00204869 0.00482467 0.0031761 0.000556108 0.00419835 0.000578535 0.00132814 0.0123622 -0.0193915 -0.00267048 0.00109578 0.00231538 0.00123075 -0.00244681 0.000351287 -0.00479478 -0.000560395 -0.0155819 -0.0105454 -0.00579771 -0.0094164 -0.0112711 -0.0387087 -0.000702171 0.00103555 -0.0165162 -0.0312674 -0.0549831
internal_weight=315627 315263 139013 48129.2 38132 176251 17694.1 90883.5 73846.8 1203.5 524.832 17036.7 72643.3 44655.4 42876.9 16962.9 9244.9 4466.4 3208.88 1257.52 442.715 7717.96 4511.99 4163.44 238.817 3205.97 3035.33 511.663 170.635 66.7157
internal_count=732853 732398 294901 90567 76564 437497 50149 204334 156180 1813 1864 48154 154367 100230 98501 47690 23479 14854 10081 4773 1474 24211 14914 14209 634 9297 8592 2643 705 208
is_linear=0
shrinkage=0.05


Tree=91
num_leaves=31
num_cat=0
split_feature=8 7 8 12 11 11 11 8 12 11 11 14 12 11 11 14 7 9 10 14 11 11 7 7 10 14 12 14 3 8
split_gain=109.246 117.304 87.4902 76.2389 87.4722 79.2688 208.882 70.7375 110.783 74.5743 198.088 79.4719 73.7962 104.667 67.0603 83.404 74.9416 62.256 58.7032 56.5547 56.7429 55.8667 55.512 50.2433 49.8504 49.2154 48.0958 48.0287 72.1927 46.3271
threshold=5320895.5000000009 198800.00000000003 1289243.5000000002 11.949999809265138 12.500000000000002 1.0000000180025095e-35 11.500000000000002 12130922.500000002 13.887499809265138 1.0000000180025095e-35 9.5000000000000018 -0.054528366774320595 12.464285850524904 57.500000000000007 57.500000000000007 -0.028693893924355503 8010.0000000000009 7714069.5000000009 0.34791304171085363 0.45565807819366461 57.500000000000007 126.50000000000001 50000.500000000007 38060.000000000007 0.94803845882415783 -0.03797215782105922 18.774999618530277 -0.12109820172190665 -0.21987794339656827 15089427.500000002
decision_type=2 10 2 2 2 2 2 2 2 2 2 2 2 2 2 2 8 10 10 2 2 2 8 8 10 2 2 2 2 2
left_child=1 2 19 5 -5 -4 -7 9 14 23 -11 12 -12 27 16 -16 29 24 -3 20 -1 -6 -19 -2 -13 -8 -22 28 -14 -9
right_child=7 18 3 4 21 6 25 8 -10 10 11 17 13 -15 15 -17 -18 22 -20 -21 26 -23 -24 -25 -26 -27 -28 -29 -30 -31
leaf_value=-0.01475240304472706 0.00028230391209498181 -0.063403885939254556 0.0030846858035724085 -0.0031329812991012828 0.0024038859651873217 0.023907232879115656 0.0030846858035724085 0.032190693257905655 -0.00028296941156043872 0.025481867281833583 -0.0018359203724622798 0.00039287335721156259 -0.10126128370518231 -0.033875592940968619 0.0015981088643410891 0.01754018994278992 0.0025190219558965865 0.029355676295321542 -0.01475240304472706 0.046713921624236071 0.017983470381069604 -0.01475240304472706 0.0054019157070483263 -0.0044965174476613162 0.018580933652416715 0.0078021162945891122 -0.01475240304472706 -0.0064696070442084976 -0.021896163881219715 0.0096558534185970865
leaf_weight=1213.6903487741947 8606.8983004689217 91.223349649459124 23755.496507763863 8218.8067215830088 73801.204379878938 1661.3025968000293 6461.7886734753847 272.62643543630838 37746.451760405675 776.88871541619301 6089.1002344712615 77663.33697877638 31.59885473549366 425.47226394712925 501.2291499003768 1752.733271792531 36732.607389137149 327.49578384310007 154.06171426922083 42.093239344656467 246.20354171842337 394.80751191079617 914.3112565279007 15234.630276381969 376.57242933660746 8688.9996224492788 86.736921491101384 2238.9811234027147 93.271904930472374 1368.379979506135
leaf_count=4248 19388 436 41834 14942 173359 1696 9597 272 98569 928 10216 224403 131 1248 890 2206 60910 438 466 21 513 1149 1891 44039 682 11518 574 5079 228 1848
internal_value=0.0012648 0.00241533 0.00248359 0.00263425 0.00176076 0.00440861 0.00708673 0.000513515 0.0016673 -0.000288308 0.000377404 0.000155604 -0.00432985 -0.0111033 0.00347919 0.0118575 0.00298648 0.000658007 -0.0319884 -0.00916774 -0.010747 0.00230291 0.0117562 -0.00277146 0.000481112 0.00523943 0.00758607 -0.00697931 -0.0373227 0.0134343
internal_weight=315969 124816 124571 122982 82414.8 40567.6 16812.1 191153 78374 112779 88937 88160.1 8878.42 2789.32 40627.6 2253.96 38373.6 79281.7 245.285 1588.72 1546.63 74196 1241.81 23841.5 78039.9 15150.8 332.94 2363.85 124.871 1641.01
internal_count=733719 260353 259451 254095 189450 64645 22811 473366 164695 308671 245244 244316 16902 6686 66126 3096 63030 227414 902 5356 5335 174508 2329 63427 225085 21115 1087 5438 359 2120
is_linear=0
shrinkage=0.05


Tree=92
num_leaves=31
num_cat=0
split_feature=9 10 12 9 7 11 7 11 14 13 11 11 6 10 6 12 11 11 11 11 9 11 13 14 0 7 10 14 11 11
split_gain=78.9381 72.464 78.826 62.3188 92.6065 55.1405 53.8674 60.0772 97.0088 54.0723 37.6602 36.0341 37.8131 58.8286 50.3012 35.3945 56.1545 48.1481 29.0442 109.82 46.1375 47.4886 37.6859 34.1953 34.0793 27.4279 73.8548 26.6906 26.1047 51.3444
threshold=7714069.5000000009 0.91074174642562877 15.267857074737551 3211691.0000000005 124200.00000000001 104.50000000000001 57040.000000000007 22.500000000000004 -0.31677702069282526 -0.049416434019803994 1.0000000180025095e-35 89.500000000000014 0.090072538703680052 0.21524236351251605 0.032394221052527435 20.708333015441898 42.500000000000007 1.0000000180025095e-35 55.500000000000007 45.500000000000007 3211691.0000000005 23.500000000000004 0.26698686182498937 0.059870235621929176 1.0000000180025095e-35 64010.000000000007 0.055568549782037742 -0.10753119364380835 11.500000000000002 12.500000000000002
decision_type=10 10 2 8 8 2 8 2 2 2 2 2 10 8 10 2 2 2 2 2 10 2 2 2 2 10 10 2 2 2
left_child=1 3 -3 4 -1 15 18 8 -8 25 -11 12 13 14 -2 17 -17 -6 19 20 23 -22 -20 -5 -23 -10 -27 -28 -12 -30
right_child=11 2 -4 6 5 -7 7 -9 9 10 28 -13 -14 -15 -16 16 -18 -19 22 -21 21 24 -24 -25 -26 26 27 -29 29 -31
leaf_value=0.0043088613554449224 -0.069165822713504146 0.013677512876315571 0.0043088613554449224 0.00061866589704095282 -2.7790100404099378e-05 -0.05824655536149928 -0.10748533999747617 0.00061866589704095282 -0.00452932332119512 -0.0021632182654523955 0.00061866589704095282 -0.043765186023727379 0.014562789603927907 0.005295712325605508 -0.008608119295291863 -2.7790100404099378e-05 -0.010238550573247972 0.002626944476443288 0.00061866589704095282 0.0043088613554449224 0.0043088613554449224 0.00061866589704095282 0.0043088613554449224 0.0042434499199945032 0.0043088613554449224 -0.054323834288602504 -0.032002313678542497 -0.009491260041425956 -0.0035463559701335947 0.00040140530612339087
leaf_weight=9800.4191126525402 42.59247075766325 2766.5022257119417 1248.8026489466429 84262.14839149639 8650.7158174365759 37.289723724126816 19.460774950683117 59873.930579686537 3837.9592273831367 26622.810394249856 1431.7387660071254 34.863629087805748 1086.4090927839279 8409.4941239804029 150.06190672516823 5152.1813550144434 1625.8871155008674 12137.479570791125 25096.803487209603 5666.9969638213515 8944.0114792957902 4396.0095188170671 1385.285130687058 6714.6810940355062 2975.6757130250335 76.753781586885452 83.047310873866081 689.87538518756628 8693.2369899600744 23412.856418378651
leaf_count=16347 148 3669 3227 202290 15850 188 74 155814 7646 63412 1508 96 1574 14483 288 12703 5136 20743 65319 10363 15806 10413 1671 9792 4678 235 200 1368 18373 69559
internal_value=0.00115892 0.00101778 0.00768881 0.000928917 0.00283901 0.000945028 0.000658459 -9.64093e-05 -0.00119754 -0.00116233 -0.0007592 0.00559356 0.00578017 0.00466784 -0.022512 0.00102932 -0.00210791 0.00205233 0.00133374 0.00174738 0.00123203 0.00368023 0.000618666 0.0007929 0.000618666 -0.00633351 -0.0144532 -0.00968079 0.000355393 -0.000832193
internal_weight=315326 305603 4015.3 301587 37404 27603.6 264183 124742 64867.7 64848.3 60160.6 9723.42 9688.56 8602.15 192.654 27566.3 6778.07 20788.2 139442 112960 107293 16315.7 26482.1 90976.8 7371.69 4687.64 849.676 772.923 33537.8 32106.1
internal_count=732973 716384 6896 709488 70967 54620 638521 318189 162375 162301 152852 16589 16493 14919 436 54432 17839 36593 320332 253342 242979 30897 66990 212082 15091 9449 1803 1568 89440 87932
is_linear=0
shrinkage=0.05


Tree=93
num_leaves=31
num_cat=0
split_feature=14 11 11 13 8 8 11 17 5 6 10 17 11 11 11 10 10 12 11 14 6 6 3 8 11 6 3 14 14 6
split_gain=54.4856 55.501 167.578 103.122 79.9952 197.035 78.6506 76.1432 72.5751 69.9154 97.0192 64.7149 68.7449 60.726 96.0162 89.3002 68.2634 55.8793 83.9638 55.0165 51.5854 49.2621 48.6859 108.833 45.4606 85.252 43.2939 44.3862 42.7421 42.3726
threshold=-0.31677702069282526 43.500000000000007 34.500000000000007 0.2987103164196015 15089427.500000002 10052930.500000002 46.500000000000007 1.0000000180025095e-35 0.029268989339470867 0.032394221052527435 0.36671064794063574 1.0000000180025095e-35 33.500000000000007 30.500000000000004 23.500000000000004 0.37519231438636785 0.80732142925262462 14.348484516143801 44.500000000000007 -0.10753119364380835 0.017895999364554886 0.1812112703919411 -0.0011437837383709846 5320895.5000000009 39.500000000000007 0.10686470568180086 0.010366445407271387 -0.031546669080853455 -0.029582916758954522 0.40503749251365667
decision_type=2 2 2 2 2 2 2 2 2 8 10 2 2 2 2 10 10 2 2 2 10 10 2 2 2 8 2 2 2 10
left_child=-1 2 4 9 5 8 -5 28 11 10 -3 22 -13 14 -9 21 -16 18 -11 -4 -14 -15 23 -2 -21 -26 27 -22 -7 -17
right_child=1 3 19 6 -6 7 -8 13 -10 17 -12 12 20 15 16 29 -18 -19 -20 24 26 -23 -24 -25 25 -27 -28 -29 -30 -31
leaf_value=-0.037359050205373688 -0.0028467923253856467 -0.01806625685110411 -0.01806625685110411 0.0034798678168100126 0.003238482061938882 -0.017223800458432085 0.014411100606651784 -0.00081173349512203867 0.0062867693158173577 0.00073477949426401282 -0.0055133348953605331 0.0033694717975761429 -0.01806625685110411 -0.01806625685110411 0.0082603346314642292 -0.0020289950580827734 0.042380253605453964 -0.00063030396649370692 0.0034798678168100126 0.0086384700233219838 -0.009249999198036013 -0.0060334738543694894 0.00056584263992262628 -0.01806625685110411 -0.0034081882555959172 0.025037703123558332 0.0039197390218578048 -0.00063858410130821202 -0.0049710011115869888 0.018708482847579744
leaf_weight=89.518051654100418 2017.7525656968355 667.66005262546241 122.43950349092484 3138.9341367185116 48639.207602567971 765.76409089565277 2212.269137211144 20876.704485543072 8725.3726768642664 5248.1452400535345 748.55903125926852 52174.679391309619 203.03453688323498 1206.5312273129821 1552.6663913056254 1297.5419689714909 160.13067996501923 72275.055626153946 20052.968792334199 3963.515964128077 739.69161093235016 775.3202401548624 45617.379748255014 751.76739192008972 157.69163326174021 1069.5332719609141 736.12148939818144 9690.2816558405757 9839.6150994896889 301.9646108597517
leaf_count=201 3454 3134 241 4770 93801 1871 2654 58393 11908 9575 2427 104617 777 4040 3049 3678 158 215261 32841 6409 1480 2224 102805 1951 358 1466 971 23315 34467 626
internal_value=0.00121536 0.00122654 0.00169229 0.000282973 0.00146618 0.000918589 0.00704228 -0.00228528 0.00189516 -8.25481e-05 -0.0111043 0.00155271 0.0026018 -0.000836818 0.000122403 -0.00688382 0.0114959 7.7646e-05 0.00209986 0.0104581 -0.000921124 -0.0139714 0.000174942 -0.00625943 0.0112499 0.0196561 -0.000433742 -0.00161817 -0.0058588 0.00190443
internal_weight=315818 315728 211385 104344 206072 157432 5351.2 36776.2 120656 98992.4 1416.22 111931 63543.8 26170.9 22589.5 3581.36 1712.8 97576.2 25301.1 5313.18 11369.1 1981.85 48386.9 2769.52 5190.74 1227.22 11166.1 10430 10605.4 1599.51
internal_count=732922 732721 462059 270662 453585 359784 7424 108506 251278 263238 5561 239370 131160 72168 61600 10568 3207 257677 42416 8474 26543 6264 108210 5405 8233 1824 25766 24795 36338 4304
is_linear=0
shrinkage=0.05


Tree=94
num_leaves=31
num_cat=0
split_feature=9 6 7 11 6 11 3 11 12 3 0 11 7 10 10 11 12 10 11 12 9 6 6 7 14 12 11 11 8 12
split_gain=62.6767 97.625 59.125 50.458 73.4504 65.2329 49.6589 52.1724 65.0804 46.7654 38.7232 57.4751 44.086 107.397 36.6269 35.3416 42.1493 34.1913 33.9401 67.0294 92.2892 33.1627 33.0022 30.2098 33.6127 55.0659 70.0064 28.6156 37.4906 34.9515
threshold=3211691.0000000005 0.21555858105421069 7420.0000000000009 42.500000000000007 0.28146463632583624 21.500000000000004 0.0031327368924394254 85.500000000000014 19.928571701049808 -0.00057240895694121708 1.0000000180025095e-35 154.50000000000003 199700.00000000003 0.047809524461627013 0.066790584474802031 22.500000000000004 12.354166507720949 0.10724142938852312 55.500000000000007 18.038461685180668 7714069.5000000009 0.0090917046181857603 0.68622446060180675 149700.00000000003 -0.051857864484190934 17.267857551574711 43.500000000000007 12.500000000000002 5320895.5000000009 20.866071701049808
decision_type=8 10 8 2 10 2 2 2 2 2 2 2 10 10 10 2 2 10 2 2 8 10 10 8 2 2 2 2 2 2
left_child=1 6 3 4 -2 -6 7 23 9 17 11 12 18 -14 -3 -12 -17 -9 -4 -20 -21 -15 -7 -1 25 -25 -27 28 -26 -29
right_child=2 14 10 -5 5 22 -8 8 -10 -11 15 -13 13 21 -16 16 -18 -19 19 20 -22 -23 -24 24 27 26 -28 29 -30 -31
leaf_value=0.0041317513821640941 0.0026289283536422283 0.0069177670616354815 0.00021734228191750668 0.0025083345651614256 0.024537118996981633 0.0079603370495038277 0.0069177670616354815 -0.030277688178330039 -0.056852227937959993 0.0041317513821640941 0.00057325493587222589 -0.04894547659567005 -0.067367240646443435 -0.037751736554845344 0.01515412893558031 0.0025083345651614256 0.00066754976351877417 -0.013072968398082972 0.00057325493587222589 -0.0081362324632472602 -0.0015678210630612505 -0.0081362324632472602 0.017875301315712494 -0.0040883003920926765 0.0024285837000897707 -0.09795927248737657 -0.024663698007331133 0.0024381342681286454 -0.0025757402872707762 -0.0012177153127430891
leaf_weight=6417.3448605164886 3513.725894190371 306.63044360280037 165222.76008673012 1391.0977898836136 899.63017509132624 1245.9731892421842 2762.7345299348235 43.402607679367065 82.857504531741142 94.088105000555515 19959.550731889904 58.157411821186543 82.439820686355233 32.22661455348134 2316.7009590193629 25148.181427307427 35886.574312098324 42.760863944888115 5767.0032813772559 4493.6091880127788 11831.403871454298 303.46371084824204 843.26283405721188 1474.5065606087446 5407.0979028344154 37.588108569383621 46.497713148593903 5751.6280335634947 5836.4809473454952 6726.7005729749799
leaf_count=11322 6105 636 422538 3370 978 2602 3817 193 376 182 33742 251 525 177 3533 38103 77041 44 13696 15140 44527 1182 1307 2547 9118 153 96 10280 11103 17609
internal_value=0.000698228 0.00262082 0.000438693 0.00470325 0.00753259 0.0132917 0.00191781 0.00134574 -0.0207433 -0.00370315 0.000313417 -8.07181e-05 -6.50591e-05 -0.0162437 0.0119177 0.00122723 0.0019928 -0.0302777 -2.87716e-05 -0.00186927 -0.0037089 -0.00813623 0.00843062 0.00153038 0.000744517 -0.00636351 -0.0452391 0.00121203 -0.000649588 0.00243813
internal_weight=314026 37347 276679 7893.69 6502.59 2988.87 34723.7 31961 263.109 180.252 268785 187791 187733 418.13 2623.33 80994.3 61034.8 86.1635 187315 22092 16325 335.69 2089.24 31697.8 25280.5 1558.59 84.0858 23721.9 11243.6 12478.3
internal_count=732293 71009 661284 14362 10992 4887 66840 63023 795 419 646922 498036 497785 1884 4169 148886 115144 237 495901 73363 59667 1359 3909 62228 50906 2796 249 48110 20221 27889
is_linear=0
shrinkage=0.05


Tree=95
num_leaves=31
num_cat=0
split_feature=9 7 9 11 11 11 10 14 12 11 12 14 7 12 11 10 1 11 14 10 14 12 11 10 11 11 7 3 11 6
split_gain=120.949 86.6256 83.0443 76.883 83.9569 78.3084 77.2107 120.616 97.2912 71.7441 59.5477 58.3021 55.1802 47.168 44.1492 144.229 88.9686 55.5387 41.8003 41.6715 53.3734 83.0402 39.2615 67.2103 54.3666 35.0825 34.2686 32.5689 109.819 93.1228
threshold=3211691.0000000005 150200.00000000003 7714069.5000000009 170.50000000000003 123.50000000000001 177.00000000000003 0.12513667345047 -0.0064664501696825019 16.211111068725589 100.50000000000001 20.708333015441898 -0.0029897185740992423 2149.9001464843755 9.3452377319335955 88.500000000000014 0.30010800063610082 0.0082305916585028189 82.500000000000014 -0.02221500780433416 0.44434815645217901 -0.042407630011439316 15.690476417541506 12.500000000000002 0.2105745151638985 20.500000000000004 131.50000000000003 61020.000000000007 -0.012981583829969166 39.500000000000007 0.32499356567859655
decision_type=8 8 10 2 2 2 10 2 2 2 2 2 8 2 2 10 2 2 2 8 2 2 2 8 2 2 10 2 2 8
left_child=1 13 3 4 12 -5 8 -8 -6 10 -3 -7 -2 -1 17 16 -16 -14 -18 20 21 -19 23 -4 -24 -9 -13 28 -26 -30
right_child=2 9 22 5 6 11 7 25 -10 -11 -12 26 14 -15 15 -17 18 19 -20 -21 -22 -23 24 -25 27 -27 -28 -29 29 -31
leaf_value=0.014396475114743923 0.020700017357167207 0.0036982670880992396 -0.038180950586071752 0.063167630368412275 -0.02163728938098175 -0.052658312148669353 -0.02163728938098175 -0.0058351490465315785 -0.072413978494009573 -0.062490204800889362 -0.0017047682500858829 0.050499933992397411 0.00055714815618062143 0.0059512157889232871 -0.014071633964158651 0.010626375704675825 -0.0051643053729093034 -0.021409008718680823 0.0040202605217205794 0.00093933614257856845 -0.0070387002278761105 -0.087693945566376649 0.037112942518394469 0.0028003663938124482 0.0027084726451652563 0.016152202975087571 -0.013563046888845838 0.0088653209126528434 -0.1338257171793259 -0.024493683976791712
leaf_weight=2095.0542279481888 338.28830816596746 21187.561531558633 100.37673804163933 96.883381001651287 136.92696158587933 32.395927265286446 185.47756616026163 48.299386240541935 118.77259640023112 40.666152767837048 6714.4267302304506 47.899764828383923 256366.33210783452 7849.470724567771 1084.9280877485871 2408.4103051461279 415.41776429116726 116.81067630648613 1555.9791128486395 1798.9621351584792 2616.7750600352883 53.559808775782585 156.46447689086199 4402.5057930648327 462.24486341327429 425.12757703661919 27.795432835817337 4352.2329209372401 21.30888120085001 127.9038357809186
leaf_count=2653 441 36563 250 105 279 113 615 151 640 201 17670 82 615168 13952 3899 5058 942 234 3129 5143 8093 225 123 7120 625 993 76 7932 98 276
internal_value=0.00107587 0.00372572 0.000714055 0.000550094 0.000526536 0.0310122 -0.0145799 -0.00548651 -0.0377881 0.00229913 0.00239803 0.00156688 0.000578439 0.00773295 0.000552734 0.00499972 -0.00258585 0.00045957 0.00374302 -0.00499299 -0.00881993 -0.0357793 0.00527714 0.00187028 0.00827139 0.00996699 0.0255322 0.00734767 -0.00344838 -0.0416708
internal_weight=315385 37887.2 277498 267875 267670 204.975 914.604 658.905 255.7 27942.7 27902 108.091 266755 9944.52 266417 5464.74 3056.32 260952 1971.4 4586.11 2787.15 170.37 9623.04 4502.88 5120.15 473.427 75.6952 4963.69 611.458 149.213
internal_count=732849 71039 661810 645386 645010 376 2678 1759 919 54434 54233 271 642332 16605 641891 13028 7970 628863 4071 13695 8552 459 16424 7370 9054 1144 158 8931 999 374
is_linear=0
shrinkage=0.05


Tree=96
num_leaves=31
num_cat=0
split_feature=11 11 12 11 7 11 6 7 4 11 8 7 11 11 12 6 11 7 8 4 8 8 8 7 8 7 7 7 11 11
split_gain=89.0042 616.12 102.132 84.0633 80.5844 73.261 72.7088 72.412 64.3287 68.8728 63.2635 52.0331 47.9357 42.756 49.3582 40.1962 53.8822 36.6824 36.4927 39.5218 30.8692 69.4406 36.6306 40.7129 34.0712 54.6874 25.9097 25.8281 32.2021 25.1355
threshold=1.0000000180025095e-35 11.500000000000002 21.774999618530277 170.50000000000003 197024.50000000003 191.50000000000003 0.23459681123495105 27670.000000000004 9.5000000000000018 22.500000000000004 16151869.500000002 32013.600585937504 55.500000000000007 57.500000000000007 14.535714149475099 0.0040080321487039336 43.500000000000007 4804.8000488281259 12130922.500000002 4.5000000000000009 13439690.500000002 5320895.5000000009 12130922.500000002 27670.000000000004 1289243.5000000002 50000.500000000007 129300.00000000001 56050.000000000007 43.500000000000007 21.500000000000004
decision_type=2 2 2 2 10 2 8 8 2 2 2 8 2 2 2 10 2 10 2 2 2 2 2 10 2 8 10 10 2 2
left_child=4 6 3 8 7 -5 -2 17 18 -10 20 -12 -11 -14 -15 27 -17 -1 19 -3 21 24 -23 -24 25 -9 -22 -4 -29 -20
right_child=1 2 15 5 -6 -7 -8 10 9 12 11 -13 13 14 -16 16 -18 -19 29 -21 26 22 23 -25 -26 -27 -28 28 -30 -31
leaf_value=0.011540135976255588 0.010902432411904734 0.017149572650555469 -0.0020592127416565946 0.051053100050221491 -0.069565546805768749 0.000549532597241406 0.026661074201387327 0.00049347721927058116 0.000549532597241406 0.0028773823588514867 0.00049347721927058116 -0.035154697642894243 0.000549532597241406 0.0034652696549844542 0.00055476664454905459 0.000549532597241406 -0.00093654858089940024 0.0017933070314507444 0.01797448869994352 0.0034652696549844542 0.00049347721927058116 -0.0040762148278026249 -0.0057286013619835523 -0.035154697642894243 4.7681885753309687e-05 -0.035154697642894243 -0.023506979685044921 -0.057501649265526172 -0.014535223178444318 0.0071555104370555726
leaf_weight=1047.3439313471317 1042.2985569164157 531.18519841134548 25549.84833632037 157.93910754472017 40.562579482793808 46.677331060171127 2489.5168333500624 76.479612126946449 41528.377575650811 74022.433015465736 57.433550953865051 229.71297170221806 13458.946583077312 14000.358019515872 19246.41473652795 26741.265364460647 21645.706547297537 12075.062413558364 828.56928545236588 6944.8556058034301 13312.668681547046 17839.356270134449 229.06843419373035 161.22056025266647 19608.699957177043 64.791217669844627 110.76090458035469 50.617781676352024 51.530011447146535 1532.6306796818972
leaf_count=1492 1384 586 86546 184 211 146 2504 158 77632 150118 80 592 34512 23103 49847 76309 79030 22481 943 10001 23797 50658 515 460 36078 237 263 389 442 1985
internal_value=0.000861394 0.00128976 0.000992383 0.00165976 -0.000789037 0.0335337 0.0220192 -0.000743848 0.00162147 0.0013834 -0.00158592 -0.0249084 0.00208599 0.000831668 0.00237346 -0.000560695 0.000287574 0.00257287 0.00554713 0.00383382 -0.00145467 -0.00218392 -0.00440908 -0.0195253 -0.000129819 -0.0244241 0.000493477 -0.00216067 -0.0270112 0.010964
internal_weight=314722 249869 246337 172298 64853.2 204.616 3531.82 64812.6 172094 162257 51690.2 287.147 120728 46705.7 33246.8 74039 48387 13122.4 9837.24 7476.04 51403 37979.6 18229.6 390.289 19750 141.271 13423.4 25652 102.148 2361.2
internal_count=732683 595661 591773 349057 137022 330 3888 136811 348727 335212 112838 672 257580 107462 72950 242716 155339 23973 13515 10587 112166 88106 51633 975 36473 395 24060 87377 831 2928
is_linear=0
shrinkage=0.05


Tree=97
num_leaves=31
num_cat=0
split_feature=9 9 11 3 11 7 11 7 11 11 14 7 10 8 4 14 9 3 7 7 11 11 4 11 7 10 3 10 14 7
split_gain=92.2858 79.5568 65.7568 61.2118 73.4399 62.7104 59.7089 53.4608 50.6161 243.446 103.642 97.3653 94.776 63.5863 111.534 55.4089 52.9164 49.8111 55.609 48.8416 42.7725 41.8007 39.6213 78.8173 43.1045 37.3159 76.5192 37.0993 36.8203 36.5953
threshold=3211691.0000000005 7714069.5000000009 170.50000000000003 0.0031327368924394254 110.50000000000001 134020.00000000003 199.00000000000003 60000.900390625007 33.500000000000007 25.500000000000004 0.34924985468387609 7420.0000000000009 0.2400607839226723 10052930.500000002 13.500000000000002 -0.10753119364380835 3211691.0000000005 -0.0050791599787771693 26040.000000000004 55900.000000000007 56.500000000000007 68.500000000000014 12.500000000000002 57.500000000000007 39610.000000000007 0.12513667345047 -0.014295125380158423 0.79174411296844494 -0.1906926408410072 52059.400390625007
decision_type=8 10 2 2 2 8 2 8 2 2 2 8 8 2 2 2 10 2 10 10 2 2 2 2 8 8 2 10 2 10
left_child=3 2 8 4 5 -1 -4 -8 9 11 22 16 13 -11 -15 25 -2 18 -3 -20 -19 -22 23 24 -10 26 -13 -17 -24 -14
right_child=1 17 6 -5 -6 -7 7 -9 10 12 -12 15 29 14 -16 27 -18 20 19 -21 21 -23 28 -25 -26 -27 -28 -29 -30 -31
leaf_value=0.0066183151414433818 0.0059749879749200745 -0.0014090812416492583 0.041875914389513935 0.010215989686466373 -0.059618752115295659 0.0018688233769882095 0.029995280981962098 -0.083053143502187024 0.0061582952968164415 0.011028432048620307 0.017510701261483425 -0.0429170546735387 0.028545042696120682 0.0040565893555375909 -0.096078449280432909 0.00096766671786196491 0.022046523207745493 0.0057515443176808278 -0.021189771765149332 -0.1023849087875941 0.033556819983565009 -0.0002177884766555581 -0.054508594356235542 0.008730614519091599 0.0010459366698168423 -0.0027058847112096471 -0.0095515493334601652 0.0042436774674606444 -0.00035731717809059767 0.011377997603270795
leaf_weight=8671.8004646077752 5288.8657229915261 643.34569747745991 166.64439273625612 3230.9483795240521 44.734169043600559 25827.150728553534 19.700652718544006 18.572570309042931 4141.2840035185218 262.1244470179081 844.10547659546137 193.71016424894333 1277.1786812990904 74.85693746060133 42.101332619786263 128254.43410396948 565.60384061932564 8532.415416046977 80.866113796830177 22.671543747186661 269.50420483201742 121.98973724246025 29.400586917996407 1965.4616338908672 7771.8299274817109 4287.3944585695863 367.53321664780378 5293.5029700025916 107817.11073757894 168.86182036995888
leaf_count=14898 9057 1049 237 4338 191 51566 46 90 6102 407 915 489 1535 113 177 300365 727 14540 163 86 352 249 86 2576 13177 7154 597 9794 292068 291
internal_value=0.00131754 0.00100299 0.0008427 0.00363658 0.00302064 0.00310532 0.0290185 -0.0262631 0.000820992 0.00144966 7.17444e-05 0.00121992 0.0195863 -0.00265699 -0.0329982 0.000952688 0.00753467 0.00545811 -0.00693199 -0.0405723 0.00649641 0.0226187 -4.94722e-05 0.00246496 0.00104594 -0.0042968 -0.0163972 0.00114334 -0.00037309 0.025413
internal_weight=316296 278521 268850 37774.6 34543.7 34499 204.918 38.2732 268645 146076 122569 144251 1825.12 379.083 116.958 138397 5854.47 9670.79 746.883 103.538 8923.91 391.494 121725 13878.6 11913.1 4848.64 561.243 133548 107847 1446.04
internal_count=733435 662442 646003 70993 66655 66464 373 136 645630 330706 314924 328183 2523 697 290 318399 9784 16439 1298 249 15141 601 314009 21855 19279 8240 1086 310159 292154 1826
is_linear=0
shrinkage=0.05


Tree=98
num_leaves=31
num_cat=0
split_feature=9 7 4 8 7 8 3 7 13 7 10 4 14 8 1 13 7 8 10 8 14 13 7 4 9 9 13 3 14 5
split_gain=59.709 281.707 102.592 56.6722 277.525 73.7065 77.2521 83.2872 71.2167 59.8339 57.4829 56.1137 46.668 45.9349 45.8868 91.7652 65.777 45.6078 49.6532 43.7301 41.6977 40.1327 38.902 47.5337 36.9916 55.0879 44.1057 35.4888 35.0222 34.2264
threshold=1.0000000180025095e-35 inf 5.5000000000000009 10052930.500000002 3004.200073242188 12130922.500000002 -0.1489271596074104 73020.000000000015 0.2023827210068703 5610.0000000000009 0.68754562735557567 13.500000000000002 0.098410379141569151 1289243.5000000002 0.017316341400146488 -0.017406204715371128 174400.00000000003 5320895.5000000009 0.51002511382102977 5320895.5000000009 -0.16942908614873883 0.06128389202058316 39440.000000000007 21.500000000000004 3211691.0000000005 7714069.5000000009 -0.16518252342939374 -0.0042153499089181415 -0.054528366774320595 0.12933094054460528
decision_type=10 8 2 2 10 2 2 8 2 10 8 2 2 2 2 2 10 2 10 2 2 2 10 2 10 10 2 2 2 2
left_child=3 2 -2 4 11 6 7 28 20 -7 12 19 -9 -3 15 -11 -17 -4 -19 -1 21 29 23 -22 26 -26 -15 -21 -5 -6
right_child=1 13 17 5 8 9 -8 10 -10 14 -12 -13 -14 24 -16 16 -18 18 -20 27 22 -23 -24 -25 25 -27 -28 -29 -30 -31
leaf_value=0.015071809434251675 0.011440062415805316 -0.019249826884548158 0.0058425443038822569 -0.015745672419101155 -0.068948247104790569 0.0075926128637004405 -0.0015223312394669903 -0.069840498289277533 0.005148876460366509 -0.06981404107848263 -0.015922561915039362 0.0086609189265348802 -0.032354306028794494 -0.063118103198173334 0.0033434284341969261 -0.0003774574174528867 -0.025827538178310266 0.0023718356722406903 0.0068354167384485562 0.015071809434251675 0.0026480648150602505 -0.010099343443527149 -0.00075456798919139529 0.00033611171071697312 -0.0011756224389619619 0.0023718356722406903 0.0016667456941162071 0.034134916422249882 -0.0056510900823688532 -0.028348605594317334
leaf_weight=876.51302897185087 5104.4185655936599 306.66889613866806 18255.437525447458 637.80749291181564 70.09834548830986 3077.0534581616521 40696.155769076198 119.3432469367981 7781.3804802149534 46.020144671201706 446.65003716945648 1710.523299202323 70.321181252598763 24.298191279172897 9256.0350932329893 25531.918633332476 254.43534753471613 18610.314058609307 6269.3681690096855 94.222748659551144 17383.648039408028 150.92602862417698 46304.494526481256 19202.755006156862 54852.755515009165 7769.3484586849809 27352.094295315444 739.08278784155846 1768.2694499120116 22.992267191410065
leaf_count=1224 7640 1271 33151 1430 207 5863 129522 454 11189 160 1081 4118 145 68 15266 62149 1052 38152 11711 149 28897 243 118747 52054 135552 13587 53553 892 3427 24
internal_value=0.000876743 0.00165341 0.00473814 0.000266182 0.00110161 -0.000696062 -0.00209713 -0.00977985 0.000575438 0.000909626 -0.0258403 0.0150793 -0.0487861 5.53527e-06 0.000323166 -0.000759203 -0.000630558 0.00394457 0.00255157 0.0214827 0.000147253 -0.0204069 0.000208252 0.00142679 7.1574e-05 -0.000598663 0.00160464 0.0297569 -0.00565109 -0.0465979
internal_weight=314785 138545 48239.5 176241 94336.6 81904 43738.5 3042.39 90916.3 38165.5 636.314 3420.34 189.664 90305.2 35088.4 25832.4 25786.4 43135.1 24879.7 1709.82 83134.9 244.017 82890.9 36586.4 89998.5 62622.1 27376.4 833.306 2406.08 93.0906
internal_count=732978 294685 90654 438293 217744 220549 136059 6537 211361 84490 1680 6383 599 204031 78627 63361 63201 83014 49863 2265 200172 474 199698 80951 202760 149139 53621 1041 4857 231
is_linear=0
shrinkage=0.05


Tree=99
num_leaves=31
num_cat=0
split_feature=11 9 7 1 11 8 11 17 9 11 9 8 9 8 3 8 11 3 11 13 14 11 11 7 3 11 11 11 13 1
split_gain=73.656 56.7677 55.9569 55.0164 108.873 43.4482 52.2026 39.681 160.64 235.445 95.0629 140.148 94.0387 76.0608 84.2684 71.2234 68.549 76.2043 57.7326 77.3719 93.1449 76.4001 57.1165 80.976 54.9023 53.715 52.2497 70.5436 88.5865 51.9809
threshold=170.50000000000003 3211691.0000000005 2149.9001464843755 1.0000000180025095e-35 100.50000000000001 5320895.5000000009 66.500000000000014 1.0000000180025095e-35 3211691.0000000005 22.500000000000004 7714069.5000000009 10052930.500000002 7714069.5000000009 12130922.500000002 -0.56673488020896901 15089427.500000002 57.500000000000007 0.0056791035458445558 65.500000000000014 -0.010152646806091068 -0.03986766189336776 57.500000000000007 45.500000000000007 156020.00000000003 -0.21987794339656827 24.500000000000004 121.50000000000001 89.500000000000014 -0.012438224628567694 0.38266584277153021
decision_type=2 8 8 2 2 2 2 2 10 2 8 2 10 2 2 2 2 2 2 2 2 2 2 10 2 2 2 2 2 2
left_child=1 3 -3 4 -1 -5 -7 10 26 -10 15 12 -12 14 -13 18 17 22 21 20 -20 -4 25 -24 -14 -11 27 29 -29 -9
right_child=-2 2 7 5 -6 6 -8 8 9 16 11 13 24 -15 -16 -17 -18 -19 19 -21 -22 -23 23 -25 -26 -27 -28 28 -30 -31
leaf_value=0.0017242886162991699 0.028987857842692297 0.020758936050934304 -0.0023479890871368307 0.0097335464100253392 -0.07982538779363943 0.0038255920034976987 0.019251428364052345 0.00011187343799954706 0.0091835589685315116 -0.01012262477651462 0.010682132242281683 -0.035458714066920964 -0.029768231882191576 0.0045957917127855538 -0.0026449835068886735 0.0015633857630738502 0.0046487625752895624 0.007960182469775031 -0.095858718569619694 -0.0053384423894260518 -0.020756281153564753 0.010682132242281683 -0.0067426695168916195 -0.068156179483865362 0.003750903037945643 0.00092927178871233119 -0.012208359674288351 -0.012635405080251759 0.010488580994143355 0.009987832383111692
leaf_weight=28242.376527480781 231.21074482798576 342.8511515930295 37895.850618503988 4418.9878193065524 38.987595677375793 4275.7435097545385 573.28463811427355 156263.55263142474 13559.467299778014 1245.2686267346144 2984.1985451281071 198.12693758308887 123.1008308827877 4481.9224892482162 8798.6296186894178 14256.441136337817 8382.2090777438134 2101.0220832675695 43.719288647174835 1710.9087666645646 454.34523419290781 362.08498600870371 3547.260061301291 52.530925311148167 5231.4008295312524 9272.6674409806728 830.18540715426207 477.59317196905613 3045.1953561548144 1341.8303314223886
leaf_count=56705 411 439 96559 6246 201 7061 823 380900 23189 2350 5624 538 257 8314 33308 31406 17212 2987 191 5868 1542 564 7894 199 9283 19813 2480 1166 7257 1623
internal_value=0.000898571 0.000877739 0.000630423 0.00270207 0.00160623 0.00604495 0.00382559 0.000605328 0.000975657 0.00389399 -0.000362912 0.00242766 0.00752174 -0.000724488 -0.00337533 -0.00147552 0.000977996 -0.000919477 -0.00254614 -0.0104022 -0.0277057 -0.00209203 -0.0022419 -0.00767621 0.00296947 -0.000380891 0.000288004 0.00035254 0.00734821 0.000196082
internal_weight=314783 314552 277002 37549.4 28281.4 9268.02 4849.03 276660 200119 38160.4 76540.7 21817.4 8338.7 13478.7 8996.76 54723.4 24601 16218.7 40466.9 2208.97 498.065 38257.9 14117.7 3599.79 5354.5 10517.9 161958 161128 3522.79 157605
internal_count=732410 731999 660963 71036 56906 14130 7884 660524 467070 73644 193454 57324 15164 42160 33846 136130 50455 33243 104724 7601 1733 97123 30256 8093 9540 22163 393426 390946 8423 382523
is_linear=0
shrinkage=0.05


Tree=100
num_leaves=31
num_cat=0
split_feature=13 1 12 6 14 5 3 1 7 9 9 10 8 3 3 9 13 13 8 10 3 13 8 7 8 10 6 5 3 18
split_gain=57.866 62.2193 58.6812 75.4086 51.1996 36.5256 43.6949 59.3946 47.03 35.4415 28.9941 26.1195 29.1881 32.2762 25.0767 64.3938 20.7964 20.0672 18.8401 18.1085 30.8787 19.2015 16.6749 29.2893 16.0413 23.3134 18.5797 12.4856 12.4324 11.1379
threshold=-0.049675324931740754 0.046620300039649017 11.949999809265138 0.013957562390714886 -0.054528366774320595 0.011173533275723459 0.010784867219626905 0.043668955564498908 36009.800781250007 1.0000000180025095e-35 3211691.0000000005 0.7334517538547517 5320895.5000000009 0.54201233386993419 -0.047175649553537362 3211691.0000000005 -0.033003883436322205 0.16662679612636569 10052930.500000002 0.30010800063610082 -0.0020586297614499922 -0.024623334407806393 15089427.500000002 39610.000000000007 5320895.5000000009 0.4714436680078507 0.23034642636775973 0.17033365368843081 -1.0000000180025095e-35 6.5000000000000009
decision_type=2 2 2 10 2 2 2 2 8 10 8 10 2 2 2 10 2 2 2 10 2 2 2 8 2 10 8 2 2 2
left_child=1 5 3 10 -5 6 7 8 -1 18 -2 12 16 -14 15 -9 -11 29 19 -6 -21 -22 23 -16 26 -26 -25 28 -13 -4
right_child=2 -3 17 4 9 -7 -8 14 -10 11 -12 27 13 -15 22 -17 -18 -19 -20 20 21 -23 -24 24 25 -27 -28 -29 -30 -31
leaf_value=-0.032436817152604873 0.0029602816279221907 -0.00025418682397492052 0.00029911511966808753 0.0029602816279221907 0.0045342288128826834 -0.0024713205591519066 -0.0044881744310236744 -0.032436817152604873 -0.096611748090877442 0.0045342288128826834 0.0013809731180930648 0.014043427244114191 0.0045342288128826834 0.014043427244114191 -0.0066987147890281819 -0.01543289774521118 0.014043427244114191 0.0013809731180930648 0.0045342288128826834 0.0066897339740490704 0.0094021820923414958 0.014456076237502453 -0.0066987147890281819 -0.01543289774521118 -0.01543289774521118 -0.0095974094223216615 -0.0095974094223216615 0.032789487697540427 0.0234564356326704 0.0009163866734594947
leaf_weight=27.179013192653656 12716.369400203228 9796.452633485198 176378.55155364424 5401.1928276270628 3705.6298725157976 1277.0108336806297 1215.945623472333 166.53079433739185 36.163252383470535 123.791280426085 63868.032724961638 79.283729061484337 2279.159803815186 365.78006037324667 1657.3197935372591 118.71239739656448 1659.9758632332087 12160.926475256681 5329.2073954641819 1615.6432879343629 549.50259314477444 2869.864398136735 1653.4403057843447 676.80601736903191 1363.1761586591601 241.67826288938522 1436.6188519746065 138.11458446085453 363.33916441351175 5970.6166776716709
leaf_count=51 20865 15738 469026 8311 5429 2375 1945 571 152 219 131679 148 3403 369 3330 221 1945 20153 8301 2300 918 3516 3018 1461 3791 494 2762 104 366 20342
internal_value=0.000971471 -0.00165459 0.00114621 0.00212357 0.00453959 -0.00468845 -0.00650503 -0.00890926 -0.0563909 0.00610818 0.00138097 0.00971977 0.00840517 0.00506559 -0.00848276 -0.0229776 0.0133458 0.000638378 0.0048211 0.00688467 0.00884524 0.0121146 -0.00788818 -0.00980009 -0.0124961 -0.0154329 -0.00959741 0.0196817 0.0154625 0.0004518
internal_weight=315242 19667 295575 101065 24480.5 9870.58 8593.57 7377.62 63.3423 19079.3 76584.4 5009.44 4428.71 2644.94 7314.28 285.243 1783.77 194510 14069.8 8740.64 5035.01 3419.37 7029.04 5375.6 3718.28 1604.85 2113.42 580.737 442.623 182349
internal_count=733303 35909 697394 187873 35329 20171 17796 15851 203 27018 152544 6554 5936 3772 15648 792 2164 509521 20464 12163 6734 4434 14856 11838 8508 4285 4223 618 514 489368
is_linear=0
shrinkage=0.05


Tree=101
num_leaves=31
num_cat=0
split_feature=8 18 7 8 14 18 3 9 10 14 3 1 8 10 9 13 10 7 3 6 14 13 6 7 1 7 7 9 0 7
split_gain=53.4944 113.506 105.349 59.944 79.3365 55.0526 49.4415 48.355 51.5768 49.0306 47.2753 46.5821 43.5861 50.3229 43.2307 84.8403 55.4224 50.7711 45.3147 42.4138 47.27 39.6531 61.1739 54.3371 36.1413 31.2865 29.9346 26.8315 25.3462 24.6455
threshold=5320895.5000000009 6.5000000000000009 194500.00000000003 12130922.500000002 -0.31677702069282526 6.5000000000000009 0.017493376508355144 1.0000000180025095e-35 0.4003745317459107 0.049307929351925857 0.15852408856153491 0.011173533275723459 1289243.5000000002 0.24999500066041949 1.0000000180025095e-35 0.073747340589761748 0.5004003942012788 190500.00000000003 -0.00054655488929711271 0.013957562390714886 -0.086166717112064348 -0.024616437964141365 0.025626634247601036 31950.000000000004 0.01835016813129187 38060.000000000007 198800.00000000003 1.0000000180025095e-35 29.500000000000004 20820.799804687504
decision_type=2 2 10 2 2 2 2 10 10 2 2 2 2 10 10 2 10 8 2 10 2 2 10 10 2 10 10 10 2 10
left_child=1 2 12 4 10 6 7 9 26 21 -2 -4 13 -1 15 16 24 -16 -18 20 -6 22 23 -5 -14 -22 -9 -27 -21 -23
right_child=3 -3 11 5 19 -7 -8 8 -10 -11 -12 -13 14 -15 17 -17 18 -19 -20 28 25 29 -24 -25 -26 27 -28 -29 -30 -31
leaf_value=-0.01388360691413686 -0.13441600905290149 0.01399842747280018 -0.048056556427586744 -0.028656184727368996 -0.012005943449379929 0.0091034761169331863 0.005034084360499038 0.00064222517939966012 0.0028338044849496786 0.0028338044849496786 -0.038658205953597292 -0.01388360691413686 -0.0022307540803321599 0.0013505465211943041 0.0044469811292963289 0.0056304151626023601 0.00046678522678735484 0.0014061736877613005 0.0026638240313904818 0.00013140990925386361 -0.001053119053127037 0.00073577123286692797 -0.0058471999540691925 -0.085690800717461643 0.00046678522678735484 -0.0067799233970666957 -0.04915876811012005 -0.0031612942222549521 0.020726058995132145 -0.0016849429056223541
leaf_weight=699.03338482044637 16.624438621103764 1776.8175846412778 154.56791192293167 21.267422914505005 1108.3745414316654 2134.2269860357046 4621.8975989967585 32999.838469386101 4912.1557499840856 2040.796235486865 15.608767628669737 127.92795170843601 28688.842029068619 868.75607423484325 19740.862091250718 6874.3382173553109 1110.0215521454811 45061.110958732665 13126.059120185673 68745.860537692904 37049.033345721662 6411.4420204460621 2661.714961335063 52.360049784183502 5747.2620856016874 4277.2514653727412 28.202245309948921 713.65337027236819 147.72316663712263 22240.836272953078
leaf_count=2863 76 3133 733 26 2301 4248 6487 68575 8257 2903 25 281 70853 2442 35540 10044 2555 95699 26653 184008 107140 12917 5326 193 9791 12732 113 1410 147 55313
internal_value=0.000650869 0.00145898 0.00127642 0.000124117 -0.000616985 0.00118726 0.000964693 0.000633525 0.00185513 -0.000752983 -0.0767227 -0.0291145 0.00134732 -0.00693053 0.00145527 0.000431689 -0.000302767 0.00233261 0.00232115 -0.000593722 -0.00182293 -0.00136226 -0.00711181 -0.0514652 -0.00138758 -0.0015539 0.000596727 -0.00526947 0.00017617 -0.000812913
internal_weight=314174 123976 122199 190199 112074 78124.7 75990.5 71368.6 37940.2 33428.4 32.2332 282.496 121916 1567.79 120348 55546.5 48672.2 64802 14236.1 112042 43148.3 31387.6 2735.34 73.6275 34436.1 42039.9 33028 4990.9 68893.6 28652.3
internal_count=732784 260587 257454 472197 307839 164358 160110 153623 76945 76678 101 1014 256440 5305 251135 119896 109852 131239 29208 307738 123583 73775 5545 219 80644 121282 68688 14142 184155 68230
is_linear=0
shrinkage=0.05


Tree=102
num_leaves=31
num_cat=0
split_feature=18 8 11 11 11 11 7 12 13 7 8 7 8 8 8 17 8 9 9 8 12 12 11 14 11 7 8 11 11 11
split_gain=48.318 174.235 123.379 65.0105 46.7222 75.275 77.0163 72.2841 83.4477 68.4508 47.2524 100.867 46.855 93.7849 48.9527 56.5663 103.415 40.0868 35.1519 34.8963 33.4247 32.5687 46.1112 48.5423 43.4181 41.2193 40.3326 32.4738 29.6107 29.2144
threshold=6.5000000000000009 10052930.500000002 69.500000000000014 11.500000000000002 33.500000000000007 1.0000000180025095e-35 197024.50000000003 12.354166507720949 -0.11660353466868399 32820.000000000007 16151869.500000002 29020.000000000004 13439690.500000002 12130922.500000002 5320895.5000000009 1.0000000180025095e-35 10052930.500000002 1.0000000180025095e-35 1.0000000180025095e-35 5320895.5000000009 21.774999618530277 10.949999809265138 12.500000000000002 -0.0064664501696825019 29.500000000000004 30000.200195312504 1289243.5000000002 72.500000000000014 45.500000000000007 99.500000000000014
decision_type=2 2 2 2 2 2 10 2 2 8 2 8 2 2 2 2 2 10 10 2 2 2 2 2 2 8 2 2 2 2
left_child=4 3 -3 19 5 6 9 28 -9 -1 21 -12 13 14 18 16 -16 -17 -11 -2 -10 -7 26 24 -24 -26 -23 -4 -6 -29
right_child=1 2 27 -5 7 10 -8 8 20 12 11 -13 -14 -15 15 17 -18 -19 -20 -21 -22 22 23 -25 25 -27 -28 29 -30 -31
leaf_value=0.0022368058571246535 0.01950336493496771 0.0022368058571246535 0.082024781881417486 0.011027978048790243 0.0008391635894218699 0.0022368058571246535 -0.067663525288155932 -0.10127443430299198 -1.0237171230707921e-05 -0.0045670305198739899 0.0022368058571246535 -0.047942171988014093 0.00053979770295729931 -0.03386703699909057 -0.0068887758053726052 -0.0042689636933099968 -0.03386703699909057 0.00053979770295729931 0.00053979770295729931 0.044264408901441177 -0.0020429824916085395 -0.033745279083261061 -0.0023256852311223635 0.0017488765344398944 -0.00048719203136445412 -0.080402662846312839 -0.0005638029408355145 0.020079673004097749 0.0022368058571246535 0.060633140406450528
leaf_weight=17357.632039263844 363.67267516255379 10936.04498527199 32.778599962592125 2366.6678810343146 14822.60615118593 20592.751223452389 40.172080717980862 18.56242048740387 77778.001218244433 4117.0220359414816 160.82514611631632 145.62191277742386 12550.233019918203 110.09504823386669 5692.8029701113701 5011.3639822751284 157.48037944734097 718.51809506118298 14179.204945579171 238.57273662090302 27326.341616893187 89.954537987709045 6153.1423981040716 57456.974741574377 20.679273933172226 32.734692052006721 22589.570936441422 194.7281786352396 13651.579332277179 57.144361823797226
leaf_count=32346 510 37534 23 4812 23793 29452 219 78 187355 8251 306 446 22206 349 13569 13932 686 1106 25737 281 101926 284 11742 151024 30 111 43483 504 20667 132
internal_value=0.000878563 0.00372958 0.00223681 0.0147774 0.000744037 0.00130112 -0.00011811 4.69241e-05 -0.000558479 -7.05487e-05 0.00209427 -0.0174484 -0.00115721 -0.00228707 -0.00210395 -0.00464766 -0.0081052 -0.00111586 -0.000493646 0.0294262 -0.000538765 0.0021506 0.00126095 0.00174888 -0.00272326 -0.0467859 -0.000698376 0.0362428 0.00223681 0.0296855
internal_weight=314963 14189.6 11220.7 2968.91 300774 167177 59934.5 133597 105123 59894.4 107242 306.447 42536.7 29986.5 29876.4 11580.2 5850.28 5729.88 18296.2 602.245 105104 106936 86343.1 63663.5 6206.56 53.414 22679.5 284.651 28474.2 251.873
internal_count=732894 43796 38193 5603 689098 355279 118401 333819 289359 118182 236878 752 85836 63630 63281 29293 14255 15038 33988 791 289281 236126 206674 162907 11883 141 43767 659 44460 636
is_linear=0
shrinkage=0.05


Tree=103
num_leaves=31
num_cat=0
split_feature=11 8 8 3 3 11 11 12 8 10 7 14 7 11 10 1 11 14 7 14 11 10 3 12 10 8 5 11 7 4
split_gain=57.4415 44.9217 64.4172 55.9707 51.8088 50.4616 108.023 58.4715 58.3587 59.1351 50.1907 49.7532 79.9136 60.9385 45.6535 52.9515 63.4033 61.8702 48.7582 42.6337 38.8974 91.3704 64.2605 37.1666 33.7446 33.087 53.4538 61.9379 61.2294 58.727
threshold=170.50000000000003 5320895.5000000009 13439690.500000002 2.6134637594223027 0.073415715247392668 125.50000000000001 123.50000000000001 19.154761314392093 10052930.500000002 0.5501680076122285 150200.00000000003 -0.10753119364380835 53020.000000000007 21.500000000000004 0.91771242022514354 0.016438479535281662 122.50000000000001 -0.0074984540697187177 100200.00000000001 -0.23311688005924222 111.50000000000001 0.86007389426231395 0.00021880293206777426 10.775000095367433 0.65732145309448253 10052930.500000002 0.17257053405046466 65.500000000000014 58060.000000000007 12.500000000000002
decision_type=2 2 2 2 2 2 2 2 2 8 10 2 10 2 10 2 2 2 8 2 2 8 2 2 8 2 2 2 8 2
left_child=1 3 5 14 10 6 11 8 9 -7 24 12 23 19 15 16 -1 -18 -19 -14 25 22 -22 -3 -4 26 27 28 -13 -29
right_child=-2 2 4 -5 -6 7 -8 -9 -10 -11 -12 20 13 -15 -16 -17 17 18 -20 -21 21 -23 -24 -25 -26 -27 -28 29 -30 -31
leaf_value=0.00073180377460955342 0.026442203675575916 -0.0033578577859669553 0.00014889540126877788 0.025864888324581205 0.0075974789750597642 -0.037311597805672836 0.06472293992029185 -0.065266164377858579 0.036590882809345804 0.019321140714370577 -0.010936701545966519 0.0023324579774171707 -0.13952874591686604 -0.018967239216800033 0.0119703020248818 0.0030549051150550025 -0.082841389155952794 -0.0019197485045136292 -0.048284674465414838 -0.020412994355283522 -0.0033578577859669553 0.069134165708873083 0.032421092821313176 -0.013051940485263376 0.002310538921547704 -0.0014770673519074332 0.009278996625992332 0.004670751604430156 -0.0010203486913829979 -0.0033578577859669553
leaf_weight=91587.388652168214 214.15226618945599 2121.9277315437794 38104.7672999762 231.3236982896924 3129.3754495978355 99.075188986957073 61.396458700299263 59.260306611657143 49.913924999535084 52.497310027480125 863.88227732479572 28008.166092589498 16.517000481486324 584.47827610373497 1002.1962166279554 30928.988161735237 36.463137447834015 176.36658950150013 36.743591599166393 13.977135881781576 157.88008806109428 64.137646898627281 136.24195329844952 866.70600520074368 34309.014017447829 44573.881517909467 1611.130901902914 493.33975590765476 26498.20369631052 8576.3558239918202
leaf_count=207918 397 3361 83401 206 4177 320 77 338 100 93 2506 65605 77 1233 1529 50013 160 507 222 30 525 100 180 1898 70471 138450 1999 574 70769 26159
internal_value=0.000675724 0.000658008 0.000175791 0.00139863 0.00129921 -0.000576879 -0.00052633 -0.0224637 -0.00935703 -0.0247675 0.00103004 -0.000562694 -0.00634227 -0.022746 0.00135249 0.00126562 0.000662966 -0.0244039 -0.013728 -0.0895483 -0.000373449 0.0160291 0.00406005 -0.00335786 0.0011731 -0.000427278 0.000290574 6.25066e-05 0.000702518 -0.00335786
internal_weight=314666 314452 190452 123999 76407 114045 113784 260.747 201.486 151.572 73277.7 113723 3603.61 614.972 123768 122766 91837 249.573 213.11 30.4941 110119 358.26 294.122 2988.63 72413.8 109761 65187.2 63576.1 54506.4 9069.7
internal_count=733395 732998 472443 260555 160555 311888 311037 851 513 413 156378 310960 6599 1340 260349 258820 208807 889 729 107 304361 805 705 5259 153872 303556 165106 163107 136374 26733
is_linear=0
shrinkage=0.05


Tree=104
num_leaves=31
num_cat=0
split_feature=8 8 10 8 14 11 4 10 8 11 12 14 18 11 17 9 14 13 11 10 11 13 13 14 11 10 11 12 13 14
split_gain=117.076 66.2154 82.7541 71.5011 69.9929 83.0164 88.2445 70.6113 95.494 53.1815 84.9067 54.453 48.4656 45.5326 44.1524 128.723 107.056 55.9987 55.4213 88.5239 76.629 76.1005 55.1008 42.843 41.6546 78.3102 64.3982 39.4104 38.671 47.262
threshold=1289243.5000000002 5320895.5000000009 0.96026313304901134 12130922.500000002 -0.054528366774320595 1.0000000180025095e-35 5.5000000000000009 0.16658333688974383 10052930.500000002 71.500000000000014 18.774999618530277 0.45565807819366461 6.5000000000000009 80.500000000000014 1.0000000180025095e-35 7714069.5000000009 -0.20471097528934476 0.2023827210068703 65.500000000000014 0.090737566351890578 66.500000000000014 -0.019886363297700878 -0.010152646806091068 -0.064708407968282686 12.500000000000002 0.44452822208404547 11.500000000000002 8.5500001907348651 -0.034842789173126214 0.12919181585311892
decision_type=2 2 10 2 2 2 2 10 2 2 2 2 2 2 2 8 2 2 2 10 2 2 2 2 2 10 2 2 2 2
left_child=9 12 3 4 7 -6 -7 8 13 11 -11 -1 14 -3 -2 28 17 -17 24 22 -21 -22 -20 -15 25 -18 -27 -14 29 -16
right_child=1 2 -4 -5 5 6 -8 -9 -10 10 -12 -13 27 23 15 16 18 -19 19 20 21 -23 -24 -25 -26 26 -28 -29 -30 -31
leaf_value=-0.017932919206020262 0.00017333829675176846 -0.0067984305797102879 0.020238864395373399 0.0011575656464965036 -0.0027814202738214652 0.010117501396712754 0.00012791290013679612 -0.0027814202738214652 -0.023341505910950338 0.031272354283371689 -0.060471272192825776 0.044321386774628033 0.021660773254037646 -0.1081278176297696 -0.0099645979146155347 -0.11866413782521464 -0.0043017047324468462 -0.028422456732721181 -0.026381681265450981 -0.0073811061260638331 -0.0073811061260638331 0.0055619448961148205 -0.0091695917241259479 -0.014078621062606891 0.0025946958727728533 0.0056663448801630148 -0.00033925410229539919 0.0056663448801630148 0.0056663448801630148 0.0014066181806105349
leaf_weight=1347.6499699093401 44532.988627001643 2344.5843047276139 504.23042905330658 78032.576846567914 23516.763852372766 895.31380125880241 78624.056766424328 5263.2865626737475 1075.2947543263435 130.79473762214184 29.201299868524075 34.209021978080273 503.47579549252987 19.99532875418663 1098.8471287935972 22.439397230744362 6966.451025635004 64.706697784364223 224.68165865540504 2530.6503623537719 463.83204080164433 4393.7228467017412 1140.8519701696932 28.510732777416706 35049.238548062742 4457.6571740061045 1180.8051851913333 1200.824744656682 18060.412873525172 232.0371014252305
leaf_count=4989 95437 4517 702 164391 63054 1067 226703 9522 2688 218 196 18 629 87 1960 90 13319 130 688 7686 1088 10326 3415 67 75696 6818 2241 2443 32357 241
internal_value=0.000565231 0.000633098 4.99856e-05 -3.8616e-06 -0.000814738 -0.000450446 0.000325079 -0.00511239 -0.0108154 -0.0131698 0.0139881 -0.0163299 0.00154174 -0.00679843 0.00142315 0.00215656 0.000950017 -0.0537999 0.00103651 -0.00261981 -0.000456699 0.00321892 -0.0143055 -0.0555944 0.00170823 -0.000756705 0.0036232 0.00990954 0.00566634 -0.00285311
internal_weight=313970 312428 190305 189800 111768 103036 79519.4 8731.67 3468.39 1541.86 159.996 1381.86 122124 2393.09 120419 75886.3 56495 87.1461 56407.9 8753.74 7388.21 4857.55 1365.53 48.5061 47654.2 12604.9 5638.46 1704.3 19391.3 1330.88
internal_count=732783 727362 472798 472096 307705 290824 227770 16881 7359 5421 414 5007 254564 4671 251492 156055 121497 220 121277 23203 19100 11414 4103 154 98074 22378 9059 3072 34558 2201
is_linear=0
shrinkage=0.05


Tree=105
num_leaves=31
num_cat=0
split_feature=11 11 12 11 7 6 11 11 7 11 11 6 8 7 11 12 13 7 8 13 8 9 7 7 8 6 9 6 11 9
split_gain=57.9029 558.84 83.1465 118.699 78.0254 74.2555 55.4651 52.7696 51.7304 40.8105 38.7692 94.7778 81.5233 65.7176 62.2147 42.4384 93.6796 36.7868 36.1332 35.4352 34.5885 47.6889 46.6668 43.5598 34.3813 61.6154 39.4017 34.1242 32.8077 55.0461
threshold=1.0000000180025095e-35 11.500000000000002 7.5357143878936776 44.500000000000007 197024.50000000003 0.25647981464862829 52.500000000000007 21.500000000000004 15605.300292968752 2.5000000000000004 12.500000000000002 0.0090917046181857603 12130922.500000002 63024.000000000007 33.500000000000007 12.354166507720949 -0.11660353466868399 58060.000000000007 1289243.5000000002 -0.049416434019803994 5320895.5000000009 7714069.5000000009 49000.099609375007 132600.00000000003 10052930.500000002 0.07336157932877542 3211691.0000000005 0.075872998684644713 1.5000000000000002 1.0000000180025095e-35
decision_type=2 2 2 2 10 8 2 2 8 2 2 8 2 10 2 2 2 10 2 2 2 8 8 10 2 8 8 10 2 10
left_child=4 5 3 7 8 9 -5 17 -1 28 11 12 13 -4 19 -16 -17 -3 -10 27 21 -13 -23 24 26 -26 -22 -12 -2 -30
right_child=1 2 10 6 -6 -7 -8 -9 18 -11 14 20 -14 -15 15 16 -18 -19 -20 -21 23 22 -24 -25 25 -27 -28 -29 29 -31
leaf_value=0.0036255972091945249 0.0093638295794741932 0.010847015310945778 -0.016983549922029138 0.0262267756343849 -0.066759873415089627 0.025678792200857965 0.0096862035813646257 0.002413077796447382 -0.023434872820943073 0.013252556208232145 -0.0038793117335924063 -0.00017539079899715461 -0.099972513567680499 -0.091405734387423943 0.0021546759185286984 -0.098684320690826513 -0.00017933322136527794 0.002413077796447382 -0.00086117820409891863 0.002413077796447382 -0.0081110830209209697 -0.0028264625002811183 -0.01417974626132085 -0.016983549922029138 -0.007458527299334123 0.0013153997596941161 0.002413077796447382 0.00065883651300431014 -0.080612189949726298 0.017835448413384504
leaf_weight=6976.1766801923513 54.149958819150925 3146.1878121048212 166.75660091638565 671.22643065452576 42.383052632212639 2461.565940335393 2071.3198854699731 11601.665360458195 175.8190596550703 981.34727742522955 5343.8888875544071 4643.1297292709351 36.15344201028347 28.027714774012566 23211.492427907884 22.141563802957535 108214.70740148798 412.49437799304724 58021.678027719259 65148.3624083139 706.31874762475491 2069.6850234568119 1608.3579784482718 142.98302687704563 2792.0888216346502 7047.7361196726561 4392.3695729374886 2708.4456752240658 35.787478521466255 21.473232328891754
leaf_count=11753 76 4136 366 670 236 2492 2629 17381 477 1245 10569 8115 146 114 37272 92 298513 721 124935 167952 1503 3717 3343 407 6305 14412 8197 4746 114 23
internal_value=0.000839078 0.00118552 0.000901235 0.00418227 -0.000487577 0.0208643 0.0137506 0.00244975 -0.000442432 0.0099921 0.000643888 -0.00127346 -0.0330096 -0.019691 0.000865321 0.000214745 -0.000201307 0.0085007 -0.000930178 0.00203354 -0.000957489 -0.00354489 -0.00779611 0.000470382 0.000761384 -0.00117525 0.00241308 -0.0010954 -0.0184544 -0.0441896
internal_weight=314956 249740 246186 17902.9 65216.1 3554.32 2742.55 15160.3 65173.7 1092.76 228283 23633.6 230.938 194.784 204649 131448 108237 3558.68 58197.5 73200.7 23402.7 8321.17 3678.04 15081.5 14938.5 9839.82 5098.69 8052.33 111.411 57.2607
internal_count=732657 595256 591306 25537 137401 3950 3299 22238 137165 1458 565769 46625 626 480 519144 335877 298605 4857 125412 183267 45999 15175 7060 30824 30417 20717 9700 15315 213 137
is_linear=0
shrinkage=0.05


Tree=106
num_leaves=31
num_cat=0
split_feature=11 12 11 11 10 11 11 10 11 5 11 11 14 1 8 11 14 11 11 10 12 14 10 3 11 3 14 10 11 4
split_gain=52.514 50.4307 150.648 293.877 67.0478 59.6296 184.994 60.5162 50.5191 44.8774 36.6 35.5039 83.3168 105.638 59.0612 95.5762 78.4332 63.8106 60.1885 51.9581 47.7914 42.7758 41.1958 33.8905 32.8704 31.5092 28.01 27.5291 25.9484 26.0684
threshold=170.50000000000003 9.3452377319335955 1.0000000180025095e-35 10.500000000000002 0.95346027612686168 23.500000000000004 33.500000000000007 0.32438437640666967 21.500000000000004 0.4301948100328446 44.500000000000007 77.500000000000014 -0.043046252802014344 0.037617925554513938 1289243.5000000002 20.500000000000004 -0.079001326113939271 23.500000000000004 33.500000000000007 0.4003745317459107 21.944444656372074 -0.095060903578996644 0.062622431665658965 0.31606437265872961 53.500000000000007 1.1954730153083803 -0.10753119364380835 0.82013070583343517 8.5000000000000018 3.5000000000000004
decision_type=2 2 2 2 8 2 2 8 2 2 2 2 2 2 2 2 2 2 2 8 2 2 10 2 2 2 2 10 2 2
left_child=1 2 27 4 28 8 7 -7 -5 10 25 14 13 23 15 -3 -17 -18 -19 20 -14 -15 -23 -13 -12 -8 -9 -1 29 -4
right_child=-2 11 3 5 -6 6 9 26 -10 -11 24 12 19 21 -16 16 17 18 -20 -21 -22 22 -24 -25 -26 -27 -28 -29 -30 -31
leaf_value=0.00087862611460727113 0.024658018384007829 -0.065218248735243164 0.016634967597803564 0.0063452268824210527 0.0268223082824352 0.0055084238107843721 0.00087862611460727113 0.013892076098135479 0.00087862611460727113 0.024832098410697997 0.012301263752019634 -0.08998801980727951 -0.002035208549866782 -0.041188652988545967 0.00043582918368452705 -0.10347238449771057 0.00087862611460727113 -0.054241830177639699 -0.012182368839989771 0.00087862611460727113 -0.0085259022906054079 -0.024857277639575688 -0.0085259022906054079 -0.041188652988545967 0.0031744581641844206 0.013517774440630105 0.025076368666881555 0.0061589731273873722 0.019070484840151843 0.00087862611460727113
leaf_weight=61670.832812726498 225.24740019440651 75.386347785592079 440.45909339934587 4250.3876100406051 1568.1814264431596 763.91911166906357 6203.9889780655503 240.52090362459421 9362.3169790133834 221.30207624286413 1334.1890226304531 65.150648184120655 8059.2090347260237 48.426031768321991 199948.15353562124 18.711426854133606 251.82918906584382 33.934678830206394 595.56141540966928 6366.6784384660423 1266.9689587689936 179.49399787187576 704.72168162465096 12.559727549552916 3778.7078776732087 412.18841997534037 1591.2804716899991 3738.2764580398798 221.60637729614973 601.1817212253809
leaf_count=131324 405 287 527 6028 1557 1122 9617 347 14878 201 1739 278 19987 146 501975 79 994 142 2628 16743 5468 476 1327 20 5387 451 1703 5843 210 896
internal_value=0.000630864 0.000613472 0.0015655 0.0045691 0.0199182 0.00302441 0.00525582 0.0173492 0.000878626 0.00262658 0.00220345 0.000191756 -0.00202307 -0.0159257 0.000375898 -0.011885 -0.00728313 -0.00501128 -0.0164749 -0.00112606 -0.00366966 -0.0111777 -0.0085259 -0.0711996 0.00555994 0.000878626 0.0222757 0.000878626 0.0113187 0.00742121
internal_weight=314251 314026 96399.3 30990.2 2831.43 28158.8 14546.1 2595.72 13612.7 11950.4 11729.1 217627 16703.2 1010.35 200924 975.423 900.037 881.325 629.496 15692.9 9326.18 932.642 884.216 77.7104 5112.9 6616.18 1831.8 65409.1 1263.25 1041.64
internal_count=732785 732380 181830 44663 3190 41473 20567 3172 20906 17395 17194 550550 44445 2247 506105 4130 3843 3764 2770 42198 25455 1949 1803 298 7126 10068 2050 137167 1633 1423
is_linear=0
shrinkage=0.05


Tree=107
num_leaves=31
num_cat=0
split_feature=4 11 11 12 11 11 10 11 10 11 5 10 8 11 11 7 11 11 13 11 12 7 12 10 7 13 7 12 1 11
split_gain=48.3149 58.5067 411.713 63.4899 69.0648 57.058 51.6822 29.2776 24.9845 24.9426 24.0486 21.5936 20.1068 30.7804 76.9645 55.7391 24.9913 99.6943 60.8431 49.4487 59.0031 38.3887 36.2742 19.7305 19.2294 19.017 98.1961 42.7905 45.8499 23.4368
threshold=21.500000000000004 1.0000000180025095e-35 11.500000000000002 4.9166667461395273 44.500000000000007 211.00000000000003 0.29138357937335974 23.500000000000004 0.82505142688751232 20.500000000000004 0.12158167362213136 0.61116281151771557 5320895.5000000009 45.500000000000007 43.500000000000007 199700.00000000003 82.500000000000014 90.500000000000014 0.16662679612636569 86.500000000000014 10.535714149475099 34007.000000000007 16.763889312744144 0.25009433925151831 8612.2001953125018 -0.024951900355517861 140100.00000000003 18.038461685180668 0.033445190638303764 66.500000000000014
decision_type=2 2 2 2 2 2 8 2 10 2 2 8 2 2 2 8 2 2 2 2 2 10 2 8 10 2 10 2 2 2
left_child=1 8 6 4 9 12 -3 -5 -1 10 -4 -9 25 14 -14 -16 -15 18 19 20 -18 -21 -23 -17 -8 26 27 29 -29 -2
right_child=5 2 3 7 -6 -7 24 11 -10 -11 -12 -13 13 16 15 23 17 -19 -20 21 -22 22 -24 -25 -26 -27 -28 28 -30 -31
leaf_value=0.00052153213846919207 -0.0015612265927691623 0.00052153213846919207 0.0064477193238642056 0.00052153213846919207 0.019945397265181183 -0.081127256798665004 0.023278557963275312 0.0011757039914185117 0.0055173651778099514 0.0035519640233152659 0.020709350123726638 0.0035519640233152659 -1.8937191074523145e-05 0.00052153213846919207 -0.0025319046077632388 -0.061411355007953798 -0.0059182016606227732 0.00052153213846919207 0.00052153213846919207 -0.0059182016606227732 -0.091235340707324836 -0.010870601175949852 -0.02115202195408164 -0.0090623037578940035 0.014513986906599939 0.00052153213846919207 -0.095643078181583796 -0.049157839040757025 -0.013914453798937985 -0.012680715263440513
leaf_weight=61804.472433447838 2066.7392798364162 314.86200515925884 1249.8668149411678 45113.512640304863 790.99119580537081 19.722983561456203 2271.9178240969777 24341.399761267006 3513.8050335049629 4072.3841097652912 386.59189538657665 13669.029781416059 38603.27758994326 26921.790104338899 14362.161695614457 16.148505425080657 17.380330473184586 3042.7409479655325 428.53859952092171 931.9674476236105 40.019032835960388 529.56837698817253 1277.9771690480411 3821.5213032476604 883.09614884853363 62890.265171376988 26.703848764300346 98.528518579900265 80.249087810516357 478.50303629785776
leaf_count=131686 3793 505 1743 82418 820 96 2375 40169 5522 5878 387 21819 120878 73508 46325 111 20 7905 658 3012 179 1088 5163 15117 1076 158690 113 360 180 1044
internal_value=0.000526982 0.00114171 0.00201339 0.00135891 0.00611723 -9.8644e-05 0.0189074 0.000986697 0.000521532 0.00419495 0.00983801 0.00207031 -8.73331e-05 -0.000573762 -0.00128271 -0.00396296 0.000521532 -0.00264677 -0.00931339 -0.0123579 -0.0575386 -0.01137 -0.015823 -0.00931446 0.0208361 0.000521532 -0.00364399 -0.0026726 -0.0262677 -0.00156123
internal_weight=314066 158412 93093.7 89623.8 6499.83 155654 3469.88 83123.9 65318.3 5708.84 1636.46 38010.4 155634 89993.1 56803.1 18199.8 33190 6268.19 3225.45 2796.91 57.3994 2739.51 1807.55 3837.67 3155.01 65641 2750.72 2724.02 178.778 2545.24
internal_count=732638 294398 157190 153234 8828 438240 3956 144406 137208 8008 2130 61988 438144 273964 182431 61553 91533 18025 10120 9462 199 9263 6251 15228 3451 164180 5490 5377 540 4837
is_linear=0
shrinkage=0.05


Tree=108
num_leaves=31
num_cat=0
split_feature=8 1 11 11 12 11 10 7 10 11 10 11 7 9 11 11 7 11 11 10 7 11 11 7 14 12 0 11 9 9
split_gain=49.2228 53.9805 42.9557 35.9657 62.902 55.0907 50.8341 42.7855 32.7102 58.9445 136.59 75.5642 36.2523 29.6914 27.2235 42.2782 23.6193 28.1408 47.1072 87.8867 43.2668 24.7368 34.2018 30.0682 23.3558 48.0624 77.497 63.0132 32.2473 32.1747
threshold=5320895.5000000009 0.0082305916585028189 170.50000000000003 132.50000000000003 18.816666603088382 141.50000000000003 0.29989059269428259 46010.000000000007 0.52384921908378612 90.500000000000014 0.12494444474577905 107.50000000000001 80100.000000000015 1.0000000180025095e-35 65.500000000000014 56.500000000000007 27670.000000000004 45.500000000000007 36.500000000000007 0.18103912472724917 52059.400390625007 14.500000000000002 9.5000000000000018 98200.000000000015 -0.044947260990738862 18.683333396911625 2.5000000000000004 61.500000000000007 7714069.5000000009 7714069.5000000009
decision_type=2 2 2 2 2 2 10 8 10 2 10 2 8 10 2 2 10 2 2 10 10 2 2 10 2 2 2 2 8 10
left_child=1 8 3 24 5 -5 7 -7 9 13 12 -12 -11 16 15 -3 -1 18 21 -20 -21 22 23 -18 25 27 28 -2 -27 -26
right_child=2 14 -4 4 -6 6 -8 -9 -10 10 11 -13 -14 -15 -16 -17 17 -19 19 20 -22 -23 -24 -25 29 26 -28 -29 -30 -31
leaf_value=0.0010742855192752024 -0.00061359094872206739 0.0036558919364910441 0.02936092815831999 -0.036319456048547097 -0.066928244765793232 0.0064498565690113072 0.03592196774478644 -0.036319456048547097 0.0018999091792459705 -0.023090503702637377 -0.020456475391746245 0.0010742855192752024 -0.060031817975551773 0.0010742855192752024 0.0018999091792459705 0.015720643222165216 -0.00058981477768681938 -0.00022854797671096493 -0.019816017610827404 -0.00022854797671096493 -0.010907152964657246 -0.00022854797671096493 -0.0092527283558221356 -0.020114514900517997 0.0001641145769295527 -0.026588062639814437 -0.011218149225801289 -0.010461768303244627 -0.056052164069015156 0.0042905822866087092
leaf_weight=4489.0996088832617 18357.164340011775 25033.916036084294 123.21072574704885 50.230330519378185 51.576140195131302 26.028988122940063 83.05641133710742 36.34538933634758 14911.960968442261 135.57610384747386 173.52003413438797 400.29812731593847 136.30050755292177 45547.587624110281 7949.3192583322525 746.06306532770395 4272.2837232798338 5717.1033509969711 1078.5571555849165 1194.4654776416719 732.04099852219224 9393.6313527040184 2076.9791583120823 204.73694464564323 164431.57588097639 78.431799903512001 66.915328234434128 1695.9234960079193 157.14008949697018 4861.592057980597
leaf_count=9425 33220 39412 231 164 282 26 134 132 30467 457 552 1080 726 99840 15532 951 8114 16466 4043 3699 2738 22425 4200 491 424932 205 101 3607 573 8555
internal_value=0.00059055 0.00136463 8.46146e-05 6.53101e-05 -0.0189158 -0.00571067 0.0106718 -0.0230223 0.000728089 0.000248662 -0.0128619 0.00100057 -0.0419135 0.000397417 0.00307173 0.00400623 -0.000854267 -0.00153138 -0.00266184 -0.00840223 -0.00199829 -0.00157925 -0.00395297 -0.00149127 9.02543e-05 -0.00150985 -0.0212259 -0.00121035 -0.041958 0.000282664
internal_weight=314213 124193 190019 189896 247.237 195.661 145.431 62.3744 90464.1 75552.2 845.695 573.818 271.877 74706.5 33729.3 25780 29158.9 24669.8 18952.7 3005.06 1926.51 15947.6 6554 4477.02 189649 20355.6 302.487 20053.1 235.572 169293
internal_count=732780 260618 472162 471931 738 456 292 158 204723 174256 2815 1632 1183 171441 55895 40363 71601 62176 45710 10480 6437 35230 12805 8605 471193 37706 879 36827 778 433487
is_linear=0
shrinkage=0.05


Tree=109
num_leaves=31
num_cat=0
split_feature=9 18 11 8 11 11 14 9 8 13 11 7 11 7 10 11 8 8 14 13 10 11 13 6 11 14 7 5 8 11
split_gain=58.4879 56.8291 114.55 93.779 54.1861 42.9756 42.3836 39.8259 37.8662 47.2446 37.026 82.2758 66.5917 62.6078 52.6348 39.3358 57.3257 56.6711 53.9597 141.851 79.7618 39.1883 38.7341 34.9503 34.1453 31.6493 31.3877 29.7755 27.5582 27.1526
threshold=3211691.0000000005 6.5000000000000009 69.500000000000014 10052930.500000002 24.500000000000004 72.500000000000014 0.36872987449169164 7714069.5000000009 5320895.5000000009 -0.010152646806091068 1.0000000180025095e-35 49000.099609375007 21.500000000000004 197024.50000000003 0.44452822208404547 57.500000000000007 5320895.5000000009 1289243.5000000002 -0.05978646129369735 -0.048523470759391778 0.14276190847158435 56.500000000000007 0.044275460764765746 0.12838535755872729 75.500000000000014 -0.05978646129369735 99288.000000000015 0.038648245856165893 5320895.5000000009 76.500000000000014
decision_type=8 2 2 2 2 2 2 10 2 2 2 8 2 10 10 2 2 2 2 2 10 2 2 8 2 2 8 2 2 2
left_child=6 7 3 4 25 -4 27 10 -7 -10 11 14 -12 -13 -2 16 17 -14 19 20 -17 -18 24 -20 -21 -3 -19 -1 -27 -9
right_child=1 2 5 -5 -6 8 -8 29 9 -11 12 13 15 -15 -16 18 21 26 23 22 -22 -23 -24 -25 -26 28 -28 -29 -30 -31
leaf_value=0.0017243604653188723 -0.0014028316713520388 0.0016186193737533928 0.063680543620862368 0.0016186193737533928 0.0032860721384008122 0.0016186193737533928 0.017150941234677846 0.0016186193737533928 0.0016186193737533928 0.037453561717180492 0.0016186193737533928 -0.0034038323302586259 -0.013135404539143612 -0.064973753453964334 0.0016186193737533928 -0.1195247215339206 -0.0014154780327363117 0.0015780726513286781 -0.0023518062243149274 -0.029028948864084577 -0.033073684015972077 -0.058454361505787089 -0.0033624884733283048 0.0016186193737533928 -0.011956591092750192 0.013900716141893421 -0.0009191459470139253 0.007842525158474745 0.028321699505902645 -0.029728164129273413
leaf_weight=34910.874634262174 10293.615488559008 40.687379486858845 64.726167932152748 10981.240975871682 1186.1147923916578 107.05293104052544 470.06137084215879 9479.7940677627921 64.550988167524338 293.6429949849844 25080.089290782809 23398.28381690383 739.69615136831999 39.368198566138744 12477.783532649279 34.224518097937107 85322.097499668598 39087.054313629866 5542.5248662550002 139.42349255084991 111.67277066409588 28.124931931495667 953.9069115370512 30307.832343325019 187.14257417619228 850.56781674921513 18555.021735098213 2107.0142454653978 549.75501936674118 114.49494206905365
leaf_count=67846 22447 98 46 37570 2687 261 519 16231 188 681 45378 50248 3108 227 22514 152 230015 83244 16758 367 269 90 1597 77599 342 1406 46834 2794 909 289
internal_value=0.000409903 0.000158222 0.00324572 0.00235558 0.0112096 0.0260074 0.00226297 -8.48127e-06 0.0205161 0.0285646 -0.00015417 -0.00143331 0.00013265 -0.00351279 0.000707123 -0.000234432 -0.0006098 0.000597534 0.00121287 -0.00831747 -0.0546954 -0.00143564 -0.00336249 0.0015925 -0.0205507 0.017718 0.000774212 0.002073 0.0195946 0.00161862
internal_weight=313518 276030 14138.3 13608.4 2627.13 529.973 37488 261892 465.247 358.194 252298 46209.1 206089 23437.7 22771.4 181009 143732 58381.8 37276.7 1426.37 145.897 85350.2 1280.47 35850.4 326.566 1441.01 57642.1 37017.9 1400.32 9594.29
internal_count=732714 661555 43846 42670 5100 1176 71159 617709 1130 869 601189 95436 505753 50475 44961 460375 363291 133186 97084 2727 421 230105 2306 94357 709 2413 130078 70640 2315 16520
is_linear=0
shrinkage=0.05


Tree=110
num_leaves=31
num_cat=0
split_feature=18 9 11 11 10 11 6 13 11 11 12 13 3 6 6 6 11 11 13 6 3 14 11 11 12 11 6 6 11 6
split_gain=50.8026 66.8637 57.1733 70.6019 48.98 53.7391 72.1314 34.5602 31.3655 78.2765 58.5143 126.407 153.25 50.0991 40.0931 36.8832 32.7731 36.8759 34.0989 36.5401 30.7138 38.2354 49.1416 29.0823 27.9326 50.7075 40.4076 26.6959 25.7811 25.5847
threshold=6.5000000000000009 1.0000000180025095e-35 132.50000000000003 135.50000000000003 1.0000000180025095e-35 1.0000000180025095e-35 0.013957562390714886 0.17516008019447329 65.500000000000014 89.500000000000014 18.414285659790043 -0.012438224628567694 -0.0073377708904445163 0.29243683815002447 0.12627979367971423 0.052702000364661224 45.500000000000007 33.500000000000007 -0.11660353466868399 0.10327889770269395 0.008502367418259384 -0.017661913298070427 34.500000000000007 27.500000000000004 21.585714340209964 64.500000000000014 0.2080027833580971 0.40503749251365667 46.500000000000007 0.077505085617303862
decision_type=2 10 2 2 10 2 8 2 2 2 2 2 2 10 10 10 2 2 2 10 2 2 2 2 2 2 8 10 2 10
left_child=1 2 7 -4 5 -3 23 8 16 10 14 12 13 -12 -10 -11 17 -1 19 -19 21 22 27 -7 -8 -26 -27 -20 -2 -13
right_child=28 4 3 -5 -6 6 24 -9 9 15 11 29 -14 -15 -16 -17 -18 18 20 -21 -22 -23 -24 -25 25 26 -28 -29 -30 -31
leaf_value=-0.0001565970886478157 0.0025556428540529936 -0.001510928369467362 -0.083547582484474914 -0.012521580514722942 0.0017428133476196949 -0.022589969487040257 0.0010330119961306347 0.0017428133476196949 -0.0043847717018107215 -0.073364267611334077 -0.06517647895322648 -0.013608909452327338 -0.013608909452327338 -0.032074109357471903 0.00053547185258332353 0.00053547185258332353 0.00053547185258332353 -0.08406453557512876 -0.014806234728608252 -0.015569501129055042 0.00053547185258332353 -0.0016981286868099001 -0.0038827256385895667 -0.075330945031469254 -0.00019628803448529651 -0.022589969487040257 -0.0068493225336011144 -0.0038827256385895667 0.0096036369046648834 -0.0043847717018107215
leaf_weight=75453.974355947226 12752.79795819521 28273.067122846842 37.409508690237999 323.28312077000737 41505.628552999347 38.135366514325142 43765.640969403088 15322.704434372485 1421.0606948360801 30.66858372464776 222.8357640504837 361.77562169730663 827.94082410633564 124.35774177312851 7170.4127117171884 3723.3505755402148 16224.702138215303 22.133380949497223 1838.5239848792553 92.919632844626904 2554.4106187224388 24749.682989893481 4237.4051470607519 40.727553637698293 23416.505885332823 108.97538431733847 889.94237075001001 200.34618423879147 1442.9833494499326 6415.4972946122289
leaf_count=173658 40095 55027 176 949 78988 115 83453 23643 3609 175 1058 2300 2776 452 15739 9396 38054 75 3860 169 4154 78103 9959 227 72435 419 4484 313 3736 25355
internal_value=0.0003509 0.000212312 -0.000478804 -0.0203082 0.00102016 0.000323211 0.00103301 -0.000434126 -0.00067187 -0.00249519 -0.00427036 -0.0073606 -0.0224857 -0.0505393 -0.00140894 0.000535472 -0.000376642 -0.000770765 -0.00214598 -0.0290871 -0.00205194 -0.00258231 -0.00606732 -0.046213 0.00103301 -0.000667385 -0.0116883 -0.0125368 0.00327331 -0.00473216
internal_weight=313590 299394 161355 360.693 138039 96533 68259.9 160995 145672 20297.9 16543.9 7952.41 1175.13 347.194 8591.47 3754.02 125374 109149 33695.4 115.053 33580.4 31026 6276.28 78.8629 68181.1 24415.4 998.918 2038.87 14195.8 6777.27
internal_count=732952 689121 393973 1125 295148 216160 161133 392848 369205 60860 51289 31941 4286 1510 19348 9571 308345 270291 96633 244 96389 92235 14132 342 160791 77338 4903 4173 43831 27655
is_linear=0
shrinkage=0.05


Tree=111
num_leaves=31
num_cat=0
split_feature=11 7 9 11 6 6 3 8 11 11 6 8 8 8 3 11 3 11 14 1 11 9 11 11 6 3 0 9 14 14
split_gain=61.5595 32.1021 72.3934 148.883 61.589 36.8228 33.9036 68.9327 52.015 43.4907 29.8194 29.6955 28.7836 111.531 94.4273 38.7309 54.9426 37.06 68.5399 46.7832 28.7134 28.4516 26.6339 71.0541 40.1237 25.9585 25.2899 24.4983 29.049 24.0671
threshold=153.00000000000003 199700.00000000003 1.0000000180025095e-35 11.500000000000002 0.0058937692083418378 0.22812315821647647 0.0051090214401483544 10052930.500000002 33.500000000000007 109.50000000000001 0.078340969979763045 5320895.5000000009 12130922.500000002 10052930.500000002 -0.66671371459960926 23.500000000000004 -0.00070255831815302361 79.500000000000014 -0.033279221504926675 0.0082305916585028189 12.500000000000002 3211691.0000000005 89.500000000000014 103.50000000000001 0.11733920499682428 -0.0056429076939821235 29.500000000000004 1.0000000180025095e-35 -0.0073870457708835593 -0.033279221504926675
decision_type=2 8 10 2 8 10 2 2 2 2 10 2 2 2 2 2 2 2 2 2 2 10 2 2 10 2 2 10 2 2
left_child=1 2 22 5 -3 11 8 -8 20 10 -9 -4 13 17 -15 27 -17 21 -19 -20 -5 -6 26 24 -24 -21 -1 28 -16 -2
right_child=29 4 3 6 12 -7 7 9 -10 -11 -12 -13 -14 14 15 16 -18 18 19 25 -22 -23 23 -25 -26 -27 -28 -29 -30 -31
leaf_value=0.00031351568380166329 -0.023580241702733474 -0.064269358176134342 0.0051446921286538334 0.00031351568380166329 0.00031351568380166329 0.034782757283129039 0.0032799985768349987 0.0032799985768349987 0.00031351568380166329 0.047616450757502232 0.016141961564006376 0.013130003806598834 0.00031351568380166329 -0.032234512406852205 -0.018731965429491734 -0.018048772135585364 0.00031351568380166329 -0.032234512406852205 -0.01849321264262048 -0.0090898484794094091 0.0032799985768349987 -0.0010123467565628563 0.00031351568380166329 0.00031351568380166329 0.013180929147799215 0.00031351568380166329 0.023999322802638133 -0.018731965429491734 -0.0054941249106871667 0.022106099127017831
leaf_weight=157005.86613481492 29.350159645080566 35.522660467773676 1940.5691324472427 4166.5246749669313 22415.777759380639 152.36982104927301 3523.6259466260672 198.50798646360636 24040.161894895136 93.180725686252117 1162.3031960278749 2923.2209526672959 28788.867266248912 174.65652026236057 419.25289936363697 409.32854801416397 1497.0300822742283 98.911071106791496 350.70856668055058 221.22234807163477 8856.1969808340073 43377.962766356766 146.20940949767828 1998.7791481222957 2079.9152446985245 425.03440614789724 112.19914196431637 275.2133873552084 6493.4241399765015 417.75219313427806
leaf_count=380646 68 228 3038 7216 44946 113 5461 327 51075 61 1425 4355 60071 497 1113 1263 5592 333 1714 574 16531 106586 434 5543 4407 872 103 1103 25974 900
internal_value=0.000516938 0.000490426 0.000849601 0.00257514 -0.00022257 0.0107154 0.0016034 0.00547711 0.00108289 0.014894 0.0125867 0.00994743 -0.000199667 -0.00083005 -0.00596954 -0.00522942 0.000313516 -0.000117713 -0.00922843 -0.00475191 0.00328 3.43136e-05 0.000346312 0.00428764 0.0107866 0.000313516 0.000313516 -0.00692096 -0.00632185 0.0190154
internal_weight=313830 313383 208400 47056.7 104983 5016.16 42040.5 4977.62 37062.9 1453.99 1360.81 4863.79 104947 76158.5 9268.91 9094.25 1906.36 66889.6 1095.88 996.965 13022.7 65793.7 161343 4224.9 2226.12 646.257 157118 7187.89 6912.68 447.102
internal_count=732569 731601 480735 89602 250866 7506 82096 7274 74822 1813 1752 7393 250638 190567 35542 35045 6855 155025 3493 3160 23747 151532 391133 10384 4841 1446 380749 28190 27087 968
is_linear=0
shrinkage=0.05


Tree=112
num_leaves=31
num_cat=0
split_feature=14 18 8 11 11 12 11 7 11 7 7 14 13 8 8 7 13 5 9 9 8 8 11 9 7 9 8 11 8 8
split_gain=68.8595 68.0519 252.46 67.1051 62.2823 99.302 61.8337 52.565 43.7272 42.0609 37.2707 46.1377 48.1079 36.9284 36.2931 32.4572 31.9513 28.5497 62.6451 28.199 27.8061 69.326 24.2272 21.7596 18.5287 22.1691 17.749 31.058 16.4342 15.7988
threshold=-0.31677702069282526 6.5000000000000009 10052930.500000002 24.500000000000004 1.0000000180025095e-35 10.535714149475099 77.500000000000014 38060.000000000007 45.500000000000007 70100.000000000015 199700.00000000003 -0.046699132770299905 0.11138926818966867 10052930.500000002 5320895.5000000009 197024.50000000003 -0.033730158582329743 0.012579114176332952 3211691.0000000005 7714069.5000000009 13439690.500000002 10052930.500000002 43.500000000000007 1.0000000180025095e-35 196090.00000000003 1.0000000180025095e-35 13439690.500000002 115.50000000000001 5320895.5000000009 5320895.5000000009
decision_type=2 2 2 2 2 2 2 8 2 8 8 2 2 2 2 10 2 2 10 10 2 2 2 10 8 10 2 2 2 2
left_child=9 4 3 14 7 -6 -4 13 -5 -1 -7 12 17 -2 -3 19 -10 18 22 20 21 24 -12 -15 25 -9 27 -8 -26 -18
right_child=1 2 6 8 5 10 26 15 16 -11 11 -13 -14 23 -16 -17 29 -19 -20 -21 -22 -23 -24 -25 28 -27 -28 -29 -30 -31
leaf_value=-0.023705358531625031 0.0018798275736454759 0.017549465014405706 0.0018798275736454759 0.0018798275736454759 0.0018798275736454759 0.00039002056448731218 0.0054787573896255453 -0.0023369819879120431 0.0018798275736454759 -0.10087710354106072 -0.023705358531625031 -0.00072264808837278164 -0.0034655660550423463 -0.0007966026835418042 0.033038510012778216 -0.023705358531625031 0.013529048285611571 -0.0071385399614362051 -0.010527628467534371 -0.0007966026835418042 -0.0007966026835418042 -0.011747134778579145 -0.010527628467534371 0.0018798275736454759 -0.002831190172677463 -0.0007966026835418042 0.043095657855846937 0.0705712884023348 -0.006293366023020071 0.027733469439101033
leaf_weight=49.796438455581665 9559.2136304527521 943.15704470872879 10926.548362635076 661.21275452524424 36672.906952470541 150552.81543509103 111.82094998657703 5295.111122533679 30.678619489073753 23.073312766849995 441.03199891746044 48046.406103584915 1355.1951060295105 8971.9841116517782 641.74747285991907 35.462877854704857 433.10445991158485 429.07267755270004 1754.8159381523728 3450.4440289288759 10628.569739237428 2482.8150262087584 182.97406735271215 914.33396580815315 11354.721854358912 1576.8380530327559 120.75025372207165 20.016938701272011 4912.4438931643963 367.2885979115963
leaf_count=98 16119 1464 37645 1543 53979 378509 383 11300 102 86 1130 128710 2378 19919 981 215 810 761 3938 5534 19485 8251 341 1251 21762 2463 190 32 12068 726
internal_value=0.000261602 0.000273073 0.00364771 0.0166936 0.000111941 0.000470943 0.00187983 -0.00134046 0.00906605 -0.0476838 -9.18065e-06 -0.0011603 -0.00620848 0.000789627 0.0238549 -0.00238283 0.0168418 -0.0108115 -0.0139167 -0.0023248 -0.00291847 -0.00381037 -0.0237054 -0.000796603 -0.00295782 -0.000796603 0.0293312 0.0162686 -0.00387736 0.0201001
internal_weight=312946 312873 14256.3 3077.19 298617 239435 11179.1 59181.9 1492.28 72.8698 202762 52209.5 4163.09 19445.5 1584.9 39736.4 831.072 2807.89 2378.82 39700.9 36250.5 25621.9 624.006 9886.32 23139.1 6871.95 252.588 131.838 16267.2 800.393
internal_count=732173 731989 43876 5626 688113 569746 38250 118367 3181 184 515767 137258 8548 37289 2445 81078 1638 6170 5409 80863 75329 55844 1471 21170 47593 13763 605 415 33830 1536
is_linear=0
shrinkage=0.05


Tree=113
num_leaves=31
num_cat=0
split_feature=11 13 6 1 11 0 9 11 3 7 7 7 11 3 7 12 12 3 13 6 11 13 14 11 12 11 9 9 12 3
split_gain=48.7855 183.388 52.4409 47.7619 58.438 45.0893 44.8918 44.2232 43.5978 55.3347 50.374 40.2861 38.0726 34.8102 78.8561 34.884 33.8323 32.816 30.9301 28.0813 26.5986 46.1605 55.5815 57.2329 39.0157 35.8218 64.0245 29.3914 56.6939 77.5082
threshold=111.50000000000001 -0.01316526625305414 0.11830328032374383 0.015209345612674953 121.50000000000001 29.500000000000004 7714069.5000000009 119.50000000000001 -0.003948111552745103 25605.900390625004 54100.000000000007 193000.00000000003 105.50000000000001 -0.0058184568770229808 126500.00000000001 20.585714340209964 11.354166507720949 -0.047175649553537362 -0.017406204715371128 1.1419892907142641 88.500000000000014 -0.021418264135718342 -0.036346292123198502 101.50000000000001 13.519230842590334 93.500000000000014 1.0000000180025095e-35 3211691.0000000005 20.866071701049808 -1.0000000180025095e-35
decision_type=2 2 8 2 2 2 10 2 2 10 10 8 2 2 8 2 2 2 2 10 2 2 2 2 2 2 10 8 2 2
left_child=5 3 -3 -2 18 6 12 -4 9 -8 17 -10 20 14 15 -14 -13 -11 -5 -9 27 22 23 -22 -23 -26 -27 28 -1 -30
right_child=1 2 7 4 -6 -7 8 19 11 10 -12 16 13 -15 -16 -17 -18 -19 -20 -21 21 24 -24 -25 25 26 -28 -29 29 -31
leaf_value=0.0026564623805572785 -0.077871301500684664 -0.0078212595013840269 0.027329519147640081 -0.04915874728963255 -0.0078212595013840269 0.020596487408967617 -0.0020891322009248463 0.0082512272084727719 0.01049140303560795 -0.059588633800710111 -0.098137771857696066 0.0060560066629507239 -0.012099371508119499 -0.0029181886603779263 -0.091436737901508858 -0.052539852645318609 -0.00090374307615770789 -0.02103949574372416 -0.0078212595013840269 0.033491031751563843 -0.10478192282115013 0.01049140303560795 -0.0049986037447326999 -0.032208587147126454 0.006433318701337655 0.006433318701337655 -0.0049986037447326999 7.7141687857575111e-05 -0.084076709028386432 -0.0017284595678816407
leaf_weight=28384.50378651917 40.696645319461823 63.211467240005732 523.66182233393192 43.391523763537407 186.70781326293945 274.22295245528221 663.8591069355607 1327.4233086630702 1603.5252992287278 28.28819914907217 26.143911227583885 4151.9596951901913 312.30583126842976 842.63081968948245 34.227810479700565 24.042660400271416 3011.6931431591511 56.264466524124146 29.469469726085663 118.56198941171169 33.632080286741257 868.72049297392368 188.54495242238045 21.788485214114189 1124.7108541317284 913.73562230914831 335.1806326135993 260219.62954484858 26.672934725880623 8425.599564768374
leaf_count=48626 187 251 971 183 439 273 1093 3282 2401 88 98 6330 692 2703 155 108 6303 81 60 172 142 1170 378 32 2555 2384 1082 629200 111 21521
internal_value=0.000458203 0.00765832 0.0130506 -0.0286931 -0.0204462 0.000404238 0.000386319 0.0148978 0.00376256 -0.0075948 -0.0399899 0.00476745 0.000279535 -0.0085528 -0.0212806 -0.013643 0.0031306 -0.0210395 -0.0491587 0.0103641 0.000315246 0.00465592 -0.016234 -0.0594186 0.00623679 0.00237523 -0.00371222 0.000264272 0.00158611 -0.00200816
internal_weight=313905 2333.12 2032.86 300.265 259.569 311572 311298 1969.65 9541.73 774.556 110.697 8767.18 301756 1213.21 370.576 336.348 7163.65 84.5527 72.861 1445.99 300543 3486.31 243.966 55.4206 3242.35 2373.63 1248.92 297056 36836.8 8452.27
internal_count=733071 5545 4676 869 682 727526 727253 4425 16394 1360 267 15034 710859 3658 955 800 12633 169 243 3454 707201 7743 552 174 7191 6021 3466 699458 70258 21632
is_linear=0
shrinkage=0.05


Tree=114
num_leaves=31
num_cat=0
split_feature=11 11 4 7 7 14 7 9 8 8 7 11 8 6 8 18 7 9 9 11 4 11 7 9 8 8 6 4 11 14
split_gain=47.6005 405.523 61.1609 57.6136 44.9345 35.0077 34.3119 32.8037 29.4535 46.7634 38.3387 28.0251 27.0665 36.6716 26.0264 80.4137 43.2769 65.3264 31.492 24.2588 24.2601 29.0508 24.2077 23.6257 23.5649 21.878 62.325 27.0756 53.3665 31.3777
threshold=1.0000000180025095e-35 11.500000000000002 5.5000000000000009 197024.50000000003 8612.2001953125018 -0.31677702069282526 2149.9001464843755 7714069.5000000009 5320895.5000000009 13439690.500000002 16920.000000000004 12.500000000000002 5320895.5000000009 0.090072538703680052 10052930.500000002 6.5000000000000009 35620.000000000007 1.0000000180025095e-35 1.0000000180025095e-35 2.5000000000000004 3.5000000000000004 8.5000000000000018 150200.00000000003 7714069.5000000009 1289243.5000000002 1289243.5000000002 0.07426562532782556 21.500000000000004 22.500000000000004 -0.05368408374488353
decision_type=2 2 2 10 10 2 8 10 2 2 8 2 2 10 2 2 8 10 10 2 2 2 10 10 2 2 8 2 2 2
left_child=3 4 -3 6 -2 -4 -1 25 10 14 -8 12 13 -9 15 16 -10 -18 -16 -6 -21 -22 -11 24 -12 26 -7 28 -27 -30
right_child=1 2 5 -5 19 7 8 11 9 22 23 -13 -14 -15 18 -17 17 -19 -20 20 21 -23 -24 -25 -26 27 -28 -29 29 -31
leaf_value=0.022644869017969697 0.022064610873178896 0.010593191303880714 -0.045796053288030436 -0.063374938599018202 -0.010824307392721482 -0.022728805997507918 0.0068263296425516515 -0.022363655352146388 0.0026160296307792333 0.00039921231185490651 -0.018974199592682883 0.0054619240060420036 0.0030987615595178854 0.0054619240060420036 -0.004403189014078223 0.010867505402113916 -0.012361118023591661 -0.0017672446043706881 -0.024535310040990105 0.016002342243555717 -0.0030161183552498598 0.011183561222303779 -0.032114391632696124 0.003340896911217544 -0.00049628054479620195 0.00044060923834642296 -0.0017982063313042339 -0.00011713352427899652 0.00044060923834642296 0.0031545140076806436
leaf_weight=152.97819353640079 2195.9183005392551 1458.4988646134734 39.12697671353817 34.86910605430603 124.26818484067917 132.63321644254029 2168.7553755640984 305.97992642223835 3299.2768951505423 16896.874513149261 172.05246426165104 4957.8364260196686 520.83704887330532 52.389497518539429 12225.869343295693 202.57272964715958 1874.5866229981184 6484.3672457337379 195.49908724427223 251.23667099326849 452.27739954739809 351.87317565828562 46.054948195815086 1475.9153465926647 19941.891901224852 45799.876689083874 1160.0405548214912 151651.56791681051 6679.724959731102 32345.586205340922
leaf_count=167 2329 1789 98 213 219 724 3091 631 5993 29848 465 8999 838 48 38373 253 4643 14710 753 224 716 412 124 2220 36906 83467 4059 428124 10597 52310
internal_value=0.000313474 0.000628928 0.00039181 -0.000889239 0.0178359 0.000330657 -0.000853845 0.000338441 -0.000909858 -0.00171793 0.000492306 0.00404092 -0.00417941 -0.0147157 -0.00312451 -0.00144897 -0.00223181 -0.00414542 -0.00472395 0.00994007 0.0124009 0.00636478 0.000298075 -0.000144536 -0.000656209 0.000247515 -0.00623448 0.000283001 0.000998352 0.00246414
internal_weight=313651 248480 245104 65171.6 3375.57 243646 65136.7 243606 64983.7 41225.1 23758.6 5837.04 879.206 358.369 24282.2 11860.8 11658.2 8358.95 12421.4 1179.66 1055.39 804.151 16942.9 21589.9 20113.9 237769 1292.67 236477 84825.2 39025.3
internal_count=733343 595584 591684 137759 3900 589895 137546 589797 137379 94697 42682 10516 1517 679 64725 25599 25346 19353 39126 1571 1352 1128 29972 39591 37371 579281 4783 574498 146374 62907
is_linear=0
shrinkage=0.05


Tree=115
num_leaves=31
num_cat=0
split_feature=9 11 7 11 14 13 5 8 10 8 14 12 13 3 10 10 11 11 11 12 3 11 11 13 8 3 11 14 11 3
split_gain=70.8652 68.6094 53.9082 84.8051 42.1613 42.009 39.2491 38.9015 50.0109 49.5484 59.5677 61.1014 51.4708 43.3493 39.1028 36.853 34.5289 45.2711 32.013 31.1451 30.2718 29.47 100.478 70.5602 61.3527 51.9868 37.5337 44.1776 51.9284 32.2401
threshold=3211691.0000000005 170.50000000000003 176500.00000000003 100.50000000000001 -0.31677702069282526 0.20959808677434924 0.027149877510964874 5320895.5000000009 0.96026313304901134 13439690.500000002 -0.054528366774320595 17.690475463867191 0.26698686182498937 -1.3974590897560117 0.91771242022514354 0.16658333688974383 111.50000000000001 125.50000000000001 28.500000000000004 9.3452377319335955 0.017493376508355144 43.500000000000007 34.500000000000007 0.38597455620765692 10052930.500000002 0.0073467134498059758 23.500000000000004 -0.0044642856810241929 2.5000000000000004 -0.0095954765565693361
decision_type=8 2 8 2 2 2 2 2 10 2 2 2 2 2 10 10 2 2 2 2 2 2 2 2 2 2 2 2 2 2
left_child=2 4 6 -4 5 -2 19 14 9 10 11 15 13 -11 -6 -9 21 -18 -10 -1 -15 22 24 -23 25 26 27 -12 -29 -30
right_child=1 -3 3 -5 7 -7 -8 8 18 12 16 -13 -14 20 -16 -17 17 -19 -20 -21 -22 23 -24 -25 -26 -27 -28 28 29 -31
leaf_value=0.010154686729492303 -0.079844917537604879 0.028199918030935092 0.0015027198255263483 -0.078755830288149642 0.00087847334795910842 -0.018116493927076597 0.015606067688449949 -0.0087855214089294625 0.024927942913306952 -0.018116493927076597 -0.0028439424761488997 -0.018116493927076597 0.0067548786818887934 0.00024400129366589334 0.011055248551608632 -0.0028439424761488997 0.0078045577097595204 -0.0028439424761488997 0.0078045577097595204 0.0035544474154524533 0.0036049025006636482 -0.0024019377237109304 0.0078045577097595204 0.0078045577097595204 -0.002046870535771851 0.0078045577097595204 -0.0027706233844612179 -0.00035555447667420391 -0.00035555447667420391 0.0041975365210985298
leaf_weight=1666.7609170973301 32.651850320398808 217.05854883790016 27582.205114342272 30.953847553580999 104872.59666689485 43.767985314130783 907.18076813966036 2977.3536978214979 378.26986795663834 79.183568179607391 962.88117699325085 276.59074973315001 3419.2626996189356 59000.356370527297 950.49337854981422 4928.4924018457532 416.57732952386141 242.78712438419461 97.447428233921528 7360.6044026911259 2841.4671362414956 30729.89202565141 1779.3717948570848 1064.3369045034051 30548.904978312552 1759.110764823854 6503.2503455206752 9734.7347264587879 1063.1104186102748 11735.176101069897
leaf_count=2242 105 372 54086 195 225943 69 1057 6173 456 192 2355 913 4619 131778 1476 8809 822 821 234 13477 4099 97397 3104 1335 95810 2501 16962 21152 1826 32928
internal_value=0.000505434 0.000228793 0.00254363 0.00140705 0.000206626 -0.03645 0.00570184 0.000217026 -0.000250271 -0.000295648 -0.000969782 -0.00506533 0.0007848 0.000454926 0.000970087 -0.00412756 -0.000622558 0.00780456 0.0159048 0.00470331 0.000514186 -0.000704626 -8.71839e-05 -0.0019491 -0.000447199 0.00109159 0.000590515 0.00152098 0.00213283 0.00419754
internal_weight=314203 276655 37547.7 27613.2 276438 76.4198 9934.55 276362 170539 170063 104723 8182.44 65340.3 61921 105823 7905.85 96540.1 659.364 475.717 9027.37 61841.8 95880.8 64086.5 31794.2 62307.2 31758.3 29999.2 23495.9 22533 12798.3
internal_count=733308 662251 71057 54281 661879 174 16776 661705 434286 433596 292908 15895 140688 136069 227419 14982 277013 1643 690 15719 135877 275370 176638 98732 173534 77724 75223 58261 55906 34754
is_linear=0
shrinkage=0.05


Tree=116
num_leaves=31
num_cat=0
split_feature=18 9 7 6 9 13 1 9 7 9 7 14 12 12 1 14 12 14 14 14 1 0 17 5 14 12 12 12 12 13
split_gain=47.1432 44.5802 49.7248 36.1558 48.4336 27.7987 28.5233 26.1389 21.1745 19.0739 26.7631 22.2357 22.417 18.2264 15.746 14.5145 14.2514 10.1983 8.8739 8.46752 7.49174 6.62111 5.68696 7.13553 14.6782 49.2175 5.40834 3.95886 3.5338 5.48115
threshold=6.5000000000000009 3211691.0000000005 195300.00000000003 0.013957562390714886 3211691.0000000005 -0.010152646806091068 0.012579114176332952 inf 17002.200195312504 7714069.5000000009 28050.000000000004 -0.01471808413043618 12.354166507720949 5.9166667461395273 0.034602491185069091 -0.035392384976148598 19.22500038146973 -0.053670633584260934 -0.24093615263700482 0.095594599843025221 0.020942983217537407 1.5000000000000002 1.0000000180025095e-35 0.022305141203105453 -0.044408369809389107 10.535714149475099 14.348484516143801 20.174242019653324 15.354166507720949 -0.049675324931740754
decision_type=2 8 10 10 10 2 2 8 10 8 10 2 2 2 2 2 2 2 2 2 2 2 2 2 2 2 2 2 2 2
left_child=1 2 18 5 13 6 16 -7 -9 10 11 12 17 -5 -4 -2 -3 -8 -1 28 -11 -14 23 24 25 -20 -23 -26 29 -15
right_child=15 3 14 4 -6 7 9 8 -10 20 -12 -13 21 19 -16 -17 -18 -19 22 -21 -22 26 -24 -25 27 -27 -28 -29 -30 -31
leaf_value=-0.0215720871399117 0.0018621012528406381 -0.021320321005759094 -0.084605459736014341 0.0018621012528406381 0.0018621012528406381 -4.7261036432817097e-06 -0.006906172161487251 -4.7261036432817097e-06 -0.0019469280746364347 -0.021320321005759094 -0.021320321005759094 -0.0019469280746364347 -0.011168864595992471 0.00022045416662062699 -0.027752698152298083 0.0041385488370577171 -0.064293241843046259 -0.0041249782049853252 -0.001241181492088904 0.00094431604196494991 -0.0019469280746364347 -0.006906172161487251 0.0018621012528406381 0.0018621012528406381 0.00128235393580461 -0.0098549929435355326 -0.0090375183787398602 4.971097787868874e-06 -4.7261036432817097e-06 0.0004697949691608341
leaf_weight=41.351279109716415 1318.4655299335718 25.586663000285625 20.337218947708607 5290.7306072711945 33784.649228148162 59665.860183525831 883.96729800105095 7033.899760350585 21345.197435226291 39.160313628613949 47.97212216258049 1053.5805727243423 2035.8719172477722 5684.5467237532139 13.344061091542242 12958.05070734024 27.513753026723862 1845.4421789422631 1027.658464178443 9668.4090824276209 980.08391506969929 283.59634172916412 9836.5809636861086 2075.9795966371894 16610.633801668882 868.65435797721148 313.43461230397224 6881.7594323828816 68576.245428893715 43707.532908573747
leaf_count=78 2841 99 89 7542 66229 142160 1682 12417 50110 186 157 2114 5451 10633 27 41312 148 3315 1467 15239 1561 537 16786 2895 30088 1794 986 17865 215209 82276
internal_value=0.000525512 0.000391766 0.0018621 0.000160667 0.00060516 -0.000614613 -0.00352875 -0.000365102 -0.00164953 -0.00326392 -0.00501024 -0.00462979 -0.00630303 0.000161401 -0.0573675 0.00333244 -0.0393767 -0.00412498 0.0018621 2.65308e-05 -0.00194693 -0.00968737 0.0018621 0.00109198 0.000702607 -0.00352663 -0.00690617 0.00104426 -4.7261e-06 0.000445634
internal_weight=313946 299670 37376.3 262293 166712 95581.2 7536.21 88045 28379.1 7483.11 6463.87 6415.89 5362.31 132927 33.6813 14276.5 53.1004 2729.41 37342.6 127637 1019.24 2632.9 37301.3 27464.7 25388.7 1896.31 597.031 23492.4 117968 49392.1
internal_count=733293 689140 71089 618051 397128 220923 16236 204687 62527 15989 14242 14085 11971 330899 116 44153 247 4997 70973 323357 1747 6974 70895 54109 51214 3261 1523 47953 308118 92909
is_linear=0
shrinkage=0.05


Tree=117
num_leaves=31
num_cat=0
split_feature=11 7 11 13 7 7 6 8 13 11 11 10 13 11 3 14 11 12 11 11 7 8 11 10 11 8 11 7 10 13
split_gain=42.0924 39.4332 32.337 78.0203 45.9556 32.3632 68.0282 46.7727 44.5906 42.8259 138.273 93.153 52.4351 37.887 47.4846 37.2396 45.4809 40.4041 31.0719 34.0732 30.2491 28.2304 31.8539 26.47 26.2407 25.1819 23.54 46.9058 21.3976 21.2851
threshold=153.00000000000003 32013.600585937504 132.50000000000003 -0.014844877179712055 102200.00000000001 197600.00000000003 0.0058937692083418378 1289243.5000000002 -0.22840908914804456 33.500000000000007 25.500000000000004 0.2400607839226723 0.52779263257980358 7.5000000000000009 -0.0062015652656555167 -0.044408369809389107 76.500000000000014 12.464285850524904 88.500000000000014 95.500000000000014 39610.000000000007 15089427.500000002 135.50000000000003 0.12513667345047 1.0000000180025095e-35 5320895.5000000009 26.500000000000004 28050.000000000004 0.96026313304901134 0.0096320346929132956
decision_type=2 8 2 2 10 8 8 2 2 2 2 10 2 2 2 2 2 2 2 2 10 2 2 8 2 2 2 10 10 2
left_child=2 29 5 -4 21 9 -7 13 -9 10 20 -12 18 -8 -15 16 17 -10 -11 -20 28 22 -5 -24 25 -17 -13 -28 -1 -2
right_child=1 -3 3 4 -6 6 7 8 15 12 11 26 -14 14 -16 24 -18 -19 19 -21 -22 -23 23 -25 -26 -27 27 -29 -30 -31
leaf_value=0.0021984762701796811 0.025955428088726796 0.0079661605043750972 -0.095837476179596773 -0.026228714541166549 -0.051724438358409369 -0.062913084414158424 -0.031496998677148703 -0.031496998677148703 -0.0013288713738224269 0.00043214667854709005 0.00043214667854709005 0.043836031950660992 0.01399584319768012 -0.031496998677148703 0.00043214667854709005 0.00043214667854709005 -0.015748131364504092 -0.0073839581445493008 0.0072139949381136055 0.0015468095264027006 0.00052670215366858229 -0.026228714541166549 -0.025716681010727924 0.025539940481088114 0.00043214667854709005 -0.0013288713738224269 0.033675014189696477 0.012552336179710015 0.013572702400329964 0.067288389698622941
leaf_weight=54284.091209828854 48.032368421554565 339.7594408467412 25.713618472218513 49.280874148011208 21.386983253061771 41.096687871962786 42.988583341240883 44.168588668107986 6455.8493710905313 101448.98474729992 376.58490474522114 139.46268880367279 725.89553285390139 35.802616752684116 229.67637161165476 13319.444934055209 114.13238003104925 3065.6745181083679 1518.7428795397282 4168.5210164841264 44229.696236304939 26.941859059035778 28.911830320954323 140.29140615463257 61177.992479324341 20097.658872380853 438.81516738981009 497.86315225064754 414.74160616844893 48.623963631689548
leaf_count=110638 93 850 109 159 103 281 181 115 10741 252276 714 125 826 145 1026 24162 343 6788 2954 10141 100324 102 79 278 157785 48892 460 753 587 27
internal_value=0.000616734 0.0160987 0.000595056 -0.0159648 -0.0076114 0.000610641 -0.000106796 -8.09129e-05 -2.32161e-05 0.000971089 0.00172409 0.0170273 0.000432147 -0.0194591 -0.0084811 7.35948e-07 -0.00296014 -0.00242583 0.000432147 0.00428953 0.00149903 -0.000732991 0.00626434 0.0165836 0.000302393 -0.000985835 0.0246725 0.0217319 0.00228521 0.0439447
internal_weight=313597 436.416 313160 292.527 266.813 312868 104624 104583 104275 208243 100381 1452.73 107862 308.468 265.479 104231 9635.66 9521.52 107136 5687.26 98928.5 245.426 218.484 169.203 94595.1 33417.1 1076.14 936.678 54698.8 96.6563
internal_count=732057 970 731087 830 721 730257 250459 250178 248826 479798 213601 2052 266197 1352 1171 248711 17872 17529 265371 13095 211549 618 516 357 230839 73054 1338 1213 111225 120
is_linear=0
shrinkage=0.05


Tree=118
num_leaves=31
num_cat=0
split_feature=11 11 11 12 11 11 11 13 13 11 7 12 7 1 4 10 10 9 7 11 10 9 13 10 11 11 11 7 0 13
split_gain=41.1319 52.0331 36.1075 158.56 147.886 68.3778 106.096 58.9422 57.4038 47.7548 108.509 62.2796 52.4357 46.3111 36.4288 35.2573 32.2112 30.3972 94.2729 161.208 37.9082 47.7923 37.0003 36.0221 35.2856 65.9358 51.7525 50.9498 37.9622 35.9331
threshold=170.50000000000003 178.50000000000003 65.500000000000014 19.414285659790043 57.500000000000007 55.500000000000007 50.500000000000007 0.11051777377724649 0.33731061220169073 44.500000000000007 50851.400390625007 15.267857074737551 181000.00000000003 0.020942983217537407 12.500000000000002 0.58010751008987438 0.54296705126762401 1.0000000180025095e-35 198800.00000000003 9.5000000000000018 0.62012657523155224 3211691.0000000005 0.30342836678028112 0.96026313304901134 22.500000000000004 30.500000000000004 31.500000000000004 39610.000000000007 1.0000000180025095e-35 -0.10132575780153273
decision_type=2 2 2 2 2 2 2 2 2 2 8 2 10 2 2 8 10 10 8 2 8 10 2 10 2 2 2 10 2 2
left_child=2 -2 4 8 5 6 9 -6 14 17 13 -12 -13 -11 -4 -9 -16 23 19 -19 21 -20 -21 24 27 28 -27 -1 -26 -29
right_child=1 -3 3 -5 7 -7 -8 15 -10 10 11 12 -14 -15 16 -17 -18 18 20 22 -22 -23 -24 -25 25 26 -28 29 -30 -31
leaf_value=0.00013961727666106697 0.044965691287724895 -0.0039195354104525097 0.0062102197422594296 -0.0057403014708866957 0.0072581840729789449 -0.0030770486128196607 0.020634812660048928 0.015307896900452356 0.011777524374175435 0.0050686140530084847 0.0037351471387850835 -0.0056945460840844989 -0.07484023192971262 0.014527130117666943 -0.00073461452116350663 0.035645345547677169 0.0031853362082954889 0.011473366186708888 -0.019258288816054403 0.0016793194377487466 0.0001086144462519952 -0.081583023753505429 0.0092465291413142258 0.013936867980705576 0.0023620187091219903 -0.042759619367129374 0.00021404229988617645 -0.015195336360213247 0.0068749641906048851 -0.0021933880600677131
leaf_weight=52072.091360412538 114.01673135906458 101.98812040686607 1079.3268469423056 12405.285856708884 3452.7625055983663 13529.337475284934 655.09282759577036 360.57152048498392 1216.0331857800484 3345.223176240921 2554.5070052444935 2817.3890009969473 25.704646117985249 2112.4038226902485 18478.004071995616 319.01992382109165 3751.4099225327373 5051.0585808828473 26.161474354565144 25257.413621678948 82243.272750228643 35.054440686479211 1615.1433811932802 450.9893856793642 5332.6099613755941 68.175163626670837 42509.914925772697 538.89758816361427 1436.2244661450386 30472.865365333855
leaf_count=123671 141 262 1426 47444 6312 34543 926 496 1514 7072 4250 7072 115 2945 41136 267 7500 7447 50 49236 182746 174 2098 683 9844 187 113162 1065 1841 76809
internal_value=0.000349217 0.02206 0.000334104 -0.00113423 0.000530379 0.000387797 0.000569078 0.00991585 0.00119593 0.000517962 0.00376347 -0.00126327 -0.00637187 0.00873356 0.000642915 0.0233576 0.000160453 0.000375362 0.000973474 0.00327977 7.88674e-05 -0.0386252 0.00173894 -0.000138796 -0.00018694 0.000872055 0.000143229 -0.000815926 0.0054552 -0.00242029
internal_weight=313428 216.005 313212 36930.1 276282 272150 258620 4132.35 24524.8 257965 10855.2 5397.6 2843.09 5457.63 23308.7 679.591 22229.4 247110 114228 31923.6 82304.5 61.2159 26872.6 132882 132431 49346.9 42578.1 83083.9 6768.83 31011.8
internal_count=732434 403 732031 99020 633011 625936 591393 7075 51576 590467 21454 11437 7187 10017 50062 763 48636 569013 241751 58781 182970 224 51334 327262 326579 125034 113349 201545 11685 77874
is_linear=0
shrinkage=0.05


Tree=119
num_leaves=31
num_cat=0
split_feature=8 8 7 10 1 5 3 5 7 10 12 8 14 9 10 12 5 12 10 9 14 14 8 10 9 7 9 3 1 9
split_gain=48.8743 93.3 56.0326 59.5996 41.5495 38.0367 35.8938 40.3245 117.741 32.7475 31.8502 30.4966 30.287 30.1521 59.8255 47.7166 27.684 26.7382 25.3847 24.5876 27.8646 24.4324 21.4017 19.5781 24.9508 19.4345 43.6481 18.8583 18.8292 18.2253
threshold=12130922.500000002 5320895.5000000009 198800.00000000003 0.29989059269428259 0.0082305916585028189 0.028039832599461082 -0.0058184568770229808 0.0082305916585028189 97002.000000000015 0.94803845882415783 15.690476417541506 10052930.500000002 0.44115051627159124 3211691.0000000005 0.63649576902389537 13.464285850524904 0.058481533080339439 17.774999618530277 0.60625335574150097 3211691.0000000005 -0.036368066444993012 -0.054600955918431275 10052930.500000002 0.79789990186691295 1.0000000180025095e-35 58060.000000000007 1.0000000180025095e-35 -0.96019199490547169 0.041494490578770644 3211691.0000000005
decision_type=2 2 10 10 2 2 2 2 8 10 2 2 2 10 10 2 2 2 10 8 2 2 2 8 10 10 10 2 2 8
left_child=1 2 4 16 25 18 7 8 -3 11 22 13 19 15 -15 23 -4 -5 -2 20 -6 -12 -10 28 -25 -1 -27 -14 -8 -7
right_child=5 6 3 17 12 29 9 -9 10 -11 21 -13 27 14 -16 -17 -18 -19 -20 -21 -22 -23 -24 24 -26 26 -28 -29 -30 -31
leaf_value=0.00050898892734471885 0.00048903096169402801 -0.0044347703554264073 -0.076567982524140155 -0.011166832963555674 0.0011981394684267037 0.012103050941920416 0.00044991103022893784 -0.0021897747523197185 -0.020852712919518568 0.011126193889943695 -0.073258833377418564 -0.002111947243087782 0.0066864099239551979 -0.0021897747523197185 0.0050566632547051011 -0.0013649232066048477 -0.034911917429909838 -0.034911917429909838 0.002876549416142021 0.0014571324401242616 0.0066864099239551979 -0.026691997047894784 -0.011853947825677764 0.0050566632547051011 0.003003713194019353 -0.0037610628207749431 -0.00044700423897997072 0.017581805749682045 0.003003713194019353 0.0038944153351108315
leaf_weight=73577.940797163174 63355.532079895958 4832.3291023895144 65.84846930578351 129.27735809981823 1648.6818059533834 770.12385231256485 9723.0844450742006 10659.528935432434 723.55329693853855 556.9033392444253 28.930212914943695 37734.414382845163 317.61686649173498 18251.640800543129 1459.6338702663779 16903.249033717439 13.887163534760473 37.224229894578457 8758.3541083708405 28248.230078443885 2473.8806730955839 457.78219114989042 269.3317324668169 2108.3627884238958 3517.6328405663371 11283.178103357553 4935.2520550265908 559.71750211715698 4147.5805728957057 5487.268048889935
leaf_count=163832 138792 10913 390 275 2568 951 19434 20096 1765 943 134 123701 444 50964 2815 58556 13 230 17168 48309 3578 1756 595 3112 6827 30493 9737 613 6296 7813
internal_value=8.835e-05 -0.000272702 0.000674869 -0.0230564 0.000722734 0.00116942 -0.00132165 -0.00343853 -0.00667977 -0.000941022 -0.0192731 -0.00101287 0.00223264 -0.000273694 -0.00184865 0.000579231 -0.058657 -0.0111668 0.000844867 0.00198379 0.00559007 -0.0297484 -0.0140887 0.00226475 0.0047521 0.000163635 -0.001403 0.011389 0.00125532 0.00490823
internal_weight=313036 234665 123291 246.237 123044 78371.3 111374 16971.5 6311.93 94402.5 1479.6 93845.6 33248.1 56111.2 19711.3 36399.9 79.7356 166.502 72113.9 32370.8 4122.56 486.712 992.885 19496.7 5626 89796.4 16218.4 877.334 13870.7 6257.39
internal_count=733113 568389 260482 908 259574 164724 307907 35259 15163 272648 4250 271705 55512 148004 53779 94225 403 505 155960 54455 6146 1890 2360 35669 9939 204062 40230 1057 25730 8764
is_linear=0
shrinkage=0.05


Tree=120
num_leaves=31
num_cat=0
split_feature=8 8 18 14 10 1 1 10 9 8 4 18 8 8 13 13 14 6 9 12 6 6 1 9 10 12 6 8 18 12
split_gain=26.1514 46.4498 59.4234 45.8968 83.0533 96.6915 42.6899 48.9254 50.6909 51.6508 34.152 48.1035 38.7335 59.8782 34.0263 33.6763 32.2719 31.9671 25.9164 25.8206 22.6532 21.8474 21.4149 19.9798 65.8779 51.5839 36.0423 24.013 117.154 72.476
threshold=12130922.500000002 5320895.5000000009 6.5000000000000009 -0.055306212976574891 0.16658333688974383 0.05863254331052304 0.0089687905274331587 0.40629123151302343 1.0000000180025095e-35 1289243.5000000002 11.500000000000002 6.5000000000000009 16151869.500000002 15089427.500000002 0.17341297864913943 0.12629869580268863 -0.17593795061111447 0.0090917046181857603 1.0000000180025095e-35 8.5500001907348651 0.040998572483658798 0.042046222835779197 0.69782608747482311 7714069.5000000009 0.29989059269428259 4.9166667461395273 0.013957562390714886 10052930.500000002 6.5000000000000009 17.774999618530277
decision_type=2 2 2 2 8 2 2 10 10 2 2 2 2 2 2 2 2 10 10 2 10 10 2 8 10 2 8 2 2 2
left_child=1 2 6 4 5 15 7 8 17 -10 11 14 13 -13 -2 -3 -12 -1 -8 -4 -7 -6 23 24 -5 -26 -25 28 29 -28
right_child=10 3 19 22 21 20 18 -9 9 -11 16 12 -14 -15 -16 -17 -18 -19 -20 -21 -22 -23 -24 26 25 -27 27 -29 -30 -31
leaf_value=-0.0063529944946401993 0.0017928465908170221 -0.081013129415321822 0.019463416692363147 -0.0022928687387545597 -0.0077995988486004092 -0.036545430018322514 0.0012443235183333139 0.0012443235183333139 -0.02120123740284811 0.00033460922212266687 -0.054799237247105226 0.0083806878407003439 0.0083806878407003439 0.033702240384707947 0.0083806878407003439 -0.036545430018322514 0.0006326566102958682 -0.0015821514070567607 0.0037400739395056569 0.0061116510070448847 -0.010070968703068615 -0.0022928687387545597 0.025201867636208759 -0.0022928687387545597 0.012466015406957926 0.0012513708867723386 0.0029199081693517155 -0.00028211014906905362 0.012466015406957926 -0.00083052550055359275
leaf_weight=4324.2615747395903 19647.108531713486 75.322965174913406 511.29620966315269 21917.767736142501 1834.1667251437902 60.017350554466248 16455.171516336501 21969.603233449161 277.13138803467155 43651.018519703299 24.269697055220604 276.3387585580349 177.9450067281723 431.73897887766361 2131.1034177839756 29.971761435270309 55500.85659872368 18649.759439805523 16260.953889936209 1240.3734775111079 1124.3643445968628 4228.5346594452858 80.581583730876446 12405.975461287424 909.79067802429199 5648.0111833363771 19715.458217129111 33801.193374622613 1156.8929528966546 9137.7093683108687
leaf_count=9380 33523 288 646 60225 3742 165 28325 46339 1278 96161 66 547 381 476 2683 65 126667 49176 26385 2520 2195 7213 73 31768 1347 12321 39969 110403 2367 36162
internal_value=0.000481848 0.000218755 0.000888325 -0.000517781 -0.00433597 -0.0158768 0.00075651 0.00018805 -0.000575105 0.000334609 0.00127412 0.00290964 0.0143171 0.021821 0.00244427 -0.0613537 0.000606455 -0.00248061 0.0023006 0.0100267 -0.0117371 -0.00229287 -0.000249766 -0.000269837 -0.00139984 0.00305226 0.000152369 0.000631818 0.00166115 0.00099489
internal_weight=313655 235465 123340 112126 7352.38 1289.68 121588 88871.8 66902.2 43928.1 78189.4 22664.2 886.023 708.078 21778.2 105.295 55525.1 22974 32716.1 1751.67 1184.38 6062.7 104773 104693 28475.6 6557.8 76217.2 63811.3 30010.1 28853.2
internal_count=732856 568513 260210 308303 13668 2713 257044 202334 155995 97439 164343 37610 1404 1023 36206 353 126733 58556 54710 3166 2360 10955 294635 294562 73893 13668 220669 188901 78498 76131
is_linear=0
shrinkage=0.05


Tree=121
num_leaves=31
num_cat=0
split_feature=7 6 12 9 14 8 10 8 8 8 3 9 7 7 14 12 14 10 12 3 8 13 7 9 9 10 10 10 6 12
split_gain=34.1584 23.3335 28.791 32.8164 27.3429 19.4111 40.0465 16.1864 14.2195 54.8 107.188 49.7818 46.606 38.6491 18.9098 18.3868 28.9219 13.9326 31.6524 12.4666 10.736 18.747 17.9456 36.1369 17.2843 16.9127 10.211 10.1702 8.07855 8.01834
threshold=2149.9001464843755 0.013957562390714886 5.0625000000000009 1.0000000180025095e-35 -0.034559885039925568 5320895.5000000009 0.52384921908378612 5320895.5000000009 12130922.500000002 10052930.500000002 -0.01182784605771303 1.0000000180025095e-35 86200.000000000015 197900.00000000003 -0.083471268415451036 11.535714149475099 -0.029582916758954522 0.54550504684448253 12.949999809265138 -0.56673488020896901 5320895.5000000009 -0.16518252342939374 50000.500000000007 7714069.5000000009 1.0000000180025095e-35 0.12494444474577905 0.71435728669166576 0.90672317147254955 1.0000000180025095e-35 17.22500038146973
decision_type=8 10 2 10 2 2 10 2 2 2 2 10 10 10 2 2 2 10 2 2 2 2 10 8 10 10 10 10 8 2
left_child=7 8 4 27 -3 -5 -7 -1 9 13 15 14 -10 20 -12 19 29 18 -14 -11 -2 -22 24 -24 -23 -26 -25 -4 -16 -17
right_child=1 2 3 5 -6 6 -8 -9 12 10 11 -13 17 -15 28 16 -18 -19 -20 -21 21 22 23 26 25 -27 -28 -29 -30 -31
leaf_value=0.034547560738885472 0.00046559288191134768 0.0025031353934129637 0.00046559288191134768 0.0025031353934129637 0.0074960920146685999 0.00046559288191134768 0.0025031353934129637 0.0097290009178420869 0.00046559288191134768 -0.020573850972706018 -0.012205609075526563 -0.012205609075526563 -0.016619805613376695 -0.049867460457539425 -0.0026673402793257273 -0.038068546959500293 -0.020573850972706018 -0.0076223697863254287 -0.068464015825997315 -0.012205609075526563 -0.024822256608768207 0.00046559288191134768 -0.0032705517607684352 -0.012702978614823061 -0.0018402717400404405 0.00046559288191134768 -0.0032705517607684352 0.0025031353934129637 -0.00037181077531792643 -0.06642824912443944
leaf_weight=88.099771864712238 58252.478336464614 2770.0862696543336 125702.00762836635 17232.535954900086 3489.1072128415108 17997.611539855599 5626.9821268469095 252.6792676448822 36515.15981381014 88.049300521612167 154.76184958219528 304.24809478968382 258.03299628198147 36.527340196073055 7099.1159074753523 142.57459297776222 234.59903022646904 190.56731774657965 31.685324400663376 182.79057279229164 28.472775630652905 5322.6614981628954 370.79936295375228 891.81189201772213 18702.370999902487 908.50785096734762 58.331932410597801 2272.9477293938398 8328.8851055130363 35.492408886551857
leaf_count=82 121800 4216 319408 31621 4532 37159 10549 371 74092 213 366 1297 599 185 19838 487 666 464 206 342 72 11185 721 2555 51452 1565 119 4419 32246 177
internal_value=0.000534132 0.000516866 0.000900175 0.000776694 0.00422958 0.00201731 0.000933851 0.0163093 3.1011e-05 -0.000315055 -0.00294416 -0.0021086 0.000465593 0.000200134 -0.00162522 -0.0223026 -0.0289421 -0.0157103 -0.0227203 -0.0122056 0.000222947 -0.000634631 -0.000583701 -0.00625852 -0.000282579 -0.00124171 -0.012703 0.000465593 -0.0014283 -0.0443963
internal_weight=313570 313229 175091 168832 6259.19 40857.1 23624.6 340.779 138138 101142 16570.5 15887 36995.4 84572 15582.8 683.506 412.666 480.286 289.718 270.84 84535.4 26283 26254.5 1320.94 24933.5 19610.9 950.144 127975 15428 178.067
internal_count=733004 732551 411904 403156 8748 79329 47708 453 320647 245286 55632 53747 75361 189654 52450 1885 1330 1269 805 555 189469 67669 67597 3395 64202 53017 2674 323827 52084 664
is_linear=0
shrinkage=0.05


Tree=122
num_leaves=31
num_cat=0
split_feature=9 8 8 11 3 7 14 12 3 18 7 11 3 11 11 0 3 1 3 9 8 18 11 12 11 10 11 11 11 11
split_gain=41.2122 38.2613 72.3341 58.699 78.1133 140.458 51.8887 51.8821 46.4588 46.1903 45.5074 59.2356 46.1198 41.4 37.2437 36.6049 62.4591 32.4113 32.7551 32.2764 63.0073 138.445 71.9204 51.1884 50.6225 32.1753 114.976 31.3124 39.862 84.4328
threshold=7714069.5000000009 5320895.5000000009 12130922.500000002 111.50000000000001 -0.0042153499089181415 31950.000000000004 -0.086108740419149385 19.535714149475101 0.23419786244630816 6.5000000000000009 85080.000000000015 48.500000000000007 0.25423489511013037 177.00000000000003 23.500000000000004 2.5000000000000004 -0.013718165922909973 0.0091326101683080214 -0.0016668114112690089 3211691.0000000005 10052930.500000002 6.5000000000000009 9.5000000000000018 21.633333206176761 108.50000000000001 0.20693664997816089 10.500000000000002 59.500000000000007 81.500000000000014 79.500000000000014
decision_type=10 2 2 2 2 10 2 2 2 2 8 2 2 2 2 2 2 2 2 10 2 2 2 2 2 10 2 2 2 2
left_child=1 9 3 6 5 -5 10 -6 -4 13 -3 14 -13 17 15 16 -12 18 -1 20 21 23 -23 -8 27 -21 -27 -22 29 -29
right_child=-2 2 8 4 7 -7 19 -9 -10 -11 11 12 -14 -15 -16 -17 -18 -19 -20 25 24 22 -24 -25 -26 26 -28 28 -30 -31
leaf_value=-0.041914882817313585 0.0035815476804297295 -0.0034938970017688894 0.00078252976111098545 0.0034644889139450828 0.029061348636631804 -0.058221722095152507 0.0013051406002209365 0.0034644889139450828 0.0083943184167101226 0.0090219038463926794 -0.051640741555485092 -0.08741859516633621 -0.0088041909537324523 -0.053090547292238534 -0.0088041909537324523 -0.0088041909537324523 -0.018252587760620536 0.0022033434328333724 0.00035950191935539707 -0.0034938970017688894 -0.0023597865203587088 0.041419636979904251 0.011320489893459261 -0.0031616372855088012 0.034053775613480705 0.018672601013920178 -0.0015891277474531958 0.0035107462360284207 -0.0034938970017688894 0.046077957263046365
leaf_weight=43.845502808690071 9568.8489014208317 3677.7613802403212 73023.635178796947 87.612094856798649 494.46664796769619 107.42283625900745 32617.642114084214 94.460327792912722 2059.2506373748183 1742.6110735759139 182.48477656394243 44.956642240285873 16.450959339737892 33.593354135751724 439.71336582303047 261.97201381623745 362.64773406088352 31898.194141842425 85851.421230208129 13827.213418932632 37302.434484362602 249.88109649717808 949.31658443063498 7981.7577378954738 96.03922376036644 755.5843600332737 5739.5514717176557 2953.9119463115931 737.63868464902043 119.30490019917488
leaf_count=168 16491 6435 156754 136 922 381 70205 447 2644 3152 580 169 21 123 803 481 776 53343 196729 42196 118962 282 2149 31810 288 1114 12978 9569 2523 181
internal_value=0.000351035 0.000249244 -0.000202898 -0.0010249 0.0125901 -0.014727 -0.00112367 0.021656 0.000991511 0.000945709 -0.00610458 -0.0141145 -0.0613013 0.000826114 -0.011696 -0.0201257 -0.027701 0.000842392 0.000336947 -0.00088321 -0.000445935 0.000921845 0.0176509 0.000426869 -0.00183325 -0.00266907 0.000315642 -0.00191873 0.00239746 0.00519213
internal_weight=313322 303753 184183 109100 783.962 195.035 108316 588.927 75082.9 119570 4985.99 1308.23 61.4076 117827 1246.82 807.105 545.133 117793 85895.3 103330 83007.9 41798.6 1199.2 40599.4 41209.3 20322.3 6495.14 41113.3 3810.86 3073.22
internal_count=732812 716321 462806 303408 1886 517 301522 1369 159398 253515 9265 2830 190 250363 2640 1837 1356 250240 196897 292257 235969 104446 2431 102015 131523 56288 14092 131235 12273 9750
is_linear=0
shrinkage=0.05


Tree=123
num_leaves=31
num_cat=0
split_feature=11 11 11 6 10 11 7 8 7 7 13 11 12 9 11 8 10 2 6 8 11 11 7 7 12 3 8 11 3 11
split_gain=40.6422 35.1822 313.901 69.9682 68.849 34.2747 69.0941 31.0348 29.6491 29.2494 25.8513 24.7828 23.3211 22.2077 25.6925 20.9468 55.7679 49.9269 27.3628 25.0194 40.004 32.8957 32.0866 31.4087 50.0867 98.5403 28.7613 82.5848 44.0308 43.6673
threshold=170.50000000000003 1.0000000180025095e-35 11.500000000000002 0.23240856826305392 0.44452822208404547 191.50000000000003 60000.900390625007 13439690.500000002 27670.000000000004 110100.00000000001 0.52779263257980358 22.500000000000004 10.354166507720949 7714069.5000000009 90.500000000000014 1289243.5000000002 0.12494444474577905 3.5000000000000004 0.07426562532782556 5320895.5000000009 12.500000000000002 21.500000000000004 68040.000000000015 58060.000000000007 20.366666793823246 -0.039500353857874863 10052930.500000002 153.00000000000003 -0.82876905798912037 23.500000000000004
decision_type=2 2 2 8 10 2 10 2 10 10 2 2 2 10 2 2 8 2 8 2 2 2 10 8 2 2 2 2 2 2
left_child=1 4 3 -3 7 -2 -7 -1 -6 -9 13 -12 -13 15 -15 16 17 -4 -18 20 -17 22 -21 -22 -25 -26 27 -23 29 -28
right_child=5 2 10 -5 8 6 -8 9 -10 -11 11 12 -14 14 -16 19 18 -19 -20 21 23 26 -24 24 25 -27 28 -29 -30 -31
leaf_value=-0.0023449693002922417 0.033979549573650646 0.0045117640497006973 -0.057510135575421818 0.02061208067851163 0.0039845640993505099 0.023138490532763217 -0.089181732897746294 0.000355665664592246 0.000355665664592246 -0.031997604742294204 0.0022652677840511361 0.014946831234449027 0.0022652677840511361 0.0022652677840511361 -0.046202462209580901 -0.0023125065792399795 -0.018796378305127922 -0.018796378305127922 0.00042552285154272149 0.0022652677840511361 0.0022652677840511361 -0.0013492387558205828 -0.0047454639118843789 0.0013231844785923403 -0.083089566007289728 -0.0015816660112705589 -0.020984127820738267 -0.085201667071492446 0.00033985030002597872 -0.0041662990227321894
leaf_weight=36338.287904776633 158.29678639769554 950.46841888129711 108.01525256410241 2335.9399703964591 9867.8153564929962 45.900542661547661 17.198076628148556 13491.436392962933 4997.3957969471812 68.001943141222 3350.7726902961731 848.23189879953861 238.11436389386654 5733.2177930474281 30.611687727272511 8635.3080711737275 119.0383789036423 35.912578873336315 1012.8085285872221 16116.693937733769 38159.751637585461 46387.786927759647 1684.3840808346868 28539.957487002015 35.160942196846008 17499.147014517337 483.18746604025364 27.382737405598164 74793.1550796628 895.09322229027748
leaf_count=85203 220 1369 738 2528 16982 104 81 24024 10679 191 4708 942 363 10348 87 15362 562 32 3481 31248 80100 128447 3732 55231 149 53376 1037 143 199436 1494
internal_value=0.000360217 0.000344988 0.000615963 0.0159613 -0.000692741 0.0216792 -0.00927472 -0.00158255 0.00229389 0.000355666 0.00040977 0.00419061 0.0107539 0.000339922 0.00226527 0.000256581 -0.00612776 -0.03522 -0.00237274 0.000291552 0.00092822 -0.000129624 0.00187876 0.00126049 0.000381101 -0.00175457 -0.000421292 -0.00140238 0.000176554 -0.00867245
internal_weight=313004 312783 248020 3286.41 64762.9 221.395 63.0986 49897.7 14865.2 13559.4 244734 4437.12 1086.35 240297 5763.83 234533 1275.77 143.928 1131.85 233257 92869.3 140388 17801.1 84234 46074.3 17534.3 122587 46415.2 76171.4 1378.28
internal_count=732397 731992 594913 3897 137079 405 185 109418 27661 24215 591016 6013 1305 585003 10435 574568 4813 770 4043 569755 204218 365537 34980 188856 108756 53525 330557 128590 201967 2531
is_linear=0
shrinkage=0.05


Tree=124
num_leaves=31
num_cat=0
split_feature=8 11 13 11 0 7 6 14 11 11 6 8 11 11 6 3 3 11 7 7 7 5 13 7 5 13 7 14 4 11
split_gain=67.1279 75.221 90.461 69.8691 112.431 119.249 84.565 52.1583 50.0767 129.032 125.003 67.509 52.1128 51.6705 61.4653 48.7459 47.2548 47.2238 68.8804 59.4735 46.6498 38.4892 115.407 37.1173 32.3374 31.1014 30.948 30.4256 34.2272 32.5958
threshold=5320895.5000000009 45.500000000000007 0.32855078577995306 55.500000000000007 1.0000000180025095e-35 140100.00000000003 0.0090917046181857603 -0.10883838310837744 43.500000000000007 34.500000000000007 0.2542185783386231 15089427.500000002 32.500000000000007 27.500000000000004 0.23240856826305392 0.061211213469505317 2.6134637594223027 39.500000000000007 15004.399902343752 37420.000000000007 50000.500000000007 0.022305141203105453 0.44517259299755102 164100.00000000003 0.079455267637968077 0.58187228441238414 34850.000000000007 -0.18495246767997739 8.5000000000000018 23.500000000000004
decision_type=2 2 2 2 2 8 8 2 2 2 8 2 2 2 8 2 2 2 10 8 10 2 2 10 2 2 10 2 2 2
left_child=16 7 3 4 5 -3 26 20 9 11 -11 12 13 -9 -15 -13 -1 19 -19 -12 -2 22 27 -7 -4 -10 -5 -22 -29 -30
right_child=1 2 24 6 -6 23 -8 8 25 10 17 15 -14 14 -16 -17 -18 18 -20 -21 21 -23 -24 -25 -26 -27 -28 28 29 -31
leaf_value=0.00098820665190426879 -0.0039142638420373681 0.0026065824362935279 0.0079320756670690235 -0.022157366649920893 0.0079320756670690235 -0.018718925286877752 0.00019091039628179349 -0.0011410368459196256 -0.003293373505317158 -0.00090122121171739016 0.026569736520609538 0.00055669088059274671 -0.0034293335526564672 -0.0034293335526564672 0.029383429567691067 0.011272913759043721 0.024493253368304477 0.044970492834996122 0.0091300366936321788 0.0091300366936321788 -0.12141099752614866 -0.010541816816380306 -0.020741159287024195 -0.076787420723021763 0.020499142771953208 0.012898134457389524 -0.05870709858158784 -0.040476957896143445 -0.087296388855645668 -0.054643655778154034
leaf_weight=123784.16165725514 4132.7975957244635 3276.1335606276989 343.12301630526781 7.8288852348923674 3084.1750477105379 573.28759296238422 31805.61831529811 62926.773936845362 20802.972190888599 1479.7123570591211 588.57528875023127 45202.489043597132 10123.264686346054 166.59229595959187 296.95735781639814 1084.7153634354472 212.20128084719181 328.20264108479023 86.282934799790382 628.04262644052505 17.750519677996635 475.99645920842886 108.52239295840263 27.205978281795979 879.96856185793877 298.94505470991135 96.347919076681137 40.35774427652359 65.319535836577415 81.360844328999519
leaf_count=260761 7159 7665 537 16 4598 1680 86124 169155 66070 2814 752 90272 28536 350 380 1314 195 396 176 1130 78 866 156 121 916 350 637 62 248 211
internal_value=0.000124787 -0.000468234 0.00145409 0.00103241 0.00557037 -0.00115162 4.22082e-05 -0.000985738 -0.000812708 -0.000426361 0.00962377 -0.000687485 -0.00162929 -0.00101829 0.015578 0.000808296 0.00102883 0.0191613 0.0337178 0.0141549 -0.00604596 -0.0171694 -0.0309405 -0.0215959 0.0148317 -0.00306279 -0.0445056 -0.0602128 -0.0531818 -0.0688104
internal_weight=313026 189029 40093.7 38870.6 6960.8 3876.63 31909.8 148936 144014 122912 3110.82 119801 73513.6 63390.3 463.55 46287.2 123996 1631.1 414.486 1216.62 4922.11 789.307 313.311 600.494 1223.09 21101.9 104.177 204.789 187.038 146.68
internal_count=733725 472769 102294 100841 14064 9466 86777 370475 361695 295275 5268 290007 198421 169885 730 91586 260956 2454 572 1882 8780 1621 755 1801 1453 66420 653 599 521 459
is_linear=0
shrinkage=0.05


Tree=125
num_leaves=31
num_cat=0
split_feature=6 11 9 7 11 7 9 11 13 3 10 11 14 11 11 11 9 10 14 11 7 7 11 12 11 18 12 11 11 12
split_gain=38.7755 77.2262 50.6681 32.4928 26.3276 23.3816 23.0572 57.8649 88.2252 45.9383 43.6798 29.8522 32.0677 28.1511 28.7858 23.5129 22.8767 21.1837 35.9146 38.9481 19.7952 19.5116 37.9567 19.4392 19.3128 17.1299 46.5336 33.6628 19.5573 21.4797
threshold=0.013957562390714886 9.5000000000000018 7714069.5000000009 52059.400390625007 153.00000000000003 198800.00000000003 1.0000000180025095e-35 22.500000000000004 0.42622867226600653 0.0051090214401483544 0.46679636836051946 13.500000000000002 -0.0032029857393354173 77.500000000000014 44.500000000000007 59.500000000000007 3211691.0000000005 0.94803845882415783 -0.0029897185740992423 69.500000000000014 35003.500000000007 7420.0000000000009 18.500000000000004 5.5357143878936776 11.500000000000002 6.5000000000000009 10.267857074737551 103.50000000000001 12.500000000000002 11.949999809265138
decision_type=10 2 10 10 2 10 10 2 2 2 10 2 2 2 2 2 10 10 2 2 10 10 2 2 2 2 2 2 2 2
left_child=5 16 4 -4 6 25 17 10 9 15 11 -8 -13 14 20 -9 -2 23 -19 -20 -11 22 -12 -3 -7 26 -1 28 29 -28
right_child=1 2 3 -5 -6 24 7 8 -10 13 21 12 -14 -15 -16 -17 -18 18 19 -21 -22 -23 -24 -25 -26 -27 27 -29 -30 -31
leaf_value=-0.00015498327451718164 0.0096985849629507292 0.0035134376089794718 0.013979489681352703 0.00025618637350133673 0.013777719577822615 -0.059024199645512899 0.00025618637350133673 0.00025618637350133673 0.02340765887281808 0.011831922623159708 0.041603803417311049 0.00025618637350133673 0.0056725775384993517 0.002987615614730718 0.011831922623159708 0.002987615614730718 0.02668138408308704 0.0046320157481457448 0.014087223330569269 0.062069147664262442 0.002987615614730718 0.007813399524784919 0.01388829724727837 0.00025618637350133673 -0.013386542744638656 0.00025618637350133673 -0.00095309761517816435 -0.013386542744638656 -0.0012897235963261521 -0.0052384784572023085
leaf_weight=69839.957571215928 1077.1090401858091 4579.4089379124343 1168.0768446996808 424.9336344152689 378.66769555956125 28.374038733541965 2788.6876001432538 17212.109686292708 412.23801279813051 598.72107452899218 139.58118917047977 839.4407904446125 3622.1687985658646 661.19285704195499 1669.4884500801563 7444.295398876071 242.65847323834896 112.963742621243 534.70855185389519 44.240097373723984 928.11940735578537 3591.5910907164216 223.63520225137472 126409.11207784526 54.854297181591392 14124.720009855926 226.83906199038029 228.19920464605093 46656.379686275497 6752.6291626244783
leaf_count=133082 1433 6502 1643 763 818 200 4844 35886 402 782 98 1473 7203 1187 2254 15902 222 266 901 44 1469 6186 401 321209 215 43956 216 1018 128920 13233
internal_value=0.00032278 0.000816654 0.000725071 0.00959571 0.000642894 -0.000304282 0.000613785 0.00166297 0.000481186 0.000256186 0.00471315 0.00240637 0.00517874 0.00571904 0.00855657 0.000256186 0.0128568 0.000294011 0.00900785 0.0179548 0.00348343 0.00893878 0.0199632 0.000256186 -0.026485 -0.000288088 -0.000566153 -0.00175121 -0.00165912 -0.00412735
internal_weight=313015 175103 173783 1593.01 172190 137912 171812 40131.3 28926.2 28513.9 11205.1 7250.3 4461.61 3857.52 3196.33 24656.4 1319.77 131680 691.912 578.949 1526.84 3954.81 363.216 130989 83.2283 137829 123704 53864 53635.8 6979.47
internal_count=732728 411888 410233 2406 407827 320840 407009 78087 57882 57480 20205 13520 8676 5692 4505 51788 1655 328922 1211 945 2251 6685 499 327711 415 320425 276469 143387 142369 13449
is_linear=0
shrinkage=0.05


Tree=126
num_leaves=31
num_cat=0
split_feature=9 8 10 11 1 8 10 6 11 11 10 11 13 14 1 3 14 6 11 10 6 12 11 3 9 14 11 11 11 14
split_gain=55.2 39.7733 46.2047 35.3373 42.0195 47.6078 28.388 27.9949 26.8623 61.4441 88.1178 103.728 71.0078 44.1986 41.0676 82.2564 42.254 86.6181 32.9664 122.761 128.24 78.9441 62.1599 42.8678 39.8927 34.7084 33.0307 50.0257 79.4338 44.2264
threshold=7714069.5000000009 5320895.5000000009 0.91771242022514354 150.50000000000003 1.0000000180025095e-35 10052930.500000002 0.95346027612686168 0.5436544418334962 22.500000000000004 33.500000000000007 0.10570267215371133 26.500000000000004 0.16314934939146045 -0.034131377935409539 0.093603972345590605 -0.30481837689876551 -0.10753119364380835 0.040998572483658798 77.500000000000014 0.62522727251052868 0.10234026983380319 16.062500000000004 86.500000000000014 -0.00093253256636671711 3211691.0000000005 -0.043046252802014344 45.500000000000007 43.500000000000007 34.500000000000007 -0.14823232591152188
decision_type=10 2 10 2 2 2 10 10 2 2 8 2 2 2 2 2 2 10 2 8 10 2 2 2 10 2 2 2 2 2
left_child=1 2 -1 6 5 -5 8 -8 13 10 11 -10 -13 14 15 16 17 -3 26 20 23 -22 24 -20 -23 -24 27 28 29 -11
right_child=-2 3 -4 4 -6 -7 7 -9 9 18 -12 12 -14 -15 -16 -17 -18 -19 19 -21 21 22 25 -25 -26 -27 -28 -29 -30 -31
leaf_value=0.0008413158835092545 0.004065032824988774 -0.092257545627191892 0.011650701342316452 0.0047486751685923813 0.029311047110637097 -0.070562780761257993 0.0047892621913669742 0.02004467219085472 -0.0056569643694560998 -0.039225918791425375 0.0047892621913669742 -0.10749499686791152 -0.0025842630455763117 -0.00053571670612995159 -0.0023699531102203838 -0.0053171119227104586 -0.016499733365528759 -0.030379020692882064 -0.056878088183673882 0.0047892621913669742 -0.00054065401763787185 -0.017957584579545216 -0.017957584579545216 -0.022071566867689876 -0.0049207629066548757 -0.0049207629066548757 0.0015881809284331095 -0.0022941548322968765 0.0047892621913669742 -0.00027044946690393411
leaf_weight=118224.09078226984 9630.5835103020072 65.547788053750992 994.95894569158554 29.387488018721342 194.57933981716633 24.989115349948406 308.96885860711336 375.44701534509659 945.99155211448669 71.184192135930061 6557.015449501574 41.888412579894066 24.137253969907761 86434.840757314116 1952.4764726907015 6681.855221927166 229.33720900118351 141.37708310782909 121.71034156158566 2173.798448998481 3359.2638391330838 789.08581173419952 46.818644866347313 329.74937577359378 284.01847897469997 2746.0062023326755 29136.865433014929 21281.90913625434 3180.4438047111034 16422.316725566983
leaf_count=251536 16443 255 1505 94 326 130 534 555 1886 168 11282 181 37 216989 2906 13179 533 317 455 5737 6190 3151 204 1262 697 9356 73757 66285 5328 41120
internal_value=0.000338747 0.000220351 0.000931721 -0.000240695 0.0185089 -0.0198137 -0.000266306 0.00988289 -0.000304368 0.000328441 0.00463355 -0.00995779 -0.0696004 -0.000884209 -0.00420419 -0.00669525 -0.0276824 -0.0442583 -7.92734e-05 -0.00278743 -0.00587057 -0.00425053 -0.00930087 -0.0316646 -0.0179576 -0.00532645 0.000301385 -0.000614101 0.00120331 -0.000443313
internal_weight=312801 303170 119219 183951 248.956 54.3766 183702 684.416 183018 87512.2 7569.03 1012.02 66.0257 95505.4 9070.59 7118.12 436.262 206.925 79943.2 9850.45 7676.65 7225.19 3865.93 451.46 1073.1 2792.82 70092.7 40955.9 19673.9 16493.5
internal_count=732398 715955 253041 462914 550 224 462364 1089 461275 227096 13386 2104 218 234179 17190 14284 1105 572 213710 27052 21315 19598 13408 1717 3848 9560 186658 112901 46616 41288
is_linear=0
shrinkage=0.05


Tree=127
num_leaves=31
num_cat=0
split_feature=11 6 10 0 11 11 6 11 8 7 3 18 8 11 11 8 11 1 11 7 11 14 9 11 8 7 11 4 11 11
split_gain=50.6547 85.6458 80.147 50.7282 42.9112 42.0396 41.2287 38.8481 39.2735 53.1521 33.0412 32.84 129.768 74.4677 51.1571 36.4183 64.3074 33.3167 56.0557 29.974 29.2311 29.0781 28.8315 22.0609 27.126 111.271 34.091 24.1153 19.1551 30.8848
threshold=88.500000000000014 0.11733920499682428 0.26010203361511236 1.0000000180025095e-35 122.50000000000001 95.500000000000014 0.046083213761448867 92.500000000000014 5320895.5000000009 33650.000000000007 -1.0000000180025095e-35 6.5000000000000009 10052930.500000002 69.500000000000014 11.500000000000002 13439690.500000002 71.500000000000014 0.011428944766521456 65.500000000000014 88100.000000000015 23.500000000000004 -0.021802336908876892 3211691.0000000005 33.500000000000007 1289243.5000000002 64010.000000000007 23.500000000000004 21.500000000000004 12.500000000000002 11.500000000000002
decision_type=2 8 10 2 2 2 10 2 2 10 2 2 2 2 2 2 2 2 2 10 2 2 10 2 2 8 2 2 2 2
left_child=11 4 3 -3 6 7 -2 8 19 22 -8 17 14 -14 -13 16 -15 18 23 -4 -19 -16 -10 24 25 26 -1 -25 29 -26
right_child=1 2 5 -5 -6 -7 10 -9 9 -11 -12 12 13 15 21 -17 -18 20 -20 -21 -22 -23 -24 27 28 -27 -28 -29 -30 -31
leaf_value=0.0003349634760788033 -0.060017485095277691 -0.0058822967218163857 0.035169285467194202 0.0049966059193437152 -0.075727819350832629 0.0081742172455125574 -0.033691298236497941 0.04958088493047412 0.020539838673721195 0.0060184733570972327 -0.0058822967218163857 0.025187560542058132 0.0013190521633427619 0.09560726957120573 0.0013190521633427619 0.050586251833414302 0.0013190521633427619 0.0003349634760788033 -0.003445121196682761 0.0060184733570972327 0.0013190521633427619 0.011789484486991726 0.060790388016777365 0.0003349634760788033 0.00015176412384087186 -0.04726384506188281 -0.023464440792902004 -0.0013277206925252003 0.0003349634760788033 -0.002024849632862309
leaf_weight=359.42347315698862 39.760663384571671 1210.202347278595 302.37765648216009 2309.3283957242966 27.553158089518547 2434.4345165863633 104.47065198421478 104.40727354586124 92.169317096471786 209.11070099473 242.88773723319173 602.67113068699837 10894.700861081481 16.956401914358139 454.23636028915644 116.60760752111673 87.420003995299339 22542.614731293172 12930.009204750881 36.292966298758984 60601.324840433896 1840.9612712785602 63.537731841206551 3704.6931448280811 62145.981694146991 150.84884241968393 23.999465018510818 51947.112116113305 55515.133443780243 22088.661761984229
leaf_count=1013 204 4214 425 4701 150 5415 306 88 180 551 626 780 37681 13 837 145 321 37517 46424 91 111614 3823 48 6208 121258 723 101 156745 147506 43290
internal_value=0.000291074 0.00444279 0.005797 0.000571066 -0.0175616 0.0114659 -0.0130537 0.02134 0.01702 0.00601847 -0.00736511 0.000193684 0.0025579 0.00131905 0.0122412 0.03161 0.00985762 8.02084e-05 -0.000256756 0.0292362 0.000926683 0.00882275 0.0350612 -4.63199e-05 0.000287845 -0.0109359 0.000334963 -0.000888645 0.00033091 -0.000419039
internal_weight=313200 7176.53 6761.86 3519.53 414.672 3242.33 387.119 807.896 703.488 364.818 347.358 306023 14013.6 11115.7 2897.87 220.984 104.376 292010 208866 338.671 83143.9 2295.2 155.707 195936 140284 534.272 383.423 55651.8 139750 84234.6
internal_count=732998 16999 15713 8915 1286 6798 1136 1383 1295 779 932 715999 43600 38160 5440 479 334 672399 523268 516 149131 4660 228 476844 313891 1837 1114 162953 312054 164548
is_linear=0
shrinkage=0.05


Tree=128
num_leaves=31
num_cat=0
split_feature=9 6 11 11 7 9 6 12 6 8 11 7 11 6 6 9 11 7 3 6 10 13 5 3 7 11 11 0 8 8
split_gain=34.8006 47.7177 31.6054 322.176 63.4331 109.164 59.4121 47.9251 58.0544 41.5809 40.7267 39.08 37.7325 86.0198 34.3021 91.8957 29.7399 29.5042 29.4119 33.0862 28.0914 27.6693 66.4828 99.5249 39.7936 36.5949 54.1158 39.7433 35.329 77.2574
threshold=7714069.5000000009 0.0058937692083418378 1.0000000180025095e-35 11.500000000000002 98200.000000000015 1.0000000180025095e-35 0.24904768168926242 7.9444444179534921 0.19385655969381335 16151869.500000002 20.500000000000004 197024.50000000003 12.500000000000002 0.013957562390714886 0.0058937692083418378 3211691.0000000005 21.500000000000004 2149.9001464843755 -0.012981583829969166 0.1812112703919411 0.23075190186500552 -0.049416434019803994 0.011173533275723459 -0.13985289633274076 85080.000000000015 64.500000000000014 87.500000000000014 1.5000000000000002 15089427.500000002 12130922.500000002
decision_type=10 8 2 2 8 10 8 2 10 2 2 10 2 10 8 10 2 10 2 10 10 2 2 2 8 2 2 2 2 2
left_child=2 20 4 6 5 17 -4 8 10 11 -5 -6 13 14 15 -9 -14 -1 -3 -20 -2 22 23 -18 -25 27 -27 28 29 -26
right_child=1 18 3 7 9 -7 -8 12 -10 -11 -12 -13 16 -15 -16 -17 21 -19 19 -21 -22 -23 -24 24 25 26 -28 -29 -30 -31
leaf_value=0.022148133646455258 -0.061735396603542748 -0.0070755461265847933 0.0060976885002062917 0.0045147092953776256 -0.0024476163107051904 0.0079763451434289572 0.020873015444841606 -0.016108765720103401 0.0078518582136003785 -0.027186941044348885 0.0011775603771548727 -0.058986380078594941 0.0011775603771548727 -1.7373890130790282e-05 -0.0060219968001275553 -0.093688907491207729 -0.10564284554954849 -0.00076201112777899739 0.0034401690296625349 0.016191288022677174 -0.012235828555298232 3.639314607877845e-05 -0.0011433369492796683 -0.003214952903259584 -0.016122910010585582 -0.053835314640649348 -0.0060620372783534993 -0.0060620372783534993 -0.0096541192757843668 -0.055349037312007188
leaf_weight=139.2954590767622 35.474635265767574 614.31782925128937 1002.5464698001742 2847.3209259659052 30756.854080155492 4277.970097348094 2129.3441738858819 175.56766718626022 3981.5676481425762 169.59753611683846 10555.21767064184 28.59771440923214 1632.4551047310233 15476.207352176309 6981.1476548612118 39.934045791625977 22.653346106410027 25986.137557178736 8291.9342084750533 540.22592470049858 128.41902780532837 182927.39804369025 2567.8824544176459 6549.7089074626565 1549.8905225396156 105.98061053454876 57.768317490816116 1820.4804232493043 617.65270707011223 36.958963230252266
leaf_count=151 117 1056 1403 3965 69937 6625 2292 399 5257 408 16212 205 2326 30170 14523 162 98 54541 14438 732 238 481540 4279 12567 3763 366 118 3540 1130 151
internal_value=5.9506e-05 0.00302129 -3.46287e-05 0.000223238 -0.00104776 0.000574395 0.0161502 1.34702e-05 0.00254088 -0.00264095 0.00117756 -0.00250397 -0.000185755 -0.00211772 -0.0066332 -0.0261955 3.5617e-05 -0.000638173 0.00348745 0.00422359 -0.0235651 -0.000123874 -0.00232307 -0.00528657 -0.00505523 -0.00890912 -0.0319496 -0.00795636 -0.0132462 -0.0182346
internal_weight=312047 9610.37 302436 241078 61358.5 30403.4 3131.89 237946 17384.1 30955 13402.5 30785.5 220562 22672.9 7196.65 215.502 197889 26125.4 9446.48 8832.16 163.894 196256 13329 10761.1 10738.4 4188.73 163.749 4024.98 2204.5 1586.85
internal_count=732709 16581 716128 584261 131867 61317 3695 580566 25434 70550 20177 70142 555132 45254 15084 561 509878 54692 16226 15170 355 507552 26012 21733 21635 9068 484 8584 5044 3914
is_linear=0
shrinkage=0.05


Tree=129
num_leaves=31
num_cat=0
split_feature=9 6 11 11 11 14 11 11 9 11 8 13 11 14 11 3 3 1 1 1 11 13 0 12 11 11 3 18 7 13
split_gain=40.6234 37.8069 33.9896 37.6044 31.3613 51.5461 36.3482 38.9216 28.6942 39.7554 47.6486 21.5253 54.8883 40.3673 52.2553 59.9797 48.482 42.1586 32.2499 24.6676 22.1343 33.3301 28.6018 24.8414 22.8457 96.0113 79.7987 61.096 51.2187 28.1111
threshold=7714069.5000000009 0.17979500442743304 35.500000000000007 26.500000000000004 199.00000000000003 0.013896316289901735 170.50000000000003 165.50000000000003 3211691.0000000005 173.50000000000003 5320895.5000000009 -0.049675324931740754 104.50000000000001 -0.044947260990738862 81.500000000000014 0.0014376927283592524 0.009682346601039173 0.063966177403926863 0.062895569950342192 0.81534090638160717 88.500000000000014 -0.014844877179712055 30.500000000000004 13.464285850524904 55.500000000000007 44.500000000000007 0.0025680841645225887 6.5000000000000009 43000.500000000007 0.30356636643409735
decision_type=10 10 2 2 2 2 2 2 10 2 2 2 2 2 2 2 2 2 2 2 2 2 2 2 2 2 2 2 8 2
left_child=4 -2 3 -3 6 -6 7 11 9 -8 -11 12 13 14 16 -16 17 -1 -14 20 22 -22 24 -23 25 -13 28 29 -27 -26
right_child=1 2 -4 -5 5 -7 8 -9 -10 10 -12 19 18 -15 15 -17 -18 -19 -20 -21 21 23 -24 -25 27 26 -28 -29 -30 -31
leaf_value=-0.0080421960538583324 0.0026772798152184265 0.0090086087775255574 0.0090086087775255574 0.04315551164947698 -0.085112370329675335 0.029370463973828455 0.054485708638227652 -0.05379732431800878 0.043108358132139819 0.012508406930863839 -0.084560118949572161 0.00020794788759926722 -0.09693348082479597 -0.00055175202253333747 -0.096566557821152463 -0.0037816239608143547 -0.0019445726215232826 -0.0037563749602337569 -0.012695360882081761 0.035950871626493013 -0.00055175202253333747 0.010766762176329388 0.018129709510121921 0.003100836029706012 -0.00055175202253333747 0.0058980303113356104 0.0091787739458695158 0.0091787739458695158 -0.00050376191657610953 0.0043135109616680893
leaf_weight=7657.5218857079744 8961.2838960289955 117.7010453119874 337.96198078989983 173.47823000699282 24.565777413547039 14.317742958664892 21.792384997010231 31.369355462491512 86.330393224954605 33.47428772598505 17.910728856921196 220748.72764638998 21.488728083670139 4755.4667303487659 30.212246559560299 38.294634655117989 3516.568643309176 3084.1375339925289 23.357741683721542 46.552374839782715 856.76950743794441 1387.1848454773426 154.62841205298901 4429.0923829246312 42813.012113761157 3585.6795252263546 1886.7338270172477 1245.5137651413679 5514.6062572598457 1505.6878702715039
leaf_count=16148 15595 162 545 148 120 16 16 120 91 66 85 523764 92 8043 129 72 5462 5183 45 31 2078 1959 150 12149 114595 6919 2492 3218 12036 2001
internal_value=0.000307391 0.00351099 0.0153399 0.028417 0.000206147 -0.0435828 0.000212044 0.000199417 0.0239258 0.000750467 -0.0232261 0.000205356 -0.00141814 -0.0012853 -0.00333739 -0.0462792 -0.00312461 -0.00556818 -0.0554742 0.000314639 0.000308547 0.00315376 0.000240095 0.00493224 0.000227838 0.000435022 0.00499647 -0.000551752 0.00261729 -0.000551752
internal_weight=313121 9590.43 629.141 291.179 303531 38.8835 303492 303333 159.508 73.1774 51.385 303301 19127 19082.2 14326.7 68.5069 14258.2 10741.7 44.8465 284174 284128 6673.05 277455 5816.28 277300 231736 10987 45564.2 9100.29 44318.7
internal_count=733530 16450 855 310 717080 136 716944 716686 258 167 151 716566 35174 35037 26994 201 26793 21331 137 681392 681361 16186 665175 14108 665025 545211 21447 119814 18955 116596
is_linear=0
shrinkage=0.05


Tree=130
num_leaves=31
num_cat=0
split_feature=11 13 11 6 3 8 13 10 11 13 10 7 11 8 9 11 0 10 6 11 7 13 9 8 13 7 1 3 4 11
split_gain=35.5035 113.311 89.6698 76.7416 59.7373 55.4966 41.1425 45.3796 37.5335 67.3866 36.1347 35.1081 40.929 33.4086 64.1364 59.2187 47.4208 31.1463 57.4071 30.8138 36.3199 73.9081 53.2587 30.019 43.3966 88.0375 41.4314 34.59 28.6954 43.1472
threshold=55.500000000000007 0.33731061220169073 49.500000000000007 0.013957562390714886 -0.36627864837646479 15089427.500000002 0.2987103164196015 0.26676443219184881 112.50000000000001 -0.01316526625305414 0.90672317147254955 41950.000000000007 65.500000000000014 1289243.5000000002 3211691.0000000005 36.500000000000007 1.0000000180025095e-35 0.24999500066041949 0.081684678792953505 44.500000000000007 65007.000000000007 -0.057489683851599686 3211691.0000000005 5320895.5000000009 -0.22840908914804456 46010.000000000007 0.030457638204097751 -0.00012849469203501937 12.500000000000002 59.500000000000007
decision_type=2 2 2 8 2 2 2 10 2 2 10 10 2 2 10 2 2 10 8 2 8 2 8 2 2 8 2 2 2 2
left_child=2 3 10 5 6 11 7 -4 28 -10 13 -2 -13 14 17 16 -16 18 -1 23 -21 22 -22 26 25 -25 -15 -26 29 -5
right_child=1 -3 4 8 -6 -7 -8 -9 9 -11 -12 12 -14 19 15 -17 -18 -19 -20 20 21 -23 -24 24 27 -27 -28 -29 -30 -31
leaf_value=-0.054191764250607094 -0.012890857176826595 0.012329397524905451 -0.094105047605227185 0.0010105294832393006 0.024144572537683172 -0.07396894663532301 0.0042486039175336221 -0.018629320826904269 -0.012890857176826595 0.0054250605554299414 0.0051211156726292499 -0.075101279504336038 -0.025629895252705388 0.00031683906257977076 -0.035702826918041858 -0.07474067998950347 0.0026553253630660911 0.0026553253630660911 -0.0055673095063684735 0.0026553253630660911 -0.034646541824606331 -0.0014653102072569992 -0.11870458699364304 -0.018242616113917386 -0.0022443126449117265 -0.11100429814521517 0.0026553253630660911 -9.3980041250369688e-06 -0.0018386239129357267 0.0054250605554299414
leaf_weight=68.598227741196752 171.51017008535564 1526.4332779571414 24.503010585904121 848.30962999910116 604.13145894557238 47.095377940684557 41.896712422370911 43.870879165828228 254.72533947974443 1630.6466128975153 3767.7422215119004 49.775278106331825 90.441430712118745 78308.874901456758 139.83630771562457 54.917815271764994 83.585916563868523 517.90950710326433 274.58465813472867 6609.6726105883718 16.625749617815018 3851.9632968269289 23.793552696704865 55.631170086562634 20055.400268346071 26.809494368731976 16565.188938826323 126522.94505158253 48496.139927545562 1464.6424510776997
leaf_count=395 580 1868 88 1496 854 349 37 77 709 3921 6503 266 583 169179 680 383 125 1498 901 12459 22 8257 106 80 39472 105 24899 325410 129531 1907
internal_value=6.5753e-05 -0.00109265 0.000311144 -0.00147928 0.017976 -0.0244598 -0.0156474 -0.0415072 -0.00132187 0.00542506 0.000261889 -0.0165562 -0.0383689 0.000189535 -0.00834526 -0.0291176 -0.0173398 -0.00157887 -0.0137899 0.000228186 0.00265533 -0.00218891 -0.0678278 0.000112465 -0.000335861 -0.03617 0.000805501 -0.000315214 -0.00157908 0.00385968
internal_weight=312238 54579.7 257658 53053.3 714.402 358.822 110.271 68.3739 52694.5 1885.37 256944 311.727 140.217 253176 1139.43 278.34 223.422 861.092 343.183 252037 10502.1 3892.38 40.4193 241535 146661 82.4407 94874.1 146578 50809.1 2312.95
internal_count=732740 141210 591530 139342 1056 1778 202 165 137564 4630 590474 1429 849 583971 3982 1188 805 2794 1296 579989 20844 8385 128 559145 365067 185 194078 364882 132934 3403
is_linear=0
shrinkage=0.05


Tree=131
num_leaves=31
num_cat=0
split_feature=7 18 8 11 11 8 8 17 11 11 8 7 13 11 5 6 3 7 12 6 3 11 3 1 6 3 12 11 12 11
split_gain=33.065 28.0723 61.3562 31.9632 25.8673 20.6103 37.8552 45.8654 53.0642 38.6946 144.856 112.166 89.5884 73.6639 91.3105 44.7061 38.8478 32.1751 31.0319 69.2061 45.8965 41.0846 30.7736 42.5509 29.8562 27.4952 27.0985 26.4027 61.1182 59.8957
threshold=2149.9001464843755 6.5000000000000009 10052930.500000002 57.500000000000007 25.500000000000004 5320895.5000000009 15089427.500000002 1.0000000180025095e-35 30.500000000000004 34.500000000000007 13439690.500000002 50851.400390625007 -0.069642856717109666 47.500000000000007 0.014815627597272398 0.10234026983380319 0.009682346601039173 57650.000000000007 14.062500000000002 0.0090917046181857603 -0.058394502848386758 79.500000000000014 -0.075085401535034166 0.090593434870243086 0.22190125286579135 -0.012981583829969166 18.774999618530277 23.500000000000004 20.816666603088382 62.500000000000007
decision_type=8 2 2 2 2 2 2 2 2 2 2 10 2 2 2 8 2 10 2 10 2 2 2 2 10 2 2 2 2 2
left_child=-1 5 4 -4 -3 -2 7 27 25 10 -10 -12 13 22 16 -14 -15 -8 -19 -20 21 -21 23 -11 -16 -9 -17 -7 -29 -30
right_child=1 2 3 -5 -6 6 17 8 9 12 11 -13 15 14 24 26 -18 18 19 20 -22 -23 -24 -25 -26 -27 -28 28 29 -31
leaf_value=0.016009127936040153 0.00076841305226602171 0.008189851945973747 0.0014089452392869284 0.008189851945973747 0.001433098364156212 -0.0039781968822367496 0.0013262316166510338 -0.0034819373498628579 -0.0032277817711331698 -0.10109440517482685 -0.015120214855678035 -0.082647254751445687 -0.004506337648295426 -0.10685922074027657 -0.047103674847297453 0.0013701802174109728 -0.047103674847297453 -0.00011984729874824621 -0.060873957871720057 -0.012729160093989656 -0.0026750575074646395 -0.032236160628337653 -0.0097577525833806439 -0.027938922345429121 -0.0097577525833806439 0.0014089452392869284 -0.0020258839194431735 0.0014089452392869284 -0.0062593018674825633 -0.039271390071904957
leaf_weight=336.36555868387222 121745.15555375814 1482.3341545686126 10564.688930913806 587.5635706782341 1469.5317692533135 14240.77293779701 57235.319780547172 3033.6282648965716 8255.3555741198361 21.848037019371986 162.68539242446423 98.015715025365353 5358.518943041563 56.654051974415779 28.795769989490509 21726.393162228167 32.381529092788696 5022.9874619245529 51.183349061757326 254.68792927265167 6187.0105058960617 40.793593108654022 385.11361910402775 35.717432633042336 75.326804995536804 39646.44220450893 7989.6115456819534 6017.7237934991717 895.10999623686075 160.58028493076563
leaf_count=444 257263 2411 36593 1640 3290 37494 117810 5509 22253 92 408 401 17651 241 91 48012 79 8315 421 540 16976 171 705 67 119 99729 33313 14898 4925 1264
internal_value=0.000387473 0.000370576 0.00255023 0.00140895 0.00818985 0.00026766 -7.67513e-05 -0.000659714 -0.000149931 -0.00136362 -0.00439173 -0.0409443 -0.000641277 -0.019212 -0.0449252 -0.000303548 -0.0815281 0.000840334 -0.00156593 -0.00406554 -0.00359836 -0.0227833 -0.00975775 -0.0461201 -0.0126793 0.00110773 0.00045457 -0.00273809 -0.000241002 -0.0113455
internal_weight=313198 312862 14104.1 11152.3 2951.87 298758 177013 108221 86906.5 44226.4 8516.06 260.701 35710.4 635.837 193.158 35074.5 89.0356 68792 11556.7 6533.68 6482.49 295.482 442.679 57.5655 104.123 42680.1 29716 21314.2 7073.41 1055.69
internal_count=733125 732681 43934 38233 5701 688747 431484 287251 228670 123432 23062 809 100370 1394 530 98976 320 144233 26423 18108 17687 711 864 159 210 105238 81325 58581 21087 6189
is_linear=0
shrinkage=0.05


Tree=132
num_leaves=31
num_cat=0
split_feature=9 6 11 8 11 11 7 8 11 11 7 12 18 8 7 11 9 10 12 11 10 13 12 10 18 12 8 8 7 7
split_gain=39.1897 62.3065 46.4777 40.9003 49.6363 103.335 122.466 58.6151 56.2067 69.4645 89.8518 78.6192 66.0675 53.9881 50.6427 52.3294 90.1159 74.3942 70.8423 62.7447 59.336 47.4033 46.9792 42.3837 41.5894 40.8683 40.4714 73.8545 55.4945 41.7265
threshold=3211691.0000000005 0.046998459845781333 153.00000000000003 5320895.5000000009 42.500000000000007 34.500000000000007 36009.800781250007 16151869.500000002 44.500000000000007 47.500000000000007 66050.000000000015 15.267857074737551 2.5000000000000004 12130922.500000002 2608.400024414063 57.500000000000007 3211691.0000000005 0.72422280907630932 13.887499809265138 64.500000000000014 0.13798908889293673 0.32855078577995306 10.267857074737551 0.53846231102943432 6.5000000000000009 8.5500001907348651 15089427.500000002 10052930.500000002 69650.000000000015 11040.000000000002
decision_type=8 10 2 2 2 2 10 2 2 2 8 2 2 2 8 2 10 10 2 2 8 2 2 10 2 2 2 2 10 8
left_child=1 -1 3 24 5 26 -7 8 -6 10 11 -10 22 -8 -11 16 -16 -18 19 20 -17 -21 -12 -9 -2 -26 27 -5 -28 -29
right_child=2 -3 -4 4 7 6 13 23 9 14 12 -13 -14 -15 15 18 17 -19 -20 21 -22 -23 -24 -25 25 -27 28 29 -30 -31
leaf_value=0.0010630802999923442 0.001021125928660609 0.0060421335918839723 0.016799121095852562 0.0012022647593852088 -0.0035493514660387077 0.019852268947690623 0.004967589364947839 0.010849689982560327 0.016745209302190339 0.045667485382410188 -0.017293689321517564 0.0024548857484531011 -0.0013655703466481615 -0.018835644224237977 -0.0015828877922928063 0.0013329385428849285 -0.015892356963040224 0.022208745955545079 -0.0017631795395174924 0.0013329385428849285 0.021683669835521294 0.014500887274619676 -0.052148532796845906 0.058991594688687803 0.020526875269794527 0.0048959866860256761 0.0020569563498306262 0.0033979493628712651 -0.0049536816053664771 -0.0025794920780760635
leaf_weight=29243.623933397233 104393.05172758363 8001.0380917862058 429.66629211977124 34274.971745766699 19934.499418921769 1472.5461901426315 830.04133085906506 180.15514303743839 1788.0527670308948 55.623886376619339 48.421949841082096 2083.5471919625998 1410.2913456112146 331.79602798074484 6049.3882118314505 185.85532201826572 1989.3342581391335 119.34275694191456 16431.51774311997 4657.1550602987409 873.21732320636511 706.40213659405708 133.5984246507287 59.865407146513462 524.55794432014227 1233.8950783833861 37445.703802548349 3204.9200914353132 3050.9984074234962 32612.256157144904
leaf_count=57379 224116 13471 919 81834 63214 2133 1527 428 2515 67 57 5008 3431 681 16587 365 5393 189 51949 7980 1183 826 424 87 640 2496 73233 6377 6875 100815
internal_value=0.000610414 0.00213297 0.00040532 0.000379684 -0.000101316 0.000503443 0.0102865 -0.00130879 -0.00141398 -0.000248633 0.00494931 0.00905994 -0.00504423 -0.00185079 -0.00116306 -0.00124999 -0.00468714 -0.0135827 -2.27594e-05 0.00442906 0.0155387 0.00223039 -0.0332218 0.0232454 0.00114967 0.00877085 0.000270216 -0.000456832 0.00152856 -0.00204447
internal_weight=313755 37244.7 276511 276081 169930 113223 2634.38 56706.3 56466.2 36531.7 5463.91 3871.6 1592.31 1161.84 31067.8 31012.2 8158.07 2108.68 22854.1 6422.63 1059.07 5363.56 182.02 240.021 106152 1758.45 110589 70092.1 40496.7 35817.2
internal_count=732199 70850 661349 660430 433178 273475 4341 159703 159188 95974 11435 7523 3912 2208 84539 84472 22169 5582 62303 10354 1548 8806 481 515 227252 3136 269134 189026 80108 107192
is_linear=0
shrinkage=0.05


Tree=133
num_leaves=31
num_cat=0
split_feature=11 11 14 8 8 18 11 8 18 9 10 4 1 11 14 1 9 11 13 13 7 11 12 9 10 8 7 14 13 14
split_gain=25.7259 28.7373 43.2405 26.156 24.8805 55.1939 48.269 34.8971 82.9817 79.8859 64.3452 50.8453 45.7273 44.1835 38.2304 37.9659 40.8631 63.9394 70.019 34.6496 29.4841 28.2658 32.2209 26.0064 96.5195 78.8322 32.9252 32.6265 31.4382 34.2136
threshold=170.50000000000003 178.50000000000003 -0.0029897185740992423 13439690.500000002 13439690.500000002 6.5000000000000009 79.500000000000014 10052930.500000002 6.5000000000000009 1.0000000180025095e-35 0.33337777853012091 6.5000000000000009 0.014815627597272398 23.500000000000004 -0.18495246767997739 0.18138528615236285 1.0000000180025095e-35 45.500000000000007 0.38331623375415808 -0.22840908914804456 17002.200195312504 55.500000000000007 5.0625000000000009 1.0000000180025095e-35 0.4003745317459107 15089427.500000002 102200.00000000001 0.14249817281961444 -0.10449608787894248 0.043991031125187881
decision_type=2 2 2 2 2 2 2 2 2 10 8 2 2 2 2 2 10 2 2 2 10 2 2 10 10 2 10 2 2 2
left_child=4 -2 3 -3 7 19 -7 8 14 -9 13 -10 -12 -11 15 16 17 18 -1 -6 -20 22 -14 25 -25 26 -21 28 29 -27
right_child=1 2 -4 -5 5 6 -8 9 11 10 12 -13 21 -15 -16 -17 -18 -19 20 23 -22 -23 -24 24 -26 27 -28 -29 -30 -31
leaf_value=-0.14692962512798555 0.036493076309910923 -0.091291244404671498 0.0201656432933425 -0.014462499962534237 -0.056371558146734384 0.0081887644870634862 0.046283983268933883 -0.00081393068942878103 0.021552177878438682 -0.036264644150984938 -0.021748077916044356 0.0054265263204557575 0.053647154011741319 -0.091194621895197225 0.00040950759742495362 -0.0055506738010737437 -0.01576215881928935 -0.01576215881928935 -0.01576215881928935 0.0056096015800522342 -0.067631007815894886 0.046609627299140872 -0.0030944483175954635 0.00085411148812519593 0.0056096015800522342 -0.027657963913708662 -0.021701809742779622 0.0056096015800522342 -0.00092073092077492942 -0.011507781623541984
leaf_weight=22.036381945014 102.75319860875607 15.696009136736393 72.958104729652405 14.532225206494331 24.276496380567551 1598.1760353520513 85.867447808384895 45396.010978136212 618.46204317361116 32.808555565774441 331.82311873883009 2315.5110805779696 23.117901474237442 51.498398661613464 186888.41791712865 389.85085853934288 173.71524466574192 22.861356854438782 18.659100525081158 2322.9735872987658 45.928969368338585 42.010953515768051 42.20974212884903 34836.249142762274 5303.331988055259 129.66467873752117 155.24638662673533 1555.9239012822509 30143.872532214969 44.668080985546112
leaf_count=105 140 72 159 32 64 3082 120 139502 825 88 1370 4826 15 226 422936 596 293 18 22 4844 130 48 132 71135 8785 322 494 2155 69130 32
internal_value=0.000463867 0.0180449 -0.00067049 -0.0490906 0.00045217 0.00123785 0.0101838 0.000198924 0.000497177 -0.00103834 -0.0204219 0.00883807 -0.0126004 -0.0599289 0.00036661 -0.0115109 -0.0259736 -0.0502229 -0.0732351 0.00103541 -0.0444339 0.0155592 -0.00309445 0.00105563 0.00191986 4.57498e-05 0.0056096 -0.000679106 -0.00104393 -0.0220948
internal_weight=312821 205.94 103.186 30.2282 312615 76200.3 1684.04 236415 190495 45919.5 523.469 2933.97 439.162 84.307 187561 673.052 283.201 109.486 86.6245 74516.2 64.5881 107.339 65.3276 74491.9 40139.6 34352.3 2478.22 31874.1 30318.2 174.333
internal_count=731698 403 263 104 731295 160163 3202 571132 429751 141381 1879 5651 1565 314 424100 1164 568 275 257 156961 152 195 147 156897 79920 76977 5338 71639 69484 354
is_linear=0
shrinkage=0.05


Tree=134
num_leaves=31
num_cat=0
split_feature=12 7 9 6 7 5 13 9 12 6 0 12 14 9 7 7 4 9 6 13 12 6 14 5 7 7 1 14 6 6
split_gain=25.6572 34.3034 25.7105 36.5085 17.4224 15.9255 13.7668 12.0087 11.858 91.9893 19.6387 11.7157 10.5116 7.43025 6.75266 5.65365 4.75272 4.69102 31.6758 3.97037 6.65728 4.29234 3.82788 3.50033 3.41184 1.57199 1.56573 1.49963 1.16191 0.961679
threshold=21.774999618530277 199700.00000000003 3211691.0000000005 0.047941429540514953 2149.9001464843755 0.0076046728063374766 -0.0050144300330430261 3211691.0000000005 5.0625000000000009 0.078340969979763045 3.5000000000000004 12.354166507720949 0.36872987449169164 7714069.5000000009 39440.000000000007 15605.300292968752 17.500000000000004 7714069.5000000009 0.0209591668099165 0.18450576812028888 15.535714149475099 0.080046590417623534 -0.10883838310837744 0.030151515267789367 39440.000000000007 60000.900390625007 0.014815627597272398 -0.051857864484190934 0.0058937692083418378 0.0090917046181857603
decision_type=2 8 8 10 8 2 2 8 2 10 2 2 2 8 10 8 2 8 8 2 2 10 2 2 8 10 2 2 10 10
left_child=2 -2 3 12 -4 6 -5 -3 9 10 15 -8 14 -10 24 -6 -11 29 -19 20 25 -21 -15 -23 -1 -7 -26 -28 -24 -9
right_child=1 7 4 5 8 19 11 17 13 16 -12 -13 -14 22 -16 -17 -18 18 -20 21 -22 23 28 -25 26 -27 27 -29 -30 -31
leaf_value=0.0018074513346821031 -0.00011042152838858281 -0.004006795408216763 0.012808047842192201 0.0030236573359890676 0.0019063086299889041 0.010846425501895235 0.0072611837719370135 -0.002206069942410975 -0.00011042152838858281 0.0065112761833962182 0.0034412978144580091 0.0045893369134019637 0.0030236573359890676 -0.00011042152838858281 -0.00011042152838858281 0.00037131944551979917 0.0034412978144580091 -0.058530082525193622 -0.0011339789139018415 0.010846425501895235 0.0072611837719370135 0.01378235653456355 0.00013044895856560818 0.019595920739620142 0.00051098208830379624 0.0090538046369161244 0.00090531902337248876 0.0012996559584411815 0.00037131944551979917 -0.0011339789139018415
leaf_weight=678.82663188874722 48558.162992471829 6527.9149856902659 272.99296722561121 1192.3187404870987 6674.8739020824432 456.80518472194672 1885.6037460044026 14755.433407561854 45612.887918850407 4134.6368612572551 1998.2926032468677 2129.7092950865626 410.37368626147509 3767.6062272340059 940.33302868902683 51517.990196347237 181.03485137224197 25.983443161472678 4136.6768808104098 56.630015335977077 84.607621982693672 65.18933393061161 7969.830424759537 382.96714366599917 14654.772041164339 93.66735965013504 2510.3759019821882 2994.8551468700171 87925.7343679443 29.983592450618744
leaf_count=998 156771 17497 355 2051 11436 522 2618 53213 92616 5351 2646 4007 465 6514 1826 112829 327 182 15274 96 202 103 17829 413 27006 163 4161 4873 190890 106
internal_value=0.000169992 -0.000643153 0.00042231 0.00183044 0.000230993 0.00517359 0.00399902 -0.00215754 0.000214505 0.00077863 0.000371319 0.00615502 0.000873726 -3.59909e-05 0.000591245 0.000371319 0.00651128 -0.00152008 -0.00113398 0.0105233 0.00784852 0.0138443 0.00033055 0.0167183 0.00104048 0.0108464 0.000791861 0.00129966 0.000371319 -0.00212609
internal_weight=312627 74034.2 238593 28537 210056 6347.5 5207.63 25476 209783 64506.8 60191.2 4015.31 22189.5 145276 21779.2 58192.9 4315.67 18948.1 4162.66 1139.87 635.08 504.786 99663.2 448.156 20838.8 550.473 20160 5505.23 95895.6 14785.4
internal_count=733340 243043 490297 49504 440793 10175 8676 86272 440438 132589 126911 6625 39329 307849 38864 124265 5678 68775 15456 1499 887 612 215233 516 37038 685 36040 9034 208719 53319
is_linear=0
shrinkage=0.05


Tree=135
num_leaves=31
num_cat=0
split_feature=11 11 7 11 7 11 11 13 11 8 18 13 6 12 6 11 11 7 14 14 12 7 13 9 5 7 12 8 11 9
split_gain=39.5792 227.9 63.4749 44.9452 43.9969 38.4427 87.4113 77.189 84.2945 47.8237 45.2947 45.1602 52.5329 43.6151 38.0604 37.3943 496.371 107.655 46.6452 36.0493 43.0242 30.8388 29.5432 29.4574 29.3734 84.3644 62.6188 32.5495 49.7834 37.4024
threshold=1.0000000180025095e-35 11.500000000000002 8612.2001953125018 2.5000000000000004 197024.50000000003 82.500000000000014 88.500000000000014 -0.022907647304236885 110.50000000000001 1289243.5000000002 6.5000000000000009 0.095914501696825041 0.19720250368118289 13.887499809265138 0.03994718752801419 12.500000000000002 21.500000000000004 8010.0000000000009 -0.20471097528934476 -0.04111917503178119 15.845237731933596 51040.000000000007 -0.10449608787894248 3211691.0000000005 0.012579114176332952 19013.600585937504 9.2750000953674334 13439690.500000002 35.500000000000007 3211691.0000000005
decision_type=2 2 10 2 10 2 2 2 2 2 2 2 10 2 10 2 2 8 2 2 2 10 2 10 2 10 2 2 2 10
left_child=4 2 -2 23 14 15 9 8 -8 -7 11 19 -13 -10 -1 17 18 -3 -17 20 -11 -20 24 -4 25 -18 -27 28 29 -28
right_child=1 5 3 -5 -6 6 7 -9 13 10 -12 12 -14 -15 -16 16 22 -19 21 -21 -22 -23 -24 -25 -26 26 27 -29 -30 -31
leaf_value=-0.00082403090726528906 0.018846435343875725 0.015587766218827209 -0.042660262595397055 0.0074118869430995649 -0.05898428016788914 0.038305363825136246 -0.0076206779880465874 0.0026565644442574491 -0.027034143035722907 -0.021082744022196818 0.021145309511700863 -0.0066159247126395763 0.0060958262568243373 -0.08513764204946038 0.035365731643434102 -0.03155098811717675 -0.0047478508370052868 -0.0018719687873093296 0.023414076856869106 -0.010668357819296519 -0.062314055319509676 0.0081568986370402687 0.00054457332418764365 0.011487039304275722 -0.0017571008990407923 -0.011892392172736001 -0.047636179271744218 -0.022863692954576829 -0.09063151198951605 -0.022863692954576829
leaf_weight=64792.561772614717 2115.0178859457374 913.32020945101976 76.632779002189636 1013.8178259953856 30.488272845745087 54.14087064191699 353.06835716217756 6425.7429238203913 82.002943903207779 145.58282338827848 126.63833266496658 501.3545043617487 817.36190056800842 54.629749447107315 70.733508080244064 40.347996361553669 1431.7182401269674 24915.875406891108 2631.6522060967982 3057.3013429977 76.061313427984715 382.03611361980438 200518.84524734784 31.632509186863899 969.20890486985445 698.89295220375061 218.1169131398201 118.09514825046062 46.17172946035862 62.850667297840118
leaf_count=137277 2350 1168 186 1382 225 142 740 15797 196 321 340 1121 1386 234 70 84 2383 48931 3271 10866 300 560 500091 36 1429 1222 603 225 172 95
internal_value=0.000286623 0.000574411 0.0137501 0.00412764 -0.000812637 0.000399958 -0.00239725 0.00119629 -0.0178979 -0.0075962 -0.00813823 -0.00895366 -0.0011372 -0.0511587 -0.000783477 0.000540396 0.000764111 -0.00125343 0.0207658 -0.0120946 -0.0314971 0.0214867 0.000464564 -0.0262033 -0.00405878 -0.0077386 -0.0190369 -0.033835 -0.0432099 -0.0348315
internal_weight=312772 247878 3237.1 1122.08 64893.8 244641 11693.9 6915.44 489.701 4778.44 4724.3 4597.66 1318.72 136.633 64863.3 232947 207118 25829.2 3054.04 3278.95 221.644 3013.69 204064 108.265 3545.05 2575.85 1144.13 445.234 327.139 280.968
internal_count=733203 595631 3954 1604 137572 591677 31443 16967 1170 14476 14334 13994 2507 430 137347 560234 510135 50099 3915 11487 621 3831 506220 222 6129 4700 2317 1095 870 698
is_linear=0
shrinkage=0.05


Tree=136
num_leaves=31
num_cat=0
split_feature=11 11 9 11 11 6 12 11 6 14 12 11 11 8 8 9 10 8 10 11 8 10 18 11 14 9 14 10 11 9
split_gain=31.2785 33.2914 53.9411 46.244 26.2241 55.6969 60.3878 28.7004 49.3055 43.0877 27.6577 36.5399 368.159 60.3959 65.2869 57.3281 45.8314 36.4478 24.0385 28.4438 110.152 49.9278 32.1175 25.0359 22.5047 21.9326 32.92 21.4648 20.3447 20.3375
threshold=170.50000000000003 177.00000000000003 3211691.0000000005 231.50000000000003 132.50000000000003 1.5618260502815249 10.949999809265138 142.50000000000003 0.59042680263519298 -0.015106421429663895 21.774999618530277 12.500000000000002 21.500000000000004 10052930.500000002 12130922.500000002 3211691.0000000005 0.020153569057583812 13439690.500000002 0.28581193089485174 79.500000000000014 15089427.500000002 0.60625335574150097 2.5000000000000004 92.500000000000014 0.2785984873771668 3211691.0000000005 0.01758784614503384 0.047809524461627013 65.500000000000014 7714069.5000000009
decision_type=2 2 10 2 2 10 2 2 8 2 2 2 2 2 2 8 8 2 8 2 2 10 2 2 2 10 2 8 2 8
left_child=4 -2 3 -3 10 6 -6 8 -8 -9 11 24 13 16 -15 27 -13 -17 -19 29 23 -22 -23 -21 -1 26 -11 -14 -12 -20
right_child=1 2 -4 -5 5 -7 7 9 -10 25 28 12 15 14 -16 17 -18 18 19 20 21 22 -24 -25 -26 -27 -28 -29 -30 -31
leaf_value=-0.00012130188895737075 0.040951420528044437 -0.072606269376580573 0.027332101245469 0.031508130116988727 0.010880108826580224 0.038589406201369456 -0.081432055571016432 -0.066006519971336705 -0.0074789597355506849 -0.03785382009606432 -0.00038779064039211607 -0.00012130188895737075 -0.00012130188895737075 -0.00012130188895737075 0.018069270103307718 -0.00012130188895737075 0.025167666539420333 -3.489146612005905e-05 0.0045244115938367774 0.062624627739862701 0.0014783158574895241 0.013240153937063273 0.0375915264468209 0.021505581778119343 0.020281103061378265 -0.0074789597355506849 -0.0074789597355506849 0.0041476698189418801 -0.0030722296801126516 0.0014783158574895241
leaf_weight=93847.96705089882 94.849153354763985 31.516514599323273 75.569022066891193 14.266696210950611 82.04990328848362 48.505766928195953 51.033311668783426 37.766268342733383 37.201405748724937 104.63806495815516 65986.673200965859 48.459734931588173 837.74886678904295 289.77712509781122 719.16631295531988 98822.264377780259 1882.3394972085953 10567.951964354143 7137.8511677980423 105.30575861036777 730.73918000236154 46.419640272855759 189.50220998376608 61.034685052931309 145.61837682127953 88.714516378939152 47.699574679136276 13729.696581587195 7901.5509668271989 9033.0480046160519
leaf_count=191349 110 136 113 43 88 50 238 135 114 468 209608 111 1576 668 895 214316 2211 21512 13193 101 1671 106 262 100 158 220 82 23485 32692 17491
internal_value=0.000165064 0.0190891 0.00161447 -0.0402019 0.000151853 -0.0112943 -0.0168292 -0.025838 -0.0504561 -0.0177435 0.000170176 0.000432334 0.000946303 0.0184532 0.00851571 0.000581717 0.0236319 0.000240141 0.0018441 0.00299152 0.0106435 0.00413434 0.025002 0.0479717 -0.000121302 -0.00970112 -0.0265517 0.00355199 -0.000674938 0.00245415
internal_weight=312797 216.201 121.352 45.7832 312581 497.609 449.103 367.053 88.2347 278.818 312083 238195 144201 2939.74 1008.94 141262 1930.8 126694 27871.9 17303.9 1133 966.661 235.922 166.34 93993.6 241.052 152.338 14567.4 73888.2 16170.9
internal_count=733302 402 292 179 732900 1395 1345 1257 352 905 731505 489205 297698 3885 1563 293813 2322 268752 54436 32924 2240 2039 368 201 191507 770 550 25061 242300 30684
is_linear=0
shrinkage=0.05


Tree=137
num_leaves=31
num_cat=0
split_feature=11 11 10 12 11 6 10 11 11 11 11 11 11 12 3 3 6 8 12 8 11 11 6 14 8 14 10 6 6 12
split_gain=32.6955 212.466 40.7895 40.8068 38.2996 76.3991 29.8544 21.9082 94.7299 90.6031 74.2832 93.5001 85.6706 164.805 68.4126 61.583 59.8892 60.628 56.0429 51.4604 51.4245 93.8753 51.5135 51.4486 51.3548 49.6933 46.8288 42.1072 41.5379 39.1898
threshold=1.0000000180025095e-35 11.500000000000002 0.57133930921554577 4.0833332538604745 8.5000000000000018 0.050737332552671439 0.44452822208404547 44.500000000000007 55.500000000000007 49.500000000000007 57.500000000000007 65.500000000000014 63.500000000000007 14.690476417541506 -0.36627864837646479 0.0031327368924394254 0.78759616613388073 10052930.500000002 11.949999809265138 10052930.500000002 69.500000000000014 77.500000000000014 0.10505434498190881 -0.1140882484614849 5320895.5000000009 0.098410379141569151 0.86544084548950206 0.28877462446689611 0.17261101305484775 14.845237731933596
decision_type=2 2 8 2 2 10 10 2 2 2 2 2 2 2 2 2 8 2 2 2 2 2 8 2 2 2 10 10 10 2
left_child=6 2 3 -2 5 -5 -1 -3 9 15 26 12 13 16 18 -9 17 -12 -11 20 23 22 -22 -13 29 -21 -10 -27 -17 -15
right_child=1 7 -4 4 -6 -7 -8 8 10 14 11 19 -14 24 -16 28 -18 -19 -20 25 21 -23 -24 -25 -26 27 -28 -29 -30 -31
leaf_value=-0.0013924057043612952 0.0088483229289042734 -4.4647746049452022e-06 0.0160775417458115 -0.13668125671893594 -0.002051120180287139 -0.018969668399105896 0.0011651539731823114 0.0023143695117982454 -0.0034397689651496201 0.0065019733692378541 0.0092871348567224038 -0.057158344702953973 0.026919479995088681 -0.015224518704641359 0.027880439777746409 0.0074091992912295292 0.020094310185495182 -0.0077520627179049981 -0.072654818988938913 0.0020614482212444355 -0.038294115073802759 4.6362952783365918e-05 0.018303087641836063 -0.0031270283106580882 -0.021301963874461639 0.0074783424957764345 0.018286584183580399 0.02546291388722768 0.020137714835051248 -0.10355264862186651
leaf_weight=50083.117114264518 323.5618588924408 177949.38446915988 2559.7590496987104 13.764132857322691 147.33103693276644 118.47278180718422 14775.05575966835 8967.282853320241 13205.702282555401 79.413638465106487 1837.7897715419531 42.237621858716011 540.40010875463486 18.937845796346664 654.92468102276325 850.60048750042915 802.69486463069916 727.14397512376308 28.38287878036499 11284.078927181661 40.132016077637672 12464.637562094256 959.25209555029869 11317.032705806196 137.61257363110781 736.42151390016079 250.80257242172956 429.78336042165756 924.32472460716963 40.45374159514904
leaf_count=109893 405 428540 2951 64 216 227 27722 18629 34021 106 3090 120 734 46 858 1346 1224 1508 93 31476 111 31807 1481 32605 365 1206 484 509 1150 167
internal_value=0.000189496 0.00045141 0.0133232 0.0016191 -0.0129506 -0.0330758 -0.000809761 0.000284647 0.00106013 0.00518461 0.000194618 0.00124408 0.0084041 0.00558364 0.0218144 0.00400001 0.00819194 0.00445434 -0.0148765 0.000455122 -0.000860615 0.00122965 0.0159584 -0.00333796 -0.0386373 0.00307815 -0.00303218 0.0128952 0.012504 -0.0768015
internal_weight=312310 247452 3162.89 603.13 279.568 132.237 64858.2 244289 66340 11504.9 54835.1 41378.6 4105.03 3564.63 762.721 10742.2 3367.63 2564.93 107.797 37273.6 24823.3 13464 999.384 11359.3 197.004 12450.3 13456.5 1166.2 1774.93 59.3916
internal_count=733154 595539 3863 912 507 291 137615 591676 163136 22182 140954 106449 7134 6400 1057 21125 5822 4598 199 99315 66124 33399 1592 32725 578 33191 34505 1715 2496 213
is_linear=0
shrinkage=0.05


Tree=138
num_leaves=31
num_cat=0
split_feature=11 11 11 6 14 9 6 14 11 11 14 12 11 3 9 13 12 3 11 9 4 11 6 14 12 7 11 9 14 3
split_gain=20.8851 21.8293 220.206 84.4123 43.7564 39.2882 103.714 59.7492 47.4098 56.3324 49.3757 64.7341 40.778 49.0135 40.2246 40.0843 39.8935 45.7798 38.6027 52.1833 97.324 45.9283 32.0693 31.7313 31.5029 26.2685 25.4868 29.5612 25.1244 49.9405
threshold=153.00000000000003 33.500000000000007 25.500000000000004 0.1956100016832352 0.34924985468387609 3211691.0000000005 0.03994718752801419 -1.0000000180025095e-35 57.500000000000007 65.500000000000014 -0.077705629169940935 12.035714149475099 55.500000000000007 0.1371165066957474 7714069.5000000009 -0.024951900355517861 19.535714149475101 -0.010425909422338007 26.500000000000004 7714069.5000000009 21.500000000000004 30.500000000000004 0.7300499975681306 0.071252468973398222 14.408333301544191 62050.000000000007 30.500000000000004 7714069.5000000009 -0.14823232591152188 -0.0090091065503656847
decision_type=2 2 2 8 2 8 8 2 2 2 2 2 2 2 8 2 2 2 2 8 2 2 10 2 2 10 2 8 2 2
left_child=1 2 -1 18 5 6 7 -3 14 -10 11 25 13 -9 22 23 -8 -18 -4 -20 21 -21 28 -12 -17 -11 27 -5 29 -7
right_child=-2 4 3 26 -6 8 16 12 9 10 15 -13 -14 -15 -16 24 17 -19 19 20 -22 -23 -24 -25 -26 -27 -28 -29 -30 -31
leaf_value=0.00027559908447153563 0.011335890028835272 -0.1099844696923321 0.013260567410009666 0.019779504827440664 0.010830293149805784 -0.081039658677404494 0.0042288020489100169 -0.067077265475629574 0.0051919065284110853 -0.0066821781319526931 -0.0066821781319526931 -0.037736005057893013 -0.016889461198164767 -0.016889461198164767 -0.00065632577137662363 0.0037791952352925467 -0.016889461198164767 -0.0010951841639175691 0.013260567410009666 0.013260567410009666 -0.053818792887437863 -0.021194574533811138 0.0051919065284110853 -0.0021725385939774149 4.2721682794221707e-06 -0.022209091594922854 0.016050388996036433 0.039550237332981637 -0.0031698561311388103 -0.015474836045096314
leaf_weight=173793.62110903859 412.21804025769234 21.975435808300972 99.11149063706398 378.47970231622458 863.73956078290939 30.824188232421875 9743.808972530067 76.256552070379257 3628.9162603616714 361.11430747061968 2320.7343687936664 198.5163285061717 55.366403724998236 14.843681946396826 58818.045782560483 7224.4746172353625 44.987245619297028 2621.718335788697 211.49819076806307 154.07373911142349 110.98554311692715 131.42868246138096 356.29017078131437 598.24233509600163 23498.194218806922 72.360059604048729 596.32923477888107 392.30902526527643 25318.783044459298 71.346435979008675
leaf_count=385360 950 96 96 475 1046 110 17299 315 6456 527 5645 553 136 5 153088 11538 187 7224 287 184 366 274 568 1147 73559 186 848 395 63927 115
internal_value=0.000116075 0.00010117 0.000468981 0.0166561 -0.000374671 -0.00044648 0.00221435 -0.0365249 -0.000719745 0.000749759 9.95382e-05 -0.0137244 -0.0241701 -0.0513229 -0.00137815 0.000360034 0.00274594 -0.00267136 0.00261952 -0.00378108 -0.0145391 0.000998509 -0.00302502 -0.00523722 0.000892138 -0.00668218 0.0239016 0.0299185 -0.00327094 -0.0277798
internal_weight=312221 311808 175868 2074.22 135941 135077 12579 168.442 122498 37902.6 34273.6 631.991 146.467 91.1002 84595.3 33641.6 12410.5 2666.71 707.098 607.986 396.488 285.502 25777.2 2918.98 30722.7 433.474 1367.12 770.789 25421 102.171
internal_count=732962 732012 388285 2925 343727 342681 25262 552 317419 99611 93155 1266 456 320 217808 91889 24710 7411 1207 1111 824 458 64720 6792 85097 713 1718 870 64152 225
is_linear=0
shrinkage=0.05


end of trees

feature_importances:
agg_dpd_count=821
declared_income_type_code=537
monthly_income=430
declared_employment_code=357
current_clean_streak_24m=337
debt_to_income=323
declared_income_gap=317
dpd_late_autocorr_lag2_24m=223
dpd_trend_slope_24m=197
dpd_late_autocorr_lag1_24m=192
pct_dpd_payments_24m=115
longest_clean_streak_24m=115
pct_overdue_payments_24m=89
n_features_missing=48
num_dpd_events_24m=34
declared_provided=25
max_consecutive_dpd_24m=7

parameters:
[boosting: gbdt]
[objective: binary]
[metric: auc]
[tree_learner: serial]
[device_type: cpu]
[data_sample_strategy: bagging]
[data: ]
[valid: ]
[num_iterations: 3000]
[learning_rate: 0.05]
[num_leaves: 31]
[num_threads: 0]
[seed: 42]
[deterministic: 0]
[force_col_wise: 0]
[force_row_wise: 0]
[histogram_pool_size: -1]
[max_depth: -1]
[min_data_in_leaf: 50]
[min_sum_hessian_in_leaf: 0.001]
[bagging_fraction: 0.8]
[pos_bagging_fraction: 1]
[neg_bagging_fraction: 1]
[bagging_freq: 1]
[bagging_seed: 400]
[bagging_by_query: 0]
[feature_fraction: 0.8]
[feature_fraction_bynode: 1]
[feature_fraction_seed: 30056]
[extra_trees: 0]
[extra_seed: 12879]
[early_stopping_round: 0]
[early_stopping_min_delta: 0]
[first_metric_only: 0]
[max_delta_step: 0]
[lambda_l1: 0]
[lambda_l2: 2]
[linear_lambda: 0]
[min_gain_to_split: 0]
[drop_rate: 0.1]
[max_drop: 50]
[skip_drop: 0.5]
[xgboost_dart_mode: 0]
[uniform_drop: 0]
[drop_seed: 17869]
[top_rate: 0.2]
[other_rate: 0.1]
[min_data_per_group: 100]
[max_cat_threshold: 32]
[cat_l2: 10]
[cat_smooth: 10]
[max_cat_to_onehot: 4]
[top_k: 20]
[monotone_constraints: 1,1,1,1,-1,1,1,-1,0,0,1,0,-1,1,1,-1,1,0,1]
[monotone_constraints_method: basic]
[monotone_penalty: 0]
[feature_contri: ]
[forcedsplits_filename: ]
[refit_decay_rate: 0.9]
[cegb_tradeoff: 1]
[cegb_penalty_split: 0]
[cegb_penalty_feature_lazy: ]
[cegb_penalty_feature_coupled: ]
[path_smooth: 0]
[interaction_constraints: ]
[verbosity: -1]
[saved_feature_importance_type: 0]
[use_quantized_grad: 0]
[num_grad_quant_bins: 4]
[quant_train_renew_leaf: 0]
[stochastic_rounding: 1]
[linear_tree: 0]
[max_bin: 255]
[max_bin_by_feature: ]
[min_data_in_bin: 3]
[bin_construct_sample_cnt: 200000]
[data_random_seed: 175]
[is_enable_sparse: 1]
[enable_bundle: 1]
[use_missing: 1]
[zero_as_missing: 0]
[feature_pre_filter: 1]
[pre_partition: 0]
[two_round: 0]
[header: 0]
[label_column: ]
[weight_column: ]
[group_column: ]
[ignore_column: ]
[categorical_feature: ]
[forcedbins_filename: ]
[precise_float_parser: 0]
[parser_config_file: ]
[objective_seed: 16083]
[num_class: 1]
[is_unbalance: 0]
[scale_pos_weight: 31.972]
[sigmoid: 1]
[boost_from_average: 1]
[reg_sqrt: 0]
[alpha: 0.9]
[fair_c: 1]
[poisson_max_delta_step: 0.7]
[tweedie_variance_power: 1.5]
[lambdarank_truncation_level: 30]
[lambdarank_norm: 1]
[label_gain: ]
[lambdarank_position_bias_regularization: 0]
[eval_at: ]
[multi_error_top_k: 1]
[auc_mu_weights: ]
[num_machines: 1]
[local_listen_port: 12400]
[time_out: 120]
[machine_list_filename: ]
[machines: ]
[gpu_platform_id: -1]
[gpu_device_id: -1]
[gpu_use_dp: 0]
[num_gpu: 1]

end of parameters

pandas_categorical:null
