tree
version=v4
num_class=1
num_tree_per_iteration=1
label_index=0
max_feature_idx=16
objective=binary sigmoid:1
feature_names=pct_dpd_payments_24m longest_clean_streak_24m avg_overdue_amount_24m debt_to_income monthly_income declared_income_type_code declared_education_code declared_employment_code declared_income_gap agg_dpd_count current_clean_streak_24m dpd_late_autocorr_lag1_24m dpd_late_autocorr_lag2_24m income_detected thin_file declared_provided n_features_missing
monotone_constraints=1 -1 1 1 -1 0 0 0 1 0 -1 1 1 -1 1 0 1
feature_infos=[0:0.9375] [0:22] [0:10050.2470703125] [0:11.891450881958008] [200:200000] [218884:16566093] [899965:16056791] [1487881:10492638] [0:0.99500000476837158] [0:363] [0:22] [-0.66666668653488159:0.85742038488388062] [-0.46666666865348816:0.72979795932769775] [0:1] [0:1] [0:1] [2:7]
tree_sizes=3425 3434 3411 3430 3420 3432 3446 3479 3472 3484 3493 3452 3473 3482 3473 3489 3495 3486 3489 3485 3502 3503 3482 3494 3489 3493 3489 3482 3487 3485 3499 3515 3503 3501 3506 3509 3504 3527 3497 3533 3516 3518 3509 3512 3543 3507 3535 3525 3563 3538 3541 3553 3521 3523 3529 3532 3538 3531 3556 3536 3550 3527 3495 3518 3546 3557 3541 3512 3542 3545 3546 3537 3542 3549 3510 3532 3552 3534 3552 3543 3535 3533 3538 3527 3564 3527 3557 3531 3519 3517 3552 3518 3537 3542 3555 3554 3534 3513 3538 3531 3513 3492 3524 3510 3562 3514 3527 3540 3524 3512 3558 3542 3595 3499 3520 3544 3532 3533 3542 3554 3489 3558 3572 3520 3529 3543 3550 3509 3548 3525 3532 3514 3527 3499 3559 3511 3517 3501 3542 3518 3512 3517 3550 3524 3558 3566 3505 3577 3512 3480 3565 3528 3552 3508 3565 3490 3470 3539 3506 3468 3485 3479 3526 3533 3528 3556 3521 3502 3513 3484 3534 3544 3524 3508 3458 3494 3487 3486

Tree=0
num_leaves=31
num_cat=0
split_feature=10 0 10 0 9 8 9 10 2 10 4 10 10 4 12 9 10 3 0 8 2 9 11 0 3 4 9 9 3 8
split_gain=687111 174045 28313.5 28074.8 18176.6 13759.1 15757 20017.8 10366.9 8894.43 4485.71 4362.73 3314.73 2913.38 2372.83 2363.68 2021.02 1898.99 1824.48 1360.62 1343.8 1139.98 964.735 927.828 828.954 612.905 477.323 439.279 333.1 364.166
threshold=16.937500000000004 0.045663053169846542 11.354166507720949 0.022305141203105453 43.500000000000007 0.74998226761817943 1.0000000180025095e-35 14.062500000000002 161.73627471923831 21.774999618530277 38060.000000000007 11.949999809265138 21.944444656372074 16034.600097656252 0.15856517106294635 34.500000000000007 18.612500190734867 0.040998572483658798 0.034602491185069091 0.4167881458997727 6.8227274417877206 65.500000000000014 0.0096320346929132956 0.2736185491085053 0.0040080321487039336 58060.000000000007 32.500000000000007 65.500000000000014 0.013957562390714886 0.32859666645526892
decision_type=2 2 2 2 2 10 2 2 2 2 8 2 2 8 2 2 2 10 2 8 2 2 2 2 8 10 2 2 10 10
left_child=1 5 8 4 10 6 13 11 20 16 -2 -8 -12 -1 -4 -9 -6 19 -5 28 -3 -19 -17 -10 25 -14 -7 -21 29 -11
right_child=3 2 14 18 9 26 7 15 23 17 12 -13 24 -15 -16 22 -18 21 -20 27 -22 -23 -24 -25 -26 -27 -28 -29 -30 -31
leaf_value=-2.5196321227889231 -2.8336788288269226 -2.3266520356108069 -2.4403417633286812 -2.811045640428973 -2.839191324528759 -2.4403417633286812 -2.5196321227889231 -2.6034057807979529 -2.1804609995722135 -3.5132707679561492 -2.8743232453336067 -2.569357867819134 -3.0729501853956234 -2.6627725264705449 -2.3329666267045797 -2.7110609226951672 -2.9521668788632125 -3.0013396140504836 -2.7110609226951672 -3.0712258844255649 -2.2341587889233541 -3.0639007920944161 -2.6034057807979529 -2.0690359112260293 -2.9384613179546109 -3.5085969415036353 -2.5196321227889231 -3.1643481321341116 -3.2032558306548662 -3.3048241588669307
leaf_weight=375.12080388143659 2552.6497940067202 1754.1958121154457 1651.0243585295975 580.5853753183037 602.43703653663397 1167.1886098366231 1886.7512802518904 282.35644645616412 1083.3839614987373 30.70292667299509 1718.9800891410559 5240.8784371428192 23.374337306246161 7022.4698006138206 637.04744591377676 1784.4849419575185 1644.2161244545132 2018.6224269010127 794.58640096895397 860.01365387812257 1207.378959286958 1068.297949578613 202.20522731356323 837.46988597884774 4301.951344050467 11.175394766032694 201.00110815092921 193.53418795391917 39.166111089289188 11.819920632988213
leaf_count=5384 53008 19168 23217 11782 12556 14508 21817 4119 8747 1044 36275 82008 578 122611 6950 33392 37914 48477 13236 21810 11012 27065 3159 4938 98088 380 3180 5249 1084 309
internal_value=-2.66691 -2.5035 -2.29459 -2.91862 -2.93853 -2.5861 -2.59892 -2.55525 -2.22559 -3.0023 -2.89072 -2.51963 -2.91497 -2.65463 -2.44034 -2.68718 -2.92134 -3.04562 -2.71106 -3.10306 -2.28814 -3.02474 -2.71106 -2.13048 -2.94048 -3.20744 -2.44034 -3.08773 -3.30507 -3.40639
internal_weight=41785.1 25333 7170.5 16452.1 15076.9 18162.5 16794.3 9396.68 4882.43 6468.81 8608.13 7127.63 6055.48 7397.59 2288.07 2269.05 2246.65 4222.16 1375.17 1135.24 2961.57 3086.92 1986.69 1920.85 4336.5 34.5497 1368.19 1053.55 81.689 42.5228
internal_count=733065 364210 74032 368855 343837 290178 272490 144495 43865 155508 188329 103825 135321 127995 30167 40670 50470 105038 25018 29496 30180 75542 36551 13685 99046 958 17688 27059 2437 1353
is_linear=0
shrinkage=1


Tree=1
num_leaves=31
num_cat=0
split_feature=10 7 6 7 6 3 6 10 4 8 11 9 6 7 7 9 4 4 9 12 9 8 8 8 4 6 10 4 9 10
split_gain=29657.8 13553.3 16207.8 12254.5 18853.4 6363.01 5353.89 4025.41 2586.52 1903.42 1765.6 1753.13 1550.27 1451.85 1993.04 1340.85 1333.47 1176.41 1251.57 573.33 512.306 492.686 475.748 470.447 414.301 398.517 345.238 505.588 299.53 271.657
threshold=15.267857074737551 1.0000000180025095e-35 13897643.000000002 1.0000000180025095e-35 13897643.000000002 0.0090917046181857603 1885909.0000000002 21.708333015441898 66050.000000000015 0.90672317147254955 0.16662679612636569 14.500000000000002 3910147.0000000005 3211691.0000000005 7714069.5000000009 43.500000000000007 31417.700195312504 126500.00000000001 11.500000000000002 -0.053670633584260934 43.500000000000007 0.32438437640666967 0.34001740813255316 0.44452822208404547 196090.00000000003 1885909.0000000002 16.816666603088382 35003.500000000007 11.500000000000002 13.348484516143801
decision_type=2 10 2 10 2 10 2 2 8 8 2 2 2 10 10 2 10 8 2 2 2 8 10 10 8 2 2 10 2 2
left_child=3 7 -3 6 13 21 9 10 15 11 25 16 20 -5 17 -9 23 18 -15 -13 -10 -4 -14 -1 -6 26 -2 -28 -16 -19
right_child=1 2 5 4 24 -7 -8 8 12 -11 -12 19 22 14 28 -17 -18 29 -20 -21 -22 -23 -24 -25 -26 -27 27 -29 -30 -31
leaf_value=0.35974341272282928 0.32499042691368157 0.34644181177820421 -0.047386867797743731 0.45547709791451629 0.37253532478625168 0.32902368824787998 0.34644181177820421 0.289051032715685 0.24791543549625494 0.42038525319995934 0.34644181177820421 0.35710634577996692 0.12251636648033798 0.49825662198997311 0.50378954997102166 0.25229119652042037 0.34644181177820421 0.40316559963646115 0.42225761306966914 0.3838437470705191 0.20603635736527739 0.21002650800456046 0.24791543549625494 0.38596377157267869 0.34644181177820421 0.289051032715685 0.31309335981388053 0.289051032715685 0.44804287411992583 0.34878238504316939
leaf_weight=1891.4949580430984 2112.0114158242941 7903.1155218910426 18.031598377972841 5174.2226855903864 2738.9553606435657 1731.0852085091174 3696.7360714636743 4424.6754212230444 757.05586912482977 1903.7864921838045 868.59808488935232 3016.7376407720149 464.24705192819238 745.37151144444942 786.97456849738955 3104.0321609117091 5173.8943062871695 6217.6151472181082 3250.4247458651662 11842.463585652411 852.10008356720209 3015.8015350457281 36.358128603547812 3463.926825389266 5069.7893789447844 699.82613233849406 1862.3318337760866 3676.1318366453052 758.45772606134415 355.39773229137063
leaf_count=14597 18780 86884 404 24268 14992 21152 33683 57390 11075 8489 5694 13257 8438 3621 4240 52043 42412 36000 13640 55531 15466 46770 514 20513 37801 9059 22364 48617 2821 2375
internal_value=0.35496 0.316085 0.346442 0.376799 0.402875 0.252384 0.355656 0.288563 0.265756 0.370846 0.312346 0.367099 0.216268 0.432249 0.422254 0.279563 0.35099 0.414153 0.436677 0.378464 0.240266 0.208466 0.138479 0.373045 0.346442 0.303539 0.308573 0.301196 0.477045 0.400332
internal_weight=87611.7 31525.4 12668 56086.2 25097.2 4764.92 30989 18857.4 9638.47 27292.3 9218.9 25388.5 2109.76 17288.5 12114.2 7528.71 10529.3 10568.8 3995.8 14859.2 1609.16 3033.83 500.605 5355.42 7808.74 8350.3 7650.48 5538.46 1545.43 6573.01
internal_count=732890 404650 155210 328240 139758 68326 188482 249440 144926 154799 104514 146310 35493 86965 62697 109433 77522 55636 17261 68788 26541 47174 8952 35110 52793 98820 89761 70981 7061 38375
is_linear=0
shrinkage=0.05


Tree=2
num_leaves=31
num_cat=0
split_feature=5 5 5 1 6 0 7 4 1 6 0 1 4 6 4 4 6 6 9 9 6 7 9 2 1 6 4 7 5 4
split_gain=25923.9 36760.9 11384.6 8054.83 5497.57 5210.25 3328.86 3085.4 2699.54 2349.78 2282.49 2122.17 2027.34 2018.3 1670.88 1534 1358.99 1207.07 954.121 882.119 825.501 1117.63 812.549 785.813 782.369 730.612 701.521 687.09 678.759 618.008
threshold=5320895.5000000009 12130922.500000002 10052930.500000002 21.500000000000004 13897643.000000002 0.022814018651843074 1.0000000180025095e-35 197600.00000000003 21.500000000000004 13897643.000000002 1.0000000180025095e-35 20.500000000000004 39610.000000000007 13897643.000000002 196600.00000000003 198800.00000000003 1885909.0000000002 1885909.0000000002 65.500000000000014 36.500000000000007 8681399.0000000019 1.0000000180025095e-35 45.500000000000007 44.097726821899421 13.500000000000002 13897643.000000002 41950.000000000007 3211691.0000000005 1289243.5000000002 inf
decision_type=2 2 2 2 2 2 10 8 2 2 2 2 10 2 8 8 2 2 2 2 2 10 2 2 2 2 8 10 2 8
left_child=4 2 3 13 6 7 12 17 -3 16 20 -6 19 -2 -13 -8 -10 24 28 -1 21 -5 -11 -15 -4 -9 -7 -16 -14 -22
right_child=1 8 5 10 11 26 15 25 9 22 -12 14 18 23 27 -17 -18 -19 -20 -21 29 -23 -24 -25 -26 -27 -28 -29 -30 -31
leaf_value=0.29928295513076092 0.25390756245009433 0.28550735536862987 0.16946040355136671 0.16086895255385006 0.26208682868590744 0.2320492771078079 0.32566064218070911 0.11972937712734949 0.24354789972226196 0.15703603420711829 0.21614016674800909 0.23550652233085492 0.15782581991805811 0.21614016674800909 0.20709246472347198 0.29181945996831482 0.26970151841063228 0.18195433035751718 0.22695758721560044 0.2731242264232549 0.17444355468002912 0.19295273903896282 0.24022353994834186 0.27242658770846501 0.13698148104637906 0.057502389293003976 0.19247326590064576 0.1598544585989719 0.26657160823179676 0.10963169148543855
leaf_weight=7028.2241210527718 12021.889253661036 17235.353196047246 3843.1531260833144 3723.5459037274122 4397.3107647895813 2421.7298790439963 5140.9694120138884 2583.7757027484477 6080.6119440756738 787.86702025309205 4314.1705303266644 1328.1438905000687 156.11509165167809 2478.0438297539949 513.83912053331733 11038.650591410697 4150.4747515134513 2116.150166798383 2193.1973482370377 2870.0452265068889 649.46407460793853 1493.7451142407954 491.91398832201958 719.28224909305573 3246.9934200122952 584.03605429083109 2288.4361501708627 1555.7543578334153 8856.1533097624779 891.46037726849318
leaf_count=32245 48586 65133 26710 43694 20795 9892 21233 25673 53828 9737 26433 10592 1352 15947 5655 55817 31689 18596 17681 19382 6910 14488 4038 1542 38688 6737 11516 19162 56380 12707
internal_value=0.247614 0.229001 0.199919 0.220587 0.277382 0.16809 0.285398 0.150998 0.272868 0.253896 0.188049 0.238974 0.272175 0.244231 0.208926 0.302611 0.261933 0.165663 0.257373 0.288875 0.169765 0.179345 0.189336 0.21614 0.154036 0.1083 0.212911 0.178678 0.264723 0.137139
internal_weight=117200 72122.1 43375.9 26291.6 45078.4 17084.3 37283.4 12374.1 28746.2 11510.9 11072.4 7795.05 21103.7 15219.2 3397.74 16179.6 10231.1 9206.3 11205.5 9898.27 6758.22 5217.29 1279.78 3197.33 7090.15 3167.81 4710.17 2069.59 9012.27 1540.92
internal_count=732838 472544 308119 170307 260294 137812 204090 116404 164425 99292 104232 56204 127040 66075 35409 77050 85517 83994 75413 51627 77799 58182 13775 17489 65398 32410 21408 24817 57732 19617
is_linear=0
shrinkage=0.05


Tree=3
num_leaves=31
num_cat=0
split_feature=5 5 0 5 6 1 1 7 1 1 2 4 4 6 6 6 5 3 8 0 7 9 7 6 7 3 0 9 3 5
split_gain=10718 17263.3 6873.83 4537.3 2356.05 1788.18 1668.12 1513.25 1715.27 1469.79 1462.23 1427.18 1426.13 1198.44 1034.3 900.031 793.895 779.277 731.715 668.169 610.523 585.448 581.859 574.237 965.219 825.115 570.759 770.992 514.478 497.316
threshold=5320895.5000000009 12130922.500000002 0.015209345612674953 10052930.500000002 13897643.000000002 21.500000000000004 21.500000000000004 1.0000000180025095e-35 21.500000000000004 20.500000000000004 32.849142074584968 97002.000000000015 130100.00000000001 13897643.000000002 1885909.0000000002 1885909.0000000002 1289243.5000000002 0.017895999364554886 0.81675708293914806 1.0000000180025095e-35 3211691.0000000005 102.50000000000001 7714069.5000000009 8681399.0000000019 1.0000000180025095e-35 0.013957562390714886 0.017316341400146488 34.500000000000007 0.03994718752801419 10052930.500000002
decision_type=2 2 2 2 2 2 2 10 2 2 2 8 8 2 2 2 2 10 10 2 10 2 10 2 10 10 2 2 10 2
left_child=4 2 3 5 7 -2 -3 8 -1 -6 -4 14 -11 15 18 19 -10 20 -5 21 -9 -8 -22 24 -7 -25 27 -18 -15 -12
right_child=1 6 10 11 9 23 13 17 16 12 29 -13 -14 28 -16 -17 26 -19 -20 -21 22 -23 -24 25 -26 -27 -28 -29 -30 -31
leaf_value=0.21860759119296258 0.1668326234725257 0.21706402981007158 0.17192880933506094 0.12199274699798848 0.20360604987570038 0.13123297022415178 0.17804435488552872 0.22934514218152488 0.10720087139111585 0.18335736964211499 0.20758490737219351 0.099929822454389486 0.13663719198865043 0.12646259494554016 0.1668326234725257 0.20584584366336778 0.19647718966985686 0.24051544887608675 0.1668326234725257 0.20584584366336778 0.205218411172017 0.0077609307131448384 0.22934514218152488 0.087798680264482287 0.15506250150671264 0.15506250150671264 0.20562509984891417 0.17238745500608471 0.18683762182443733 0.18570568481755989
leaf_weight=13389.033106699586 9357.0967342853546 21245.807989910245 9782.5431905128062 6695.245133113116 5359.4096444025636 4588.4303035140038 5204.5639413073659 4611.6237850114703 274.04660146683455 1564.664406105876 6640.4426210969687 3823.1812507510185 2408.9695949852467 874.16221485286951 2148.8198001906276 5148.2800390087068 4284.2819078341126 5713.863168053329 701.95389082655311 2142.0247612223029 8603.6003930643201 51.158334352076054 1352.6058436185122 1015.5622764900327 1910.9364503994584 819.16869045048952 3263.4550711140037 4756.4903488084674 625.06183874234557 3196.6255376189947
leaf_count=40248 43072 65001 44071 56637 20754 46494 43820 16129 2449 10126 15517 35586 25223 9450 16427 31715 30458 18686 3669 9401 38090 641 4008 13288 15133 7169 12776 41163 4380 10890
internal_value=0.192362 0.181281 0.162566 0.147902 0.209493 0.164537 0.208146 0.214145 0.206046 0.186403 0.185763 0.125869 0.163109 0.194628 0.136235 0.199715 0.192643 0.224492 0.127271 0.186371 0.218175 0.17639 0.210733 0.143292 0.150331 0.118221 0.194528 0.187329 0.15185 0.199483
internal_weight=141553 85971.1 50680 31060.4 55582 17691.2 35291.1 46249 25967.3 9333.04 19619.6 13369.2 3973.63 14045.3 9546.02 12546 12578.3 20281.7 7397.2 7397.75 14567.8 5255.72 9956.21 8334.1 6499.37 1834.73 12304.2 9040.77 1499.22 9837.07
internal_count=732471 472361 307953 237475 260110 125156 164408 204007 127094 56103 70478 112319 35349 99407 76733 85577 86846 76913 60306 53862 58227 44461 42098 82084 61627 20457 84397 71621 13830 26407
is_linear=0
shrinkage=0.05


Tree=4
num_leaves=31
num_cat=0
split_feature=5 5 5 10 0 10 6 10 6 4 4 10 4 6 5 6 6 6 9 10 6 2 7 4 6 10 2 7 7 4
split_gain=6591.34 9938.5 5285.28 3765.26 3200.04 2242.08 1510.88 1315.03 1038.52 863.212 781.448 685.27 673.652 624.919 542.692 532.406 776.298 525.736 443.248 472.025 419.082 517.712 417.214 385.711 594.958 361.502 351.78 347.9 405.509 369.565
threshold=5320895.5000000009 12130922.500000002 10052930.500000002 18.038461685180668 0.017937581054866317 21.816666603088382 13897643.000000002 15.062500000000002 13897643.000000002 45055.000000000007 15605.300292968752 12.354166507720949 70100.000000000015 13897643.000000002 1289243.5000000002 13897643.000000002 1885909.0000000002 3910147.0000000005 1.0000000180025095e-35 17.774999618530277 3910147.0000000005 57.204545974731452 3211691.0000000005 45977.000000000007 1885909.0000000002 8.9375000000000018 45.018289566040046 3211691.0000000005 7714069.5000000009 199700.00000000003
decision_type=2 2 2 2 2 2 2 2 2 8 8 2 8 2 2 2 2 2 2 2 2 2 10 10 2 2 2 8 10 8
left_child=5 2 3 6 10 13 11 -3 14 -8 -4 -2 -10 17 -7 16 -9 -1 -12 -20 21 -13 -14 -16 -25 -6 -15 -5 29 -29
right_child=1 7 4 27 25 8 9 15 12 -11 18 20 22 26 23 -17 -18 -19 19 -21 -22 -23 -24 24 -26 -27 -28 28 -30 -31
leaf_value=0.17345309917876034 0.16852571155159435 0.17616369550621905 0.12548980320538433 0.13643993513447419 0.16261889704962884 0.062665611176926914 0.17479868203636917 0.1481169341985957 0.16417984401727842 0.13643993513447419 0.087872516903701153 0.13643993513447419 0.134127985913501 0.16417984401727842 0.16417984401727842 0.12815780691604436 0.16664538320671296 0.18477184468822094 0.11284031083022816 0.094030573545111754 0.15866385323839804 0.15866385323839804 0.088354289866089925 0.12617514777813094 0.15406233264910862 0.13768827148184562 0.19305973768485193 0.11467967164597703 0.13643993513447419 0.084716210762654606
leaf_weight=24341.744607575238 16393.683023966849 26847.968812979758 1684.3942995145917 671.24991999194026 2318.1283709779382 148.2881468385458 1506.8873849436641 7200.896080609411 457.98904009908438 4385.1800950542092 4750.0467147678137 3499.3412781655788 404.27477744221687 7614.7618694156408 7514.1375386938453 1472.7027964815497 5390.9494527727365 19269.434303291142 4192.1163130253553 4165.0765535905957 1693.947817414999 1084.1692045554519 1209.391806922853 2354.0411052331328 549.44652377814054 4430.1751127690077 1121.8089673221111 4627.7731447257102 150.18529802560806 1364.3461785726249
leaf_count=81977 47206 71201 8605 5744 5507 1476 4992 50175 3169 21973 33741 21141 3821 33725 47671 12850 30369 50078 26681 44203 7487 3155 13511 20345 2634 18860 2029 42859 1006 14503
internal_value=0.159031 0.150817 0.13729 0.149191 0.117732 0.171391 0.157169 0.169627 0.152387 0.13644 0.104682 0.163078 0.119723 0.175973 0.158767 0.157127 0.160494 0.178462 0.100191 0.10717 0.148802 0.13936 0.104076 0.160123 0.143945 0.146298 0.16418 0.115711 0.111455 0.107888
internal_weight=162815 97829.2 56916.7 35376.8 21539.9 64985.3 28563.2 40912.5 12637.6 5892.07 14791.6 22671.1 2071.66 52347.7 10565.9 14064.5 12591.8 43611.2 13107.2 8357.19 6277.46 4583.51 1613.67 10417.6 2903.49 6748.3 8736.57 6813.55 6142.3 5992.12
internal_count=732694 472258 307663 170066 137597 260436 105954 164595 92627 26965 113230 78989 20501 167809 72126 93394 80544 132055 104625 70884 31783 24296 17332 70650 22979 24367 35754 64112 58368 57362
is_linear=0
shrinkage=0.05


Tree=5
num_leaves=31
num_cat=0
split_feature=5 5 2 5 1 1 1 4 5 6 0 9 4 6 8 9 3 7 6 9 7 6 0 0 6 6 0 9 6 9
split_gain=4757.9 7471.44 3861.43 2692.06 1710.47 1305.73 1101.72 927.775 773.295 755.636 664.09 585.331 558.594 548.618 534.154 521.711 469.155 656.999 438.675 411.214 410.64 493.421 389.113 379.498 376.901 370.051 363.09 354.055 321.384 317.207
threshold=5320895.5000000009 12130922.500000002 12.74393939971924 10052930.500000002 21.500000000000004 21.500000000000004 21.500000000000004 98200.000000000015 1289243.5000000002 1885909.0000000002 0.0082305916585028189 58.500000000000007 8010.0000000000009 13897643.000000002 0.083527132868766799 12.500000000000002 0.013957562390714886 1.0000000180025095e-35 13897643.000000002 21.500000000000004 3211691.0000000005 8681399.0000000019 0.030457638204097751 0.014319890644401314 1885909.0000000002 8681399.0000000019 0.13906469941139224 100.50000000000001 13897643.000000002 66.500000000000014
decision_type=2 2 2 2 2 2 2 8 2 2 2 2 10 2 10 2 10 10 2 2 10 2 2 2 2 2 2 2 2 2
left_child=5 2 3 4 28 15 -3 9 -7 12 11 -10 -5 -9 18 -1 20 -18 27 -17 -6 -22 -14 24 -8 -26 -4 -13 -2 -16
right_child=1 6 26 7 16 8 23 13 10 -11 -12 14 22 -15 29 19 17 -19 -20 -21 21 -23 -24 -25 25 -27 -28 -29 -30 -31
leaf_value=0.14563744413315166 0.12642568109360589 0.15037707473623052 0.13294011780341472 0.12642568109360589 0.10107617957401303 0.076870669224380128 0.12146741964127233 0.085337899272251563 0.13665876185509321 0.12342344680318447 0.14438275653322177 0.10371101586853862 0.090680750570878904 0.040685714193639214 0.10371101586853862 0.18760308305101139 0.10107617957401303 0.11636377237376389 0.02312000788240795 0.15527166749537522 0.10017358951388942 0.053430602912475367 0.10955708482483938 0.14242548043940581 0.1361932613860147 0.11037129664440198 0.1500276391448 -0.025522935655695845 0.11636377237376389 0.13886568720862422
leaf_weight=21478.356657028198 13327.991441294551 27747.375495783985 6300.6208955571055 940.52329938858747 1171.3659920021892 523.61150063574314 6994.1405988708138 4350.2515948824584 19306.315151311457 3476.4249930046499 8771.7841578572989 632.45030309259892 8381.5569098368287 823.71125972643495 753.26297683268785 1087.7387268841267 7043.0679185986519 2834.9470215439796 243.47672257572412 19003.818291932344 1090.6981348134577 1188.8952994793653 1231.255717843771 4528.5616078302264 5348.923713311553 1500.4359011799097 6693.0734566226602 52.495075456798077 3515.670777246356 1516.0186153165996
leaf_count=60579 41351 64989 19054 3783 8615 3775 45447 31452 111340 19538 27384 4118 59470 7321 6147 1510 51388 15890 2553 34146 7800 12137 4255 14712 27484 12044 10030 480 15585 8618
internal_value=0.135441 0.128778 0.117483 0.111088 0.120414 0.145289 0.144048 0.0964231 0.137609 0.103114 0.138621 0.133349 0.0964015 0.0782476 0.113291 0.151156 0.106302 0.111884 0.0810061 0.157041 0.0902685 0.0758635 0.0926885 0.134474 0.129961 0.136193 0.141764 0.101456 0.126426 0.126416
internal_weight=181859 108489 62370.1 49376.4 30172.6 73369.3 46119.4 19203.7 31799.4 14029.8 31275.8 22504 10553.3 5173.96 3197.7 41569.9 13329 9878.01 928.422 20091.6 3450.96 2279.59 9612.81 18372.1 13843.5 6849.36 12993.7 684.945 16843.7 2269.28
internal_count=732995 472345 307669 278585 152766 260650 164676 125819 164415 87046 160640 133256 67508 38773 21916 96235 95830 67278 7151 35656 28552 19937 63725 99687 84975 39528 29084 4598 56936 14765
is_linear=0
shrinkage=0.05


Tree=6
num_leaves=31
num_cat=0
split_feature=10 11 7 6 6 7 4 4 9 10 7 7 4 12 0 4 9 7 9 10 2 7 9 7 4 6 4 9 9 4
split_gain=5636.82 2011.04 1876.31 2691.03 1104.72 1750.39 1070.6 922.708 542.772 521.705 414.149 268.161 236.739 225.546 207.767 204.931 172.089 152.447 108.814 107.802 93.2862 68.1255 65.4667 59.6586 54.138 53.994 53.4499 50.814 146.093 46.8385
threshold=21.774999618530277 0.17516008019447329 1.0000000180025095e-35 13897643.000000002 13897643.000000002 1.0000000180025095e-35 33020.000000000007 57040.000000000007 43.500000000000007 11.949999809265138 3211691.0000000005 7714069.5000000009 57040.000000000007 -0.025937951169908043 0.019704911857843403 43970.000000000007 65.500000000000014 3211691.0000000005 65.500000000000014 5.5357143878936776 113.9977264404297 7714069.5000000009 109.50000000000001 3211691.0000000005 156020.00000000003 1885909.0000000002 11040.000000000002 65.500000000000014 109.50000000000001 194500.00000000003
decision_type=2 2 10 2 2 10 8 8 2 2 8 10 10 2 2 10 2 10 2 2 2 10 2 10 10 2 10 2 2 10
left_child=1 2 6 -4 5 8 9 -6 15 -1 18 16 22 -3 -8 26 23 -18 -9 -15 -21 -5 -10 -12 -14 -16 -2 -26 -29 -17
right_child=4 13 3 21 7 -7 14 10 12 -11 11 -13 24 19 25 29 17 -19 -20 20 -22 -23 -24 -25 27 -27 -28 28 -30 -31
leaf_value=0.12685907847195996 0.11095724328993169 0.12685907847195996 0.12685907847195996 0.11095724328993169 0.11095724328993169 0.11095724328993169 0.11095724328993169 0.088987124820112354 0.088177850661136745 0.11651355615909108 0.028525711993867577 0.088987124820112354 0.07215664713219172 0.14425776937649479 0.11651355615909108 0.090924657399616693 0.088987124820112354 0.0026699280416688808 0.0076447456802503037 0.13200008840385793 0.1383489074793719 0.12685907847195996 0.11095724328993169 0.05938164425966426 0.055415917420741014 0.11373539972451137 0.10260623440160377 -0.052782000440787846 0.055415917420741014 0.031212610200811744
leaf_weight=15198.054098412395 1703.5619721710682 7335.6367834806442 43085.12194801122 17758.645058304071 1093.5347802191973 11061.962215311825 30351.84456500411 879.33676542341709 5759.7325290851295 12033.278520546854 173.16585590690374 169.90068992227316 2301.1907407492399 4638.4662610590458 14178.052526190877 3522.2587025240064 22.313176523894072 250.17439476028085 50.962662864476442 5350.3465800508857 10027.702229164541 1090.9079306274652 96.350049488246441 2467.3167657852173 78.671644143760204 1411.3906618133187 6161.7466195523739 44.38530058413744 12.217513129115103 35.818197090178728
leaf_count=38717 11387 14591 107146 69841 6815 56234 138645 7121 46367 46272 2173 1397 19992 4013 38335 24863 226 2965 591 10429 13174 3652 715 23620 723 5555 36445 529 85 304
internal_value=0.117952 0.121916 0.119404 0.125826 0.0999986 0.10358 0.113965 0.0783826 0.0934034 0.12207 0.067017 0.0578582 0.0835959 0.134314 0.110957 0.100507 0.0534778 0.0155104 0.0889871 0.137141 0.134976 0.110957 0.0890889 0.0573812 0.070331 0.116514 0.105082 0.0386752 0.00129559 0.0903414
internal_weight=198344 162459 135107 61934.7 35884.6 30777.9 73172.6 5106.71 19715.9 27231.3 4013.17 3082.87 8292.55 27352.2 45941.3 11423.4 2912.97 272.488 930.299 20016.5 15378 18849.6 5856.08 2640.48 2436.47 15589.4 7865.31 135.274 56.6028 3558.08
internal_count=732922 490370 448163 180639 242552 197644 267524 44908 141410 84989 38093 30381 68411 42207 182535 72999 28984 3191 7712 27616 23603 73493 47082 25793 21329 43890 47832 1337 614 25167
is_linear=0
shrinkage=0.05


Tree=7
num_leaves=31
num_cat=0
split_feature=10 7 9 9 10 11 11 9 4 7 7 7 10 9 4 7 9 12 10 4 12 10 4 4 4 4 10 9 9 11
split_gain=4340.6 1823.58 1756.24 2757.39 1432.64 701.527 519.111 504.628 487.571 951.323 603.574 479.964 384.492 377.47 301.178 292.455 245.992 237.026 218.725 180.642 175.514 141.904 134.168 113.683 111.321 107.85 107.682 121.926 82.6798 78.0073
threshold=15.267857074737551 1.0000000180025095e-35 1.0000000180025095e-35 11.500000000000002 10.535714149475099 0.085602473467588439 0.11992481350898744 41.500000000000007 197900.00000000003 3211691.0000000005 7714069.5000000009 3211691.0000000005 18.366666793823246 57.500000000000007 80100.000000000015 7714069.5000000009 23.500000000000004 -0.035392384976148598 18.683333396911625 29679.900390625004 -0.044947260990738862 7.9444444179534921 194500.00000000003 8612.2001953125018 57040.000000000007 75005.000000000015 21.944444656372074 43.500000000000007 110.50000000000001 -0.024951900355517861
decision_type=2 10 2 2 2 2 2 2 8 10 10 8 2 2 8 10 2 2 2 8 2 2 10 10 8 10 2 2 2 2
left_child=2 5 11 23 17 7 16 19 -3 -10 12 14 -11 26 -1 -13 -6 -5 24 -2 -18 -19 -21 -4 -9 -20 -14 -28 -15 -27
right_child=1 8 3 4 6 -7 -8 18 9 10 -12 15 13 28 -16 -17 20 21 25 22 -22 -23 -24 -25 -26 29 27 -29 -30 -31
leaf_value=0.14557371943635652 0.093900560973384603 0.10201561218553556 0.16603984575649933 0.11438911429497718 0.10201561218553556 0.10201561218553556 0.11288042804277838 0.090582606425023707 0.097802630633946508 0.093891113375584201 0.097802630633946508 0.10201561218553556 0.083944765561626222 0.039440149605702003 0.11167807019922545 0.12338899925146676 0.10201561218553556 0.12646343846323052 0.077670539700327682 0.087810637223310409 0.1083339011384999 0.11853585982617149 0.015563797415925435 0.14437108720318367 0.080825906096562372 -0.051365222366890333 0.077602063440297367 0.062207417910167977 -0.052571492466230323 0.064632422861479577
leaf_weight=760.44792167842388 5561.6611568704247 12560.818808291107 2152.1833656281233 15274.098617762327 19216.612792648375 3360.2553335055709 10561.319472447038 5747.0173525586724 5234.0674677267671 3363.065406024456 1136.4305783361197 34495.647069767118 788.73092625290155 581.06699515134096 6164.1464990377426 2613.3616717904806 3212.3427222520113 12130.839574813843 9687.6692648120224 13648.324976984411 19927.25048161298 9945.3934631943703 65.525213126093149 1063.4604909569025 3671.4019695222378 13.233241513371466 6056.6646188311279 1706.4512222632766 23.808125659823418 1664.0305242612958
leaf_count=1349 27337 51257 2334 25710 53911 10330 18534 27867 24686 15226 5118 114162 3850 4950 15969 5713 8780 12684 70528 80792 52417 14431 521 1577 19043 102 36798 13245 234 13187
internal_value=0.104225 0.0945274 0.109504 0.113403 0.111776 0.0877973 0.106463 0.0857855 0.102016 0.0935896 0.0836576 0.102016 0.0793561 0.0739984 0.115441 0.102016 0.103787 0.119297 0.0803456 0.091642 0.107779 0.122683 0.0874678 0.158968 0.0860378 0.075614 0.0767013 0.074235 0.0356572 0.0636571
internal_weight=212387 74870.2 137517 93483.5 90267.9 43419.1 52917.5 40058.9 31451.1 18890.3 13656.2 44033.6 12519.8 9156.72 6924.59 37109 42356.2 37350.3 20783.4 19275.5 23139.6 22076.2 13713.9 3215.64 9418.42 11364.9 8551.85 7763.12 604.875 1677.26
internal_count=732642 405071 327571 190378 186467 249707 133642 239377 155364 104107 79421 137193 74303 59077 17318 119875 115108 52825 130727 108650 61197 27115 81313 3911 46910 83817 53893 50043 5184 13289
is_linear=0
shrinkage=0.05


Tree=8
num_leaves=31
num_cat=0
split_feature=10 5 5 5 5 2 6 5 6 2 4 5 6 4 7 7 2 8 9 11 2 7 11 8 4 8 7 11 6 10
split_gain=3638.81 2313.39 2620.79 999.777 1722.48 675.603 576.14 574.15 377.235 373.936 369.878 303.045 298.017 405.905 293.96 239.585 227.2 222.916 215.227 210.889 196.096 279.361 192.587 189.897 173.35 171.958 170.789 153.313 153.085 152.355
threshold=18.038461685180668 5320895.5000000009 15089427.500000002 5320895.5000000009 12130922.500000002 139.32121276855472 8681399.0000000019 1289243.5000000002 13897643.000000002 57.204545974731452 197900.00000000003 1289243.5000000002 13897643.000000002 68040.000000000015 3211691.0000000005 7714069.5000000009 71.753833770751967 0.76583588123321544 54.500000000000007 0.18937674909830096 57.204545974731452 1.0000000180025095e-35 -0.033730158582329743 0.47834612429142004 57040.000000000007 0.67395654320716869 3211691.0000000005 0.24371013045310977 1885909.0000000002 11.683333396911623
decision_type=2 2 2 2 2 2 2 2 2 2 10 2 2 8 8 10 2 10 2 2 2 10 2 10 10 10 8 2 2 2
left_child=1 6 5 7 14 -3 11 23 20 29 12 -1 -9 -14 -5 16 22 27 -15 26 21 24 -16 -2 -4 -24 -13 -7 -6 -8
right_child=3 2 8 4 28 17 9 10 -10 -11 -12 19 13 18 15 -17 -18 -19 -20 -21 -22 -23 25 -25 -26 -27 -28 -29 -30 -31
leaf_value=0.089020179644511421 -0.0020806878264479182 0.089020179644511421 0.10052948009214596 0.089020179644511421 0.081249645298279036 0.09721333930704279 0.097653156027272967 0.089020179644511421 0.089020179644511421 0.11760454550972224 -0.055217001126885212 0.10922080510241283 0.089020179644511421 0.069450752306687208 0.0039765276167394422 0.089020179644511421 0.089020179644511421 0.12597647604872686 0.032769318924201124 0.11345891857285489 0.11297769507122937 0.10744129030870408 0.059051071718625982 0.082945335977691603 0.089020179644511421 0.07473155024977754 0.10354666922157957 0.10853301011553884 0.089020179644511421 0.089020179644511421
leaf_weight=769.99812900274992 231.98255295678973 55694.617687553167 11242.429966911674 954.26209875941277 6671.0181297250092 3479.4654117748141 5520.9353205263615 18651.746272481978 3717.815961830318 1446.2837486937642 45.202589452266693 6544.8691845834255 871.24905641749501 2154.6555071771145 149.72338815778494 190.99990301579237 311.82371951639652 1194.7804290354252 497.72119895741343 9159.9268552362919 5814.2381527721882 15406.210627317429 12649.908757548779 89.545077357441187 2966.658436127007 1582.2518716864288 39929.097527973354 4948.7165942043066 6902.1279660835862 4796.6344463378191
leaf_count=2335 1926 190866 27672 5764 36755 6300 13791 86104 10346 1801 405 11403 3862 15963 896 1004 1125 988 4034 10158 6632 31349 94306 534 8922 10100 90973 6037 32755 17020
internal_value=0.0930797 0.0965736 0.0918894 0.0814667 0.0753713 0.0890202 0.103749 0.0890202 0.102794 0.0936069 0.0890202 0.105861 0.0890202 0.0737455 0.0641509 0.0624015 0.0614593 0.105406 0.0625973 0.106382 0.104405 0.102715 0.0604429 0.0219653 0.0975759 0.0610363 0.104983 0.102461 0.0884533 0.0902209
internal_weight=224587 172633 104465 51954.2 29412.1 65317.6 68167.7 22542.1 39147.4 11763.9 22220.6 56403.9 22175.4 3523.63 15839 14884.7 14693.7 9622.96 2652.38 55633.9 35429.5 29615.3 14381.9 321.528 14209.1 14232.2 46474 8428.18 13573.1 10317.6
internal_count=732126 436593 289112 295533 182705 204191 147481 112828 84921 32612 110368 114869 109963 23859 113195 107431 106427 13325 19997 112534 74575 67943 105302 2460 36594 104406 102376 12337 69510 30811
is_linear=0
shrinkage=0.05


Tree=9
num_leaves=31
num_cat=0
split_feature=10 9 10 7 5 9 5 5 9 2 5 10 0 4 5 5 3 8 11 3 9 10 4 9 8 10 3 4 8 3
split_gain=3509.94 1499.96 2151.86 1472.34 1017.94 987.488 964.041 543.366 374.699 371.677 352.817 332.384 320.508 277.53 257.959 426.748 245.884 253.775 231.984 214.2 201.501 182.524 168.202 144.925 135.545 131.3 124.252 119.965 120.505 103.027
threshold=16.535714149475101 1.0000000180025095e-35 10.775000095367433 1.0000000180025095e-35 5320895.5000000009 11.500000000000002 12130922.500000002 5320895.5000000009 42.500000000000007 102.75860595703126 1289243.5000000002 21.708333015441898 0.080408457666635527 30000.200195312504 5320895.5000000009 15089427.500000002 0.0090917046181857603 0.32859666645526892 -0.049675324931740754 0.017895999364554886 66.500000000000014 21.585714340209964 37020.000000000007 12.500000000000002 0.53138309717178356 7.5357143878936776 0.0025190354790538554 79690.000000000015 0.25009433925151831 0.59042680263519298
decision_type=2 2 2 10 2 2 2 2 2 2 2 2 2 8 2 2 10 8 2 8 2 2 10 2 8 2 8 8 8 8
left_child=1 7 5 4 8 -3 12 13 -2 14 29 -10 26 -1 23 -16 17 -12 -7 -8 -21 -19 -22 -4 -13 -20 -6 -28 -29 -5
right_child=3 2 9 10 6 18 19 -9 11 -11 16 24 -14 -15 15 -17 -18 21 25 20 22 -23 -24 -25 -26 -27 27 28 -30 -31
leaf_value=0.10162361029800487 0.081874491482009717 0.12696335471645961 0.081874491482009717 -0.057441856698916174 -0.052162107779421631 0.093141333938065854 0.02519646348550152 0.081874491482009717 0.08013522041993823 0.093141333938065854 -0.0069934455996808614 0.053759124503856531 0.081874491482009717 0.08709457693642407 0.081874491482009717 0.088908831003948002 0.081874491482009717 0.07871070504532314 0.1035100989610902 0.07916979844926697 0.081874491482009717 0.071993937999256297 0.050952263553282577 0.088908831003948002 0.069911994594916246 0.096880786010108078 0.056629666137374447 0.023633492901593198 0.050134755314705563 0.029390021635349248
leaf_weight=4393.3291875720024 8060.1461229212582 3216.4690732061863 6871.0775756090879 47.396153643727303 25.817244067788124 9859.4639354944229 208.72812590748072 30839.412396773696 4165.6726085245609 8298.7939049750566 92.353801269084215 2891.330780826509 369.95002610981464 14342.71621067822 23145.635104961693 13557.760529607534 11753.292699560523 5602.6841337680817 16265.687681436539 8473.6763784140348 296.68663874268532 13656.489672631025 653.07865550369024 17698.304310634732 993.9403610303998 15457.884431779385 13242.415056087077 531.67854250967503 2344.2254670076072 108.77835488319397
leaf_count=7893 31788 3541 15451 352 278 16288 1374 94913 17146 13148 714 18546 1007 34636 70587 29216 43965 23223 16678 40697 1317 74094 3736 38328 5692 21319 84092 4045 18135 770
internal_value=0.0843806 0.0884539 0.0916191 0.0752951 0.0691179 0.100177 0.0630117 0.0818745 0.0790185 0.0861054 0.0818745 0.0702853 0.0556626 0.0905119 0.0846763 0.0819899 0.0818745 0.0755469 0.0980993 0.0755973 0.0767081 0.0759434 0.0546246 0.0886824 0.0596888 0.100286 0.0544289 0.054606 0.0452552 0.002645
internal_weight=237465 163947 114371 73518.3 42257.3 44799.5 26146.3 49575.5 16111.1 69571.6 31261 8050.94 16514.1 18736 61272.8 36703.4 31104.8 19351.5 41583 9632.17 9423.44 19259.2 949.765 24569.4 3885.27 31723.6 16144.1 16118.3 2875.9 156.175
internal_count=732969 361998 224556 370971 227853 57826 154681 137442 73172 166730 143118 41384 107557 42529 153582 99803 141996 98031 54285 47124 45750 97317 5053 53779 24238 37997 106550 106272 22180 1122
is_linear=0
shrinkage=0.05


Tree=10
num_leaves=31
num_cat=0
split_feature=10 9 10 5 5 9 3 5 11 6 7 7 11 5 5 6 6 8 7 6 4 9 9 10 7 5 3 12 0 9
split_gain=3213.23 1674.13 2079.67 1431.52 2100.56 1228.28 608.881 484.281 375.575 353.894 428.932 344.397 330.067 304.734 301.504 276.873 508.314 230.858 262.251 218.96 205.919 197.485 186.516 180.723 158.342 136.044 135.605 129.501 150.739 116.953
threshold=16.211111068725589 1.0000000180025095e-35 11.949999809265138 5320895.5000000009 12130922.500000002 11.500000000000002 0.0090917046181857603 13439690.500000002 -0.049416434019803994 13897643.000000002 1.0000000180025095e-35 7714069.5000000009 0.095914501696825041 5320895.5000000009 1289243.5000000002 8681399.0000000019 3910147.0000000005 0.29989059269428259 3211691.0000000005 8681399.0000000019 36009.800781250007 12.500000000000002 66.500000000000014 7.5357143878936776 3211691.0000000005 13439690.500000002 0.18901041895151141 -0.04111917503178119 0.012579114176332952 56.500000000000007
decision_type=2 2 2 2 2 2 8 2 2 2 10 10 2 2 2 2 2 10 8 2 10 2 2 2 8 2 8 2 2 2
left_child=1 7 5 14 11 26 -6 -1 -7 10 13 12 15 21 20 16 27 18 -17 -8 -2 -4 -20 -10 -21 -15 -3 -5 29 -29
right_child=3 2 9 4 6 8 19 -9 23 -11 -12 -13 -14 25 -16 17 -18 -19 22 24 -22 -23 -24 -25 -26 -27 -28 28 -30 -31
leaf_value=0.074423758037029608 0.057912698562015176 0.09987607387946007 0.074423758037029608 0.0073775008899352734 -0.020689787156575587 0.084454069066038209 0.074423758037029608 0.084141964316327186 0.095609790312447471 0.074423758037029608 0.084454069066038209 0.074423758037029608 0.073244772121249163 0.074423758037029608 0.074423758037029608 0.044088634667234561 0.061558809227796968 0.058869371907443041 0.013332276932021866 0.074423758037029608 -0.007977270045920663 0.084454069066038209 0.044088634667234561 0.088553492872427156 0.050204002649271787 0.081784847454454801 0.12321991610524255 0.047600958921420827 0.061558809227796968 0.033626387700948009
leaf_weight=37228.986045598984 312.15745143592358 860.94970515370369 2807.5647867321968 205.81544809043407 167.60397274047136 11494.959280252457 17996.338517434895 14192.735215485096 16834.02620665729 9417.7803103551269 18275.970695629716 323.65355312824249 1628.9119578748941 15812.705044090748 33773.219522688538 559.2230726107955 5529.9101266413927 889.06041935831308 1792.4492210000753 511.96763747185469 189.76379269361496 9694.6253369450569 245.18286760151386 21339.879802256823 1654.6657488271594 7307.2798846513033 3062.1928770840168 9852.7672754302621 1548.3226845562458 1792.8784768097103
leaf_count=107252 1747 1192 6587 1018 1256 19393 73783 29975 16611 26908 33918 1321 5360 46605 139330 3489 30495 4631 14939 2594 1418 19785 1452 29319 9811 15787 2672 63654 7223 13368
internal_value=0.0766344 0.0805405 0.0838982 0.0683071 0.0623237 0.091155 0.0741957 0.0744238 0.089018 0.0777532 0.0798682 0.0524136 0.0514622 0.0765597 0.0744238 0.0498728 0.0522619 0.0368768 0.0293079 0.0744238 0.0330686 0.083073 0.0195587 0.09167 0.0582847 0.0744238 0.118151 0.0468115 0.0474254 0.0454557
internal_weight=247304 168330 116908 78973.9 44698.8 53592 20330.6 51421.7 49668.9 63315.9 53898.1 24368.2 24044.5 35622.2 34275.1 22415.6 18929.7 3485.92 2596.86 20163 501.921 12502.2 2037.63 38173.9 2166.63 23120 3923.14 13399.8 13194 11645.6
internal_count=732893 356004 218777 376889 234394 69187 87444 137227 65323 149590 122682 146950 145629 88764 142495 140269 115758 24511 19880 86188 3165 26372 16391 45930 12405 62392 3864 85263 84245 77022
is_linear=0
shrinkage=0.05


Tree=11
num_leaves=31
num_cat=0
split_feature=11 6 6 10 4 5 5 5 4 5 9 9 4 5 5 5 2 9 8 9 5 9 5 10 10 5 9 9 10 9
split_gain=3279.33 2164.7 1886.89 2063.6 717.129 729.174 592.674 873.88 494.48 423.667 415.305 397.135 375.527 619.074 1872.71 1110.12 344.441 335.997 287.383 276.791 261.281 249.938 197.164 196.575 182.538 181.984 172.255 159.901 157.584 245.972
threshold=0.073747340589761748 13897643.000000002 1885909.0000000002 15.354166507720949 196600.00000000003 5320895.5000000009 5320895.5000000009 12130922.500000002 39610.000000000007 13439690.500000002 60.500000000000007 22.500000000000004 199700.00000000003 5320895.5000000009 13439690.500000002 10052930.500000002 169.86061096191409 23.500000000000004 0.94803845882415783 52.500000000000007 5320895.5000000009 43.500000000000007 10052930.500000002 20.612500190734867 10.050000190734865 13439690.500000002 43.500000000000007 23.500000000000004 19.535714149475101 43.500000000000007
decision_type=2 2 2 2 8 2 2 2 10 2 2 2 8 2 2 2 2 2 8 2 2 2 2 2 2 2 2 2 2 2
left_child=1 2 3 8 17 10 19 18 22 27 -6 -10 -4 -14 15 21 20 -3 -8 -5 -2 -15 -1 -23 -19 -22 -16 -7 -11 -30
right_child=16 4 12 6 5 9 7 -9 11 28 -12 -13 13 14 26 -17 -18 24 -20 -21 25 23 -24 -25 -26 -27 -28 -29 29 -31
leaf_value=0.075078754984095719 0.083243956601875294 0.075078754984095719 0.075078754984095719 0.064064067759633581 0.057761302698889128 0.026716907676271717 0.0422138283213538 0.062802606523661028 0.064064067759633581 0.057761302698889128 0.010945414735071142 0.070653714175742316 0.072869864337202647 0.06594256833548294 0.072869864337202647 0.031284517585633914 0.087726386510730475 0.075078754984095719 0.064064067759633581 0.052504818276682068 0.075078754984095719 0.052830756501996513 0.070653714175742316 0.0015105724279027904 0.057761302698889128 0.083243956601875294 0.053243541876792193 0.04368612146408403 0.046640661817373669 -0.006825182150573453
leaf_weight=18327.407203420997 10060.902223438025 4019.996916051954 27591.217740491033 12662.135507829487 9634.8963180184364 4241.6302073299885 13829.412423096597 10564.028143554926 13887.074184685946 2804.2285881116986 487.0904912725091 13293.85333301127 22215.315949603915 6090.3764146715403 14189.291987553239 4916.1960281431675 18791.833437711 862.50317572057247 529.77110797911882 5245.6958871856332 9717.9514214321971 616.35122943669558 14634.396728426218 267.40126543492079 6237.5155501738191 6079.256400167942 1627.6633645743132 2077.2487869858742 686.37490198761225 255.47027235478163
leaf_count=34993 14228 11057 65763 49771 35518 21223 83826 46363 38067 8038 3182 29643 51998 17672 32086 24958 19088 1297 2913 24226 20344 2066 35753 1902 24276 8770 5829 11549 4306 2155
internal_value=0.0702174 0.0676192 0.0697256 0.0652734 0.0554716 0.0498421 0.056878 0.051879 0.0712502 0.0402252 0.0577613 0.0662287 0.0750788 0.070661 0.0648058 0.0495013 0.0825383 0.0656805 0.0438348 0.0638287 0.0787615 0.06233 0.0750788 0.037341 0.0590106 0.0750788 0.0728699 0.0323074 0.0535566 0.03552
internal_weight=256444 211795 180488 102974 31307 20186.9 42831 24923.2 60142.7 10065 10122 27180.9 77513.8 49922.6 27707.3 11890.3 44649.9 11120 14359.2 17907.8 25858.1 6974.13 32961.8 883.752 7100.02 15797.2 15817 6318.88 3746.07 941.845
internal_count=732860 670430 547829 345555 122601 85971 207099 133102 138456 47271 38700 67710 202274 136511 84513 46598 62430 36630 86739 73997 43342 21640 70746 3968 25573 29114 37915 32772 14499 6461
is_linear=0
shrinkage=0.05


Tree=12
num_leaves=31
num_cat=0
split_feature=0 6 5 5 5 4 10 5 2 4 10 5 6 3 5 10 6 5 4 12 10 4 2 3 4 10 10 3 0 6
split_gain=2964.35 1957.77 1623.89 2695.94 1859.97 677.393 620.168 619.336 591.414 463.568 502.18 383.676 343.09 317.308 289.832 222.963 162.468 160.382 149.177 142.447 141.685 139.891 135.126 125.145 102.371 108.903 97.1731 77.7097 66.6168 64.221
threshold=0.036429991945624358 13897643.000000002 5320895.5000000009 12130922.500000002 10052930.500000002 10564.399902343752 14.22499990463257 5320895.5000000009 140.80529785156253 58060.000000000007 19.535714149475101 5320895.5000000009 1885909.0000000002 0.20257303118705752 1289243.5000000002 17.354166984558109 1885909.0000000002 15089427.500000002 97002.000000000015 0.049307929351925857 11.759615421295168 70100.000000000015 9.0326337814331072 0.2652799934148789 79690.000000000015 10.267857074737551 5.0625000000000009 0.0040080321487039336 0.0089687905274331587 1885909.0000000002
decision_type=2 2 2 2 2 8 2 2 2 8 2 2 2 10 2 2 2 2 8 2 2 10 2 10 8 2 2 8 2 2
left_child=1 2 14 4 6 -6 -4 22 26 20 11 -11 27 18 -1 -5 21 -13 -7 -10 -3 -17 24 -21 -2 -26 -9 -8 -15 -20
right_child=7 9 3 15 5 13 12 8 19 10 -12 17 -14 28 -16 16 -18 -19 29 23 -22 -23 -24 -25 25 -27 -28 -29 -30 -31
leaf_value=0.029985344888287115 0.07906804188965269 0.067432648007459087 0.066906123072984269 0.067432648007459087 0.067432648007459087 0.038969957231083548 -0.0080080468929594577 0.072691317041008105 0.072691317041008105 0.053519048990959522 0.032994973059550119 0.041657727265224737 0.059538154070856587 0.044979799033597091 0.067432648007459087 0.058493930969103797 0.064264157599736027 0.053519048990959522 0.034064624543576436 0.077967777935505897 0.056390621539256308 0.038781689639428754 0.082633351351439358 0.090491465555224956 0.074943451898054556 0.067432648007459087 0.067432648007459087 0.046901312259005873 0.053035642886360104 0.025964111283971539
leaf_weight=817.95855866372585 6660.2874885201454 1360.403432816267 15529.00294521451 30203.015347391367 2012.922041900456 12261.514479488134 64.33976324275136 3942.4581959545612 5063.8203975707293 8047.3529053479433 5660.0013063959777 5718.4700773060322 3952.7307964786887 2745.434963978827 65138.947297483683 7227.6556961536407 6620.0340657010674 2444.2006673887372 1141.4448742568493 7576.2857099622488 5008.8862991407514 1047.125110372901 14610.686627462506 2863.4874785989523 3272.405533477664 3106.2963110953569 24734.717607788742 9310.6371941417456 1062.6771521791816 4578.3022953607142
leaf_count=3555 9656 2749 35491 62727 5576 56249 526 5094 7065 23463 39439 23220 16424 14273 171608 31630 23097 7070 5778 8297 18297 5458 15719 2551 4124 6402 49665 50180 3574 23976
internal_value=0.0647205 0.0614758 0.063574 0.0592745 0.0515672 0.0412132 0.0601043 0.0733895 0.0697019 0.0493081 0.04584 0.0503205 0.0521702 0.0386386 0.0674326 0.0674326 0.0610957 0.0417506 0.0358528 0.07795 0.0611981 0.0560094 0.0792764 0.0814195 0.0755027 0.0708189 0.0674326 0.0465228 0.0517671 0.0291593
internal_weight=263784 191953 163714 97756.8 52659 23802.3 28856.7 71830.4 44180.8 28239.3 21870 16210 13327.7 21789.4 65956.9 45097.8 14894.8 8162.67 17981.3 15503.6 6369.29 8274.78 27649.7 10439.8 13039 6378.7 28677.2 9374.98 3808.11 5719.75
internal_count=732933 624360 510122 334959 212047 109426 102621 108573 72672 114238 93192 53753 67130 103850 175163 122912 60185 30290 86003 17913 21046 37088 35901 10848 20182 10526 54759 50706 17847 29754
is_linear=0
shrinkage=0.05


Tree=13
num_leaves=31
num_cat=0
split_feature=2 7 6 7 10 5 5 4 5 10 4 12 7 9 10 7 9 5 5 5 5 10 4 9 12 9 10 4 9 5
split_gain=3116.61 2079.9 1904.24 1789.61 1462.04 1056.48 815.426 756.298 416.712 411.296 574.258 409.084 386.096 374.957 294.933 268.469 268.416 237.946 454.946 255.254 216.505 192.515 174.505 258.114 166.594 163.24 151.833 150.218 138.264 134.819
threshold=6.8227274417877206 3211691.0000000005 13897643.000000002 3211691.0000000005 15.062500000000002 10052930.500000002 13439690.500000002 98200.000000000015 5320895.5000000009 21.774999618530277 197600.00000000003 -0.015413943212479351 7714069.5000000009 40.500000000000007 12.035714149475099 7714069.5000000009 22.500000000000004 5320895.5000000009 12130922.500000002 10052930.500000002 13439690.500000002 21.708333015441898 39610.000000000007 1.0000000180025095e-35 0.080915343016386046 67.500000000000014 5.0625000000000009 150200.00000000003 65.500000000000014 5320895.5000000009
decision_type=2 8 2 10 2 2 2 8 2 2 8 2 10 2 2 10 2 2 2 2 2 2 10 2 2 2 2 10 2 2
left_child=1 -1 3 4 5 22 -7 16 14 -5 -11 29 20 17 -9 -12 -4 -6 19 27 25 -15 -3 -24 -18 -10 -13 -19 -23 -2
right_child=11 2 7 9 13 6 -8 8 12 10 15 26 -14 21 -16 -17 24 18 -20 -21 -22 28 23 -25 -26 -27 -28 -29 -30 -31
leaf_value=0.06461740308699733 0.070178589754698956 0.06461740308699733 0.06461740308699733 0.06461740308699733 0.05312453813847965 0.05312453813847965 0.06461740308699733 0.045386880803608733 0.016188798924029722 0.059938409530574333 0.040443476732389391 0.082881982791015663 0.045386880803608733 0.047151399318510853 0.03109961204225245 0.052711861099225481 0.045386880803608733 0.049848797957348125 0.05312453813847965 0.032099661262457987 0.035979717887630012 0.042279232895044885 0.05312453813847965 0.062031830430858872 0.06461740308699733 0.045386880803608733 0.073537703634255144 -0.055868102602155578 0.030536883934920281 0.06461740308699733
leaf_weight=29476.862003449351 5023.5878884717822 18502.654415845871 3311.7700392752886 40115.533732108772 9622.1721894592047 17639.279041260481 13999.493988484144 4620.9038861989975 4808.7651744708419 3747.7188076451421 7323.4708410203457 5498.7470220625401 716.80128032714128 15383.633987896144 3678.6282452195883 829.00317911058664 5192.3851130641997 3889.4660457670689 6101.9255649298429 5319.7034129798412 2689.2562875151634 8109.5055059343576 4179.0883531272411 12462.820594072342 293.64650252461433 260.01827246695757 24054.806523434818 32.331331748515368 3671.7550870664418 9898.7007257640362
leaf_count=67240 6787 32938 8572 77142 31974 58566 26127 10911 25605 11412 29639 3779 2273 59273 20439 2359 18714 19544 22690 30976 10691 45281 11169 24562 421 1145 30620 251 23303 17878
internal_value=0.0597571 0.0573743 0.0552988 0.0572034 0.0538144 0.0587156 0.0531245 0.0425652 0.0363288 0.0646174 0.0552594 0.0718605 0.0285168 0.0475335 0.0442971 0.0454853 0.0544449 0.0519655 0.0466966 0.0392591 0.0245109 0.0434568 0.0646174 0.0594463 0.0475963 0.0184143 0.0752818 0.0489492 0.0386254 0.0650754
internal_weight=270454 225979 196502 170930 118914 66783.3 31638.8 25572.2 16774.4 52015.7 11900.2 44475.8 8474.84 52130.5 8299.53 8152.47 8797.8 24965.6 15343.4 9241.5 7758.04 27164.9 35144.6 16641.9 5486.03 5068.78 29553.6 3921.8 11781.3 14922.3
internal_count=732281 673217 605977 507206 386654 153362 84693 98771 71064 120552 43410 59064 39714 233292 31350 31998 27707 105435 73461 50771 37441 127857 68669 35731 19135 26750 34399 19795 68584 24665
is_linear=0
shrinkage=0.05


Tree=14
num_leaves=31
num_cat=0
split_feature=11 10 5 5 7 6 5 9 5 10 5 5 6 9 4 4 6 3 9 9 3 9 4 5 3 7 4 5 3 7
split_gain=3000.98 1840.33 962.08 1316.29 896.727 588.041 490.243 351.745 339.69 306.901 287.529 294.685 233.383 227.302 175.783 170.511 168.726 166.036 147.578 122.609 103.656 95.0571 92.3267 101.295 91.8837 86.9689 121.125 90.5483 84.6789 84.3126
threshold=0.073747340589761748 16.816666603088382 5320895.5000000009 13439690.500000002 1.0000000180025095e-35 8681399.0000000019 5320895.5000000009 34.500000000000007 12130922.500000002 5.9166667461395273 5320895.5000000009 13439690.500000002 13897643.000000002 43.500000000000007 195300.00000000003 57040.000000000007 13897643.000000002 0.017895999364554886 65.500000000000014 89.500000000000014 0.40503749251365667 135.50000000000003 42004.500000000007 15089427.500000002 0.0090917046181857603 3211691.0000000005 76100.000000000015 1289243.5000000002 0.044101111590862281 7714069.5000000009
decision_type=2 2 2 2 10 2 2 2 2 2 2 2 2 2 10 8 2 8 2 2 10 2 8 2 8 10 10 2 8 10
left_child=1 2 12 -4 6 -6 7 24 21 -2 -11 -12 -1 15 28 -7 -5 -10 -19 20 -20 -8 -15 -24 -3 26 -17 -27 -9 -29
right_child=9 4 3 16 5 13 8 14 17 10 11 -13 -14 22 -16 25 -18 18 19 -21 -22 -23 23 -25 -26 27 -28 29 -30 -31
leaf_value=0.060026017615406761 0.075457313165193551 0.0021752588477293474 0.05186021980573801 0.060026017615406761 0.05186021980573801 0.05186021980573801 0.03448936442957154 0.017224553452165666 0.0029891318497779987 0.070236528881773466 0.060026017615406761 0.069695246248545992 0.05186021980573801 0.045926283223372853 -0.057957575223026483 0.046421499284120239 0.05186021980573801 0.049012529006531358 0.024655969158698832 0.05186021980573801 0.05186021980573801 -0.0563283029972384 0.032266472316037506 0.0098531091603605136 0.05186021980573801 -0.054184196625688325 -0.05940015834986654 0.03413483800850102 0.042542257082074708 0.046421499284120239
leaf_weight=46852.404940709472 8735.0004332959652 168.47295980155468 52473.289254814386 32481.728344112635 24371.155631974339 1428.7481083720922 18024.143082093447 347.43769544363022 225.88503167033195 14560.169279277325 15296.083688691258 8599.0186384469271 9619.2661717832088 1014.6650487035513 42.946446344256401 1368.5029133707285 3771.4262193888426 9040.3805295825005 1339.8958989232779 359.64856639504433 234.82456470280886 27.145757235586643 3465.8847400583327 592.42024616897106 9572.45882948488 25.615948259830475 31.199956275522709 3609.7227668203413 8507.4824991822243 278.89842300862074
leaf_count=80202 7050 799 141933 56952 77085 4783 103088 1977 1351 17931 26488 10900 22683 4245 312 6432 8874 35489 6667 1420 926 196 20564 3585 30866 213 192 20975 36997 1264
internal_value=0.0554652 0.0531004 0.0565108 0.0531405 0.0472096 0.0518602 0.0426466 0.0489913 0.0386008 0.0669516 0.0650157 0.0616135 0.060026 0.0404264 0.0410598 0.0464514 0.060026 0.0454496 0.0463228 0.0337146 0.0273208 0.0343466 0.0324031 0.0290011 0.0518602 0.0409828 0.0464215 0.0365843 0.041553 0.0372098
internal_weight=276466 229276 145198 88726.4 84077.5 36186.8 47890.7 18638.8 29251.9 47190.3 38455.3 23895.1 56471.7 11815.7 8897.87 6742.69 36253.2 11200.6 10974.7 1934.37 1574.72 18051.3 5072.97 4058.3 9740.93 5313.94 1399.7 3914.24 8854.92 3888.62
internal_count=732439 670070 310644 207759 359426 139338 220088 70951 149137 62369 55319 37388 102885 62253 39286 33859 65826 45853 44502 9013 7593 103284 28394 24149 31665 29076 6624 22452 38974 22239
is_linear=0
shrinkage=0.05


Tree=15
num_leaves=31
num_cat=0
split_feature=2 5 5 5 10 10 1 4 3 1 9 4 6 6 7 6 3 3 1 12 7 9 4 8 9 6 3 9 10 4
split_gain=3199.95 1954.95 3300.07 1311.92 902.71 738.257 618.523 610.703 530.644 444.988 290.955 269.516 223.499 404.898 211.438 274.605 292.88 199.884 234.973 180.049 166.76 165.411 162.38 152.624 151.316 146.38 140.388 136.471 340.839 135.126
threshold=6.8227274417877206 5320895.5000000009 12130922.500000002 10052930.500000002 12.267857074737551 17.22500038146973 21.500000000000004 98200.000000000015 0.013957562390714886 21.500000000000004 42.500000000000007 7420.0000000000009 1885909.0000000002 8681399.0000000019 3211691.0000000005 8681399.0000000019 0.0040080321487039336 0.07336157932877542 16.500000000000004 -0.013320707250386475 3211691.0000000005 58.500000000000007 33650.000000000007 0.044971911236643798 1.0000000180025095e-35 13897643.000000002 0.07336157932877542 26.500000000000004 20.366666793823246 195300.00000000003
decision_type=2 2 2 2 2 2 2 8 10 2 2 10 2 2 8 2 10 10 2 2 10 2 8 10 2 2 10 2 2 10
left_child=1 5 3 4 8 -1 -4 11 22 19 -7 -5 29 -14 -6 20 -17 -13 -19 -2 27 26 -3 -23 25 -9 -15 -16 -29 -12
right_child=9 2 6 7 14 10 -8 24 -10 -11 12 17 13 21 15 16 -18 18 -20 -21 -22 23 -24 -25 -26 -27 -28 28 -30 -31
leaf_value=0.056398085062774418 0.061652395101022231 0.050111870496756875 0.056398085062774418 0.055486164653219351 0.043213915804729684 0.05220397180759942 0.048067263278416095 0.015895395541030477 0.056398085062774418 0.056398085062774418 0.03806285793668987 0.026672142659904991 0.05220397180759942 0.029435744597526604 0.043213915804729684 0.0074136779084662853 0.035534854112932279 0.044304443226479376 0.031864712507290491 0.069517226709917487 0.043213915804729684 -0.011015608770943056 0.043213915804729684 0.03374919157695274 0.025481927013353813 -0.0096126426744361938 0.05220397180759942 0.036551265346019927 0.014033110098715565 -0.056821960083623668
leaf_weight=66917.77070903033 10194.037929683924 2921.4937786906958 34007.709956094623 1443.887501642108 2377.9351226277649 15655.336888290942 27487.647358365357 3390.2903201729059 10472.385808259249 14132.370300874114 8479.4106365516782 7641.4841924309731 4103.8107284083962 1182.4783393591642 2844.1554170772433 1799.310538418591 1908.3268282823265 4638.3671299815178 8545.9845895543694 21580.699938684702 3880.0495905056596 364.69015572220087 11617.460786268115 394.73471539840102 3881.8128142058849 672.8116170912981 599.07876601815224 6667.3075591251254 2251.2018182203174 36.006442025303841
leaf_count=127610 12868 5915 58256 3559 8842 52540 94936 14801 19220 26636 36934 29033 12077 6932 13547 12239 7548 11864 42586 19571 14085 2707 29403 1697 20057 3649 2082 26062 15296 274
internal_value=0.0515314 0.0491824 0.0453581 0.0384552 0.0437054 0.0545989 0.0539948 0.0303311 0.0501854 0.0636138 0.0480099 0.0345775 0.0430341 0.0499226 0.0362425 0.0341541 0.021899 0.0331227 0.0368568 0.0669067 0.0370556 0.0318619 0.0438257 0.0122798 0.0184225 0.0116689 0.040186 0.0339302 0.0308717 0.0376484
internal_weight=282090 236183 138450 76954.3 46739.6 97733.3 61495.4 30214.6 25011.3 45907.1 30815.5 22269.7 15160.2 6644.79 21728.3 19350.4 3707.64 20825.8 13184.4 31774.7 15642.7 2540.98 14539 759.425 7944.91 4063.1 1781.56 11762.7 8918.51 8515.42
internal_count=732826 673751 430898 277706 152157 242853 153192 125549 54538 59075 115243 87042 62703 25495 97619 88777 19787 83483 54450 32439 68990 13418 35318 4404 38507 18450 9014 54905 41358 37208
is_linear=0
shrinkage=0.05


Tree=16
num_leaves=31
num_cat=0
split_feature=0 10 7 6 7 10 4 6 11 3 4 9 9 4 10 7 7 3 9 6 4 3 12 9 10 3 10 3 4 8
split_gain=3113.14 1649.07 833.051 755.076 810.331 481.53 468.68 404.685 380.048 299.437 254.162 250.479 195.737 162.266 138.768 138.312 146.419 177.74 134.512 120.246 92.5356 68.2632 66.2691 66.2178 65.6911 60.1634 59.4862 58.3753 57.8299 54.9607
threshold=0.045663053169846542 16.816666603088382 1.0000000180025095e-35 13897643.000000002 1.0000000180025095e-35 5.9166667461395273 24050.000000000004 13897643.000000002 0.25127005577087408 0.013957562390714886 56050.000000000007 12.500000000000002 41.500000000000007 29679.900390625004 10.535714149475099 3211691.0000000005 7714069.5000000009 0.094467259943485274 99.500000000000014 8681399.0000000019 76100.000000000015 0.013957562390714886 -0.097455322742462144 72.500000000000014 21.708333015441898 0.33418713510036474 21.633333206176761 0.10327889770269395 194500.00000000003 0.010600838810205461
decision_type=2 2 10 2 10 2 8 2 2 8 8 2 2 8 2 10 10 10 2 2 10 8 2 2 2 10 2 8 10 8
left_child=1 3 9 4 6 25 -1 -4 14 23 -9 -8 13 -11 -7 20 17 21 24 28 -12 -17 -10 -3 -14 -2 -23 -26 -15 -20
right_child=5 2 7 -5 -6 8 11 10 22 12 15 -13 18 19 -16 16 -18 -19 29 -21 -22 26 -24 -25 27 -27 -28 -29 -30 -31
leaf_value=0.052072031281527292 0.065661575282896359 0.0091122038071254439 0.04486819035236126 0.04486819035236126 0.052072031281527292 0.057056067380623958 0.04486819035236126 0.04486819035236126 0.057129661903444942 0.04486819035236126 0.038020829158352282 0.048470110816944273 0.035453312556915674 0.038102201934152896 0.052072031281527292 -0.055360782200917974 0.038020829158352282 0.038020829158352282 0.021326051950115707 0.021326051950115707 -0.014766490428250727 0.028980968825501413 0.06153865159968204 -0.058245062857823243 0.023788488493633617 0.076466832977185484 0.017876428170673867 0.031923928777942104 0.021326051950115707 0.04486819035236126
leaf_weight=19153.474709525704 11474.491728231311 766.31791885569692 26312.762958697975 20066.786046400666 45980.602717220783 14707.053168937564 27136.546016722918 3082.6541519723833 2833.7663484662771 7530.1768587827682 2156.9192437827587 23341.720566183329 10252.539651863277 18257.660614870489 16279.784333944321 27.201395649462938 403.88053269684315 930.04239918291569 135.9622698277235 341.81087550520897 99.546263977885246 1794.3775060921907 15630.358189254999 36.323883846402168 2920.9828972816467 1547.3231542110443 3737.9744364023209 9443.2336310520768 65.525269508361816 1304.5070544406772
leaf_count=36622 10807 4316 79199 52981 76229 18075 73019 11064 4128 26630 10197 51192 40645 75210 28953 226 1896 3704 695 2546 521 8763 17015 261 16121 1006 25098 50664 421 5198
internal_value=0.0485028 0.0457629 0.0404957 0.0492406 0.0510971 0.0583811 0.0465269 0.0448682 0.0561202 0.0362414 0.0354859 0.0448682 0.0367254 0.0397225 0.0527207 0.0311735 0.0274004 0.02473 0.0334589 0.0371801 0.0380208 0.0210915 0.0615387 0.00592673 0.0324783 0.0669571 0.0214873 0.0300061 0.0378334 0.0448682
internal_weight=287752 225280 89600.4 135679 115612 62472.8 69631.7 38545.4 49451 51055 12232.6 50478.3 50252.4 26195.2 30986.8 9149.94 6893.48 6489.6 24057.2 18665 2256.47 5559.55 18464.1 802.642 22616.8 13021.8 5532.35 12364.2 18323.2 1440.47
internal_count=733402 653418 363375 290043 237062 79984 160833 140668 68171 222707 61469 124211 218130 104807 47028 50405 39687 37791 113323 78177 10718 34087 21143 4577 107430 11813 33861 66785 75631 5893
is_linear=0
shrinkage=0.05


Tree=17
num_leaves=31
num_cat=0
split_feature=0 5 5 5 10 5 3 1 10 10 4 5 8 4 2 3 4 10 3 8 12 0 10 12 4 4 4 3 4 4
split_gain=2856.49 1244.54 2273.7 1214.69 670.517 618.513 569.39 490.591 441.077 354.366 360.146 322.11 237.991 171.871 149.799 148.841 127.672 149.815 114.813 123.918 114.435 100.332 98.4902 93.9535 88.411 88.3311 86.7128 83.7111 78.5783 77.0923
threshold=0.045663053169846542 5320895.5000000009 12130922.500000002 10052930.500000002 15.267857074737551 1289243.5000000002 0.17396961152553561 21.500000000000004 7.5357143878936776 16.267857551574711 39610.000000000007 5320895.5000000009 0.24999500066041949 35003.500000000007 169.86061096191409 0.1956100016832352 38060.000000000007 17.354166984558109 0.0090917046181857603 0.18286825716495517 -0.016720779240131375 0.014319890644401314 11.267857074737551 0.01758784614503384 8010.0000000000009 22040.000000000004 197900.00000000003 1.0000000180025095e-35 150200.00000000003 130100.00000000001
decision_type=2 2 2 2 2 2 10 2 2 2 8 2 10 10 2 10 8 2 8 10 2 2 2 2 8 10 10 10 10 10
left_child=1 5 3 9 -4 12 24 -7 15 10 -3 -10 13 -1 -13 23 -9 -18 19 -6 29 28 -14 -2 -5 -8 -19 -26 -20 -11
right_child=8 2 4 6 18 7 25 16 11 20 -12 14 22 -15 -16 -17 17 26 21 -21 -22 -23 -24 -25 27 -27 -28 -29 -30 -31
leaf_value=0.0080641430075792057 0.056094092741912772 0.048668023488601692 0.048668023488601692 0.030254083772093959 -0.059244161613196261 0.048668023488601692 0.04580951989013219 0.046007229367914793 0.056094092741912772 0.022955769612332779 0.038436694410137758 0.048668023488601692 0.048668023488601692 -0.049925546067811757 0.055624757397368586 0.067865067203959947 0.04384981714600035 0.039164184800439983 0.039490672845515024 0.022916921430364334 0.034820926138981322 0.044439078919273171 0.017541912347648791 0.062163014294638476 0.018702243606750723 0.034208611700314966 -0.016019617315582831 0.024867419647295851 0.022916921430364334 -0.060817118231320327
leaf_weight=350.41037741303444 7785.1625667065382 9016.892695248127 33608.287075147033 969.08284783363342 54.895078346133232 44717.347758814692 2544.5011656433344 12236.137741811574 15696.272993519902 1867.1797149181366 18429.994388818741 17256.4402436167 188.09516391158104 198.69831881672144 8021.4925462752581 5300.7096516489983 12472.843461945653 22993.613908171654 22741.641220748425 179.33463531732559 15226.614321999252 3044.7045979052782 435.27226009964943 8330.3761571198702 12192.081593804061 4787.7864835560322 70.412722960114479 10117.815038621426 330.02319572120905 26.010902985930443
leaf_count=1488 9447 18075 57721 2172 408 77391 8593 34313 19314 7156 45259 29606 295 1145 9858 4177 31174 86454 80783 864 74988 7593 1833 7294 51114 19675 432 43332 1466 147
internal_value=0.0452187 0.0426316 0.0395595 0.0337653 0.0468229 0.0470633 0.0260931 0.0475208 0.0547044 0.0390337 0.0425591 0.0516551 0.0109542 -0.0130248 0.048668 0.0605331 0.0433464 0.0416924 0.0402101 0.00531114 0.0333773 0.0405227 0.0320509 0.0581134 0.0222623 0.0382458 0.0389943 0.0215002 0.0391095 0.0217418
internal_weight=291190 228800 135137 75178 59958.9 93662.8 30611.3 92490.4 62390.5 44566.7 27446.9 40974.2 1172.48 549.109 25277.9 21416.2 47773 35536.9 26350.6 234.23 17119.8 26116.4 623.367 16115.5 23279 7332.29 23064 22309.9 23071.7 1893.19
internal_count=733567 653871 419346 270511 148835 234525 124886 229764 79696 145625 63334 58778 4761 2633 39464 20918 152373 118060 91114 1272 82291 89842 2128 16741 96618 28268 86886 94446 82249 7303
is_linear=0
shrinkage=0.05


Tree=18
num_leaves=31
num_cat=0
split_feature=10 9 4 7 10 0 9 3 12 7 9 5 8 5 5 5 4 3 7 8 12 5 7 3 5 5 8 5 5 3
split_gain=2839.32 1665.3 785.751 784.915 562.966 404.627 349.36 345.657 275.866 237.378 228.428 213.024 210.733 191.428 186.365 185.826 151.656 156.121 148.369 143.233 134.627 124.186 112.249 111.449 110.94 146.971 143.305 100.046 97.681 93.39
threshold=15.267857074737551 12.500000000000002 16034.600097656252 3211691.0000000005 9.5277776718139666 0.0082305916585028189 43.500000000000007 0.038801250979304321 -0.01471808413043618 3211691.0000000005 65.500000000000014 5320895.5000000009 0.28542743623256689 15089427.500000002 5320895.5000000009 1289243.5000000002 8010.0000000000009 0.068389359861612334 7714069.5000000009 0.51930531859397899 -0.020728291012346741 5320895.5000000009 3211691.0000000005 0.0090917046181857603 5320895.5000000009 15089427.500000002 0.57150375843048107 5320895.5000000009 13439690.500000002 0.10785613209009172
decision_type=2 2 8 8 2 2 2 10 2 10 2 2 8 2 2 2 10 10 8 10 2 2 8 10 2 2 10 2 2 10
left_child=1 2 16 -2 11 6 15 12 14 10 29 -3 23 -4 -6 19 17 -1 21 -5 -13 -14 -16 -8 -17 26 -26 -7 -29 -9
right_child=3 4 13 5 8 27 7 9 -10 -11 -12 20 18 -15 22 24 -18 -19 -20 -21 -22 -23 -24 -25 25 -27 -28 28 -30 -31
leaf_value=0.055081156023924785 0.041155247923183383 0.060733770831954539 0.041155247923183383 -0.03916924767258121 0.047273001320188281 0.041155247923183383 -0.05890216813620907 0.025448397024260674 0.050789733514068437 0.036628486883895646 0.024626665790328125 0.051866666267349697 0.02138202471341763 0.047016494855027902 0.047273001320188281 0.036628486883895646 0.049146101531992559 0.07457405794942347 0.024626665790328125 0.036628486883895646 0.057333759153189036 0.0042584852654054981 0.041155247923183383 -0.0014884153798781997 0.027409358438088768 0.036628486883895646 0.036628486883895646 0.036628486883895646 0.041155247923183383 0.034713624664490551
leaf_weight=3533.6259908378124 11556.927790421993 13880.664626717567 60005.770489692688 145.76385436207056 9377.2103016525507 7622.6076215952635 124.53282406553626 3626.928518101573 33687.27749915421 5971.8222515359521 7160.6718783825636 9684.8452092856169 2444.124967508018 19848.222892507911 1559.0599512457848 19185.545314393938 6320.9397487789392 1484.8500416278839 1594.3626288846135 70.468490250408649 12013.120622754097 1869.1016885042191 13115.530598193407 169.07392129302025 12346.977516189218 10857.187850218266 2880.511079467833 7818.253336161375 4127.1069666519761 11255.517196506262
leaf_count=5384 33826 13291 139484 930 14499 17455 1064 16769 53509 19170 35012 14168 11357 34706 2276 59826 10536 1497 8042 256 12136 10584 26690 944 60535 35897 11948 24948 9853 46722
internal_value=0.0424189 0.0462191 0.041411 0.0360914 0.0509167 0.0341962 0.032612 0.0287899 0.0478615 0.031155 0.028559 0.0558718 0.0180983 0.0411552 0.0437563 0.0354857 0.0543472 0.0608761 0.0201546 -0.0106683 0.0527563 0.0139671 0.0411552 -0.0231314 0.0357066 0.0331342 0.0299042 0.040645 0.0366285 0.0324594
internal_weight=295339 184511 91193.4 110827 93317.7 99270.6 79702.6 34216.1 57739.1 28014.9 22043.1 35578.6 6201.2 79854 24051.8 45486.5 11339.4 5018.48 5907.59 216.232 21698 4313.23 14674.6 293.607 45270.2 26084.7 15227.5 19568 11945.4 14882.4
internal_count=733314 328176 191607 405138 136569 371312 319056 149664 96974 117673 98503 39595 31991 174190 43465 169392 17417 6881 29983 1186 26304 21941 28966 2008 168206 108380 72483 52256 34801 63491
is_linear=0
shrinkage=0.05


Tree=19
num_leaves=31
num_cat=0
split_feature=11 7 6 7 5 5 4 8 5 5 8 9 4 7 9 4 2 9 9 5 9 8 9 5 7 3 9 9 11 5
split_gain=2739.17 1456.95 1273.87 1453.8 796.187 811.568 556.421 456.946 371.953 360.675 494.501 341.501 301.548 292.249 274.847 267.59 263.746 262.524 232.378 218.5 206.691 267.283 228.898 193.993 194.829 185.794 167.222 165.357 171.597 150.912
threshold=0.073747340589761748 3211691.0000000005 13897643.000000002 3211691.0000000005 5320895.5000000009 12130922.500000002 39610.000000000007 0.79789990186691295 10052930.500000002 5320895.5000000009 0.20693664997816089 1.0000000180025095e-35 inf 7714069.5000000009 40.500000000000007 20820.799804687504 169.86061096191409 21.500000000000004 59.500000000000007 5320895.5000000009 65.500000000000014 1.0000000180025095e-35 67.500000000000014 15089427.500000002 7714069.5000000009 0.042046222835779197 1.0000000180025095e-35 35.500000000000007 -0.038565447553992264 13439690.500000002
decision_type=2 8 2 10 2 2 10 10 2 2 10 2 8 10 2 10 2 2 2 2 2 10 2 2 10 10 2 2 2 2
left_child=1 -1 3 4 6 7 -3 8 14 18 23 -10 -5 17 -6 -7 19 26 25 -2 -8 -22 -23 24 27 -4 -14 -11 -29 -21
right_child=16 2 9 12 5 15 20 -9 11 10 -12 -13 13 -15 -16 -17 -18 -19 -20 29 21 22 -24 -25 -26 -27 -28 28 -30 -31
leaf_value=0.044441036468144818 0.051642636536067647 0.044441036468144818 0.031231367197245081 0.044441036468144818 0.035355760696299747 0.044441036468144818 0.037157867203960797 0.043430041981514227 0.015066011914893332 0.0036738709521406594 0.035565478542815818 0.027030088341188203 0.035681681070406049 0.042144570953335993 0.025060319892594135 0.035809646551230472 0.055394034501385025 0.032273715296630638 0.012316145075258588 0.044441036468144818 -0.011426709250972307 0.010239294001795882 0.036838880689768726 0.025581788209606632 0.025581788209606632 0.044441036468144818 0.042144570953335993 -0.025717598002317005 0.024526775848812316 0.051642636536067647
leaf_weight=31594.620843715966 11386.795143783092 22062.920610442758 8938.0358018055558 20615.083196848631 14198.359124407172 8332.3370638936758 20745.002682469785 4792.157660856843 8525.3032638430595 5027.6953664161265 4335.2847839258611 19929.092826962471 10208.317239075899 5359.2719671726227 8990.9011141620576 21817.706915639341 19682.119836390018 16204.157760679722 1274.9927091598511 11308.286167249084 445.83849947154522 1128.350465759635 2871.2892005518079 3168.2425712198019 547.85105158388615 2835.5175951570272 4226.8129025995731 184.30779758095741 1973.9670952185988 6797.1867820471525
leaf_count=65972 14232 47172 28454 38342 38772 17548 53794 11593 31021 22235 12428 78152 20616 8604 35076 59529 19093 45356 5378 20258 1989 5103 8468 10624 1634 6736 5894 650 9463 8772
internal_value=0.0401058 0.0379857 0.0364186 0.0378894 0.035046 0.0321949 0.0402689 0.0286542 0.0272815 0.0265135 0.0212831 0.0234468 0.044441 0.0398481 0.0319844 0.0388201 0.0508964 0.0366531 0.0326171 0.0478912 0.0350589 0.0252515 0.0293437 0.0155981 0.0113214 0.0348131 0.041564 0.00864655 0.0202163 0.044441
internal_weight=299508 250333 218739 190453 133839 86585.9 47253.4 56435.8 51643.7 28285.9 15237.3 28454.4 56613.6 35998.6 23189.3 30150 49174.4 30639.3 13048.5 29492.3 25190.5 4445.48 3999.64 10902.1 7733.82 11773.6 14435.1 7185.97 2158.27 18105.5
internal_count=732958 670603 604631 507029 388217 271691 116526 194614 183021 97602 57034 109173 118812 80470 73848 77077 62355 71866 40568 43262 69354 15560 13571 44606 33982 35190 26510 32348 10113 29030
is_linear=0
shrinkage=0.05


Tree=20
num_leaves=31
num_cat=0
split_feature=0 10 7 9 6 10 4 3 11 9 3 6 4 10 0 7 4 10 2 7 3 8 3 6 9 9 3 3 8 9
split_gain=2927.17 1336.58 657.069 642.39 585.051 402.438 352.407 312.981 291.516 237.205 274.295 230.23 149.368 147.065 144.62 118.52 116.471 106.291 82.5301 82.1038 84.2464 76.6968 68.3126 67.8579 58.8022 58.7137 216.366 61.2419 65.8553 57.744
threshold=0.046620300039649017 15.267857074737551 1.0000000180025095e-35 1.0000000180025095e-35 8681399.0000000019 7.5357143878936776 32820.000000000007 0.042046222835779197 0.17516008019447329 35.500000000000007 0.0058937692083418378 13897643.000000002 29679.900390625004 17.774999618530277 0.10045871511101724 7714069.5000000009 30000.200195312504 11.949999809265138 6.8227274417877206 3211691.0000000005 0.035088999196887023 0.32438437640666967 0.17979500442743304 3910147.0000000005 99.500000000000014 77.500000000000014 0.25647981464862829 0.095231425017118468 0.44434815645217901 42.500000000000007
decision_type=2 2 10 2 2 2 8 10 2 2 8 2 10 2 2 10 10 2 2 10 8 8 10 2 2 2 8 10 10 2
left_child=1 3 9 6 -4 14 -1 15 -7 10 16 -5 -12 -11 -2 19 -3 -13 -10 20 -6 -21 -16 24 25 29 27 28 -27 -15
right_child=5 2 4 11 7 8 -8 -9 18 13 12 17 -14 23 22 -17 -18 -19 -20 21 -22 -23 -24 -25 -26 26 -28 -29 -30 -31
leaf_value=0.040998627625562334 0.048405310480506517 0.0081636517441621894 0.034609623059165484 0.040998627625562334 -0.035200601883074598 0.040998627625562334 0.034609623059165484 0.033715830286823338 0.044570689547419669 0.029824395382466253 0.034609623059165484 0.040998627625562334 0.028459241769744972 -0.032000992401936511 0.053072740594534755 0.026356189721965875 -0.039248889957325631 0.034609623059165484 0.048405310480506517 -0.021331666624614141 0.025953618603958614 0.014656766446573287 0.060338079001712563 0.026114102808531256 0.026114102808531256 -0.04994644497831402 0.026114102808531256 0.0045978922981206437 -0.009976716336611853 0.021731150053335761
leaf_weight=17159.083306893706 4917.1580558568239 119.74276806414127 30606.91938778758 57344.06854583323 55.994444772601128 19317.496433779597 45535.655562147498 5902.1969913244247 5239.3299208879471 9389.1242200285196 10427.661452166736 2491.3723527789116 18726.286406449974 48.467750057578087 11882.074532300234 504.49881901592016 204.91892947256565 7494.284396648407 17489.257095143199 149.97045318409801 2420.9554944336414 6204.301745608449 4664.0724940299988 1684.6647949367762 1231.9199027270079 129.13895779848099 1318.1975435316563 1257.3213854804635 79.141521096229553 17614.212306004018
leaf_count=32246 6368 447 83131 100694 308 30407 105196 19576 8068 27217 36946 4267 69554 239 11091 2027 1252 17912 20273 829 10515 34582 3456 8315 4868 798 5401 5967 374 80092
internal_value=0.0375016 0.0349568 0.0308461 0.0383732 0.0346096 0.0470404 0.0346769 0.0247015 0.044189 0.0274659 0.0307229 0.0409986 0.031232 0.0245328 0.0526216 0.0189965 -0.0149047 0.0346096 0.0481428 0.016819 0.0245439 0.0138009 0.0551278 0.0224038 0.0213472 0.0205151 0.0137475 0.000427609 -0.0245513 0.0215801
internal_weight=301609 238100 108076 130024 45844.8 63509.4 62694.7 15237.9 42046.1 62230.8 29478.6 67329.7 29153.9 32752.2 21463.3 9335.72 324.662 9985.66 22728.6 8831.22 2476.95 6354.27 16546.1 23363.1 21678.4 20446.5 2783.8 1465.6 208.28 17662.7
internal_count=732416 652753 392438 260315 150968 79663 137442 67837 58748 241470 108199 122873 106500 133271 20915 48261 1699 22179 28341 46234 10823 35411 14547 106054 97739 92871 12540 7139 1172 80331
is_linear=0
shrinkage=0.05


Tree=21
num_leaves=31
num_cat=0
split_feature=0 6 7 5 5 10 1 5 10 3 10 4 7 5 10 10 3 6 3 0 3 5 0 9 7 4 1 8 8 3
split_gain=2621.51 1284.39 2223.1 823.443 707.588 499.841 494.597 427.064 548.274 439.414 414.265 385.333 412.889 241.417 165.809 164.398 135.853 127.829 127.679 127.273 125.423 122.932 118.961 115.017 162.038 114.682 127.488 104.529 103.175 129.454
threshold=0.045663053169846542 13897643.000000002 1.0000000180025095e-35 5320895.5000000009 12130922.500000002 8.354166507720949 21.500000000000004 10052930.500000002 13.464285850524904 0.20257303118705752 15.354166507720949 58060.000000000007 1.0000000180025095e-35 5320895.5000000009 12.354166507720949 11.267857074737551 0.013957562390714886 3910147.0000000005 0.017895999364554886 0.022305141203105453 0.017895999364554886 1289243.5000000002 0.16321352869272235 23.500000000000004 3211691.0000000005 197600.00000000003 17.500000000000004 0.47834612429142004 0.51002511382102977 0.017895999364554886
decision_type=2 2 10 2 2 2 2 2 2 10 2 8 10 2 2 2 8 2 8 2 8 2 2 2 10 8 2 10 8 10
left_child=1 2 3 6 7 22 -1 8 18 25 -6 23 19 -7 -11 -14 -17 -16 -5 -13 -12 27 -2 -3 -25 26 -9 -8 29 -23
right_child=5 11 -4 4 10 13 21 9 -10 14 20 12 15 -15 17 16 -18 -19 -20 -21 -22 28 -24 24 -26 -27 -28 -29 -30 -31
leaf_value=0.038704142652294549 0.045895755363579351 0.038704142652294549 0.038704142652294549 0.029784606758689811 0.038704142652294549 0.045292136439235721 -0.011807849293061088 0.022360870578561745 0.021653603145743706 0.038704142652294549 -0.0072593117560233473 -0.0091665235269971241 0.027496055335256998 0.038704142652294549 0.024383594208018316 -0.045757723735811197 0.020057062372778774 0.032423366899979038 0.038704142652294549 0.027496055335256998 0.027863376167833371 0.0017285402368366698 0.052829736410645124 0.038704142652294549 0.027496055335256998 0.010854527180190084 0.014861730107092578 0.034746864315687832 0.034746864315687832 0.029808063475950809
leaf_weight=19218.654655247927 11118.292045980692 3360.245079614222 76353.031265094876 4566.4093444645405 15742.180006980896 14376.022565543652 307.35654281824827 10794.662704437971 12513.488203182817 1674.4164562374353 258.28438135236502 1358.6488531753421 9463.6622755527496 23537.362093478441 3133.1053952425718 76.973618932068348 16103.94678350538 1308.3393456786871 6875.3776952326298 159.00701349973679 13552.055191680789 420.1939110532403 14472.517414644361 1435.8789077848196 3432.9575578868389 5956.2766532972455 7139.3692783489823 170.57399515807629 7392.5443676561117 18202.346146248281
leaf_count=31965 13013 7535 155170 10067 27880 17989 1663 31102 53675 3287 1406 7480 22321 36613 13677 463 66225 4461 12624 458 46547 1904 12387 3877 10620 25724 34649 648 21018 56587
internal_value=0.0353759 0.0329935 0.0345083 0.0302758 0.0273212 0.0444148 0.0356724 0.0239132 0.028893 0.0199359 0.0335419 0.0241926 0.0213178 0.0407633 0.0318953 0.0228173 0.0197384 0.0261426 0.0368053 -0.00401789 0.0272055 0.0307896 0.049821 0.0336743 0.0285848 0.0168719 0.0188689 0.0056349 0.0312512 0.0291747
internal_weight=304474 240970 205579 129226 83514 63504.2 45711.7 53961.4 23955.3 30006.2 29552.5 35391.3 27162.2 37913.4 6115.86 25644.6 16180.9 4441.44 11441.8 1517.66 13810.3 26493 25590.8 8229.08 4868.84 23890.3 17934 477.931 26015.1 18622.5
internal_count=733035 653033 534054 378884 265099 80002 113785 189266 76366 112900 75833 118979 96947 54602 21425 89009 66688 18138 22691 7938 47953 81820 25400 22032 14497 91475 65751 2311 79509 58491
is_linear=0
shrinkage=0.05


Tree=22
num_leaves=31
num_cat=0
split_feature=1 9 7 0 4 11 9 5 7 6 5 6 2 3 3 8 7 4 5 5 5 8 3 7 9 8 9 9 3 9
split_gain=2413.3 1614.47 639.812 611.707 571.515 543.523 363.546 326.064 264.621 252.156 238.139 245.505 215.437 197.197 197.027 177.113 166.523 164.067 157.844 154.259 145.363 138.173 135.116 125.303 102.173 222.715 87.2457 100.727 81.0618 69.6813
threshold=21.500000000000004 12.500000000000002 3211691.0000000005 0.0082305916585028189 8010.0000000000009 -0.049675324931740754 21.500000000000004 5320895.5000000009 7714069.5000000009 13897643.000000002 12130922.500000002 1885909.0000000002 229.25634765625003 0.090949106961488738 0.1956100016832352 0.94803845882415783 3211691.0000000005 58060.000000000007 5320895.5000000009 5320895.5000000009 15089427.500000002 0.047809524461627013 0.0209591668099165 7714069.5000000009 100.50000000000001 0.12494444474577905 102.50000000000001 131.50000000000003 0.11830328032374383 88.500000000000014
decision_type=2 2 8 2 8 2 2 2 10 2 2 2 2 10 10 8 8 8 2 2 2 10 10 10 2 10 2 2 8 2
left_child=1 4 -2 7 13 19 -7 17 16 10 11 15 18 -1 23 -9 -6 -4 -8 -3 -20 28 -5 29 -19 -26 -12 -28 -13 -11
right_child=2 5 3 22 8 6 12 9 -10 14 26 21 -14 -15 -16 -17 -18 24 20 -21 -22 -23 -24 -25 25 -27 27 -29 -30 -31
leaf_value=0.043084228237751127 0.032917796517084333 0.039921060478397476 0.028607686079034678 0.028607686079034678 0.03964540259514699 0.061802964148896848 0.046263606261893547 0.01530517743342001 0.041274992617867039 0.0022500433633564176 0.027560175332559479 -0.015788852650877552 0.050033666549323952 0.064481910543554885 0.028607686079034678 0.028607686079034678 0.032917796517084333 0.024439706622987854 0.039921060478397476 0.032917796517084333 0.046160933883186095 0.028607686079034678 0.032917796517084333 0.017880077849202401 -0.063576346955593513 0.023293058353383526 -0.036869312674757217 0.028607686079034678 0.02011097744317572 0.017880077849202401
leaf_weight=3562.2588751465082 13690.693011753261 6664.3664521723986 18521.153846301138 5806.1844218745828 14169.598388940096 3096.6895574629307 17098.160714462399 16046.293994694948 4784.2880702763796 4074.7211088649929 20359.427055835724 164.13729316741228 12282.813211843371 1562.9695095121861 1180.0592684969306 636.12151994556189 70647.74618254602 18852.413167379797 16925.01969024539 9543.8542129695415 9427.7614866346121 3270.7571096271276 29963.947957932949 239.58190074563026 103.71769464015961 242.27883995324373 112.0412523150444 76.279438927769661 3127.902643173933 90.975227795541286
leaf_count=5403 35935 9485 54072 14400 23810 3470 21359 77956 7325 23768 64924 817 10719 1501 4150 2735 153438 65651 28800 17446 11759 11700 63828 986 648 835 587 281 14603 316
internal_value=0.033402 0.0373829 0.0284527 0.0269853 0.0330412 0.0428627 0.0450982 0.0247229 0.0329178 0.0220466 0.0233228 0.0198522 0.0441678 0.0496322 0.012035 0.0166255 0.0329178 0.0282252 0.0425074 0.034744 0.040067 0.0280468 0.0324924 0.00715247 0.0239456 -0.00296309 0.0272468 -0.00656637 0.0183126 0.00384393
internal_weight=306324 169766 136559 122868 94726.9 75038.7 58830.4 87097.9 89601.6 49378.3 43793 23245.2 55733.8 5125.23 5585.34 16682.4 84817.3 37719.6 43450.9 16208.2 26352.8 6562.8 35770.1 4405.28 19198.4 345.997 20547.7 188.321 3292.04 4165.7
internal_count=732707 294515 438192 402257 191477 103038 76107 324029 184573 202823 173603 107811 72637 6904 29220 80691 177248 121206 61918 26931 40559 27120 78228 25070 67134 1483 65792 868 15420 24084
is_linear=0
shrinkage=0.05


Tree=23
num_leaves=31
num_cat=0
split_feature=0 7 5 5 4 1 6 10 6 10 3 10 7 9 9 10 4 3 6 9 5 0 6 2 6 4 9 6 6 9
split_gain=2485.64 1387.42 1143.73 1629.43 696.233 658.404 621.582 611.06 358.788 309.991 265.983 242.753 237.841 226.663 182.811 180.519 177.347 164.701 163.904 150.161 144.783 140.91 140.649 128.163 109.847 106.955 106.022 92.2134 91.0913 83.5811
threshold=0.091287881135940566 3211691.0000000005 5320895.5000000009 12130922.500000002 199700.00000000003 21.500000000000004 1885909.0000000002 15.354166507720949 8681399.0000000019 15.690476417541506 0.07336157932877542 9.5277776718139666 7714069.5000000009 1.0000000180025095e-35 23.500000000000004 18.038461685180668 197900.00000000003 0.017895999364554886 13897643.000000002 72.500000000000014 10052930.500000002 0.009828069247305395 13897643.000000002 169.86061096191409 13897643.000000002 10000.800292968752 102.50000000000001 13897643.000000002 1885909.0000000002 10.500000000000002
decision_type=2 8 2 2 8 2 2 2 2 2 10 2 10 2 2 2 10 10 2 2 2 2 2 2 2 10 2 2 2 2
left_child=1 -1 5 4 6 24 9 22 13 10 -4 -2 14 20 -10 -7 17 19 -8 27 -6 26 -5 -13 -3 -12 -9 -17 -19 -20
right_child=11 2 3 7 8 15 18 21 12 -11 25 23 -14 -15 -16 16 -18 28 29 -21 -22 -23 -24 -25 -26 -27 -28 -29 -30 -31
leaf_value=0.036779484191558555 0.046846052161774156 0.036779484191558555 0.021440122425762216 0.036779484191558555 0.018399637230078581 0.032623170007115281 0.03571262446290363 0.024738784181127113 -0.0079594654157327926 0.018399637230078581 0.036779484191558555 0.036779484191558555 0.018399637230078581 0.018399637230078581 0.011032247810211754 0.025076242756025435 -0.059635755119071279 0.025738757843457756 0.036779484191558555 -0.016171251020880153 0.0021954502688586604 0.03130077726009689 0.03130077726009689 0.04279809742114811 0.032844166288302813 0.02774330054045477 -0.0094721181444565386 0.014072827466434408 0.029533152586694797 0.022655610869487572
leaf_weight=33759.900446392596 22938.49138173461 37073.168172046542 14089.962172418833 31296.595331430435 2212.0881069451571 19725.031439267099 10983.792519263923 20928.581114329398 3451.467824369669 18668.993848145008 1499.0848428606987 8116.9525333195925 547.87189358472824 7750.2501529231668 1999.4702009856701 6374.9754810407758 57.907299131155014 16189.829227484763 584.15949472784996 261.99252526462078 3579.8875297009945 4007.6485152244568 3083.8704723566771 7570.1500210165977 6872.6549639701843 13534.824174135923 227.98308424651623 2549.3423145599663 4303.9718021154404 4774.5830670408905
leaf_count=67234 21616 57505 36409 50479 5084 43850 28326 70385 16204 85879 2314 12029 1527 26131 9413 19396 401 54384 1153 1396 14109 9094 6570 8694 13919 29256 1069 13712 10784 14313
internal_value=0.0316941 0.0299988 0.0285815 0.0257731 0.0212732 0.0328867 0.0237909 0.0320958 0.0130084 0.0209107 0.0244806 0.0435602 0.00282758 0.0175171 -0.000991583 0.0289088 0.0264431 0.0266151 0.0322103 0.0210412 0.00841272 0.0261706 0.036431 0.0387501 0.0367795 0.0293264 0.0243693 0.0221371 0.0291113 0.025021
internal_weight=309015 270390 236630 143221 83676.4 93408.9 64135.4 59544.7 19541 47792.9 29123.9 38625.6 5998.81 13542.2 5450.94 49463.1 29738 29680.1 16342.5 9186.31 5791.98 25164.2 34380.5 15687.1 43945.8 15033.9 21156.6 8924.32 20493.8 5358.74
internal_count=732635 690296 623062 407715 270118 215347 197650 137597 72468 153858 67979 42339 27144 45324 25617 143923 100073 99672 43792 34504 19193 80548 57049 20723 71424 31570 71454 33108 65168 15466
is_linear=0
shrinkage=0.05


Tree=24
num_leaves=31
num_cat=0
split_feature=10 2 5 5 7 1 6 7 6 10 5 6 8 12 9 10 12 5 5 12 9 4 0 9 0 12 7 6 8 4
split_gain=2334.93 1269.38 807.687 608.965 578.34 404.824 320.348 369.344 233.553 231.014 178.39 178.255 177.703 172.664 156.253 143.359 133.058 127.165 165.462 87.4348 80.7927 72.7054 70.1323 67.9735 81.5972 61.9736 61.9638 60.4652 107.693 75.0654
threshold=15.267857074737551 6.8227274417877206 5320895.5000000009 15089427.500000002 3211691.0000000005 21.500000000000004 13897643.000000002 3211691.0000000005 13897643.000000002 5.0625000000000009 1289243.5000000002 8681399.0000000019 0.010600838810205461 0.059870235621929176 55.500000000000007 21.708333015441898 -0.086166717112064348 5320895.5000000009 12130922.500000002 0.098410379141569151 61.500000000000007 57650.000000000007 0.041494490578770644 32.500000000000007 0.0082305916585028189 -0.080518092960119234 7714069.5000000009 1885909.0000000002 0.047809524461627013 199700.00000000003
decision_type=2 2 2 2 8 2 2 10 2 2 2 2 10 2 2 2 2 2 2 2 2 10 2 2 2 2 10 2 10 10
left_child=1 2 8 -4 -2 -6 7 10 -1 25 20 -5 26 -11 16 19 -12 -18 27 21 -7 -16 -10 -14 -25 -3 -8 29 -29 -19
right_child=4 9 3 11 5 6 12 -9 22 13 14 -13 23 -15 15 -17 17 18 -20 -21 -22 -23 -24 24 -26 -27 -28 28 -30 -31
leaf_value=0.036365287960479824 0.028935944551680449 0.044377508336324104 0.028935944551680449 0.036365287960479824 0.028935944551680449 0.0012337583049982725 0.0081274004378651486 0.025523614687308901 0.028935944551680449 0.036365287960479824 -0.080461489398533259 0.028935944551680449 0.025523614687308901 0.043093839445574933 0.021151701635221492 0.0093859867171818181 0.025523614687308901 0.016579054940903958 0.025391998750003242 0.025523614687308901 -0.048716912446775888 0.014521603286267141 0.036365287960479824 0.01582518128112868 0.025523614687308901 0.051868301685880427 0.01582518128112868 0.01096760524645039 0.025523614687308901 -0.028875356104023878
leaf_weight=48337.349588662386 12717.954671554267 1590.8426486849785 57524.15079241991 31688.439014747739 3619.0525165349245 337.02730679512024 7195.2141295000911 24500.398302897811 8431.0798190832138 14991.808444708586 29.367571890354156 3636.9020298570395 1004.0858397632837 16500.0905585289 8475.076878041029 4433.629400126636 17563.804072983563 14947.466748312116 11386.942978337407 938.77968013286591 104.50472962111235 5198.5713052153587 2314.9206636846066 3077.3713105581701 1240.5024698525667 6045.5619201958179 459.88444168120623 1299.6582276523113 1679.2515996322036 37.832952611148357
leaf_count=73217 33831 1696 134227 48826 6528 1597 38699 65329 17647 20539 122 7231 3134 17149 27920 22985 51143 66475 36058 1748 624 18314 3393 11507 3182 4394 1946 7302 6056 271
internal_value=0.0299478 0.0333834 0.0313141 0.0289359 0.0244885 0.022971 0.0221113 0.0231603 0.0359178 0.0414165 0.02088 0.0355649 0.0147581 0.0395168 0.021092 0.0172675 0.0226428 0.0227108 0.0206737 0.0196572 -0.0107553 0.0182534 0.0289359 0.021775 0.0179766 0.0492382 0.00987533 0.0176805 0.0241956 0.0163823
internal_weight=311308 191061 151933 92849.5 120246 107528 103909 90932.3 59083.4 39128.3 66431.9 35325.3 12977.1 31491.9 65990.4 19046.1 46944.3 46915 29351.2 14612.4 441.532 13673.6 10746 5321.96 4317.87 7636.4 7655.1 17964.2 2978.91 14985.3
internal_count=733090 328319 284541 190284 404771 370940 364412 305944 94257 43778 240615 56057 58468 37688 238394 70967 167427 167305 116162 47982 2221 46234 21040 17823 14689 6090 40645 80104 13358 66746
is_linear=0
shrinkage=0.05


Tree=25
num_leaves=31
num_cat=0
split_feature=0 7 7 6 1 9 4 0 1 4 6 11 3 6 4 8 7 3 9 9 9 2 3 9 9 3 9 2 8 9
split_gain=2190.93 1126.46 983.366 893.653 745.172 665.76 452.756 321.521 243.37 217.84 144.35 138.228 131.876 125.577 263.327 139.172 118.828 115.38 109.013 104.445 142.25 100.203 96.1535 91.2465 96.3911 83.9478 82.6876 68.1334 65.0464 52.9842
threshold=0.091287881135940566 3211691.0000000005 7714069.5000000009 13897643.000000002 21.500000000000004 1.0000000180025095e-35 196600.00000000003 1.0000000180025095e-35 21.500000000000004 17002.200195312504 8681399.0000000019 0.073747340589761748 0.07426562532782556 1885909.0000000002 197600.00000000003 0.65732145309448253 3211691.0000000005 0.0058937692083418378 22.500000000000004 58.500000000000007 68.500000000000014 140.80529785156253 0.093583878129720702 59.500000000000007 66.500000000000014 0.23240856826305392 100.50000000000001 45.018289566040046 0.69240385293960582 111.50000000000001
decision_type=2 8 10 2 2 2 8 2 2 8 2 2 8 2 8 8 10 10 2 2 2 2 10 2 2 8 2 2 8 2
left_child=1 10 3 4 5 9 11 13 21 -3 -1 18 -7 15 -15 17 -8 -6 -5 -19 -21 -2 -22 -18 27 -23 28 -25 -16 -20
right_child=8 2 -4 6 7 12 16 -9 -10 -11 -12 -13 -14 14 26 -17 23 19 29 20 22 25 -24 24 -26 -27 -28 -29 -30 -31
leaf_value=0.033281697825928644 0.038507475649160565 0.033281697825928644 0.033281697825928644 0.027688036549493818 -0.0053803860878932491 0.028122615825677696 -0.0028674693342559763 0.026072928327997038 0.033281697825928644 0.026072928327997038 0.025850608405251715 0.033281697825928644 0.033281697825928644 0.023688902513256508 -0.062988209282679369 0.023688902513256508 0.013651725612494123 0.020060106086469937 0.017773239611721212 0.0067906765967933012 0.0067906765967933012 0.041355373409618049 0.021189594449028088 -0.026989718729124465 0.010513608944252626 0.047981200023734148 -0.063463402109670455 0.017773239611721212 0.016830722275372769 0.027688036549493818
leaf_weight=23952.87768535316 14502.096055224538 8084.8786594122648 9128.9239968955517 3732.9101934172213 491.50471940636635 12721.630560263991 1345.3153524771333 25860.042296230793 6933.3822756111622 36683.291744485497 10203.461943626404 1150.9512975811958 42195.825717508793 10872.424594171345 23.66262199729681 9207.0435230508447 14588.764043346047 36312.128724396229 6610.5684851892292 3608.3121015056968 206.26920489221811 9007.4824443459511 3494.364309579134 385.19968021661043 659.95752049610019 7998.4746379107237 30.354770161211491 35.715712085366249 12840.178262144327 240.98948831483722
leaf_count=40673 16876 12837 15597 8749 2640 23134 6953 57325 10376 83571 26614 1796 68507 29146 131 31137 51084 130620 20232 17231 1095 8719 13009 2513 2788 6550 170 65 42622 555
internal_value=0.0284737 0.0269086 0.0256592 0.0248538 0.0260244 0.0291065 0.0166022 0.0230394 0.0396548 0.0260729 0.0332817 0.0241574 0.0329311 0.0213049 0.0236889 0.0199305 0.0113891 0.0186903 0.0220944 0.0189617 0.0135009 0.0415843 0.0203913 0.0126133 -0.00140179 0.0442033 0.0164757 -0.0200454 0.0166741 0.0182902
internal_weight=313109 274668 240511 231382 202632 99685.6 28750.4 102946 38441.4 44768.2 34156.3 11735.4 54917.5 77086.2 23766.6 53319.6 17015 44112.6 10584.5 43621.1 7308.95 31508.1 3700.63 15669.6 1080.87 17006 12894.2 420.915 12863.8 6851.56
internal_count=733315 690794 623507 607910 513175 188049 94735 325126 42521 96408 67287 31332 91641 267801 72069 195732 63403 164595 29536 161955 31335 32145 14104 56450 5366 15269 42923 2578 42753 20787
is_linear=0
shrinkage=0.05


Tree=26
num_leaves=31
num_cat=0
split_feature=0 7 5 5 5 10 5 10 10 3 4 10 4 3 6 4 6 8 8 6 4 7 7 9 9 7 9 7 1 11
split_gain=2033.21 1294.87 1057.74 1383.39 653.942 458.215 455.355 446.833 418.482 415.5 401.76 275.474 205.001 201.167 200.672 181.836 166.6 177.491 132.197 128.494 119.675 148.829 126.236 118.243 116.718 110.33 109.863 106.52 115.141 140.201
threshold=0.091287881135940566 3211691.0000000005 5320895.5000000009 12130922.500000002 10052930.500000002 14.535714149475099 1289243.5000000002 13.887499809265138 21.050000190734867 0.20257303118705752 39610.000000000007 9.5277776718139666 197600.00000000003 0.0090917046181857603 8681399.0000000019 45977.000000000007 3910147.0000000005 0.81675708293914806 0.24999500066041949 13897643.000000002 71055.500000000015 7714069.5000000009 3211691.0000000005 1.0000000180025095e-35 43.500000000000007 7714069.5000000009 48.500000000000007 7714069.5000000009 21.500000000000004 -0.067965365946292863
decision_type=2 8 2 2 2 2 2 2 2 10 8 2 8 8 2 8 2 10 10 2 8 8 10 2 2 8 2 10 2 2
left_child=1 -1 6 4 7 19 18 10 14 12 -4 -2 -6 -7 -8 -10 17 -11 -3 -5 22 -22 -15 -14 -13 -12 -18 28 -9 -30
right_child=11 2 3 5 9 13 8 27 15 16 25 24 23 20 -16 -17 26 -19 -20 -21 21 -23 -24 -25 -26 -27 -28 -29 29 -31
leaf_value=0.031400083106764613 0.041097507894995403 -0.019496750934372559 0.031400083106764613 0.031400083106764613 0.011975943459300444 -0.026336331034526629 0.031400083106764613 0.020670299529374714 0.026544879666413536 0.015837800180818571 0.020670299529374714 0.036749833656683738 -0.0029959455668825629 0.021688589849547531 0.026544879666413536 0.019173673590329187 0.031400083106764613 0.031400083106764613 0.012697806282536129 0.026642666593920949 0.012950789470559346 0.021688589849547531 0.026642666593920949 0.0073169584882518584 0.031400083106764613 0.026035191318069664 0.015837800180818571 0.020670299529374714 -0.057526357736726701 0.01374281621779095
leaf_weight=34649.855250142515 22555.786926582456 570.42874325066805 9428.8222483992577 29547.372234493494 21310.371180035174 209.71800735220313 58330.453568816185 1100.0654547661543 9558.4924043715 4367.4337128251791 7585.0769655406475 6367.4571829587221 4445.3582592904568 13391.736791603267 10841.719690494239 14917.516749374568 1622.4233139157295 857.40639621019363 717.83835051953793 2898.4521759152412 6424.7690468132496 3554.9851224794984 4187.740956261754 3720.3653807342052 9013.0814675837755 8484.344836935401 1094.9248723313212 554.29917944222689 67.304893091320992 21110.70613804087
leaf_count=67253 21787 2410 16013 46497 71573 1178 104959 2246 27259 15505 17708 7357 17803 41213 25264 53564 3834 1959 2254 6111 21380 11140 9708 16713 13308 16481 3584 1439 255 85304
internal_value=0.0267206 0.0252261 0.0238472 0.0211744 0.0170946 0.0269835 0.027956 0.0209368 0.0283621 0.012131 0.025487 0.037574 0.00939495 0.0222651 0.0303513 0.0227385 0.0222806 0.0170313 -0.00156567 0.0310202 0.0226369 0.0182552 0.0251219 0.00265797 0.0324022 0.0206703 0.0314001 0.0158536 0.0146897 0.0135109
internal_weight=313486 275550 240900 145964 85748.9 60214.8 94936.4 48330.6 93648.2 37418.3 25498.2 37936.3 29476.1 27768.9 69172.2 24476 7942.19 5224.84 1288.27 32445.8 27559.2 9979.75 17579.5 8165.72 15380.5 16069.4 2717.35 22832.4 22278.1 21178
internal_count=733059 690607 623354 407644 270417 137227 215710 139446 211046 130971 50202 42452 106089 84619 130223 80823 24882 17464 4664 52608 83441 32520 50921 34516 20665 34189 7418 89244 87805 85559
is_linear=0
shrinkage=0.05


Tree=27
num_leaves=31
num_cat=0
split_feature=2 7 7 6 10 5 5 4 5 1 5 5 5 5 3 5 5 6 10 11 11 3 6 5 4 9 9 3 11 9
split_gain=2246.62 1261.11 969.629 855.395 777.516 600.215 472.335 436.329 375.742 233.053 206.658 158.322 155.008 153.981 198.849 147.944 160.968 143.846 152.173 139.201 121.119 116.573 107.717 100.335 98.6895 93.6888 91.6748 89.7814 110.594 84.1429
threshold=76.160396575927749 3211691.0000000005 7714069.5000000009 13897643.000000002 16.763889312744144 5320895.5000000009 15089427.500000002 196600.00000000003 5320895.5000000009 20.500000000000004 5320895.5000000009 1289243.5000000002 12130922.500000002 12130922.500000002 0.017895999364554886 5320895.5000000009 13439690.500000002 8681399.0000000019 20.535714149475101 -0.052248043939471238 0.07006461545825006 0.0090917046181857603 1885909.0000000002 1289243.5000000002 65007.000000000007 23.500000000000004 33.500000000000007 0.16837699711322787 -0.0090220384299755079 59.500000000000007
decision_type=2 8 10 2 2 2 2 8 2 2 2 2 2 2 10 2 2 2 2 2 2 8 2 2 10 2 2 10 2 2
left_child=1 17 3 4 5 23 -7 20 11 15 21 -9 19 22 26 -2 -17 -1 -19 -10 -5 -6 -12 -3 -8 -21 -15 28 -24 -13
right_child=9 2 -4 7 10 6 24 8 12 -11 13 29 -14 14 -16 16 -18 18 -20 25 -22 -23 27 -25 -26 -27 -28 -29 -30 -31
leaf_value=0.030718631893708694 0.045406531371923957 0.02225500094619759 0.030718631893708694 0.01947886546368089 -0.0039995758297231565 0.02225500094619759 0.029804981154013956 -0.045023407859287295 -0.046680909002131121 0.030718631893708694 0.012299248200290653 0.01517239663754974 0.010476123906042092 0.016316559727498976 0.02225500094619759 0.035394315818127312 0.044581798041382792 0.026849254094324621 0.012226956536998051 -0.0067723327906325723 0.030718631893708694 0.02225500094619759 -0.01290077734820076 0.030416907233972237 0.02225500094619759 0.0065873315969006228 0.0020576362957097807 0.02225500094619759 0.016830270312310828 -0.0055784649340621627
leaf_weight=25308.958755165339 8546.3310472071171 594.21057339012623 9542.4664389565587 10658.07945471257 423.6136250346899 51430.394776031375 25490.519606113434 110.2039212808013 176.1332014799118 8838.0765945613384 18368.908307306468 8381.6086346954107 3251.274266935885 3145.1073514446616 16414.036981597543 10667.716882973909 5440.6780821681023 8754.594562150538 2239.4266193434596 3511.7527314014733 1197.5980758368969 33333.310590542853 333.532486140728 44600.922765746713 2940.7728022634983 2092.6868439093232 1757.326084703207 2000.4467819333076 4723.9720789641142 557.3151251450181
leaf_count=41784 7330 1464 15999 29345 1854 118384 40880 595 632 13978 84423 25066 10683 9422 50166 12621 4744 18193 9003 15975 1828 96563 1281 70677 5539 9491 6154 6568 20115 2692
internal_value=0.0253263 0.0238686 0.0225487 0.0217881 0.0229382 0.0254058 0.0227985 0.0138901 0.00900049 0.0375686 0.0191042 0.0151724 0.00174548 0.0169494 0.0200851 0.04007 0.0372334 0.0307186 0.0238735 -0.00316699 0.0213443 0.0220868 0.0143192 0.0300119 0.0287661 -0.00178329 0.0112082 0.0195713 0.0148652 0.0151724
internal_weight=314832 281339 245036 235494 205557 125057 79861.7 29936.7 18081 33492.8 80500.3 9049.13 9031.85 46743.3 21316.5 24654.7 16108.4 36303 10994 5780.57 11855.7 33756.9 25426.9 45195.1 28431.3 5604.44 4902.43 7057.95 5057.5 8938.92
internal_count=733449 694776 625796 609797 513490 236944 164803 96307 65134 38673 276546 28353 36781 178129 65742 24695 17365 68980 27196 26098 31173 98417 112387 72141 46419 25466 15576 27964 21396 27758
is_linear=0
shrinkage=0.05


Tree=28
num_leaves=31
num_cat=0
split_feature=0 6 6 8 10 3 10 4 5 5 5 10 5 5 5 5 11 5 4 5 5 4 4 11 10 3 3 3 8 3
split_gain=1822.53 801.801 1044.56 666.327 469.02 370.289 319.905 287.773 217.877 797.957 279.575 189.785 188.041 314.279 175.415 152.375 132.467 121.044 117.183 101.311 113.718 95.6512 88.3744 155.601 86.6482 272.282 71.4422 64.8007 64.6901 89.3576
threshold=0.045663053169846542 13897643.000000002 1885909.0000000002 0.79174411296844494 10.775000095367433 0.13718944042921069 18.366666793823246 inf 5320895.5000000009 13439690.500000002 10052930.500000002 5.0625000000000009 5320895.5000000009 12130922.500000002 5320895.5000000009 1289243.5000000002 0.24371013045310977 5320895.5000000009 58060.000000000007 5320895.5000000009 12130922.500000002 132600.00000000003 45977.000000000007 -0.024951900355517861 11.354166507720949 0.0209591668099165 0.033762389793992049 0.1956100016832352 0.30567033588886267 0.0090917046181857603
decision_type=2 2 2 8 2 10 2 8 2 2 2 2 2 2 2 2 2 2 8 2 2 10 10 2 2 8 10 10 10 10
left_child=1 2 3 6 11 14 12 -4 -9 10 -10 27 -1 -14 15 -3 -6 -13 -16 22 -21 26 -8 -24 -17 -26 -22 -2 29 -25
right_child=4 5 7 -5 16 -7 19 8 9 -11 -12 17 13 -15 18 24 -18 -19 -20 20 21 -23 23 28 25 -27 -28 -29 -30 -31
leaf_value=0.022849089665673367 0.038727615028582796 -0.030927478605303094 0.026879137944640266 0.026879137944640266 0.026879137944640266 0.025957531192404334 0.017990466669941918 0.025111656908926402 0.017317658771435009 0.025111656908926402 0.0032512514783030336 0.036805713257091761 0.017990466669941918 0.022849089665673367 0.019482266939766194 0.019482266939766194 0.031124571355506905 0.031124571355506905 0.0075045520741318754 0.0098361183586026055 0.0027507462011958418 -0.012348844759461569 -0.074151059764978627 -0.03049116534991498 -0.059101954836187402 0.014978342542714539 0.017990466669941918 0.048027309374423316 0.015285625670378045 0.0095011802301940042
leaf_weight=26409.162247046828 8946.7820625305176 163.00370944291353 32565.262359395623 15174.574828475714 16611.270051032305 6732.6175783574581 8645.3023622706532 25806.873450413346 8387.6570153981447 18889.570940122008 6103.2766680046916 9173.7115008533001 27262.122220665216 16944.989376455545 2380.546489931643 5552.4956491291523 9500.4482854902744 15404.465486809611 13376.273518849164 12620.132417544723 527.23682729899883 268.29847133159637 49.407951891422272 56.728898897767067 123.82765655592084 9081.8574640005827 8995.5859227180481 2428.7624054700136 3174.4950347989798 4307.5315520092845
leaf_count=51191 8989 852 64012 32282 28107 17574 25491 50378 20935 36949 24433 9282 73477 33045 6177 11183 12581 19178 50503 61061 2221 1220 220 419 627 32050 29932 1826 11007 15910
internal_value=0.0239789 0.022099 0.0232687 0.0202727 0.0316593 0.0153389 0.018819 0.0268791 0.0233442 0.0204326 0.0113944 0.03537 0.020821 0.0186985 0.013007 0.0168927 0.0268791 0.0328902 0.00932573 0.0151599 0.0129761 0.0170205 0.0179905 0.0125808 0.017425 0.0139693 0.0178503 0.0407213 0.0131687 0.00858591
internal_weight=315664 253599 216188 124436 62065.4 37410.6 109261 91752.6 59187.4 33380.5 14490.9 35953.7 70616.3 44207.1 30678 14921.2 26111.7 24578.2 15756.8 38644.7 22411.3 9791.12 16233.5 7588.16 14758.2 9205.69 9522.82 11375.5 7538.76 4364.26
internal_count=733112 653149 534183 337476 79963 118966 305194 196707 132695 82317 45368 39275 157713 106522 101392 44712 40688 28460 56680 147481 94434 33373 53047 27556 43860 32677 32153 10815 27336 16329
is_linear=0
shrinkage=0.05


Tree=29
num_leaves=31
num_cat=0
split_feature=0 1 5 5 6 6 10 10 3 3 6 10 5 4 5 5 10 8 3 5 11 6 5 4 3 11 4 4 1 8
split_gain=1787.43 728.459 586.912 620.563 339.308 407.969 328.455 219.712 175.146 138.994 135.28 95.7841 95.4917 89.3526 100.376 72.3364 61.5963 76.7668 57.3744 64.2208 52.716 50.3385 48.255 44.4706 39.5449 38.5182 34.8967 32.5402 30.9242 29.6847
threshold=0.091287881135940566 21.500000000000004 5320895.5000000009 15089427.500000002 1885909.0000000002 8681399.0000000019 9.5277776718139666 15.354166507720949 0.013957562390714886 0.13272240757942202 13897643.000000002 5.0625000000000009 5320895.5000000009 45977.000000000007 5320895.5000000009 12130922.500000002 21.708333015441898 0.2400607839226723 0.0090917046181857603 5320895.5000000009 0.25127005577087408 8681399.0000000019 12130922.500000002 56050.000000000007 0.17979500442743304 -0.016569317318499085 97002.000000000015 79040.000000000015 5.5000000000000009 0.32859666645526892
decision_type=2 2 2 2 2 2 2 2 8 10 2 2 2 10 2 2 2 10 8 2 2 2 2 8 10 2 8 10 2 10
left_child=1 2 10 -4 7 -6 11 -3 -9 18 -1 24 -8 14 -10 -16 27 22 19 29 -13 -5 -18 -20 28 -11 -23 -15 -2 -7
right_child=6 4 3 21 5 9 12 8 13 25 -12 20 -14 16 15 -17 17 -19 23 -21 -22 26 -24 -25 -26 -27 -28 -29 -30 -31
leaf_value=0.027405477295574389 0.04307779848327091 0.021538730805564649 0.021538730805564649 0.027405477295574389 0.021538730805564649 -0.05897165324535486 0.032358633253241599 -0.0060559508005002304 0.018453538801237325 0.016445401915281651 0.021538730805564649 0.032358633253241599 0.027405477295574389 0.015410004865335586 0.015410004865335586 0.018453538801237325 0.0048254058516555365 0.013148415619195495 0.016445401915281651 -0.061308704308364825 0.037715055186897502 0.027405477295574389 0.0097694899218601621 0.011124333010905289 0.046974798785789688 0.021538730805564649 0.021538730805564649 0.013148415619195495 0.037764194335698179 -0.0037478656547732811
leaf_weight=44490.219462633133 1972.3976012170315 13818.285988643765 54351.357442989945 29787.167752847075 42913.120066538453 27.548338741064072 5829.5244160294533 938.15228215605021 13418.806914165616 922.75780707597733 9660.3801439553499 6509.812505453825 9367.7144885510206 9008.5403520911932 12103.752621226013 8673.7901179045439 4059.5580033063889 6715.9814013615251 1565.7679849267006 57.415206164121628 6541.3537253588438 947.1459504365921 1526.418243855238 13125.985580272973 2242.2637974023819 5080.7772170230746 2453.8005482256413 3919.1433526277542 4757.8366672992706 54.977177768945694
leaf_count=67015 1563 27866 124934 45441 109036 198 6867 4658 37037 2455 18960 7542 13829 27605 51337 25894 18549 27769 4584 410 6144 1469 5539 57799 1619 14205 5061 12772 4662 170
internal_value=0.0229437 0.0215732 0.0240916 0.0215387 0.0189858 0.0215387 0.0332377 0.0166844 0.0153683 0.0145359 0.0274055 0.0371428 0.0275745 0.0157068 0.0173734 0.01541 0.0134466 0.0108868 0.0119347 -0.0197348 0.0343898 0.0274055 0.00639056 0.012239 0.0411386 0.0209561 0.0215387 0.01541 0.0391808 -0.00374787
internal_weight=316842 279621 141690 87539.5 137931 63748.3 37220.9 74182.4 60364.1 20835.2 54150.6 22023.7 15197.2 59426 34196.3 20777.5 25229.6 12302 14831.7 139.941 13051.2 33188.1 5585.98 14691.8 8972.5 6003.54 3400.95 12927.7 6730.23 82.5255
internal_count=732989 690763 262880 176905 427883 188857 42226 239026 211160 79821 85975 21530 20696 206502 114268 77231 92234 51857 63161 778 13686 51971 24088 62383 7844 16660 6530 40377 6225 368
is_linear=0
shrinkage=0.05


Tree=30
num_leaves=31
num_cat=0
split_feature=0 7 5 5 15 10 10 6 7 6 8 10 5 6 5 10 9 3 3 9 6 6 5 12 9 10 11 6 9 5
split_gain=1578.72 867.852 655.051 921.557 483.144 433.287 422.097 417.297 387.948 378.847 305.314 277.717 240.532 177.14 167.715 162.574 167.869 159.213 154.515 131.052 161.999 130.174 126.773 108.45 103.243 283.235 101.244 93.8767 80.9849 77.0132
threshold=0.045663053169846542 3211691.0000000005 5320895.5000000009 12130922.500000002 1.0000000180025095e-35 17.267857551574711 10.949999809265138 3910147.0000000005 7714069.5000000009 1885909.0000000002 0.79789990186691295 15.354166507720949 10052930.500000002 13897643.000000002 5320895.5000000009 17.774999618530277 71.500000000000014 0.11068189144134523 0.17261101305484775 34.500000000000007 1885909.0000000002 13897643.000000002 12130922.500000002 0.080915343016386046 1.0000000180025095e-35 10.050000190734865 0.15267312526702884 8681399.0000000019 43.500000000000007 1289243.5000000002
decision_type=2 8 2 2 2 2 2 2 10 2 10 2 2 2 2 2 2 10 10 2 2 2 2 2 2 2 2 2 2 2
left_child=1 -1 5 4 7 27 14 -4 24 10 12 -5 15 19 -2 -6 -17 29 -14 -7 28 -11 -16 -8 -9 -26 -24 -3 -21 -15
right_child=6 2 3 11 9 13 23 8 -10 21 -12 -13 18 17 22 16 -18 -19 -20 20 -22 -23 26 -25 25 -27 -28 -29 -30 -31
leaf_value=0.024645413463180825 0.037119693953327398 0.024645413463180825 0.024645413463180825 0.024645413463180825 0.018215922788410811 0.021196406138876665 0.024645413463180825 -0.0030283580035439443 0.024645413463180825 0.024645413463180825 0.024645413463180825 0.017806490044169627 0.0047617799336300715 -0.056891538997383355 0.028636662275644178 0.011903939315733702 -0.01164734664146218 0.021196406138876665 0.015140206548626798 -0.069139090623002497 0.021196406138876665 0.015497302611968015 0.028636662275644178 0.028636662275644178 0.024645413463180825 0.002070239298237945 0.039798287426605822 0.021196406138876665 0.01251965196654962 0.0038851594218599797
leaf_weight=32446.978138402104 13183.434381619096 46618.185377448797 1821.3649744689465 30669.072165608406 15045.509432464838 13924.149604290724 13696.68630951643 7116.2579734623432 1417.8679290264845 10056.659223906696 4548.0893660858274 25787.49675000459 13409.420010834932 50.96142066270113 14583.995460271835 6371.5907534882426 856.93390369415283 1130.385878495872 4895.3240615725517 28.494803532958031 3975.0367832034826 4822.5436440296471 3097.1386178433895 12363.687512800097 737.10966818034649 7564.7666782066226 4941.0989354252815 8982.2920649200678 10666.53654742986 3309.8847609572113
leaf_count=64028 12777 80696 5307 51589 35650 36119 23267 24758 3134 25910 10537 78847 47938 415 18648 29103 4344 3254 17662 131 9948 14202 3807 17305 1312 34186 4333 20074 37752 16204
internal_value=0.0219263 0.0201953 0.0189556 0.0167634 0.0132646 0.022295 0.0290955 0.0062363 0.00372691 0.0154496 0.0131672 0.0216379 0.0117864 0.0177474 0.0326279 0.0152762 0.00910951 0.00851069 0.00753868 0.0191975 0.0157029 0.0223691 0.0300072 0.0246454 0.00139043 0.00517797 0.035338 0.0246454 0.0122892 0.0029303
internal_weight=318119 256253 223806 135120 78663.4 88685.9 61866 18657.4 16836 60006.1 45126.9 56456.6 40578.8 33085.4 35805.7 22274 7228.52 4491.23 18304.7 28594.2 14670.1 14879.2 22622.2 26060.4 15418.1 8301.88 8038.24 55600.5 10695 3360.85
internal_count=733237 653100 589072 384479 254043 204593 80137 68697 63390 185346 145234 130436 134697 103823 39565 69097 33447 19873 65600 83950 47831 40112 26788 40572 60256 35498 8140 100770 37883 16619
is_linear=0
shrinkage=0.05


Tree=31
num_leaves=31
num_cat=0
split_feature=0 7 6 5 10 5 5 8 8 5 3 10 10 5 9 9 8 5 9 8 5 9 7 7 5 15 9 0 9 8
split_gain=1542.46 868.714 1017.45 433.293 418.036 374.362 367.684 345.941 290.619 242.193 366.799 357.161 200.126 140.033 133.665 127.989 128.968 127.301 127.215 117.488 107.538 257.018 123.618 124.608 159.68 120.135 100.022 94.5975 96.0386 94.3232
threshold=0.046620300039649017 1.0000000180025095e-35 13897643.000000002 5320895.5000000009 5.0625000000000009 5320895.5000000009 12130922.500000002 0.40629123151302343 0.18286825716495517 10052930.500000002 0.1907056346535683 13.887499809265138 15.354166507720949 13439690.500000002 44.500000000000007 1.0000000180025095e-35 0.2942016869783402 1289243.5000000002 108.50000000000001 0.11111180484294893 5320895.5000000009 100.50000000000001 7714069.5000000009 3211691.0000000005 13439690.500000002 1.0000000180025095e-35 40.500000000000007 0.0091326101683080214 88.500000000000014 0.65017482638359081
decision_type=2 10 2 2 2 2 2 8 10 2 10 2 2 2 2 2 10 2 2 10 2 2 10 10 2 2 2 2 2 8
left_child=1 3 -3 7 -2 -6 9 18 17 11 15 -5 -8 -7 -12 16 -11 26 27 -20 21 -19 23 -22 25 -25 -4 28 -1 -13
right_child=4 2 8 6 5 13 12 -9 -10 10 14 29 -14 -15 -16 -17 -18 20 19 -21 22 -23 -24 24 -26 -27 -28 -29 -30 -31
leaf_value=0.01546695265420916 0.036624144857701796 0.023453228086184014 -0.071056235505644647 0.02199336519534615 0.031270838090511698 0.023453228086184014 0.022623971133927601 0.023453228086184014 0.02271910665372489 -0.0018176140106132368 0.023453228086184014 0.0079836196478605091 0.014630038969606405 0.029412747743976831 0.012863175917916612 0.0095700477674238796 0.0090013687465388369 0.016042992151854979 -0.056308279416285884 0.0042879142910899389 0.015124990649349794 -0.068583103716046284 0.017470581152348241 -0.0059285809840976048 0.01221211394454866 0.012909400550692236 0.012356662089941788 0.019898420723398768 -0.017330299336947304 0.016068041048278227
leaf_weight=21713.71391595155 11158.298067569733 80287.874158538878 79.787856161594391 12173.396129354835 18865.884280875325 20665.151743084192 16236.482827723026 21385.833310469985 8701.8257786594331 6702.9520919919014 4709.4020582288504 10770.471789784729 15157.794355280697 10668.721129029989 2972.4079782143235 15947.403148636222 4673.5615762919188 13989.750549450517 104.20470836758614 323.10618983209133 3739.4228884503245 88.368184275925159 873.42858926951885 3785.4925522431731 3555.9408861473203 1087.8997081108391 63.194469638168812 4864.7629272639751 223.96124175190926 2549.9019110575318
leaf_count=56907 10823 154795 453 23109 22579 32984 27808 45315 21235 24407 14081 44000 47896 13393 10521 61432 12563 41049 508 1036 10585 499 2293 17515 11422 3308 358 9385 793 9191
internal_value=0.020743 0.0190407 0.0222385 0.0163948 0.0278657 0.0259175 0.0143745 0.0202127 0.014763 0.0120954 0.00939464 0.0158027 0.0187655 0.0234532 0.0190464 0.00667996 0.00262771 0.0122221 0.0163436 -0.0106826 0.0124711 0.0155021 0.00919735 0.00753071 0.00415895 -0.00171976 -0.034528 0.0167753 0.0151306 0.0101427
internal_weight=318120 256762 116253 140509 61358.1 50199.8 91893.8 48615.6 35965.1 60499.5 35005.7 25493.8 31394.3 31333.9 7681.81 27323.9 11376.5 27263.3 27229.7 427.311 27120.3 14078.1 13042.2 12168.8 8429.33 4873.39 142.982 26802.4 21937.7 13320.4
internal_count=732243 652464 263512 388952 79779 68956 275008 113944 108717 199304 123004 76300 75704 46377 24602 98402 36970 87482 68629 1544 86671 41548 45123 42830 32245 20823 811 67085 57700 53191
is_linear=0
shrinkage=0.05


Tree=32
num_leaves=31
num_cat=0
split_feature=0 7 4 10 10 8 0 9 11 7 7 7 4 9 4 9 4 12 10 10 9 9 3 9 10 9 8 7 12 9
split_gain=1507.98 708.577 615.752 425.18 374.098 372.709 188.273 168.578 161.52 145.594 213.318 126.621 126.26 131.716 113.122 117.965 106.312 91.2071 90.4546 87.4617 74.3191 63.3007 58.3062 57.1599 55.9972 48.9751 47.5297 40.3796 37.2552 34.9809
threshold=0.045663053169846542 1.0000000180025095e-35 198800.00000000003 21.633333206176761 10.949999809265138 0.79789990186691295 0.0082305916585028189 1.0000000180025095e-35 0.52484878897666942 7714069.5000000009 3211691.0000000005 7714069.5000000009 199700.00000000003 43.500000000000007 26040.000000000004 1.0000000180025095e-35 59020.000000000007 0.098410379141569151 15.354166507720949 5.5357143878936776 43.500000000000007 64.500000000000014 0.0090917046181857603 32.500000000000007 15.354166507720949 33.500000000000007 0.29138357937335974 3211691.0000000005 -0.10753119364380835 43.500000000000007
decision_type=2 10 8 2 2 10 2 2 2 10 10 10 10 2 8 2 8 2 2 2 2 2 8 2 2 2 10 10 2 2
left_child=1 5 -3 7 8 6 12 11 19 10 29 27 14 -14 -1 16 -16 -6 -17 28 -10 -12 -20 -7 -8 -24 -21 -4 -2 -5
right_child=4 2 3 9 17 23 24 -9 20 -11 21 -13 13 -15 15 18 -18 -19 22 26 -22 -23 25 -25 -26 -27 -28 -29 -30 -31
leaf_value=0.01602575928211411 0.029618021336185563 0.022120243241138586 0.01951095205835722 0.015417945892457031 0.022120243241138586 0.022120243241138586 0.018353147660244002 0.019709024028395097 0.034575595971629847 0.015417945892457031 0.0065157696778408132 0.019709024028395097 -0.05466154959275752 -0.0018143143352693806 0.012944707144402124 0.014475022544490873 0.0057587037401796715 0.025992452708509046 -0.0018143143352693806 0.025992452708509046 0.048694891524484196 -0.01080663926234169 0.01328794197487463 0.018353147660244002 0.01602575928211411 0.010842414986235182 0.029618021336185563 0.015417945892457031 0.033448075957696957 0.0064961262652702169
leaf_weight=21811.506937861443 2676.5764857232571 38959.474657882005 8854.7159502059221 4610.4718724042177 14946.614116728306 8674.7095435261726 13314.550366058946 28102.489419505 3517.4913986772299 1411.9850213080645 13188.491229709238 3442.2959733903408 144.28351452946663 179.04030753672123 11214.461248829961 20970.415507659316 9521.8112335652113 11069.291318148375 584.38532098382711 12223.513783171773 1293.1950712800026 547.59953112155199 15118.616751022637 2649.1055282875896 9686.9529834240675 27165.358274497092 8670.6844043880701 15572.998062595725 6677.6552361994982 1388.0944536626339
leaf_count=54693 3198 77532 15859 12581 24989 15089 24148 57220 3245 3669 50007 5417 663 802 25268 43374 28410 15512 3112 15501 820 3274 54339 7826 26952 104464 9969 33031 6649 4991
internal_value=0.0194277 0.0177498 0.0206434 0.0172978 0.0264907 0.015368 0.0145861 0.01958 0.0298647 0.0112559 0.00933289 0.0158126 0.0136984 -0.0174219 0.0137933 0.0129243 0.00964587 0.0221202 0.0139889 0.0285064 0.0383898 0.00582373 0.0121009 0.0221202 0.0183531 0.0123192 0.0266989 0.0154179 0.0325371 0.0154179
internal_weight=318189 257114 116079 77119.1 61075 141035 129711 55972.5 35059.1 21146.6 19734.7 27870 106710 323.324 106387 84575 20736.3 26015.9 63838.8 30248.4 4810.69 13736.1 42868.4 11323.8 23001.5 42284 20894.2 24427.7 9354.23 5998.57
internal_count=732604 652721 263581 186049 79883 389140 366225 111527 39382 74522 70853 54307 315125 1465 313660 258967 53678 40501 205289 35317 4065 53281 161915 22915 51100 158803 25470 48890 9847 17572
is_linear=0
shrinkage=0.05


Tree=33
num_leaves=31
num_cat=0
split_feature=1 9 9 10 7 3 7 9 12 10 4 7 12 10 8 5 9 6 12 5 12 10 2 10 9 6 9 9 10 5
split_gain=1223.56 1069.82 1500.43 702.519 292.982 292.618 407.632 245.4 293.599 215.157 211.76 199.806 190.269 118.798 89.215 86.8819 187.434 80.1557 108.228 76.3128 70.9233 81.5543 64.827 58.3603 101.375 56.7251 69.9524 92.6639 58.6182 55.8635
threshold=21.500000000000004 1.0000000180025095e-35 11.500000000000002 10.949999809265138 3211691.0000000005 0.013957562390714886 3211691.0000000005 12.500000000000002 -0.022943723015487191 14.535714149475099 17650.000000000004 7714069.5000000009 -0.048351157456636422 7.9444444179534921 0.76583588123321544 5320895.5000000009 43.500000000000007 13897643.000000002 -0.074646510183811174 5320895.5000000009 -0.074646510183811174 12.22499990463257 25.008620262146 17.354166984558109 53.500000000000007 13897643.000000002 63.500000000000007 66.500000000000014 13.348484516143801 15089427.500000002
decision_type=2 2 2 2 8 10 10 2 2 2 8 8 2 2 8 2 2 2 2 2 2 2 2 2 2 2 2 2 2 2
left_child=1 10 14 12 -2 11 9 -5 -9 -7 -1 15 19 -14 -3 17 -17 -6 -19 -4 21 -18 25 -20 -25 28 -27 -28 -22 -30
right_child=4 2 3 7 5 6 -8 8 -10 -11 -12 -13 13 -15 -16 16 20 18 23 -21 22 -23 -24 24 -26 26 27 -29 29 -31
leaf_value=0.028508320637808407 0.018873495049161068 0.041963014646727116 0.028397599400057223 0.018873495049161068 0.013324340107435391 0.018873495049161068 0.018873495049161068 0.018873495049161068 0.024691875983114515 0.013324340107435391 0.018873495049161068 0.013324340107435391 0.035048840683235376 0.028397599400057223 0.058059377497117204 0.0097923755157219173 -0.024046046409998773 -0.084939295219878919 0.013324340107435391 0.024691875983114515 0.0042556179663969101 -0.087100155992676134 0.013324340107435391 0.0053368083115309418 -0.021897063841422249 0.0042556179663969101 -0.024046046409998773 0.0042556179663969101 -0.023525642755576948 -0.006182371286518917
leaf_weight=8969.4542737901211 14957.654687903821 1212.0380073934793 6696.8966733813286 24114.135791301727 7921.5605336874723 11735.560587614775 21014.52244015038 11767.322491571307 22532.179041191936 69998.107663720846 57700.923556149006 7595.6094009354711 13114.82814027369 11411.422841280699 3237.4451648294926 6323.4636512622237 37.146519333124161 31.262664079666138 1410.0746378302574 11332.708233729005 197.1629745811224 60.989850386977196 402.9420927464962 2321.8625391572714 398.61809748411179 1161.9676180258393 186.6550474986434 315.21182565018535 785.20392335951328 1136.9508931338787
leaf_count=13607 35844 1371 7802 46325 20108 20128 47487 21019 34680 229137 123637 27451 12743 14186 2489 23240 58 128 4156 16469 332 252 752 11478 2543 5832 1246 1324 3204 3587
internal_value=0.019107 0.021974 0.0252821 0.0240289 0.015773 0.0148479 0.0161213 0.0204675 0.0235887 0.0141832 0.0188735 0.0105274 0.0289162 0.0317863 0.0536956 0.00762622 0.00432289 0.0105249 0.00490073 0.0250089 -0.00375079 -0.0453374 -0.00275467 0.00562147 0.00133321 -0.0048131 0.00209595 -0.0147856 -0.0102341 -0.0132842
internal_weight=320082 172089 105419 100969 147993 133035 102748 58413.6 34299.5 81733.7 66670.4 30286.7 42555.9 24526.3 4449.48 22691.1 10607.7 12083.4 4161.82 18029.6 4284.23 98.1364 4186.09 4130.56 2720.48 3783.15 1663.83 501.867 2119.32 1922.15
internal_count=732615 294328 157084 153224 438287 402443 296752 102024 55699 249265 137244 105691 51200 26929 3860 78240 39827 38413 18305 24271 16587 310 16277 18177 14021 15525 8402 2570 7123 6791
is_linear=0
shrinkage=0.05


Tree=34
num_leaves=31
num_cat=0
split_feature=2 10 9 10 10 6 7 4 9 7 9 9 10 11 7 8 4 4 9 3 9 9 7 10 8 3 9 10 3 8
split_gain=1572.31 691.694 491.822 359.604 278.003 253.958 330.827 189.857 166.921 176.387 151.328 137.912 138.857 114.607 114.442 119.683 108.822 90.1953 87.6296 81.9393 76.8409 84.0009 75.2947 74.2382 90.9927 62.9688 57.8479 57.247 54.2863 174.409
threshold=6.8227274417877206 15.267857074737551 1.0000000180025095e-35 11.759615421295168 12.035714149475099 8681399.0000000019 1.0000000180025095e-35 27670.000000000004 42.500000000000007 7714069.5000000009 23.500000000000004 41.500000000000007 18.683333396911625 0.52484878897666942 1.0000000180025095e-35 0.38471275568008428 26040.000000000004 77040.000000000015 43.500000000000007 0.10327889770269395 125.50000000000001 77.500000000000014 1.0000000180025095e-35 19.535714149475101 0.10724142938852312 0.29996180534362799 154.50000000000003 15.612500190734865 0.062580697238445296 0.4167881458997727
decision_type=2 2 2 2 2 2 10 8 2 8 2 2 2 2 10 10 10 10 2 8 2 2 10 2 10 10 2 2 8 10
left_child=1 2 7 -4 13 6 11 -1 14 20 -5 16 -13 22 15 -7 -3 -16 -6 -11 21 -10 25 -23 -25 -2 28 -22 29 -14
right_child=4 5 3 10 18 8 -8 -9 9 19 -12 12 26 -15 17 -17 -18 -19 -20 -21 27 23 -24 24 -26 -27 -28 -29 -30 -31
leaf_value=0.020935990761925934 0.025010209855202283 0.015562157048215021 0.020935990761925934 0.015562157048215021 0.025010209855202283 -0.02806705961615015 0.015562157048215021 0.015562157048215021 -0.0018206907148335797 -0.064208934332667097 0.018931936149357214 0.012899420272435558 -0.020628851563481144 0.035879238358212343 0.014434508989471899 0.015562157048215021 0.011492084084889128 -0.014196891358897007 0.020935990761925934 0.015562157048215021 0.015562157048215021 0.015562157048215021 0.031288336174264353 -0.03505010246340759 0.0044982621383850233 0.031714942056043985 -0.062851862647798087 -0.067197280018455249 0.0074909826879833484 0.0025941268134008605
leaf_weight=13803.181640565395 10997.175522118807 10975.431351706386 30431.088520586491 27395.056072995067 3566.0074752271175 340.35845280438662 34188.828704930842 52551.173506051302 6501.6069731526077 46.918945007026196 29217.166789963841 15960.184679985046 874.81302586197853 5089.2672599852085 8595.5198149271309 125.9074235111475 21657.05589056015 282.63432908058167 13162.628557682037 808.41063880175352 10.329495564103125 1006.1089934483171 8474.2053270787001 176.89548862725496 248.22338851168752 3119.3556375801563 27.937991425395012 67.04330987110734 18085.141322135925 659.31138581782579
leaf_count=23998 13570 33531 41481 52711 4836 2376 83053 113538 27358 273 52704 45703 4708 4417 33354 388 71739 1095 24047 2999 13 3119 8801 1145 845 3297 152 372 74263 2738
internal_value=0.0172793 0.0158648 0.0180927 0.0206036 0.0260072 0.0130316 0.013999 0.0155622 0.0075895 0.00267388 0.0169279 0.0115879 0.009435 0.0290844 0.0122516 -0.0118548 0.0139364 0.01352 0.020936 0.0155622 0.000104552 0.000594195 0.0275506 0.0115515 -0.00656563 0.0253028 0.00661968 -0.0488473 0.00672501 -0.00230273
internal_weight=318445 274036 153398 87043.3 44408.6 120639 102429 66354.4 18210 8865.54 56612.2 68239.9 35607.4 27680 9344.42 466.266 32632.5 8878.15 16728.6 855.33 8010.21 7932.83 22590.7 1431.23 425.119 14116.5 19647.2 77.3728 19619.3 1534.12
internal_count=732624 673656 284432 146896 58968 389224 315887 137536 73337 36124 105415 232834 127564 30085 37213 2764 105270 34449 28883 3272 32852 32467 25668 5109 1990 16867 81861 385 81709 7446
is_linear=0
shrinkage=0.05


Tree=35
num_leaves=31
num_cat=0
split_feature=2 6 7 4 1 6 3 0 8 4 9 7 7 4 9 0 4 4 3 4 9 7 10 4 11 3 10 9 11 3
split_gain=1378.12 971.307 1329.84 344.037 315.012 313.718 306.314 253.549 223.427 202.714 184.015 182.207 164.035 150.936 103.11 98.2013 95.1761 95.0459 90.9242 69.9278 91.0503 98.3514 68.9126 215.417 68.8688 60.3525 82.3934 58.8685 56.8306 53.4251
threshold=6.8227274417877206 13897643.000000002 1.0000000180025095e-35 8010.0000000000009 21.500000000000004 3910147.0000000005 0.13366881757974627 0.016438479535281662 0.2400607839226723 29679.900390625004 13.500000000000002 1.0000000180025095e-35 1.0000000180025095e-35 71620.000000000015 43.500000000000007 0.17902930825948718 199700.00000000003 27005.600585937504 0.0090917046181857603 inf 23.500000000000004 7714069.5000000009 21.774999618530277 197600.00000000003 -0.051346169784665101 0.0058937692083418378 19.414285659790043 48.500000000000007 -0.012615652289241551 0.20443229377269748
decision_type=2 2 10 8 2 2 10 2 10 10 2 10 10 10 2 2 10 10 8 8 2 10 2 8 2 10 2 2 2 10
left_child=1 2 3 -1 11 7 12 9 10 -5 -7 15 17 24 19 -2 25 -3 -18 -14 21 -21 -4 -24 -12 -11 -27 -10 -8 -17
right_child=4 6 22 5 -6 8 28 -9 27 16 13 -13 14 -15 -16 29 18 -19 -20 20 -22 -23 23 -25 -26 26 -28 -29 -30 -31
leaf_value=0.020270734448733438 0.024203629329096032 -0.0022211660797816224 0.020270734448733438 0.014703193651109253 0.020270734448733438 -0.0051405333373707807 0.012043307426434982 0.016712228637223252 0.016712228637223252 0.008462148505141643 -0.012664117177771113 0.03305814544383414 0.012043307426434982 -0.033956096035007509 0.0021007008077226137 0.027034417202847529 -0.080018794229901324 -0.030147399138560418 -0.0046945200062436347 0.0035081155057799722 0.0097131371280549123 0.0097131371280549123 0.018159557578786928 0.011706014767654135 0.0086278616794652815 0.012923682012881705 0.010242274777270612 0.0086278616794652815 0.019888719612799595 0.035694923299154295
leaf_weight=7810.2881139069796 8988.8814959675074 1492.99911634624 65603.502668216825 29261.005088843405 15301.790179938078 4940.5461530089378 1355.9980455040932 25371.200958415866 3064.7195534035563 15076.388129919767 119.53317750990391 11408.732985675335 4959.25121120736 207.61927227675915 7381.9111160077155 5900.5096995830536 43.323253221809864 380.92623136937618 347.96370624750853 15099.343940272927 3377.9710654765368 1329.3264381513 6147.1497593820095 15232.834581308067 3548.1650598794222 30835.132665932178 26150.708974570036 586.37240391224623 6104.3005259335041 2596.5237306058407
leaf_count=14313 12371 7080 106443 72101 26698 16969 3095 46009 7829 35541 365 11356 11198 927 29052 6265 196 1515 1430 45462 8883 3025 13944 42352 13263 76521 99703 2075 15230 2267
internal_value=0.0168289 0.0155153 0.0167637 0.0137803 0.0250262 0.0131537 0.00846244 0.0138963 0.00558352 0.0126942 0.00127476 0.0281365 0.00644975 0.00862786 0.00728805 0.024922 0.0111442 -0.00792402 -0.0133989 0.00883394 0.00738297 0.00519526 0.0202707 0.0160484 0.00862786 0.0112778 0.0120224 0.015981 0.0176369 0.0296887
internal_weight=320025 275828 234346 147363 44196.4 139553 41482 127086 12467 101715 8815.86 28894.6 34021.7 3875.32 32147.8 17485.9 72453.5 1873.93 391.287 24765.9 19806.6 16428.7 86983.5 21380 3667.7 72062.2 56985.8 3651.09 7460.3 8497.03
internal_count=733478 674521 549981 387242 58957 372929 124540 331501 41428 285492 31524 32259 106215 14555 97620 20903 213391 8595 1626 68568 57370 48487 162739 56296 13628 211765 176224 9904 18325 8532
is_linear=0
shrinkage=0.05


Tree=36
num_leaves=31
num_cat=0
split_feature=2 7 7 6 10 9 15 7 11 10 4 4 7 9 9 11 9 7 10 11 9 9 11 12 8 9 6 11 12 4
split_gain=1295.59 991.711 742.434 629.734 621.718 568.035 283.131 218.647 221.474 204.58 143.069 96.7708 234.232 94.2348 83.2234 82.9078 84.7347 82.5383 75.4297 84.3848 73.8577 73.3171 72.6399 71.0146 68.1999 64.7257 59.8489 59.4182 57.9919 57.2366
threshold=78.710224151611342 3211691.0000000005 7714069.5000000009 13897643.000000002 12.464285850524904 1.0000000180025095e-35 1.0000000180025095e-35 3211691.0000000005 0.24371013045310977 11.949999809265138 15605.300292968752 197900.00000000003 3211691.0000000005 23.500000000000004 44.500000000000007 0.15267312526702884 22.500000000000004 3211691.0000000005 10.775000095367433 -0.063008658587932573 33.500000000000007 42.500000000000007 0.52484878897666942 -0.16942908614873883 0.044971911236643798 45.500000000000007 8681399.0000000019 -0.024623334407806393 -0.062016839161515229 9613.2001953125018
decision_type=2 8 10 2 2 2 2 8 2 2 8 8 10 2 2 2 2 10 2 2 2 2 2 2 8 2 2 2 2 8
left_child=1 -1 3 4 5 10 23 -2 21 -7 -3 12 20 29 22 16 17 -8 -18 -20 -6 -9 -10 -5 25 -13 28 -25 -26 -11
right_child=7 2 -4 6 11 9 15 8 14 13 -12 24 -14 -15 -16 -17 18 -19 19 -21 -22 -23 -24 27 26 -27 -28 -29 -30 -31
leaf_value=0.020239790785493886 0.039931314480043917 0.020239790785493886 0.020239790785493886 -0.038713150013874618 0.013121210990055546 0.020239790785493886 -0.00705312785153662 0.024512832575949661 0.024512832575949661 0.018152784255204953 0.014105494148927101 -0.011301671059100569 0.014105494148927101 0.018152784255204953 0.035610159303433878 0.020239790785493886 0.0155928244182937 0.0155928244182937 -0.059921818767690552 0.0063802704127333704 0.010163774993897949 0.020239790785493886 0.032109754539151575 -0.0055560902497027763 -0.011301671059100569 -0.072026127802217774 -0.011301671059100569 0.0036147549169144207 0.0091050060763419576 0.014105494148927101
leaf_weight=36956.009530849755 2458.5886320769787 7144.0214969813824 9594.7765839472413 102.50622223317623 22964.192598745227 25567.253221407533 418.84653738886118 5758.5851573050022 6868.1508336216211 1008.4811615347862 38623.454331144691 54.275713451206684 12243.710606083274 11191.029533550143 3420.0323270261288 642.25727701187134 830.73177756369114 3460.0983860492706 46.33966851234436 6949.6662091128528 55541.526664882898 8537.0187927186489 4014.9724224209785 1978.7686662226915 321.77029705047607 53.584088586270809 211.18340074270964 16316.770179718733 19362.700622782111 17260.305858045816
leaf_count=68991 2204 11142 15968 268 71277 34427 1309 6984 8310 1293 85027 200 25614 18951 3270 813 1220 7508 157 20446 173463 13656 3756 5539 720 289 733 59182 56714 33775
internal_value=0.0159095 0.0148659 0.0136853 0.0130061 0.0139779 0.0168194 0.00631917 0.0256137 0.0243801 0.0202398 0.0141055 0.0113916 0.0120857 0.0160658 0.0287859 0.0121753 0.0109459 0.0155928 0.00788473 0.0059241 0.0106155 0.0202398 0.0266352 0.00238789 0.00824188 -0.0310614 0.00845806 0.00262238 0.00875446 0.0141055
internal_weight=319902 288844 251888 242293 211547 100795 30746 31057.3 28598.8 55027.1 45767.5 110753 90749.4 29459.8 14303.2 12347.9 11705.7 3878.94 7826.74 6996.01 78505.7 14295.6 10883.1 18398 20003.5 107.86 19895.7 18295.5 19684.5 18268.8
internal_count=733206 695026 626035 610067 513625 184615 96442 38180 35976 88446 96169 329010 270354 54019 15336 31453 30640 8817 21823 20603 244740 20640 12066 64989 58656 489 58167 64721 57434 35068
is_linear=0
shrinkage=0.05


Tree=37
num_leaves=31
num_cat=0
split_feature=2 7 6 6 10 8 8 15 9 12 7 9 12 9 10 3 10 10 3 8 4 10 9 0 9 3 4 7 4 10
split_gain=1027.81 727.758 1370.48 609.503 597.655 353.3 264.048 233.349 212.717 167.632 160.768 126.344 117.628 127.165 112.508 225.336 108.698 107.988 183.137 107.65 102.158 99.1632 105.325 75.9528 94.9709 138.167 73.7668 73.1105 70.4714 57.9153
threshold=112.78511428833009 1.0000000180025095e-35 13897643.000000002 3910147.0000000005 15.062500000000002 0.5997946858406068 0.23085205256938937 1.0000000180025095e-35 22.500000000000004 0.052671926096081741 7714069.5000000009 33.500000000000007 -0.10753119364380835 13.500000000000002 10.775000095367433 0.0058937692083418378 18.366666793823246 21.774999618530277 0.0090917046181857603 0.75033333897590648 71055.500000000015 21.585714340209964 64.500000000000014 0.014815627597272398 32.500000000000007 0.13272240757942202 24050.000000000004 1.0000000180025095e-35 45977.000000000007 4.0833332538604745
decision_type=2 10 2 2 2 8 10 2 2 2 10 2 2 2 2 10 2 2 10 10 10 2 2 2 2 10 10 10 10 2
left_child=1 3 17 4 5 8 12 10 -1 27 21 28 -5 -14 -9 -16 -13 -3 -19 29 -15 -4 -23 24 -17 -26 -8 -2 -6 -11
right_child=9 2 7 6 11 -7 26 14 -10 19 -12 16 13 20 15 23 -18 18 -20 -21 -22 22 -24 -25 25 -27 -28 -29 -30 -31
leaf_value=0.013430486804730269 0.020063162784492158 0.020063162784492158 0.0078883221418596002 -0.041004533149853306 0.013430486804730269 0.020063162784492158 0.020063162784492158 0.020063162784492158 0.017202667112198818 0.033530581809635897 0.020063162784492158 0.011275802260797118 -0.0051281403219373273 0.0059555695947768172 -0.050888682942705266 0.013313579690059075 0.0064306620148817445 0.012084843597693993 0.018023625350768291 0.040121135434749405 -0.020624435606000417 0.0019706496437702811 -0.029186639529070732 0.016287722321520398 -0.006949507681507764 0.010876675964050812 0.0088766767528023847 0.024211061034710712 0.0083047840913239215 0.025646820905412617
leaf_weight=31902.366951406002 6274.8067033588886 70201.823061525822 19234.972894087434 177.91205331683159 14978.06668330729 22684.141385242343 1492.0822245031595 3283.8988305479288 22765.265022546053 2004.4505451619625 1873.2647090479732 22174.405526846647 6009.0895797014236 4635.262802541256 136.55037342011929 3096.3148090615869 24242.667230293155 15556.507224656641 6136.1926277726889 1743.7119304537773 300.63958616554737 5562.5947825163603 283.13950054347515 3110.3295400813222 1545.1332668401301 3655.069652043283 3629.2204800918698 3336.8473754972219 6720.5957740992308 12504.535326883197
leaf_count=64927 9306 111563 47582 505 44532 36376 3241 5119 37636 1641 4451 59462 21188 17947 728 7001 94641 42467 13623 1411 1216 28156 2442 6044 5454 10374 10469 3801 23865 14639
internal_value=0.0157027 0.0148656 0.0175955 0.0126088 0.0136346 0.0166422 0.00342244 0.00998842 0.0143422 0.0252607 0.0072161 0.0102188 -0.000903556 -0.000244338 0.0150265 0.0125123 0.00874567 0.0200632 0.0159841 0.028359 0.00570099 0.00615528 0.000452073 0.01328 0.0103394 0.00557936 0.0128147 0.0200632 0.0133689 0.02694
internal_weight=321252 295388 133676 161712 145468 77351.8 16244.2 41781.3 54667.6 25864.4 26954 68115.7 11122.9 10945 14827.3 11543.4 46417.1 91894.5 21692.7 16252.7 4935.9 25080.7 5845.73 11406.8 8296.52 5200.2 5121.3 9611.65 21698.7 14509
internal_count=731807 701009 285004 416005 361439 138939 54566 117351 102563 30798 82631 222500 40856 40351 34720 29601 154103 167653 56090 17691 19163 78180 30598 28873 22829 15828 13710 13107 68397 16280
is_linear=0
shrinkage=0.05


Tree=38
num_leaves=31
num_cat=0
split_feature=10 9 9 7 11 7 11 3 7 7 1 4 6 9 3 3 9 8 0 9 9 3 9 9 8 10 9 9 9 9
split_gain=1113.4 1744.03 950.827 343.154 291.921 256.98 274.649 220.462 228.741 155.014 154.396 146.264 141.175 115.835 95.4968 78.2394 69.9182 67.9557 60.8301 54.4086 47.3674 42.9692 41.3812 77.1337 37.0679 35.876 32.6606 26.6362 31.1583 25.1524
threshold=11.949999809265138 1.0000000180025095e-35 11.500000000000002 3211691.0000000005 -0.049675324931740754 7714069.5000000009 0.16662679612636569 0.013957562390714886 3211691.0000000005 3211691.0000000005 21.500000000000004 36009.800781250007 8681399.0000000019 55.500000000000007 0.23240856826305392 0.14162807911634448 21.500000000000004 0.30567033588886267 0.41458886861801153 22.500000000000004 12.500000000000002 0.18597416579723361 44.500000000000007 23.500000000000004 0.19364918768405917 15.354166507720949 57.500000000000007 19.500000000000004 28.500000000000004 33.500000000000007
decision_type=2 2 2 8 2 10 2 10 10 8 2 10 2 2 8 10 2 10 2 2 2 8 2 2 8 2 2 2 2 2
left_child=1 -1 14 -2 16 6 7 11 10 15 20 12 24 -13 -3 -6 -4 -15 21 -18 -9 -11 23 -14 -5 -12 -21 -20 -29 -23
right_child=3 2 4 5 9 -7 -8 8 -10 18 25 13 22 17 -16 -17 19 -19 27 26 -22 29 -24 -25 -26 -27 -28 28 -30 -31
leaf_value=0.015181841459851103 0.015181841459851103 0.035176435604669452 0.020978400284015881 -0.0012091525841400393 0.030369619978050839 0.015181841459851103 0.015181841459851103 0.010822818989615957 0.012675703473229372 0.021540032793399892 0.010822818989615957 -0.0028532671447558371 7.9261615614119556e-06 -0.069431023397369271 0.051953190144386908 0.045926641317331235 0.015181841459851103 -0.01438501952383143 0.046168461717733367 0.020978400284015881 0.012675703473229372 0.027809922512438991 -0.0012091525841400393 0.0089699345060025425 0.0089699345060025425 0.0089699345060025425 0.015181841459851103 0.027809922512438991 0.037974041067841552 0.023899994329291015
leaf_weight=66849.821883052588 21869.351822510362 1181.3052096962929 2267.3733969330788 116.98912402242422 3541.1518510133028 4650.6249107643962 11626.224607080221 11488.581145584583 24201.645836606622 14111.245432913303 12870.404764845967 1063.1716687493026 4921.3262122794986 112.19081066176295 3202.9039425700903 1061.068992331624 5994.5618907511234 112.74501496553421 295.57972286641598 3925.6484134942293 11762.451873227954 5937.9023653864861 1880.9135055169463 3707.2627020180225 24591.217489108443 62607.96909096092 505.52245807647705 1179.2009318321943 853.72911070287228 11736.214185506105
leaf_count=137203 46516 1372 2832 506 3794 9166 18172 23567 52851 18074 26682 3962 21402 707 2575 846 10124 494 184 5219 20742 6884 8477 15281 66142 211418 877 1215 639 14820
internal_value=0.0144722 0.0182145 0.0250999 0.0121492 0.0231921 0.0112797 0.0107774 0.0101696 0.0111828 0.0253501 0.00974821 0.00675704 0.00736244 -0.00978075 0.0474509 0.0339748 0.0166067 -0.0422101 0.0241847 0.0151818 0.0126757 0.0236094 0.00246996 0.00412685 0.00896993 0.00896993 0.0207969 0.0320104 0.0299086 0.025259
internal_weight=320226 122643 55793.4 197583 51409.2 175714 171063 159437 122931 38716.1 98729.4 36505.8 35217.7 1288.11 4384.21 4602.22 12693.1 224.936 34113.9 10425.7 23251 31785.4 10509.5 8628.59 24708.2 75478.4 4431.17 2328.51 2032.93 17674.1
internal_count=732743 206658 69455 526085 65508 479569 470403 452231 335260 46456 282409 116971 111808 5163 3947 4640 19052 1201 41816 16220 44309 39778 45160 36683 66648 238100 6096 2038 1854 21704
is_linear=0
shrinkage=0.05


Tree=39
num_leaves=31
num_cat=0
split_feature=7 2 5 5 5 5 10 10 3 3 12 1 12 10 3 8 7 8 4 3 7 8 8 11 3 12 4 4 4 7
split_gain=978.513 1030.69 669.412 1049.81 400.596 386.818 387.188 313.3 307.793 262.185 201.951 187.251 160.645 146.346 114.846 105.489 102.93 100.215 100.2 89.4412 110.008 91.2059 88.1122 83.8471 110.222 75.4653 83.8875 72.5032 63.0402 65.8988
threshold=7714069.5000000009 41.253030776977546 5320895.5000000009 12130922.500000002 10052930.500000002 1289243.5000000002 17.354166984558109 12.267857074737551 0.013957562390714886 1.0000000180025095e-35 0.049307929351925857 21.500000000000004 -0.05978646129369735 13.464285850524904 0.070883929729461684 0.42319878935813909 1.0000000180025095e-35 0.24999500066041949 50851.400390625007 0.017895999364554886 3211691.0000000005 0.4003745317459107 0.83003267645835888 0.24371013045310977 0.23690199851989749 -0.019639249891042706 150200.00000000003 38060.000000000007 8010.0000000000009 1.0000000180025095e-35
decision_type=10 2 2 2 2 2 2 2 10 10 2 2 2 2 10 10 10 8 8 10 10 8 10 2 10 2 8 8 8 10
left_child=1 2 5 4 7 17 -7 8 27 28 16 -5 13 -9 -2 -15 -3 -1 -8 20 -13 -22 -11 -12 -25 26 -14 -4 -6 -30
right_child=14 10 3 11 9 6 18 12 -10 22 23 19 25 15 -16 -17 -18 -19 -20 -21 21 -23 -24 24 -26 -27 -28 -29 29 -31
leaf_value=-0.033169665993409501 0.026931977440601419 0.016800446314417988 0.013162925983964936 0.016800446314417988 0.0021606509680794465 0.016800446314417988 0.014077099933522325 -0.0078217974463166539 0.016800446314417988 0.0056325689656380306 0.021007330019024151 0.011133024791731706 0.0036942493275919567 -0.074217072071609047 0.042291008418297443 -0.028101954524850738 0.021007330019024151 -0.0027661036589953052 0.0091128975736927565 0.013929444830943711 -0.068640454985059982 0.0040855326736530702 0.016800446314417988 0.024463115434401262 0.035253714099412019 0.0073942802739645277 -0.0078217974463166539 0.0095254056535118842 -0.0028001293190127062 -0.025593092802449618
leaf_weight=360.68197881430387 8867.902619227767 11613.632001146674 3820.8703293800354 35122.414825588465 1089.1685539036989 71638.896267741919 15891.16180203855 228.49202227592468 11943.108702495694 21063.783417925239 6990.3869655132294 3977.1468059793115 3091.3306135386229 177.80598308146 1418.2962659299374 104.84683434665203 5352.2303534597158 1074.2525673434138 21403.967855632305 24003.595339000225 41.418297778815031 6178.7990826889873 1094.26696767658 9373.3634145110846 3186.4434781074524 23257.030806399882 952.93671849370003 12196.280230730772 14337.759081408381 322.32977103441954
leaf_count=1484 14723 18975 6784 56224 2053 123172 42493 424 19460 70187 9590 10578 7788 667 1888 239 6908 3430 67833 63631 232 19533 2571 10483 2937 86137 2988 26766 50634 1267
internal_value=0.0138862 0.0133825 0.0123284 0.0102922 0.00684016 0.0153354 0.0156752 0.00953568 0.0132732 0.00287398 0.0212725 0.0149567 0.00577761 -0.0219417 0.0290575 -0.0483821 0.0172765 -0.0104438 0.0113538 0.0122625 0.0083366 0.00357937 0.00637947 0.0247382 0.0272059 0.00629815 -5.78162e-06 0.00952541 -0.00205817 -0.0033047
internal_weight=320175 309888 273372 163003 93680 110369 108934 55772.7 27960.3 37907.3 36516.1 69323.4 27812.4 511.145 10286.2 282.653 16965.9 1434.93 37295.1 34201 10197.4 6220.22 22158.1 19550.2 12559.8 27301.3 4044.27 16017.2 15749.3 14660.1
internal_count=732079 715468 666575 428163 277965 238412 233498 151253 53010 126712 48893 150198 98243 1330 16611 906 25883 4914 110326 93974 30343 19765 72758 23010 13420 96913 10776 33550 53954 51901
is_linear=0
shrinkage=0.05


Tree=40
num_leaves=31
num_cat=0
split_feature=7 7 11 5 5 4 3 5 4 10 5 1 3 5 3 3 3 11 0 8 1 8 3 10 8 4 10 5 7 4
split_gain=807.94 899.725 798.206 545.003 674.348 378.615 357.464 272.373 246.106 217.44 183.075 255.157 181.896 209.833 158.791 128.295 113.643 99.4842 96.9577 132.809 88.5725 85.213 105.337 84.8777 93.4573 82.6774 70.0272 67.823 65.6493 65.0934
threshold=3211691.0000000005 7714069.5000000009 0.16314934939146045 5320895.5000000009 12130922.500000002 199700.00000000003 0.046998459845781333 1289243.5000000002 98200.000000000015 15.354166507720949 10052930.500000002 21.500000000000004 0.23690199851989749 5320895.5000000009 0.17396961152553561 0.017895999364554886 0.081684678792953505 -0.049416434019803994 0.012579114176332952 0.24999500066041949 21.500000000000004 0.2105745151638985 0.0058937692083418378 10.535714149475099 0.86007389426231395 39610.000000000007 5.9166667461395273 5320895.5000000009 3211691.0000000005 22040.000000000004
decision_type=8 10 2 2 2 8 10 2 8 2 2 2 10 2 10 8 10 2 2 8 2 8 10 2 8 10 2 2 10 10
left_child=6 2 3 7 5 10 23 18 -9 -6 11 25 13 -4 -12 28 21 -7 19 -2 -10 22 -3 -1 -25 -5 -15 -26 -11 -16
right_child=1 16 12 4 9 17 -8 8 20 15 14 -13 -14 26 29 -17 -18 -19 -20 -21 -22 -23 -24 24 27 -27 -28 -29 -30 -31
leaf_value=0.020138089064568293 -0.051559690672265159 -0.098499925949222258 0.022107992475294908 0.015092370378226784 0.015092370378226784 -0.012885138355308204 0.028854560327046794 0.015092370378226784 0.012703491625004233 -0.010782175822709808 0.0038528425812587573 0.0063043773102704238 0.026859824788797049 0.022107992475294908 0.015092370378226784 0.0099425628961681209 0.040523213041366246 0.00090634286076241412 0.0099906950543152927 -0.0070197239986989268 0.0076322394982784219 0.025489161180864302 0.0070198691578318949 -0.0025234193418484248 0.017475623605695999 0.010385896634842216 0.015092370378226784 0.011954681832946427 -0.068996668208492803 0.0075112676916531439
leaf_weight=14195.212441340089 222.02623934298754 26.118427261710167 8407.3693435937166 9390.5433730483055 32819.932142660022 1407.797580063343 8661.6270727366209 60757.020010888577 15960.123064056039 290.64997159689665 20799.710305064917 20574.280568767339 6483.7437003552914 2770.2764079123735 3416.1114315837622 25987.324152112007 1326.0372982174158 18034.512372501194 459.78060089051723 665.00876358896494 15631.235260486603 8586.7592406570911 147.54479327052832 740.659652993083 7953.906378403306 8519.4343540519476 11494.291665196419 7223.5286429226398 56.390185508877039 6842.5790759474039
leaf_count=21729 1129 108 10048 15744 54497 3627 13514 127597 28158 1409 65340 69365 7574 2982 9013 75861 1730 65521 1001 2482 47745 14375 282 1806 16597 16211 18061 17208 309 21278
internal_value=0.0131353 0.0122018 0.0116558 0.0107134 0.00882548 0.00607475 0.0199014 0.0136982 0.0140237 0.012963 0.00779919 0.0101039 0.0194713 0.0173562 0.004943 0.00953876 0.026864 -9.35067e-05 -0.00861454 -0.0182591 0.0103146 0.0247877 -0.00979077 0.0173245 0.0148132 0.0144674 0.0150924 0.0156594 -0.0205825 0.0103559
internal_weight=319852 281077 270990 241834 148139 88985 38774.9 93695.2 92348.4 59154.3 69542.7 38484.3 29155.7 22671.9 31058.4 26334.4 10086.5 19442.3 1346.82 887.035 31591.4 8760.42 173.663 30113.3 15918.1 17910 14264.6 15177.4 347.04 10258.7
internal_count=732301 661447 644952 606287 398175 266099 70854 208112 203500 132076 196951 101320 38665 31091 95631 77579 16495 69148 4612 3611 75903 14765 390 57340 35611 31955 21043 33805 1718 30291
is_linear=0
shrinkage=0.05


Tree=41
num_leaves=31
num_cat=0
split_feature=11 7 7 10 9 10 2 5 5 4 5 4 9 12 8 8 9 12 11 9 6 5 8 10 9 8 9 7 4 6
split_gain=784.414 558.148 434.894 356.679 535.45 216.508 182.083 127.526 348.552 113.596 109.145 107.393 193.174 151.432 103.314 100.514 80.5016 73.7796 148.864 70.5793 69.5328 62.58 53.4685 46.8413 67.5747 46.7698 46.6942 45.0456 63.3423 61.8411
threshold=0.17341297864913943 3211691.0000000005 7714069.5000000009 12.464285850524904 1.0000000180025095e-35 11.949999809265138 169.86061096191409 5320895.5000000009 12130922.500000002 17650.000000000004 5320895.5000000009 197900.00000000003 90.500000000000014 -0.064708407968282686 0.69240385293960582 0.61116281151771557 23.500000000000004 -0.054528366774320595 0.073747340589761748 44.500000000000007 8681399.0000000019 5320895.5000000009 0.54296705126762401 13.041666507720949 67.500000000000014 0.76020833849906932 33.500000000000007 3211691.0000000005 194500.00000000003 3910147.0000000005
decision_type=2 8 10 2 2 2 2 2 2 8 2 8 2 2 10 10 2 2 2 2 2 2 10 2 2 8 2 10 8 2
left_child=1 20 3 4 9 -6 10 11 14 -3 -2 -5 13 -13 17 19 22 18 23 21 -1 -8 -7 -9 -25 -15 -19 29 -29 -28
right_child=6 2 -4 7 5 16 15 8 -10 -11 -12 12 -14 25 -16 -17 -18 26 -20 -21 -22 -23 -24 24 -26 -27 27 28 -30 -31
leaf_value=0.015493772723640602 0.019999604045509829 0.015493772723640602 0.015493772723640602 0.010113675586554653 0.015493772723640602 0.010113675586554653 0.026989137206986303 -0.014590488488297413 0.010113675586554653 0.010113675586554653 0.015493772723640602 -0.062601896234973212 -0.052306608524075593 -0.023863635861691348 0.010113675586554653 0.032265761376903873 0.013486194121750561 0.0061876564580941214 -0.0026704546096410924 0.026989137206986303 0.0099598081623057388 0.019999604045509829 0.013486194121750561 -0.028652235878487437 -0.087176573759905673 0.0069397980404233561 0.0019222939740316876 0.0040132154914647271 -0.0026704546096410924 0.0065863627306120519
leaf_weight=24303.678279623389 6968.9078984111547 8388.1699116379023 9135.9334626868367 39768.401766337454 28810.862186133862 16451.560300499201 3133.5594541579485 184.04439328610897 31665.501639507711 44332.645372599363 11198.809909358621 77.459330946207047 140.56193984672427 122.52448439970613 4379.3136949390173 2808.1886073499918 12955.743432626128 11054.706174548715 529.15480506420135 3335.8435119241476 10941.356440462172 5241.6935674548149 4211.6961992233992 499.12371680140495 53.566925406455994 12750.493795856833 16403.315611243248 3717.2045126110315 2201.6204008683562 3910.0478849634528
leaf_count=40488 8873 13383 15643 101512 40623 33501 3177 401 86694 100931 17596 255 687 512 13900 2598 22802 45930 1006 3521 26663 6861 7247 1556 221 39240 62094 10633 10282 14091
internal_value=0.0122422 0.0114062 0.0105347 0.0100164 0.0120335 0.0154281 0.0195814 0.00819385 0.00686212 0.0101137 0.0162414 0.0100729 0.00558288 0.00621918 0.00389509 0.0237578 0.0114786 0.00305905 -0.00880313 0.0217125 0.0154938 0.0199996 0.0101137 -0.0265105 -0.0346183 0.00664295 0.00346222 0.00231329 -0.00152473 0.00343164
internal_weight=319676 286989 251744 242608 115151 62429.9 32687 127457 74597.6 52720.8 18167.7 52859.4 13091 12950.5 42932.1 14519.3 33619 38552.8 1265.89 11711.1 35245 8375.25 20663.3 736.735 552.691 12873 37286.9 26232.2 5918.82 20313.4
internal_count=732921 690295 623144 607501 218487 104173 42626 389014 246808 114314 26469 142206 40694 40007 160114 16157 63550 146214 3184 13559 67151 10038 40748 2178 1777 39752 143030 97100 20915 76185
is_linear=0
shrinkage=0.05


Tree=42
num_leaves=31
num_cat=0
split_feature=0 10 6 6 8 5 9 5 5 5 9 3 4 5 9 9 10 9 9 4 5 5 3 5 9 4 5 3 4 2
split_gain=724.935 448.739 350.833 428.884 442.987 163.87 142.207 135.943 134.771 201.535 121.989 118.649 112.914 114.82 177.047 134.162 101.584 86.4414 78.7292 77.6232 75.7653 176.357 146.512 101.465 69.4203 68.0637 63.8738 60.3384 59.4753 58.7913
threshold=0.0082305916585028189 10.775000095367433 13897643.000000002 1885909.0000000002 0.66670760512352001 1289243.5000000002 60.500000000000007 5320895.5000000009 5320895.5000000009 12130922.500000002 87.500000000000014 0.065956726670265212 58060.000000000007 5320895.5000000009 12.500000000000002 45.500000000000007 15.436508178710939 40.500000000000007 57.500000000000007 97002.000000000015 5320895.5000000009 12130922.500000002 0.0058937692083418378 10052930.500000002 12.500000000000002 195300.00000000003 13439690.500000002 0.15575250238180163 27670.000000000004 9.0326337814331072
decision_type=2 2 2 2 8 2 2 2 2 2 2 10 8 2 2 2 2 2 2 10 2 2 10 2 2 10 2 8 10 2
left_child=2 8 3 4 6 10 20 -3 -2 -10 -4 -8 17 15 26 -14 -13 -7 -17 -18 25 22 24 -24 28 -1 -15 -16 -22 -11
right_child=1 7 5 -5 -6 12 11 -9 9 29 -12 16 13 14 27 18 19 -19 -20 -21 21 -23 23 -25 -26 -27 -28 -29 -30 -31
leaf_value=0.010156722201378678 0.023498434083820578 0.016369113324771881 -0.060259632947420851 0.013055468198045454 0.013055468198045454 0.013055468198045454 -0.02912017638886133 0.013055468198045454 0.016369113324771881 0.019882540271452451 0.013055468198045454 0.010217160743764104 0.0079664290255793534 -0.0086337624958195205 -0.0050785016661760848 -0.021960923362786221 0.0017842305498656883 0.0079664290255793534 0.0023558306163436026 -0.013401667128788777 0.0026749548173967148 0.010217160743764104 0.0098993944745070749 0.0027592274779717637 -0.037870926358640804 -0.038207966207511754 0.0018889914616290562 0.0079664290255793534 -0.0038826519536716607 0.027829028552385417
leaf_weight=29406.65935947746 14742.428453311324 22553.992727264762 155.2338000908494 81269.95278147608 21723.063179433346 4907.9766314253211 309.99130667373538 36426.025405913591 16378.415683910251 4603.4974040687084 16.028372228145599 641.34977713227272 11555.787293128669 4058.4385211020708 929.61757698655128 564.76486276090145 6556.4409194588661 2359.7734571509063 805.72469314187765 702.3728868290782 2579.0935702770948 19173.689943008125 10828.660920888186 9207.5381417423487 125.56218584626913 71.011234194040298 2235.4747035950422 5529.6973994076252 5631.325364202261 4778.615136936307
leaf_count=69301 16976 38585 882 174554 48324 10596 1699 75210 23976 6101 24 1089 32560 12959 3416 2079 26114 7384 3495 3105 6187 46280 35177 34912 782 281 4821 25696 15639 4710
internal_value=0.0120796 0.015625 0.010486 0.011321 0.00914113 0.00573986 0.00737885 0.0130555 0.0196828 0.0174974 -0.042763 0.00112307 0.00599456 0.00443675 0.00107046 0.0077573 0.00231684 0.0114961 -0.00768226 7.15335e-05 0.00804563 0.00681025 0.00430139 0.00661877 -0.00126886 0.0100376 -0.00489687 0.0068847 -0.000700016 0.023935
internal_weight=320828 99483 221345 188227 106957 33118.5 85233.7 58980 40503 25760.5 171.262 8210.15 32947.3 25679.5 12753.2 12926.3 7900.16 7267.75 1370.49 7258.81 77023.5 47545.9 28372.2 20036.2 8335.98 29477.7 6293.91 6459.31 8210.42 9382.11
internal_count=732914 165558 567356 463444 288890 103912 240566 113795 51763 34787 906 32007 103006 85026 46892 38134 30308 17980 5574 29219 208559 138977 92697 70089 22608 69582 17780 29112 21826 10811
is_linear=0
shrinkage=0.05


Tree=43
num_leaves=31
num_cat=0
split_feature=1 2 5 5 5 5 5 5 5 12 6 3 7 3 6 2 7 11 6 12 0 4 3 3 3 8 4 12 6 2
split_gain=762.565 508.171 350.791 287.094 197.107 246.702 193.046 164.749 242.349 152.073 131.564 100.278 86.8306 95.8473 153.88 102.122 96.8156 81.9326 71.8606 73.7482 79.0721 58.5981 57.2251 50.447 48.6989 47.1513 45.2293 44.7468 44.5658 46.8731
threshold=21.500000000000004 4.5983085632324228 5320895.5000000009 15089427.500000002 5320895.5000000009 12130922.500000002 1289243.5000000002 5320895.5000000009 13439690.500000002 -0.11716270074248313 8681399.0000000019 0.0058937692083418378 7714069.5000000009 0.013957562390714886 1885909.0000000002 169.86061096191409 3211691.0000000005 -0.01316526625305414 13897643.000000002 -0.079001326113939271 0.090593434870243086 98200.000000000015 0.0090917046181857603 0.07426562532782556 0.050737332552671439 0.65017482638359081 57650.000000000007 -0.11958907917141913 1885909.0000000002 58.665151596069343
decision_type=2 2 2 2 2 2 2 2 2 2 2 8 10 10 2 2 10 2 2 2 2 8 8 8 8 8 10 2 2 2
left_child=1 2 10 -4 6 9 23 27 -9 -6 -1 -7 13 16 15 -15 25 -18 22 20 -20 -21 -8 -2 -23 -11 -5 -3 29 -13
right_child=4 7 3 26 5 11 18 8 -10 12 -12 28 -14 14 -16 -17 17 -19 19 21 -22 24 -24 -25 -26 -27 -28 -29 -30 -31
leaf_value=0.016092200772340776 -0.047309676437536162 0.016092200772340776 0.01110986229735253 0.016092200772340776 -0.050957707655450192 -0.024610061286687353 -0.0063364102867485787 0.016092200772340776 0.026143265649645531 -0.018827330393455233 0.01110986229735253 0.0073954705356299487 0.01110986229735253 0.0028374180664864088 0.010427701061855253 0.01110986229735253 -0.023004607642435008 -0.0031307733630543339 -0.094754786893270521 0.01110986229735253 -0.017070681442901386 -0.017070681442901386 0.01110986229735253 -0.0080985147072834465 0.0049760802080074081 0.0028374180664864088 0.01110986229735253 0.026123219905066088 0.01110986229735253 0.01110986229735253
leaf_weight=43089.155765861273 89.308621130883694 621.0120595395565 54991.244005009532 29117.850327208638 119.95243582129478 204.28629680350423 585.11902493983507 11474.642323628068 6134.1874860227108 296.99038467556238 10521.230995282531 18132.003320842981 613.85789026319981 26530.075842857361 11791.243525825441 1290.9510905593634 524.94641242176294 3834.9558170773089 38.553349763154984 3592.6014413274825 37.676297768950462 65.025648966431618 51949.070063531399 823.48023042082787 6577.0790863856673 4778.6436779648066 3595.3417140692472 8841.3142819702625 18104.319358296692 1347.4764363318682
leaf_count=66130 512 809 123553 45599 364 1014 2142 16118 6451 1577 20005 51154 1461 97547 32782 1850 1959 17702 159 8772 63 297 123613 3279 25126 19136 6152 9235 45397 1922
internal_value=0.0112404 0.0135554 0.0123528 0.0111099 0.00866433 0.00712424 0.0107793 0.0198316 0.0169681 0.00481174 0.0156303 0.0101703 0.00494849 0.00456248 0.00564117 0.00361192 3.3663e-05 -0.00567736 0.0111099 0.00693327 -0.041443 0.00730161 0.0111099 -0.01203 0.00444422 0.00283742 0.0159573 0.0251556 0.0103606 0.00849937
internal_weight=319714 168386 141315 87704.4 151328 87569.7 63757.9 27071.2 17608.8 49781.6 53610.4 37788.1 49661.7 49047.8 39612.3 27821 9435.54 4359.9 62845.1 10310.9 76.2296 10234.7 52534.2 912.789 6642.1 5075.63 32713.2 9462.33 37583.8 19479.5
internal_count=731880 294052 261439 175304 437828 273865 163963 32613 22569 174378 86135 99487 174014 172553 132179 99397 40374 19661 160172 34417 222 34195 125755 3791 25423 20713 51751 10044 98473 53076
is_linear=0
shrinkage=0.05


Tree=44
num_leaves=31
num_cat=0
split_feature=11 5 5 5 6 3 10 10 0 5 10 6 11 3 11 0 3 8 10 8 1 6 5 6 10 8 6 10 12 8
split_gain=760.365 585.555 748.137 308.708 310.847 246.877 365.371 211.787 171.452 161.623 140.361 131.762 200.125 126.288 122.709 119.633 100.449 100.304 90.9743 82.6454 104.447 77.9082 76.943 73.7209 58.9919 57.0394 65.0558 47.8279 45.5172 45.4947
threshold=0.17341297864913943 5320895.5000000009 12130922.500000002 1289243.5000000002 8681399.0000000019 0.013957562390714886 9.7750000953674334 21.708333015441898 0.13680927455425265 10052930.500000002 21.944444656372074 8681399.0000000019 -0.049416434019803994 0.23240856826305392 0.044275460764765746 0.041494490578770644 0.045086666941642768 0.24999500066041949 5.9166667461395273 0.49488030374050146 1.0000000180025095e-35 3910147.0000000005 5320895.5000000009 8681399.0000000019 13.887499809265138 0.23441237956285479 13897643.000000002 10.050000190734865 -0.046699132770299905 0.23441237956285479
decision_type=2 2 2 2 2 10 2 2 2 2 2 2 2 10 2 2 10 8 2 8 2 2 2 2 2 10 2 2 2 10
left_child=1 3 5 14 10 9 -7 -4 22 11 -5 -3 -13 18 17 16 19 -1 -10 20 -6 24 -2 -23 28 26 -9 -21 -8 -14
right_child=8 2 7 4 15 6 21 25 13 -11 -12 12 29 -15 -16 -17 -18 -19 -20 27 -22 23 -24 -25 -26 -27 -28 -29 -30 -31
leaf_value=-0.039908611377582656 0.017628647398201001 0.0046904582324170359 0.013481522823091917 0.013867760657534221 -0.0050991457873199846 0.013867760657534221 0.0064479470638122678 0.0066140867272140502 0.024214071698147689 -0.0017220463838433294 0.010132267368294487 -0.031738679368524779 -0.0013685909640407956 0.029390165683416233 0.013867760657534221 0.013867760657534221 0.0097755399883032792 -0.0078332320965233491 0.017628647398201001 0.0065528821501756561 -0.039513826524043637 0.0097522374155530091 0.013867760657534221 0.0046904582324170359 0.0046904582324170359 0.010425793023362913 -0.00439325935641396 0.0015947939403287072 0.0097522374155530091 0.0046904582324170359
leaf_weight=318.67745051532984 5579.2354570478201 16265.588225651532 53200.604287818074 67905.139737196267 359.11207407712936 7260.0272451639175 1574.640163987875 10035.128048084676 4159.9589566588402 16118.203814275563 25583.742905467749 518.45811782777309 6888.4755994267762 3763.7808510363102 173.58092176914215 2785.1351716071367 4521.2114734202623 1021.949104949832 9551.9102180600166 4898.6456401497126 264.30070994794369 10009.069477342069 9482.9981740415096 5512.6541127637029 24456.358766391873 7753.7191656008363 1548.1516797430813 7664.6904259100556 10672.204040557146 474.01705137640238
leaf_count=1437 7405 36488 97030 117074 726 10422 3369 28640 4131 54451 70202 1621 25399 3608 242 4389 10475 3431 12002 9933 1033 25128 15594 15415 93734 22608 7147 27577 21438 903
internal_value=0.0106549 0.00983567 0.00798886 0.0125904 0.0128884 0.005179 0.00722547 0.0118526 0.0178999 0.00215545 0.0138678 0.00469046 -0.00177492 0.0212707 -0.00982719 0.00728972 0.00568332 -0.0155059 0.019038 0.00333022 -0.014411 0.00563671 0.0139866 0.00863531 0.00469046 0.00737006 0.00514241 0.00421273 0.00820544 0.000343138
internal_weight=320321 287783 172287 115496 113982 99749.7 59485 72537.6 32537.9 40264.7 93488.9 24146.5 7880.95 17475.7 1514.21 20493.1 17708 1340.63 13711.9 13186.7 623.413 52224.9 15062.2 15521.7 36703.2 19337 11583.3 12563.3 12246.8 7362.49
internal_count=733052 690312 443793 246519 241409 288368 169506 155425 42740 118862 187276 64411 27923 19741 5110 54133 49744 4868 16133 39269 1759 159084 22999 40543 118541 58395 35787 37510 24807 26302
is_linear=0
shrinkage=0.05


Tree=45
num_leaves=31
num_cat=0
split_feature=7 7 2 5 5 4 4 10 8 8 6 6 1 6 4 2 10 4 6 5 4 9 6 11 9 6 9 8 6 4
split_gain=683.441 704.544 594.388 548.01 491.586 330.821 311.226 209.079 202.312 201.197 191.654 191.165 187.804 133.803 129.544 124.633 120.414 115.528 115.005 98.9039 112.157 98.685 97.6234 85.7163 95.662 92.2683 76.7363 73.4897 67.7378 65.075
threshold=3211691.0000000005 7714069.5000000009 140.80529785156253 5320895.5000000009 13439690.500000002 150200.00000000003 199700.00000000003 21.708333015441898 0.82013070583343517 0.76583588123321544 13897643.000000002 3910147.0000000005 21.500000000000004 1885909.0000000002 71055.500000000015 2.9631254673004155 5.0625000000000009 196900.00000000003 8681399.0000000019 10052930.500000002 39440.000000000007 43.500000000000007 13897643.000000002 -0.052248043939471238 23.500000000000004 8681399.0000000019 28.500000000000004 0.10570267215371133 13897643.000000002 49000.099609375007
decision_type=8 10 2 2 2 8 8 2 10 10 2 2 2 2 8 2 2 10 2 2 10 2 2 2 2 2 2 8 2 10
left_child=5 2 3 12 6 18 8 29 13 16 -7 -8 -2 19 -9 -12 -4 -14 -1 20 -5 -16 26 28 25 -25 -3 -24 -13 -6
right_child=1 22 9 4 7 10 11 14 -10 -11 15 23 17 -15 21 -17 -18 -19 -20 -21 -22 -23 27 24 -26 -27 -28 -29 -30 -31
leaf_value=0.027779474493276592 0.012911443022078029 0.02256324149051854 0.024093999584854007 0.0089672988635369332 0.012911443022078029 0.016399167093218408 0.0023439519740032482 0.0084537784271472606 0.012911443022078029 0.032841831202163024 0.0051801395207601844 -0.013173218609035829 0.0093370039454047423 0.0088270732059688144 0.0033627183774628195 0.018923713984590178 0.013669339556263005 -0.034073513974425089 0.018923713984590178 0.0023439519740032482 0.0030129014700886031 -0.010885603360278056 -0.035818669146534775 -0.002873096157206375 0.0023439519740032482 -0.012127857091710288 0.034608702687933285 0.015357232628443008 -0.047354246603520805 0.0087049293963956092
leaf_weight=7289.9143450260162 44357.34300608933 5811.838860809803 3470.6424077302217 12487.66673463583 31837.642477296293 19979.069424599409 2465.6662197448313 9898.0909166410565 5397.2721676155925 1917.1040581911802 7566.3754444420338 374.59577235579491 53317.577020011842 17255.275568153709 4197.9515720158815 843.66941347718239 13802.65605263412 151.79491041600704 3237.8968977332115 22671.261420607567 15641.966259464622 1708.0525121092796 70.404683485627174 9346.5733751431108 4973.5257137566805 3782.3788295686245 1724.2374017685652 2414.4066952988505 190.53806522488594 12258.385088823736
leaf_count=10258 71664 8552 3477 31826 57017 33753 6499 29328 11126 1723 19843 830 140562 43068 13071 1024 19025 673 6392 72164 45750 7107 205 30108 18072 16440 2457 5363 657 25044
internal_value=0.010332 0.00947336 0.00899268 0.00834736 0.00649292 0.0165428 0.00424826 0.0100372 0.00578663 0.0174755 0.0137337 -0.00109873 0.0112757 0.00502315 0.00510192 0.0073991 0.0157665 0.0092125 0.0241137 0.0037308 0.00584583 -0.000760274 0.0224923 -0.00390235 -0.0033023 -0.00554078 0.0253277 0.0138796 -0.0230441 0.0118056
internal_weight=320442 281525 271504 252314 154487 38916.9 94586.7 59900.1 73453.4 19190.4 28389.1 21133.3 97826.7 68056.2 15804.1 8410.04 17273.3 53469.4 10527.8 50800.9 28129.6 5906 10020.9 18667.6 18102.5 13129 7536.08 2484.81 565.134 44096
internal_count=733078 661808 645231 621006 408107 71270 276540 131567 203934 24225 54620 72606 212899 192808 49506 20867 22502 141235 16650 149740 77576 20178 16577 66107 64620 46548 11009 5568 1487 82061
is_linear=0
shrinkage=0.05


Tree=46
num_leaves=31
num_cat=0
split_feature=7 7 2 15 7 6 6 5 5 9 1 8 3 1 5 5 5 9 3 10 10 0 9 12 9 6 3 8 3 9
split_gain=582.12 651.978 581.465 322.665 387.268 373.208 259.79 199.747 386.795 181.111 178.354 177.204 176.647 165.282 146.486 208.545 151.696 130.734 130.345 121.987 106.621 102.148 96.2451 95.8534 103.841 92.2597 99.8445 97.3965 102.662 90.0054
threshold=3211691.0000000005 7714069.5000000009 41.253030776977546 1.0000000180025095e-35 3211691.0000000005 1885909.0000000002 8681399.0000000019 15089427.500000002 5320895.5000000009 104.50000000000001 12.500000000000002 0.79174411296844494 0.080908220261335387 18.500000000000004 5320895.5000000009 13439690.500000002 1289243.5000000002 17.500000000000004 0.0040080321487039336 11.949999809265138 17.354166984558109 0.014319890644401314 1.0000000180025095e-35 -0.043343897908926003 2.5000000000000004 13897643.000000002 0.077505085617303862 0.21524236351251605 0.032394221052527435 23.500000000000004
decision_type=8 10 2 2 10 2 2 2 2 2 2 10 10 2 2 2 2 2 10 2 2 2 2 2 2 2 10 8 10 2
left_child=6 2 3 5 11 -2 9 8 20 12 -4 14 21 -9 16 18 29 -8 -16 -20 22 -1 -7 -10 -25 26 27 28 -3 -5
right_child=1 25 10 4 -6 7 17 13 23 -11 -12 -13 -14 -15 15 -17 -18 -19 19 -21 -22 -23 -24 24 -26 -27 -28 -29 -30 -31
leaf_value=0.014685364102126688 0.011225868266242486 -0.10303218076055098 0.019007273157346224 0.0057396155391845338 0.011225868266242486 0.0046336426158742859 0.0019775598174151389 0.011225868266242486 -0.014698984315353528 -0.079364993382613491 0.011525609639578029 0.011225868266242486 0.027333896434516787 0.00170105859727086 -0.0012321019508139046 0.0090339235995891692 0.0090528478873465809 0.01307654422783735 0.0090528478873465809 0.0038012539802115422 0.0012611681712015972 0.021954234502302744 0.011219455538104493 -0.0065546898864535536 0.0010176280550463945 0.013102260117705947 0.03924935538585117 0.022833756388000059 -6.734800082396353e-05 -0.027448926371181567
leaf_weight=16851.109023973346 4722.2265571057796 28.079015731811523 14155.186576724052 372.54756560921669 31839.41580792889 7381.2089745253325 3961.9346206337214 8581.2724938392639 1734.0712688416243 45.475846186280251 18253.192560195923 12302.621929183602 4625.6493962854147 5697.6344335526228 10524.256961993873 28779.260745838284 46576.004524990916 8034.6192849949002 5996.4872183054686 36892.343475945294 8802.763019233942 5058.0459516793489 10142.16248062253 8258.1317012906075 10017.672309540212 2482.8794308006763 966.49207536876202 6477.2382223159075 88.584642738103867 448.73438503220677
leaf_count=29991 10207 116 16355 1024 63842 14636 8325 14065 4443 171 29582 24392 6525 17282 27650 67085 104960 19561 9941 123659 30036 6337 18515 26699 38868 5523 1144 9639 159 1948
internal_value=0.00976182 0.00897239 0.00850946 0.00765735 0.00878385 0.00466179 0.015522 0.00336203 0.00176852 0.0182788 0.0147944 0.00746734 0.0184521 0.00853212 0.00687983 0.00560286 0.00905285 0.00941198 0.00375391 0.0049774 0.00575105 0.0165746 0.00800612 -0.00347118 -0.00240435 0.0214818 0.0242294 0.0220167 -0.0229685 -0.0124167
internal_weight=320097 281520 271477 239069 173732 65337.1 38576.8 60614.9 46336 26580.3 32408.4 141892 26534.8 14278.9 129590 82192.3 47397.3 11996.6 53413.1 42888.8 26326.1 21909.2 17523.4 20009.9 18275.8 10043.3 7560.39 6593.9 116.664 821.282
internal_count=732680 661770 645189 599252 424501 174751 70910 164544 133197 43024 45937 360659 42853 31347 336267 228335 107932 27886 161250 133600 63187 36328 33151 70010 65567 16581 11058 9914 275 2972
is_linear=0
shrinkage=0.05


Tree=47
num_leaves=31
num_cat=0
split_feature=11 7 5 5 5 1 5 1 4 5 3 4 8 10 6 7 10 10 9 9 3 11 3 8 7 9 4 9 11 4
split_gain=564.108 436.849 374.657 568.374 287.818 229.119 160.174 151.503 153.469 135.493 127.653 113.437 113.252 104.908 91.9786 80.49 79.7437 76.3133 85.1623 71.4802 77.7942 79.0443 75.3299 71.3004 112.49 96.7683 100.587 63.0015 62.268 69.754
threshold=0.16314934939146045 3211691.0000000005 5320895.5000000009 12130922.500000002 10052930.500000002 21.500000000000004 5320895.5000000009 21.500000000000004 39610.000000000007 13439690.500000002 0.20257303118705752 197900.00000000003 0.84003925323486339 10.535714149475099 3910147.0000000005 3211691.0000000005 13.690476417541506 18.038461685180668 75.500000000000014 33.500000000000007 0.090949106961488738 -0.052248043939471238 0.0040080321487039336 0.22230862081050876 7714069.5000000009 43.500000000000007 140100.00000000003 26.500000000000004 0.46431924402713781 78050.000000000015
decision_type=2 8 2 2 2 2 2 2 8 2 10 8 8 2 2 10 2 2 2 2 10 2 8 10 8 2 8 2 2 8
left_child=1 -1 5 4 7 -3 28 8 -4 -8 -6 15 -13 -11 -12 27 -5 -14 -19 22 21 -21 -9 24 25 -18 -27 -7 29 -2
right_child=6 2 3 16 10 11 9 19 -10 13 14 12 17 -15 -16 -17 23 18 -20 20 -22 -23 -24 -25 -26 26 -28 -29 -30 -31
leaf_value=0.012462641838189452 0.021994029087942069 0.012462641838189452 0.012462641838189452 0.012155630951166556 -0.00046482817730590111 0.010415816759075283 0.012462641838189452 -0.059163731132485166 0.0066628042286747307 0.024712893849517945 0.0029881162287017046 -0.040117023148134229 0.0070735291852711104 0.012656365857581229 0.012462641838189452 0.010415816759075283 0.0059496709967820647 0.0027227846773287927 -0.01760676213159287 -0.034714221045210485 0.0042872882982886848 -0.0015749698379902734 0.0066628042286747307 0.010370076200095538 0.0083208326218542662 0.0056276116496209467 -0.012747580491560532 0.0070735291852711104 0.02684220463121469 0.012979523569209351
leaf_weight=35275.989412307739 5485.6185850948095 44685.058640524745 9429.383707717061 31090.967082634568 31580.545922830701 8396.6737607643008 13408.716538593173 50.205062128603458 16267.136043965816 4095.1271783560514 5555.4314055740833 139.16110124066472 4069.6866796463728 3238.6648804247379 2933.2429532855749 9119.0997331440449 5260.304805431515 9270.0443714410067 239.97277581691742 184.24025209248066 14429.661582902074 5327.7859910316765 6109.2277362495661 14902.69653069973 8267.4066902697086 1261.0926780961454 1813.8348023742437 22779.215276394039 2953.9886724799871 3544.7745534330606
leaf_count=66953 6562 72362 15914 50562 105612 21096 20393 363 33391 4142 17215 656 9153 4828 7457 18982 14951 30776 1186 617 45590 21318 23274 38625 22837 3099 6545 60871 2863 4928
internal_value=0.00970505 0.00899908 0.00822201 0.00668428 0.00418051 0.0106284 0.0159262 0.00664194 0.00936722 0.0132648 0.000998435 0.00836899 0.00444104 0.0193935 0.00644106 0.00970602 0.0103586 0.0049035 0.00189749 0.00395839 0.0023573 -0.00269484 0.0066628 0.00858452 0.00627159 0.0018315 -0.00521277 0.00774894 0.0205296 0.0184591
internal_weight=321165 288438 253162 154463 91866.9 98698.9 32726.9 51797.6 25696.5 20742.5 40069.2 54013.9 13718.9 7333.79 8488.67 40295 62596.3 13579.7 9510.02 26101.1 19941.7 5512.03 6159.43 31505.3 16602.6 8335.23 3074.93 31175.9 11984.4 9030.39
internal_count=733121 689405 622452 407370 270751 215082 43716 140467 49305 29363 130284 142720 41771 8970 24672 100949 136619 41115 31962 91162 67525 21935 23637 86057 47432 24595 9644 81967 14353 11490
is_linear=0
shrinkage=0.05


Tree=48
num_leaves=31
num_cat=0
split_feature=12 5 5 5 6 3 10 3 10 12 10 9 3 6 3 11 9 4 3 2 12 5 9 3 10 9 6 9 4 9
split_gain=634.902 454.777 427.97 328.877 269.353 266.715 246.586 223.826 165.127 162.309 155.779 142.783 223.244 141.637 166.945 115.562 98.7611 138.704 96.0056 90.4406 84.8822 83.7901 83.3565 74.8621 70.3774 73.6253 84.7033 69.6425 66.9316 111.506
threshold=0.080915343016386046 5320895.5000000009 13439690.500000002 10052930.500000002 8681399.0000000019 0.17396961152553561 11.949999809265138 0.013957562390714886 13.464285850524904 -0.10753119364380835 14.348484516143801 58.500000000000007 0.062580697238445296 13897643.000000002 0.040998572483658798 0.26698686182498937 1.0000000180025095e-35 29679.900390625004 0.18901041895151141 126.36590957641603 -0.059050325304269784 1289243.5000000002 1.0000000180025095e-35 0.0058937692083418378 21.050000190734867 65.500000000000014 1885909.0000000002 23.500000000000004 57987.701171875007 43.500000000000007
decision_type=2 2 2 2 2 10 2 8 2 2 2 2 8 2 10 2 2 8 10 2 2 2 2 8 2 2 2 2 8 2
left_child=1 6 3 4 8 9 -1 27 22 -5 -4 -10 -13 21 -15 -2 17 -11 -17 -6 -14 -9 -3 -12 -23 -26 -27 -8 -25 -30
right_child=15 2 10 5 19 -7 7 13 11 16 23 12 20 14 -16 18 -18 -19 -20 -21 -22 24 -24 28 25 26 -28 -29 29 -31
leaf_value=0.012632129720819502 0.013091494715125291 0.0087219564304321668 0.012030233857156493 -0.020484211657782969 -6.5776870103795981e-05 0.0081212651710756041 -0.0021326137883713016 -0.0021326137883713016 0.0079357359316405123 0.0036581595626524522 -0.023989440191247588 -0.068401698394990329 -0.034197714792311588 0.0004033796615929158 0.010880975072394126 0.017367677974756933 0.0021711168649566795 -0.007091421277082845 0.026907661855613097 0.012632129720819502 0.00094019703061410049 0.010880975072394126 0.012632129720819502 0.009709293853158607 0.0091751680954657491 -0.0021326137883713016 0.0095539163432237281 -0.025408249073567604 0.0075378645285318433 0.00052718725901259005
leaf_weight=38797.40010677278 11537.464920595288 9196.4991784840822 38374.778903529048 1012.6913212388754 12785.858252484351 11312.690720781684 476.13710863143206 917.33501172065735 17275.118098638952 3959.980242177844 187.15313418582082 120.26313710585237 81.296312779188156 8374.2155006676912 4777.7363104000688 9954.4488664120436 18449.514658592641 8717.1754337102175 3601.5214817076921 618.92608851194382 4779.5386471748352 38633.842535562813 16712.934613600373 16816.688792042434 22815.476595193148 2073.0617804899812 789.79944075644016 581.17754081264138 9869.5970978438854 7321.4810049235821
leaf_count=60192 17475 18205 61143 2226 40375 31727 1300 3252 55958 9281 982 709 272 29293 10940 12181 63624 29809 3658 771 16766 72898 26875 43073 58976 8332 1914 2251 26463 22179
internal_value=0.00913805 0.00849023 0.00689047 0.00484998 0.00720046 0.00151925 0.0108929 0.00912982 0.00894503 -0.000804946 0.00984324 0.00578546 -0.00167216 0.00943817 0.00470368 0.016774 -0.000163416 -0.00356075 0.0199058 0.000931498 6.26881e-06 0.0103926 0.0116584 0.00738835 0.0106101 0.00822686 0.0006682 -0.0137034 0.00756243 0.00536644
internal_weight=320922 295828 177592 105022 61570.4 43452.1 118236 79438.8 48165.6 32139.4 72569.7 22256.2 4981.1 78381.5 13152 25093.4 31126.7 12677.2 13556 13404.8 4860.83 65229.5 25909.4 34194.9 64312.2 25678.3 2862.86 1057.31 34007.8 17191.1
internal_count=733100 699786 450438 296598 159931 136667 249348 189156 118785 104940 153840 73705 17747 185605 40233 33314 102714 39090 15839 41146 17038 145372 45080 92697 142120 69222 10246 3551 91715 48642
is_linear=0
shrinkage=0.05


Tree=49
num_leaves=31
num_cat=0
split_feature=7 7 4 1 3 8 2 6 6 5 5 7 10 6 3 4 4 7 6 4 4 12 10 8 12 11 3 10 3 8
split_gain=478.056 519.19 457.607 287.778 250.069 243.234 231.169 223.37 192.855 161.674 146.101 128.566 133.372 126.229 124.188 123.566 90.6532 77.4662 309.592 150.026 77.3979 77.1253 75.4141 67.5379 64.9794 59.5 58.7004 56.1017 54.9973 53.6793
threshold=3211691.0000000005 7714069.5000000009 38060.000000000007 21.500000000000004 0.013957562390714886 0.91074174642562877 11.127714633941652 8681399.0000000019 8681399.0000000019 5320895.5000000009 10052930.500000002 3211691.0000000005 10.775000095367433 13897643.000000002 0.18441750109195712 160500.00000000003 198800.00000000003 3211691.0000000005 1885909.0000000002 39610.000000000007 39440.000000000007 -0.015413943212479351 17.038461685180668 0.42875434458255773 -0.034559885039925568 -0.049416434019803994 0.0058937692083418378 21.44999980926514 0.30402800440788275 0.10570267215371133
decision_type=8 10 8 2 10 10 2 2 2 2 2 10 2 2 10 8 10 10 2 10 8 2 2 10 2 2 10 2 10 8
left_child=6 2 3 5 8 10 7 15 16 24 23 12 -6 14 -3 -1 17 18 19 -4 -9 -20 -19 -2 -10 -11 -18 -26 -7 -15
right_child=1 13 4 -5 11 28 -8 20 9 25 -12 -13 -14 29 -16 -17 26 22 21 -21 -22 -23 -24 -25 27 -27 -28 -29 -30 -31
leaf_value=0.019734337082497305 0.012084371955443873 0.020825283782605744 0.0060234100978228842 0.0083370753634838517 0.0083370753634838517 0.020845690888352766 0.026674157712484249 0.019239029240471561 -0.0080401963332250286 -0.01892625191930105 0.010754672015080789 0.0083370753634838517 0.0060234100978228842 -0.032919093113000189 0.046838075284969666 0.013317240069530757 -0.083820280534381286 0.0060234100978228842 -0.018591541979925488 1.7453094554266977e-05 0.0054642030786952525 -0.0039012810587814705 0.0014372354450040367 0.017346430827405154 0.0060234100978228842 -0.0033551270893728865 -0.018591541979925488 -0.0011820189053724083 0.035031621101379654 0.010655496215577539
leaf_weight=6066.0313929766417 10584.36553363502 6934.5826065540314 5686.0197883099318 42905.18760073185 11692.013201624155 1459.3074140548706 3278.3575262874365 1135.6433399841189 947.6240721642971 651.83310097455978 21441.166451647878 21148.650730162859 64469.083961419761 70.99514801800251 491.04767985641956 18283.501108691096 45.99409631639719 26507.773090898991 659.52915397286415 10771.110698256642 9885.7555597424507 6609.606916218996 11562.448906600475 14472.280882716179 7087.1099433116615 9984.678393907845 48.686639569699764 2451.6572674289346 1308.0581197887659 2318.5632347464561
leaf_count=9195 17027 10445 11566 115799 16277 2024 3531 2056 2098 1877 39834 41776 178796 206 483 31620 209 45385 1883 25884 24579 24355 32758 20952 15914 37493 153 12279 1289 5253
internal_value=0.00875775 0.00804365 0.00763659 0.0105026 0.00617156 0.0131723 0.0139732 0.0127945 0.00415546 3.02277e-05 0.0123141 0.00789136 0.00622148 0.0193409 0.0225576 0.0154678 0.00556332 0.00563884 0.00309936 0.00602341 0.00688679 -0.00556785 0.00602341 0.0151248 0.00443536 -0.00431274 -0.0428219 0.00567616 0.0275714 0.00933442
internal_weight=320959 282309 272494 92170.4 180324 49265.2 38649.3 35370.9 83014.1 21122.9 46497.8 97309.7 76161.1 9815.19 7425.63 24349.5 61891.2 61796.5 23726.3 16457.1 11021.4 7269.14 38070.2 25056.6 10486.4 10636.5 94.6807 9538.77 2767.37 2389.56
internal_count=732996 662015 645628 196925 448703 81126 70981 67450 211854 69661 77813 236849 195073 16387 10928 40815 142193 141831 63688 37450 26635 26238 78143 37979 30291 39370 362 28193 3313 5459
is_linear=0
shrinkage=0.05


Tree=50
num_leaves=31
num_cat=0
split_feature=2 5 5 5 1 5 3 1 8 8 1 4 1 4 3 5 9 9 3 9 7 3 8 7 6 9 9 2 5 7
split_gain=502.196 429.783 557.461 222.784 213.397 198.635 151.679 147.361 164.279 120.927 119.249 112.797 104.542 92.8828 89.6941 87.8847 62.5547 62.239 66.2454 60.842 58.6762 77.1382 111.447 96.4338 82.6703 57.664 57.0815 52.3697 49.7954 49.7259
threshold=147.12512969970706 5320895.5000000009 12130922.500000002 1289243.5000000002 21.500000000000004 10052930.500000002 0.17979500442743304 21.500000000000004 0.19364918768405917 0.080018397420644774 21.500000000000004 197900.00000000003 20.500000000000004 22040.000000000004 0.0090917046181857603 10052930.500000002 1.0000000180025095e-35 43.500000000000007 0.10327889770269395 49.500000000000007 3211691.0000000005 0.017895999364554886 0.4167881458997727 3211691.0000000005 13897643.000000002 34.500000000000007 45.500000000000007 15.464504241943361 12130922.500000002 3211691.0000000005
decision_type=2 2 2 2 2 2 10 2 10 8 2 10 2 10 8 2 2 2 10 2 8 10 8 10 2 2 2 2 2 8
left_child=1 3 5 9 -5 7 29 8 -3 -1 16 20 15 -8 19 -2 -4 -16 26 -9 -6 22 -22 25 -24 -23 -19 -11 -17 -7
right_child=12 2 10 4 11 6 13 14 -10 27 -12 -13 -14 -15 17 28 -18 18 -20 -21 21 23 24 -25 -26 -27 -28 -29 -30 -31
leaf_value=-0.056040740211655976 0.020971660962157555 0.005333042003089046 0.0092526156980666449 0.011643009757611631 0.0098411809634529942 -0.07571317680721551 0.011643009757611631 -0.012960094161168998 0.011643009757611631 -0.0083593529849817754 0.0072670916351764564 -0.034214975737912511 0.011643009757611631 0.0026921983359454475 0.005333042003089046 0.014770080594137308 0.011643009757611631 -0.0084084020877714331 0.0033660437540647178 -0.069771463556312682 -0.013034264357328471 0.0098411809634529942 0.0064386135501356724 0.0098411809634529942 -0.00074007523431617007 0.0064386135501356724 0.00017407654028685026 0.011643009757611631 0.021583932728528293 -0.00075947209126585183
leaf_weight=122.42103239148855 9600.1093851327896 17165.573673248291 18093.094779133797 56363.114741116762 7611.8530969247222 20.143775641918182 3630.7724902629852 226.95997177809477 15012.277374193072 1305.8238722234964 37460.108919523656 155.61547918245196 4833.3173232376575 6643.8859994709492 11073.320706024766 2423.366595312953 20114.984102725983 2751.2801672592759 13061.66936711967 57.949073892086744 537.02300498634577 12141.406593546271 9886.2594793587923 8890.0790926814079 4443.5577341541648 18524.951547071338 3145.4162708073854 161.71851418912411 3226.7704602479935 30931.133022047579
leaf_count=607 10427 35036 31331 89336 16741 90 9136 1176 25931 4412 98397 702 7561 20403 38674 3854 29908 11380 39434 353 2141 28928 23747 18131 18602 49029 10529 246 3456 102740
internal_value=0.00807264 0.00755934 0.00600923 0.00987369 0.0101231 0.00362842 0.000934332 0.00540556 0.00776219 -0.00870986 0.00927249 0.00803935 0.0157267 0.00619754 0.0029039 0.0178972 0.0112381 0.00316951 0.00138031 -0.0249211 0.00814645 0.00739728 0.00432586 0.00855136 0.00519019 0.00667682 -0.00301789 -0.00469067 0.0147701 -0.000813143
internal_weight=319616 299532 179389 120144 118554 103720 41225.9 62494.4 32177.9 1589.96 75668.2 62190.7 20083.6 10274.7 30316.6 15250.2 38208.1 30031.7 18958.4 284.909 62035.1 54423.3 14866.8 39556.4 14329.8 30666.4 5896.7 1467.54 5650.14 30951.3
internal_count=732438 707140 454518 252622 247357 294882 132369 162513 60967 5265 159636 158021 25298 29539 101546 17737 61239 100017 61343 1529 157319 140578 44490 96088 42349 77957 21909 4658 7310 102830
is_linear=0
shrinkage=0.05


Tree=51
num_leaves=31
num_cat=0
split_feature=12 6 6 8 4 0 9 10 10 2 12 9 4 10 12 9 10 10 12 9 4 9 9 9 11 2 9 12 12 10
split_gain=501.651 284.285 624.655 413.668 227.993 194.989 169.711 161.99 146.317 139.737 134.03 72.4033 101.037 91.8608 80.0855 69.9395 65.6307 64.4846 162.134 113.898 87.7307 76.3494 111.971 62.8383 91.8469 55.0128 43.58 87.9455 70.9986 53.1664
threshold=0.080915343016386046 1885909.0000000002 13897643.000000002 0.79174411296844494 198800.00000000003 0.01835016813129187 1.0000000180025095e-35 12.535714149475099 9.5277776718139666 22.731818199157718 -0.11716270074248313 1.0000000180025095e-35 194500.00000000003 11.759615421295168 -0.11716270074248313 12.500000000000002 12.683333396911623 17.690475463867191 -0.017661913298070427 55.500000000000007 33020.000000000007 99.500000000000014 89.500000000000014 23.500000000000004 -0.052344877272844308 276.65499877929693 43.500000000000007 -0.0073870457708835593 -0.080750361084938035 18.774999618530277
decision_type=2 2 2 8 8 2 2 2 2 2 2 2 8 2 2 2 2 2 2 2 10 2 2 2 2 2 2 2 2 2
left_child=1 3 4 5 -3 17 -6 -8 -2 11 -9 12 -4 -13 -15 -16 -7 20 -19 -20 -1 22 -21 -17 -25 -10 27 -12 -28 -30
right_child=8 2 9 -5 6 16 7 10 25 -11 26 13 -14 14 15 23 -18 18 19 21 -22 -23 -24 24 -26 -27 28 -29 29 -31
leaf_value=0.0057424860199556706 0.019335805332522809 0.011012469743253123 0.0070432493518700085 0.011012469743253123 0.0046974125887726285 0.0078626727279110624 0.0095463814552358243 -0.083238704839006999 0.011012469743253123 0.011012469743253123 -0.0049763560157384959 0.0070432493518700085 -0.002822129578256196 -0.064468077571516014 -0.0036761815413066303 0.004951334942581034 0.0057424860199556706 -0.073119974524779377 0.0034021110808331334 -0.0028889601928408465 0.0034021110808331334 0.0034021110808331334 -0.035441777685730418 -0.03074934997168411 0.0019272081225137471 0.015405139993625548 -0.038758899522507939 0.007562132709541744 0.0074023846304977839 -0.00080253491730589404
leaf_weight=22160.173284366727 10137.055398389697 38064.13237375021 1535.8959923088551 17209.58810429275 24120.133266672492 17281.011893123388 15972.468562409282 40.41675491631031 10472.552181214094 2840.4191408008337 1425.7115751206875 4431.6545067578554 8705.8312228918076 42.099834099411964 3450.5521665066481 7193.8780884519219 13727.054046884179 69.505815446376801 28997.109202980995 10493.114648010582 35545.856351718307 1180.8443020619452 221.3578983694315 87.96891351044178 16216.227888129652 3786.570918366313 70.112912580370903 16850.394276455045 3758.398953333497 4156.1962044015527
leaf_count=45301 11296 70308 2865 34727 49454 25659 23084 141 17081 4303 2891 7199 22250 143 7972 27942 29457 320 98684 40498 82526 4042 860 309 53729 4697 199 43744 7969 13206
internal_value=0.00785099 0.00728262 0.00882177 0.00572162 0.0109352 0.00471288 0.00808029 0.00954638 0.0147423 0.00386109 0.00557788 0.00307403 -0.000576803 0.00426393 0.00285942 0.00296938 0.00786267 0.0036223 0.00210499 0.00223642 0.00469923 -0.00194637 -0.00363861 0.00394547 0.00162038 0.0114745 0.00572091 0.00706718 0.00263843 0.00309462
internal_weight=320244 295848 148962 146886 104458 129676 66393.8 42273.7 24396.2 44504.5 26301.2 41664.1 10241.7 31422.4 26990.7 26948.6 31008.1 98668 40961.9 40892.4 57706 11895.3 10714.5 23498.1 16304.2 14259.1 26260.8 18276.1 7984.71 7914.6
internal_count=732856 699782 337708 362074 210996 327347 140688 91234 33074 126712 68150 122409 25115 97294 90095 89952 55116 272231 144404 144084 127827 45400 41358 81980 54038 21778 68009 46635 21374 21175
is_linear=0
shrinkage=0.05


Tree=52
num_leaves=31
num_cat=0
split_feature=12 5 5 9 10 10 4 12 6 9 6 10 10 6 4 11 11 4 9 2 4 6 3 12 9 9 5 9 9 9
split_gain=548.195 371.534 510.019 263.399 241.804 237.108 182.582 179.501 164.695 111.158 107.366 108.767 104.041 86.5077 81.786 79.7246 76.4847 75.6573 81.418 74.6283 70.3107 72.4082 69.6316 61.6278 57.4436 54.7787 65.6476 68.2065 56.5222 57.7252
threshold=0.076757155358791365 5320895.5000000009 12130922.500000002 1.0000000180025095e-35 10.535714149475099 21.944444656372074 38060.000000000007 -0.11958907917141913 8681399.0000000019 65.500000000000014 13897643.000000002 13.690476417541506 9.5277776718139666 1885909.0000000002 8010.0000000000009 0.11566292867064477 -0.067670401185750947 inf 89.500000000000014 112.78511428833009 45977.000000000007 1885909.0000000002 0.11639588698744775 -0.053241055458784096 2.5000000000000004 43.500000000000007 15089427.500000002 77.500000000000014 58.500000000000007 55.500000000000007
decision_type=2 2 2 2 2 2 8 2 2 2 2 2 2 2 10 2 2 8 2 2 8 2 8 2 2 2 2 2 2 2
left_child=1 5 3 6 23 8 13 15 -1 20 11 -4 -2 14 -3 -6 -9 -12 24 -14 -7 -22 -11 -5 -19 -26 -27 28 29 -28
right_child=12 2 10 4 7 9 -8 16 -10 22 17 -13 19 -15 -16 -17 -18 18 -20 -21 21 -23 -24 -25 25 26 27 -29 -30 -31
leaf_value=0.010768154178415699 0.018480817759397129 0.010768154178415699 0.010768154178415699 0.0070757345551804079 -0.079757440008312086 0.0079186892580890653 -0.0047617491296467716 -0.016161281895314999 0.0079186892580890653 -0.019440502682421146 0.0095517019595489101 0.0071703352950134476 0.010768154178415699 0.010768154178415699 -0.00018949550292885267 -0.019656259888214598 0.0036947252395863397 -0.0079971879854266303 -0.075133354550280848 0.01520670550629977 -0.00077829577112123851 0.0061034786962439191 -2.1781264972866274e-05 0.010768154178415699 0.004489693836746883 0.004489693836746883 -0.025473539871845238 0.004489693836746883 -0.057059898273140321 0.004489693836746883
leaf_weight=70388.074373692274 10287.406897157431 1551.2642995715141 34103.336433246732 5207.0827621668577 76.592471778392792 9933.8493505418301 15050.482599809766 486.64567984640598 15875.79117391631 550.81935472041368 2908.1744507551193 32386.040354065597 7583.5954544991255 1208.4785426855087 5802.5930472314358 192.09205856919289 65943.533439852297 1557.1590024828911 34.349315479397774 7251.8182793408632 5089.2442786619067 13124.422735348344 2799.0118541345 7103.410617262125 2534.4365130513906 194.20759159326553 416.99067842960358 85.410883225500584 99.412271872162819 121.02270530164242
leaf_count=121681 11589 2705 53394 8272 283 24541 44023 1150 34541 2495 6492 82788 12938 2173 14373 428 208158 3586 173 9444 16479 38600 10678 10874 7402 663 1920 240 537 376
internal_value=0.00752531 0.00692106 0.00547342 0.00318781 0.0045726 0.00909756 -0.00144573 0.00338331 0.0104533 0.00538407 0.00862415 0.00928081 0.0146152 0.00438276 0.00199864 -0.0372517 0.00354878 0.00313206 -0.000572314 0.0119326 0.00640874 0.00428827 -0.00322453 0.0107682 -3.11883e-05 0.00356528 -0.00784987 -0.015993 -0.0227557 -0.0162293
internal_weight=319947 294824 177063 102622 79009.4 117761 23612.8 66698.9 86263.9 31497.3 74440.5 66489.4 25122.8 8562.34 7353.86 268.685 66430.2 7951.16 5042.99 14835.4 28147.5 18213.7 3349.83 12310.5 5008.64 3451.48 917.044 722.837 637.426 538.013
internal_count=732996 699025 450010 292439 229165 249015 63274 210019 156222 92793 157571 136182 33971 19251 17078 711 209308 21389 14897 22382 79620 55079 13173 19146 14724 11138 3736 3073 2833 2296
is_linear=0
shrinkage=0.05


Tree=53
num_leaves=31
num_cat=0
split_feature=7 7 11 6 4 10 5 9 10 3 9 10 5 9 6 3 6 3 10 9 4 4 5 5 6 3 5 0 9 6
split_gain=546.941 496.269 431.799 293.072 282.662 193.842 191.423 172.926 161.56 156.802 132.622 115.726 113.325 152.519 98.3434 96.344 93.1355 97.8408 98.5325 88.7389 125.031 85.081 78.7187 78.2957 72.8128 92.5095 70.3454 91.4253 69.0277 68.2033
threshold=7714069.5000000009 3211691.0000000005 0.073747340589761748 13897643.000000002 134020.00000000003 15.354166507720949 5320895.5000000009 1.0000000180025095e-35 20.708333015441898 0.40503749251365667 33.500000000000007 11.949999809265138 5320895.5000000009 58.500000000000007 13897643.000000002 0.34456743299961096 3910147.0000000005 0.0090917046181857603 20.267857551574711 1.0000000180025095e-35 44050.000000000007 27670.000000000004 13439690.500000002 1289243.5000000002 13897643.000000002 0.0058937692083418378 1289243.5000000002 0.027334993705153469 83.500000000000014 3910147.0000000005
decision_type=10 8 2 2 8 2 2 2 2 10 2 2 2 2 2 10 2 10 2 2 8 8 2 2 2 10 2 2 2 2
left_child=1 4 3 5 11 7 -4 21 14 22 -7 -1 13 26 -6 24 23 18 -18 20 -14 -3 -8 -12 25 29 27 -5 -10 -2
right_child=15 2 6 12 8 10 9 -9 28 -11 16 -13 19 -15 -16 -17 17 -19 -20 -21 -22 -23 -24 -25 -26 -27 -28 -29 -30 -31
leaf_value=0.027260379203932129 -0.0433307107338049 0.0079064152534919687 0.015679426164230608 -0.05433117977769928 0.013567425185568647 0.0055440410320820137 0.0079064152534919687 0.0079064152534919687 0.0027159515818847447 0.019710921991974252 -0.024144655859804423 0.015580951245975101 0.0079064152534919687 -0.011858919468578097 0.0068415772553150171 0.046860917447079695 0.0023139975082035543 0.0055440410320820137 -0.0087744156262779503 -0.00047174396527003941 -0.013143970897296409 0.0055440410320820137 0.013542315600431105 0.0013724225645890939 0.0099777749427836342 0.032232794689480149 0.0059714174388555297 0.0079064152534919687 -0.065599203018176261 0.018029106634167305
leaf_weight=3002.998501509428 43.792300447821617 13035.563611671329 13076.913326561451 108.64295837283134 15249.9949644804 35408.824210070074 14615.787484332919 66062.47496753931 6357.5938936918974 2826.6612339913845 300.84112410619855 7268.7473582625389 498.76709192991257 1407.4850748553872 6459.9797455519438 288.63692720234394 3377.190449565649 9412.9150244817138 2500.4664903283119 12065.869569916278 3170.8753361850977 32698.768766537309 7198.049467086792 41044.962996691465 2373.0666192173958 1195.74230915308 11894.592052407563 53.302060231566429 35.195388063788414 6104.3615440279245
leaf_count=3384 122 22856 17388 655 23195 103735 25026 116883 17631 3769 1534 13071 903 5239 13515 280 8565 23069 9150 42757 10461 73298 9888 137716 5344 1497 32047 76 194 9286
internal_value=0.00695326 0.00658078 0.0058265 0.00502313 0.0119022 0.00569421 0.0107897 0.00709329 0.00930664 0.00819363 0.00399479 0.0190001 0.000338209 0.00370534 0.0113637 0.0184578 0.00242064 0.00554404 -0.000916046 -0.00254297 -0.00934923 0.00554404 0.00790642 0.0011856 0.0176047 0.0200658 0.00552398 -0.0270113 0.00231944 0.0175781
internal_weight=319139 309133 270759 233042 38374.5 203842 37717.4 111797 28102.8 24640.5 92045.2 10271.7 29199.5 13464 21710 10005.6 56636.4 15290.6 5877.66 15735.5 3669.64 45734.3 21813.8 41345.8 9716.96 7343.9 12056.5 161.945 6392.79 6148.15
internal_count=732534 716005 645015 588944 70990 496806 56071 213037 54535 38683 283769 16455 92138 38017 36710 16529 180034 40784 17715 54121 11364 96154 34914 139250 16249 10905 32778 731 17825 9408
is_linear=0
shrinkage=0.05


Tree=54
num_leaves=31
num_cat=0
split_feature=7 0 7 8 10 7 6 3 4 9 8 7 4 8 6 7 4 10 1 9 9 4 10 9 3 9 3 8 6 4
split_gain=529.98 434.97 293.235 244.008 167.337 152.864 128.51 92.4221 84.8945 78.7181 78.2029 73.8919 77.781 68.807 77.0036 68.0952 96.1254 110.648 66.6466 65.8354 79.8769 72.2072 56.1003 71.8144 70.7139 55.197 54.7948 76.8847 54.185 69.0802
threshold=7714069.5000000009 1.0000000180025095e-35 3211691.0000000005 0.5004003942012788 5.0625000000000009 3211691.0000000005 13897643.000000002 0.25924760103225714 198800.00000000003 44.500000000000007 0.33337777853012091 3211691.0000000005 78050.000000000015 0.062622431665658965 13897643.000000002 3211691.0000000005 198800.00000000003 21.633333206176761 7.5000000000000009 82.500000000000014 13.500000000000002 32820.000000000007 15.062500000000002 62.500000000000007 0.079201109707355513 55.500000000000007 0.058075461536645896 0.2105745151638985 3910147.0000000005 49000.099609375007
decision_type=10 2 8 10 2 8 2 10 10 2 10 10 10 10 2 10 8 2 2 2 2 8 2 2 8 2 8 10 2 10
left_child=1 3 13 5 9 -1 8 -6 15 18 26 12 25 14 -3 19 -17 -18 -4 20 21 -7 -22 -24 -25 -8 27 -2 29 -23
right_child=10 2 4 -5 7 6 11 -9 -10 -11 -12 -13 -14 -15 -16 16 17 -19 -20 -21 22 28 23 24 -26 -27 -28 -29 -30 -31
leaf_value=0.0057318934498825861 -0.045968675639121249 0.018163987921350145 0.01908514215380662 0.0072083310112250861 0.0072083310112250861 0.0052127135603702605 -0.011322231771098581 0.010954258232597949 -0.026194549825604853 0.028640170826525264 0.031246263490478089 0.00074337043758016506 -0.066093053042952099 0.023638076580078157 0.0072083310112250861 0.0057318934498825861 0.004273537648156414 -0.001487626858134883 0.011278863399742664 -0.0053122141799414055 0.0057318934498825861 0.0025757090030960063 0.0043917050607774058 -0.011039867611015218 0.0001707299875869315 0.0057318934498825861 0.01718822245811906 0.0035398335671112807 -0.0045476976194012524 -0.00230826739229397
leaf_weight=26551.345151357353 90.758378632366657 4820.9497086107731 3217.475102648139 42785.800569981337 59074.541089616716 9279.5370254516602 1605.0502877905965 17087.656890317798 229.49493790045381 939.51896291971207 1019.0875296443701 19030.302192378789 57.322922624647617 3011.3192322850227 2247.8650440871716 11468.629045382142 18146.402886152267 10146.321717113256 4166.1476497203112 2155.08404802531 7406.3075079321861 8153.5093949139118 38900.344589952379 306.34033248946071 4921.1721812933683 174.02899423241615 8787.1255347132683 95.789759546518326 5128.24573738873 8295.5815848261118
leaf_count=54001 263 6287 3676 98382 108473 18916 7628 29991 1025 860 1310 63494 325 3778 4102 21687 34102 29631 5873 8505 13389 17124 127831 1667 19066 671 14748 135 17124 18504
internal_value=0.00678397 0.00641774 0.00924328 0.00517338 0.00828117 0.00425546 0.00345009 0.00754518 0.00405854 0.0150125 0.0181164 -0.000181291 -0.00975377 0.0173038 0.0145994 0.00411481 0.00573189 0.00281518 0.0132712 0.00331136 0.00353705 0.00152498 0.0047417 0.00365231 -0.00184946 -0.00786631 0.0166186 -0.0101086 -6.12956e-05 0.00133779
internal_weight=319299 309306 94565.5 214741 84485.3 171955 145404 76162.2 124537 8323.14 9992.76 20866.7 1836.4 10080.1 7068.81 124307 39761.4 28292.7 7383.62 84546.1 82391 30856.9 51534.2 44127.9 5227.51 1779.08 8973.67 186.548 21577.3 16449.1
internal_count=732568 716112 163040 553072 148873 454690 400689 138464 328571 10409 16456 72118 8624 14167 10389 327546 85420 63733 9549 242126 233621 71668 161953 148564 20733 8299 15146 398 52752 35628
is_linear=0
shrinkage=0.05


Tree=55
num_leaves=31
num_cat=0
split_feature=7 7 11 4 5 5 4 9 3 1 8 4 10 10 12 9 5 5 2 5 5 12 10 8 4 12 10 9 12 5
split_gain=482.745 549.526 333.351 256.744 236.201 234.393 229.591 239.342 178.53 161.608 156.127 149.706 122.545 109.332 115.195 102.934 92.076 162.173 70.8103 59.0213 158.635 157.72 88.0311 78.7407 58.8121 53.3801 53.0139 94.563 61.3023 61.1586
threshold=3211691.0000000005 7714069.5000000009 0.073747340589761748 134020.00000000003 5320895.5000000009 1289243.5000000002 39610.000000000007 1.0000000180025095e-35 0.30402800440788275 21.500000000000004 0.24999500066041949 197024.50000000003 9.3452377319335955 11.759615421295168 -0.04111917503178119 104.50000000000001 13439690.500000002 5320895.5000000009 2.2991542816162114 13439690.500000002 5320895.5000000009 -0.056045996025204652 18.038461685180668 0.23915284872055056 78050.000000000015 0.18437950313091281 10.354166507720949 14.500000000000002 -0.043343897908926003 5320895.5000000009
decision_type=8 10 2 8 2 2 8 2 10 2 8 10 2 2 2 2 2 2 2 2 2 2 2 10 8 2 2 2 2 2
left_child=3 2 5 12 24 10 9 11 -6 -7 -2 16 -1 -9 19 18 17 -8 26 20 22 23 -15 -22 -4 -26 -5 -28 29 -29
right_child=1 -3 4 15 8 6 7 13 -10 -11 -12 -13 -14 14 -16 -17 -18 -19 -20 -21 21 -23 -24 -25 25 -27 27 28 -30 -31
leaf_value=0.028088262659037383 -0.049878564965208066 0.017091375216005428 0.017377495483980474 0.010805916442502646 0.0069508804950784535 0.0069508804950784535 0.0023471756857613452 0.0050467256549921614 0.016867030367538966 0.0050467256549921614 -0.0074940641336554859 -0.084284343685570057 0.015220207800747634 -0.00041130484700098967 0.0036522498866835597 -0.065311034316976296 0.004277564008030337 -0.0057954329661192919 0.013623459282152486 -0.00041130484700098967 -0.068636442669461395 -0.01103313113144537 -0.063170046743823802 -0.029146639988831859 0.0069508804950784535 0.013828827311053109 -0.0035131133567508732 0.0021847981499216762 0.008521542698667223 -0.018689350379063784
leaf_weight=2416.3951984345913 285.26071700826287 9909.0809415653348 8552.6196060180664 11382.836104288697 19602.465640455484 40524.649077102542 11985.279389902949 15078.630766913295 4574.1011023819447 38243.424412049353 895.72546949982643 51.097825720906258 7945.3729833737016 1776.2628000080585 100455.33677194268 44.527561232447624 8334.9574905186892 12480.83052264154 2381.3365525752306 1099.9369629919529 209.19952183961868 1227.4080734848976 56.066120475530624 187.47000446915627 3051.1532431691885 1397.9520225971937 2119.2544696331024 541.08393433690071 11287.453634604812 439.46491387486458
leaf_count=2663 1408 16479 10929 18656 32144 70850 23231 22931 6382 108795 2997 218 13824 3314 295077 179 15466 38614 2896 2001 780 3333 199 485 4891 1572 4034 894 26952 998
internal_value=0.00625038 0.00552797 0.00510357 0.0114955 0.00950012 0.00440164 0.00451495 0.00338537 0.00695088 0.00670808 -0.0177988 -0.000396315 0.0182259 0.00441989 0.00329954 0.009021 -0.000260503 -0.00180673 0.0091432 -0.00447486 -0.0084381 -0.0199286 -0.000411305 -0.0472601 0.0149508 0.0102802 0.0082559 0.00623717 0.00792179 -0.00415195
internal_weight=318537 279979 270070 38557.7 37178.3 232892 231711 152942 24176.6 78768.1 1180.99 32852.2 10361.8 120090 105012 28196 32801.1 24466.1 28151.4 4556.34 3456.41 1624.08 1832.33 396.67 13001.7 4449.11 25770.1 14387.3 12268 980.549
internal_count=733192 662096 645617 71096 55918 589699 585294 405649 38526 179645 4405 77529 16487 328120 305189 54609 77311 61845 54430 10112 8111 4598 3513 1265 17392 6463 51534 32878 28844 1892
is_linear=0
shrinkage=0.05


Tree=56
num_leaves=31
num_cat=0
split_feature=5 5 10 9 9 5 2 2 6 10 9 4 5 3 9 12 0 10 9 9 3 1 7 4 9 3 10 11 4 9
split_gain=395.902 521.687 337.613 333.52 357.359 234.66 207.671 174.698 157.211 137.648 129.613 122.442 114.48 114.176 113.154 100.933 99.9508 98.8625 112.277 106.228 118.155 94.3896 85.7002 92.5131 85.5098 100.674 85.6439 102.349 81.3684 137.754
threshold=5320895.5000000009 12130922.500000002 11.949999809265138 1.0000000180025095e-35 11.500000000000002 10052930.500000002 85.97727203369142 390.31552124023443 13897643.000000002 14.267857074737551 43.500000000000007 17002.200195312504 1289243.5000000002 0.1907056346535683 1.0000000180025095e-35 -0.10883838310837744 0.0082305916585028189 14.22499990463257 45.500000000000007 58.500000000000007 0.047941429540514953 12.500000000000002 7714069.5000000009 52059.400390625007 1.0000000180025095e-35 0.0090917046181857603 9.6833333969116229 -0.049416434019803994 inf 23.500000000000004
decision_type=2 2 2 2 2 2 2 2 2 2 2 8 2 10 2 2 2 2 2 2 8 2 10 10 2 8 2 2 8 2
left_child=2 5 3 11 -5 7 9 8 10 14 24 -1 -4 15 -3 -7 -14 18 -12 -19 -21 -15 28 -24 -2 -26 -27 -28 -10 -30
right_child=1 6 12 4 -6 13 -8 -9 22 -11 17 -13 16 21 -16 -17 -18 19 -20 20 -22 -23 23 -25 25 26 27 -29 29 -31
leaf_value=0.020847478415771534 0.0029971014461520145 0.0069998119657731618 -0.0091942581306623163 0.03782204205537678 0.014726363213267334 -0.017310760657776446 0.016962236288625945 0.017603792657335606 0.0024706865544610458 0.0048434686573874987 0.0031753990306097402 0.0091782787087244591 0.0056890144640343492 0.012084687794727969 0.011729620017095845 -0.0012568125725285204 0.0091782787087244591 0.003039921668010993 0.010742297050045629 -0.066381374036794102 -0.0052791945390456285 0.0014066340267991451 0.010742297050045629 -0.085423273284159273 -0.023231772744075056 0.010742297050045629 -0.0070724032127688135 0.0078170825140117459 -0.012084212183407978 -0.0014602109879284534
leaf_weight=2514.4338195025921 9021.2394427508116 17985.545282781124 1150.9692947939038 1857.5868373066187 16970.619701683521 1007.3008157759905 5741.8476497679949 2402.5212785452604 6044.5955923236907 35490.032865252346 1351.455328732729 21853.071044877172 62806.541831281036 2791.5822501182556 20685.691461101174 32700.679052613676 19229.592207096517 7859.6758529245853 5202.4371046572924 78.42019858956337 4967.4218222349882 7987.9322355538607 781.2626319527626 25.206973046064377 241.6980890147388 4692.5565805584192 1169.3620595782995 16824.52603982389 4038.0290197208524 3182.8024138584733
leaf_count=3216 18253 31391 4399 1686 21637 2143 7019 2765 14552 95121 2636 39239 156235 4705 31115 106483 34162 25848 8286 501 17487 24412 1726 108 922 6173 2514 42327 14613 11271
internal_value=0.00614253 0.0047136 0.00831635 0.0119027 0.0170088 0.00251733 0.00780214 0.00436699 0.0038808 0.0070925 0.00516253 0.00917828 0.00645387 -0.000305115 0.00915616 -0.00173755 0.00667363 0.00194533 0.00694534 -0.000594543 -0.00625474 0.00417367 -0.000801816 0.0107423 0.00712179 0.00874428 0.00908697 0.00682246 -0.00180893 -0.00539111
internal_weight=318657 192274 126383 43195.7 18828.2 112371 79903.1 67883.2 65480.7 74161.3 51408.8 24367.5 83187.1 44487.5 38671.2 33708 82036.1 19459.4 6553.89 12905.5 5045.84 10779.5 14071.9 806.47 31949.4 22928.1 22686.4 17993.9 13265.4 7220.83
internal_count=732945 472371 260574 65778 23323 307725 164646 169982 167217 157627 124947 42455 194796 137743 62506 108626 190397 54758 10922 43836 17988 29117 42270 1834 70189 51936 51014 44841 40436 25884
is_linear=0
shrinkage=0.05


Tree=57
num_leaves=31
num_cat=0
split_feature=5 5 5 11 5 3 2 12 8 4 7 2 6 7 4 9 8 9 4 3 9 3 6 9 12 4 9 6 9 9
split_gain=325.741 384.271 310.351 197.6 206.427 193.549 180.18 151.048 133.726 128.793 116.581 128.018 111.274 194.661 233.379 141.675 105.162 103.851 100.902 96.617 96.2353 81.5415 75.1128 111.103 95.4586 92.8201 75.0247 74.4712 80.6728 75.0408
threshold=5320895.5000000009 13439690.500000002 10052930.500000002 1.0000000180025095e-35 1289243.5000000002 0.20257303118705752 375.44470214843756 -0.10883838310837744 0.54296705126762401 60000.900390625007 7714069.5000000009 2.2991542816162114 13897643.000000002 1.0000000180025095e-35 39610.000000000007 45.500000000000007 0.36671064794063574 21.500000000000004 160500.00000000003 0.0058937692083418378 41.500000000000007 0.044101111590862281 13897643.000000002 22.500000000000004 -0.067498289048671709 inf 22.500000000000004 3910147.0000000005 53.500000000000007 35.500000000000007
decision_type=2 2 2 2 2 10 2 2 10 8 10 2 2 10 10 2 10 2 10 8 2 8 2 2 2 8 2 2 2 2
left_child=3 2 6 4 16 7 8 9 22 -4 11 17 13 14 20 -14 -1 18 -3 -19 -6 -17 -2 24 -24 -26 -10 -7 29 -29
right_child=1 10 5 -5 12 27 -8 -9 26 -11 -12 -13 15 -15 -16 21 -18 19 -20 -21 -22 -23 23 -25 25 -27 -28 28 -30 -31
leaf_value=-0.024399995669170473 0.0044411912253712492 0.0091198262792539196 -0.011044897305799668 0.01291624682756368 0.010044282157297749 0.0026998683156764739 0.01808842384905961 -0.0014644607607208562 0.011290816917571554 -0.046141062943455234 0.016763718261770959 0.012849345509609792 0.0058496591501148616 0.010044282157297749 0.0028880635096249427 -0.069088098198387279 0.0045155791396318369 -0.02768933480128757 -0.042224541866690023 0.0049591328789554689 0.0063232531797233101 -0.0047806017704626232 -0.035656223062720767 0.0043043092711361466 0.0062454002682830268 -0.0072272314578032508 0.0062454002682830268 0.0085543151228635993 0.0027065440067059439 0.027802543798849191
leaf_weight=769.72198168933392 40593.125175453722 23720.271361649036 719.13673928380013 17364.084270603955 16814.517946377397 6799.4340496361256 2528.8772633671761 35007.422786965966 6106.7951913625002 338.56881383061409 3195.2497919201851 8336.5340622216463 15822.485255025327 38812.207190737128 27041.714701998979 48.116720981895924 529.73638600111008 225.87770808115602 94.135229334235191 41968.212533563375 5954.7663804367185 3063.374199077487 242.78751261532307 6905.7581712827086 1202.8728800676763 4306.1409190148115 6616.5910168066621 1021.3432005941868 1457.0410057753325 1007.2694050520658
leaf_count=3221 100023 39320 1368 23827 29517 18941 2879 112188 11939 958 5041 11430 40633 69753 66141 275 1550 1075 260 102934 15542 9632 622 20429 2698 15275 16416 2195 3917 2097
internal_value=0.00598886 0.00469385 0.00285772 0.0079627 0.00717232 -0.000302046 0.00499561 -0.00202752 0.00449321 -0.0206253 0.0074134 0.0070111 0.00741171 0.00815509 0.00602887 0.00393172 -0.0126235 0.00627339 0.00891334 0.00478305 0.00975844 -0.00581881 0.00339263 2.96912e-05 -0.00510224 -0.00374324 0.00909817 0.00574761 0.0116879 0.0181296
internal_weight=318614 192393 114853 126221 108857 46350.2 68502.9 36065.1 65974.1 1057.71 77540.3 74345 107557 88623.2 49811 18934 1299.46 66008.5 23814.4 42194.1 22769.3 3111.49 53250.7 12657.6 5751.8 5509.01 12723.4 10285.1 3485.65 2028.61
internal_count=732096 472005 311945 260091 236264 141664 170281 114514 167402 2326 160060 155019 231493 180953 111200 50540 4771 143589 39580 104009 45059 9907 139047 39024 18595 17973 28355 27150 8209 4292
is_linear=0
shrinkage=0.05


Tree=58
num_leaves=31
num_cat=0
split_feature=6 6 8 4 10 11 4 9 8 12 9 10 5 5 5 3 10 9 11 9 10 12 5 10 9 11 4 10 8 12
split_gain=364.865 361.494 489.607 390.321 226.022 188.622 187.768 149.354 146.301 147.939 135.178 316.639 104.425 124.311 160.938 122.373 120.909 102.965 107.468 98.2552 94.5669 94.5254 94.0546 74.8794 73.2818 70.5114 68.751 68.1215 60.7366 81.5112
threshold=13897643.000000002 1885909.0000000002 0.91771242022514354 198800.00000000003 9.3452377319335955 0.15632925182580951 196600.00000000003 40.500000000000007 0.90019154548645031 0.13331186026334765 1.0000000180025095e-35 12.354166507720949 5320895.5000000009 12130922.500000002 10052930.500000002 0.029358250088989738 15.211111068725588 43.500000000000007 -0.049675324931740754 1.0000000180025095e-35 19.535714149475101 -0.046699132770299905 5320895.5000000009 11.949999809265138 34.500000000000007 -0.074005283415317522 181000.00000000003 12.535714149475099 0.30866880714893347 0.11022963002324106
decision_type=2 2 8 8 2 2 8 2 10 2 2 2 2 2 2 10 2 2 2 2 2 2 2 2 2 2 10 2 10 2
left_child=1 2 5 4 -3 12 8 -4 9 23 -5 -12 16 14 17 26 -1 -14 28 -8 -20 -13 -6 -2 -18 -26 -16 -7 29 -19
right_child=6 3 7 10 22 27 19 -9 -10 -11 11 21 13 -15 15 -17 24 18 20 -21 -22 -23 -24 -25 25 -27 -28 -29 -30 -31
leaf_value=0.006452915409922922 0.0096815949273723195 0.019387862391909903 0.021271000250817906 0.0032599795317375131 0.014381335931064358 0.010428029805583473 -0.0053336951282598856 0.010428029805583473 0.036115006788747385 0.020548604412978184 0.0093805741297050479 -0.0068704942452534352 0.0059328684920836863 0.0049447553415665046 -0.0075681859405091175 0.00013603735521156701 0.0046439832093939457 -0.058487552318120008 0.0039159738639133745 0.001009003029813664 -0.0061905770709804533 0.0045157312949608251 0.0093805741297050479 0.00241755042590795 -0.097149706537428895 0.00052711531771455007 -0.068191925012962243 0.006452915409922922 -0.0090909115720447017 -0.022884666178577706
leaf_weight=24058.683279439807 4130.2069360166788 9127.4959294050932 5920.7713533043861 24053.969343841076 10838.715017288923 10512.258373677731 8563.7693223059177 2383.6976404711604 383.65640199184418 1120.7841499447823 18275.630944862962 1958.7423294335604 17115.812570106238 32085.942135557532 6384.0324127748609 16213.704094484448 12615.844237670302 203.61716777086258 8206.8490030765533 21260.03920811601 3221.5300126597285 25942.253054872155 20575.78627999872 12422.245474141091 16.498733833432198 15296.08289218694 45.146828204393387 5560.448085129261 397.02801235020161 87.694393500685692
leaf_count=39517 6763 12253 10076 49272 17898 13349 22341 5985 498 1325 26165 4054 41003 73388 18750 53485 30856 664 21212 69334 15863 66428 44044 32257 67 45526 252 9501 881 149
internal_value=0.00564778 0.00635845 0.0048407 0.00855504 0.0124615 0.00419476 0.00162388 0.0166613 0.00564761 0.0049822 0.00629969 0.00788291 0.00358908 0.00249856 0.000985404 -0.00217885 0.00535015 0.00343635 -9.05813e-05 -0.000812509 0.00106647 0.00371595 0.0104479 0.00378225 0.00283505 0.000409199 -0.00801497 0.00931675 -0.0192483 -0.0366784
internal_weight=318979 271098 160326 110773 40542 152021 47880.7 8304.47 18056.9 17673.2 70230.6 46176.6 135948 83961.4 51875.4 22642.9 51987.1 29232.5 12116.7 29823.8 11428.4 27901 31414.5 16552.5 27928.4 15312.6 6429.18 16072.7 688.34 291.312
internal_count=733156 600638 380524 220114 74195 364463 132518 16061 40843 40345 145919 96647 341613 225647 152259 72487 115966 79772 38769 91675 37075 70482 61942 39020 76449 45593 19002 22850 1694 813
is_linear=0
shrinkage=0.05


Tree=59
num_leaves=31
num_cat=0
split_feature=7 7 0 4 5 5 10 2 5 3 10 6 6 3 12 3 12 10 3 0 10 7 0 4 3 5 11 4 4 2
split_gain=359.705 392.039 260.369 190.281 150.953 355.298 156.006 150.895 130.888 113.08 103.644 87.3495 84.3532 84.0428 86.9657 83.3273 69.4086 67.5207 67.0376 66.0169 57.9343 57.8455 53.6627 50.4008 48.1416 47.416 45.4292 44.6064 42.718 41.5159
threshold=7714069.5000000009 3211691.0000000005 0.2323504984378815 7420.0000000000009 15089427.500000002 10052930.500000002 11.949999809265138 11.127714633941652 1289243.5000000002 0.07426562532782556 18.774999618530277 8681399.0000000019 8681399.0000000019 0.013957562390714886 -0.035392384976148598 0.030966999940574173 -0.053241055458784096 21.708333015441898 0.0090917046181857603 0.0076340327505022296 4.0833332538604745 3211691.0000000005 0.046620300039649017 130100.00000000001 0.34456743299961096 5320895.5000000009 0.52779263257980358 26040.000000000004 38060.000000000007 49.073127746582038
decision_type=10 8 2 8 2 2 2 2 2 10 2 2 2 10 2 10 2 2 8 2 2 10 2 8 10 2 2 10 8 2
left_child=1 7 3 -3 5 6 -5 10 9 -8 11 25 15 14 22 -2 -7 -6 -12 -18 -4 -15 -10 -20 27 -1 -22 -14 -13 -11
right_child=12 2 20 4 17 16 8 -9 13 29 18 28 24 21 -16 -17 19 -19 23 -21 26 -23 -24 -25 -26 -27 -28 -29 -30 -31
leaf_value=0.014623303687640338 0.015064004541259274 0.0086420348897281816 0.01980244705263861 0.0062396370895611668 0.0062396370895611668 -0.0072843340178402639 -0.042985878393846488 0.020388661009744999 -0.016781035139107264 -0.011835066373736363 -0.069572479513532723 0.014623303687640338 0.008021930671750244 0.0030983217257967224 0.0017834689961211186 0.02932388851941466 -0.0010274055820306334 0.0028335821610700799 0.0072869591445365494 0.0037104634068630769 0.0086420348897281816 0.0047568797039277983 -0.0037701936917786589 0.0018712243183475073 0.040361198190158404 0.0099753684336830843 0.015145626942211983 -0.01248173977136182 0.0072869591445365494 0.0047568797039277983
leaf_weight=8532.2114984840155 6077.4745564758778 7811.2646710425615 2350.3561864197254 47338.099859148264 41097.282994136214 3558.6903785318136 260.76524818316102 3086.5675104111433 1137.8369276225567 603.67488598823547 28.73688355833292 883.52840596437454 2148.2751133367419 59372.236826404929 23456.954727390781 1234.4283892810345 34833.225166171789 14604.961203698069 1967.1642146110535 9317.370649702847 3963.9691676944494 18027.049319349229 765.56962774693966 6770.5277486518025 101.26040434837341 9513.45366089046 1835.3850496858358 300.77619083970785 7394.612857170403 111.05721142888069
leaf_count=12160 9263 13905 2485 81621 75750 7266 1417 3562 3011 2407 152 1378 4867 154695 71896 1522 119064 44030 4235 20394 5310 38563 1468 18514 121 15383 2028 715 15526 156
internal_value=0.00534863 0.00504817 0.00437857 0.00410503 0.00383724 0.00319255 0.00438046 0.00979122 0.00327412 -0.0149364 0.00885795 0.0104261 0.0147479 0.00344728 0.000949146 0.0174788 -0.000569005 0.0061377 0.00414783 -2.74213e-05 0.013179 0.00426577 -0.00932386 0.00440615 0.00691056 0.0124328 0.0104888 0.00549568 0.00728696 -0.00461133
internal_weight=318485 308623 270446 262296 254485 198783 151073 38176.8 103735 975.497 35090.2 26323.8 9862.21 102760 25360.4 7311.9 47709.3 55702.2 8766.43 44150.6 8149.71 77399.3 1903.41 8737.69 2550.31 18045.7 5799.35 2449.05 8278.14 714.732
internal_count=732864 716376 645466 635643 621738 501958 355234 70910 273613 3980 67348 44447 16488 269633 76375 10785 146724 119780 22901 139458 9823 193258 4479 22749 5703 27543 7338 5582 16904 2563
is_linear=0
shrinkage=0.05


Tree=60
num_leaves=31
num_cat=0
split_feature=5 7 5 5 2 2 0 3 1 4 7 8 9 15 7 2 9 7 11 3 9 9 9 8 7 9 9 4 9 3
split_gain=354.505 350.923 330.852 238.763 203.787 195.861 187.809 115.043 102.411 96.6832 171.265 100.602 97.7106 93.9113 200.674 112.651 106.852 80.157 81.886 76.9576 143.627 78.0722 169.383 78.9362 76.8711 70.6178 69.693 68.8875 66.9266 83.0669
threshold=5320895.5000000009 7714069.5000000009 12130922.500000002 10052930.500000002 58.665151596069343 390.31552124023443 0.0082305916585028189 0.20992828905582431 21.500000000000004 29679.900390625004 1.0000000180025095e-35 0.73922109603881847 14.500000000000002 1.0000000180025095e-35 1.0000000180025095e-35 17.018375396728519 43.500000000000007 3211691.0000000005 0.26698686182498937 0.017895999364554886 90.500000000000014 43.500000000000007 45.500000000000007 0.28001515567302709 1.0000000180025095e-35 144.50000000000003 4.5000000000000009 19602.200195312504 45.500000000000007 0.0090917046181857603
decision_type=2 10 2 2 2 2 2 10 2 8 10 8 2 2 10 2 2 8 2 10 2 2 2 8 10 2 2 8 2 10
left_child=6 2 3 5 8 13 9 -5 27 -1 11 12 -11 14 -2 -16 24 -8 -19 20 21 -10 -23 -24 -15 -14 -9 -4 -18 -30
right_child=1 -3 4 7 -6 -7 17 26 19 10 -12 -13 25 16 15 -17 28 18 -20 -21 -22 22 23 -25 -26 -27 -28 -29 29 -31
leaf_value=0.0080231433021722438 0.01019612943379275 0.016099843511543109 0.0097322158603857425 -0.0026235969807519369 0.014411279680050865 0.017469396557853387 0.016306082218561738 0.060372024554948604 0.0021051523965749832 -0.0038057955582737699 0.0065592532910174724 0.0065592532910174724 0.002972316973804305 0.0046286111135160537 -0.0030106289585394223 0.01019612943379275 -0.0031947762008859002 0.0080231433021722438 0.014594805125334651 0.0046636982277004826 -0.063517174934855244 -0.017804781548754752 -0.071027079980940586 0.0021051523965749832 0.01019612943379275 -0.06894556575833316 0.0032893080693545368 0.0059605847092493629 -0.050219612622101333 0.003458978979099977
leaf_weight=13655.3874919191 1218.8319846689701 5512.58272434026 4207.7624272406101 34772.266268730164 6344.0545289665461 2399.6147506088018 4628.9805379137397 51.787810087203979 6900.0176138952374 7426.4885513782501 46381.645612662658 1917.109275765717 21196.817680750042 18772.582438737154 15390.028507292271 1068.0765656977892 5665.0953552015126 24972.246208049357 5808.4830609038472 25203.285760506988 87.506233885884285 1663.4467338211834 37.452280789613724 1681.8925277963281 6640.4984581358731 32.191663846373558 9320.4504590034485 30179.690884754062 70.433923307806253 14706.356479741633
leaf_count=26070 2442 9283 5943 112290 8165 2745 6297 30 19310 14865 101738 3667 58075 43661 45778 1549 18218 42422 7076 64350 388 6050 226 4372 12788 159 25108 50889 393 38314
internal_value=0.00502233 0.00366921 0.00330138 0.00154739 0.00583155 0.00345281 0.00708268 -0.00129845 0.00505315 0.00587578 0.00509536 0.00215465 0.00112993 0.00292286 -0.000173292 -0.00188602 0.00411638 0.0101705 0.0092468 0.00317204 -0.000453393 9.55237e-05 -0.00625774 0.00210515 0.00628097 0.00285678 0.00361754 0.00699886 0.00142503 0.00319636
internal_weight=317913 191894 186381 110076 76305.1 65931.5 126019 44144.5 69961.1 90609.6 76954.3 30572.6 28655.5 63531.9 17676.9 16458.1 45855 35409.7 30780.7 35573.6 10370.3 10282.8 3382.79 1719.34 25413.1 21229 9372.24 34387.5 20441.9 14776.8
internal_count=732661 472292 463009 303316 159693 165888 260369 137428 151528 204574 178504 76766 73099 163143 49769 47327 113374 55795 49498 94696 30346 29958 10648 4598 56449 58234 25138 56832 56925 38707
is_linear=0
shrinkage=0.05


Tree=61
num_leaves=31
num_cat=0
split_feature=0 10 4 5 7 6 4 6 4 9 5 9 5 4 10 5 5 9 9 4 5 9 4 9 4 7 9 12 9 9
split_gain=309.164 311.656 190.412 165.343 140.557 232.485 200.961 74.1205 71.9642 68.9264 64.3665 59.3239 56.232 56.638 50.7747 48.7166 44.9231 44.5968 60.1566 58.7581 43.4181 40.8445 81.7099 65.7767 56.3053 40.5848 38.7504 40.8563 39.5069 38.7204
threshold=1.0000000180025095e-35 5.5357143878936776 199700.00000000003 5320895.5000000009 1.0000000180025095e-35 13897643.000000002 11040.000000000002 8681399.0000000019 78050.000000000015 64.500000000000014 1289243.5000000002 11.500000000000002 5320895.5000000009 57040.000000000007 15.690476417541506 5320895.5000000009 13439690.500000002 23.500000000000004 21.500000000000004 34007.000000000007 15089427.500000002 32.500000000000007 2149.9001464843755 12.500000000000002 21040.000000000004 3211691.0000000005 33.500000000000007 -0.10753119364380835 44.500000000000007 66.500000000000014
decision_type=2 2 10 2 10 2 10 2 10 2 2 2 2 10 2 2 2 2 2 8 2 2 10 2 8 10 2 2 2 2
left_child=2 17 4 7 6 -6 -1 8 -3 10 -7 -4 13 -8 -11 25 -5 18 19 -2 21 23 -23 24 -17 -12 27 -19 -28 -14
right_child=1 3 11 16 5 9 12 -9 -10 14 15 -13 29 -15 -16 20 -18 26 -20 -21 -22 22 -24 -25 -26 -27 28 -29 -30 -31
leaf_value=0.0056871882587765654 0.029398973011788961 0.010928072755369743 -0.081513122746243741 0.0056871882587765654 0.0056871882587765654 -0.012085070910177336 0.0037901129834772111 0.0056871882587765654 0.0056871882587765654 0.0056871882587765654 -0.00026572032928911258 -0.021998979441712446 0.0012586968374599906 0.00023335361182218954 -0.01063902113518247 0.0056871882587765654 0.0088386800160296704 0.010928072755369743 0.010928072755369743 0.013584696776813641 0.003910452777127215 0.0024227756500977502 -0.012085070910177336 0.0056871882587765654 -0.0056332231178309574 0.0056871882587765654 0.013110828057734348 0.035537233582131858 0.02444216643188293 -0.0045403739050421422
leaf_weight=21155.858301870525 912.11296956241131 23587.432280264795 45.157692864537239 35167.208187140524 69656.151598989964 135.97545290738344 25633.241929039359 5508.6239943876863 2843.2922790646553 222.50884230434895 3802.4690517187119 410.58100233599544 59646.221026241779 11568.380367893726 1812.2998226564378 290.06862603127956 18352.217712797225 116.76503297686577 3968.9821368455887 1664.4961989223957 4883.5765726640821 1240.6279822960496 1284.0080604255199 2438.212654273957 4012.7923600375652 11098.918897025287 2096.3731567934155 607.98035652935505 1224.0438256934285 3022.4928890541196
leaf_count=57706 864 35849 197 71405 136861 794 58882 10631 5275 456 9503 1746 174967 30917 7950 411 30070 171 5436 2161 13352 6180 4293 9742 10802 30352 2576 495 1207 11310
internal_value=0.00501392 0.0073845 0.00398988 0.00638157 0.00405629 0.00543465 0.00290734 0.00945988 0.0106078 0.00134867 0.00196914 -0.0282264 0.00189304 0.00343288 -0.00754435 0.00219758 0.00568719 0.0154746 0.0129158 0.0192014 9.62529e-05 -0.00191447 -0.00733627 0.000117657 -0.00362962 0.00419257 0.0196066 0.0300966 0.0173002 0.000978873
internal_weight=318409 96049.5 222360 85458.8 221904 100878 121026 31939.3 26430.7 31221.5 29186.6 455.739 99870.3 37201.6 2034.81 29050.7 53519.4 10590.8 6545.59 2576.61 14149.3 9265.71 2524.64 6741.07 4302.86 14901.4 4045.16 724.745 3320.42 62668.7
internal_count=732561 166140 566421 153230 564478 230696 333782 51755 41124 93835 85429 1943 276076 89799 8406 84635 101475 12910 8461 3025 44780 31428 10473 20955 11213 39855 4449 666 3783 186277
is_linear=0
shrinkage=0.05


Tree=62
num_leaves=31
num_cat=0
split_feature=7 7 4 11 4 9 1 9 3 9 0 3 3 9 9 10 9 3 9 2 6 9 9 9 7 6 11 4 9 3
split_gain=406.202 263.014 213.927 190.687 173.084 108.844 98.4474 193.171 116.887 90.0718 88.3952 81.5614 70.4458 68.3308 66.2072 61.0126 63.3928 57.2916 55.747 49.9402 42.6313 36.6478 42.3078 48.5729 43.5592 35.8744 87.8097 38.3243 35.7646 33.473
threshold=7714069.5000000009 3211691.0000000005 7420.0000000000009 0.16314934939146045 150200.00000000003 35.500000000000007 21.500000000000004 1.0000000180025095e-35 0.0090917046181857603 104.50000000000001 0.014319890644401314 0.05715166591107846 0.26809000968933111 67.500000000000014 20.500000000000004 9.3452377319335955 44.500000000000007 0.18441750109195712 42.500000000000007 30.330303192138675 8681399.0000000019 33.500000000000007 89.500000000000014 82.500000000000014 3211691.0000000005 13897643.000000002 -1.0000000180025095e-35 41950.000000000007 21.500000000000004 0.7300499975681306
decision_type=10 8 8 2 8 2 2 2 8 2 2 8 10 2 2 2 2 10 2 2 2 2 2 2 10 2 2 10 2 10
left_child=1 4 5 6 15 12 7 -4 13 10 11 -6 -3 18 -14 16 -1 25 -8 -5 28 -10 23 -23 -25 -2 -27 -28 -17 -16
right_child=17 2 3 19 9 -7 8 -9 21 -11 -12 -13 14 -15 29 20 -18 -19 -20 -21 -22 22 -24 24 -26 26 27 -29 -30 -31
leaf_value=0.01722718932838449 0.015442611680111309 0.010772260932778955 0.0032258740758366322 0.0054196417421218572 -0.05954353767505674 0.0077174819880677275 -0.023078715620385493 0.0054196417421218572 0.0032258740758366322 -0.06395580106250541 0.010082042115277303 0.0049163344101017716 0.031980925211421381 -0.068809247070155732 0.015909690508045509 0.010082042115277303 0.039206252912494778 0.029207735221203113 -0.0056979336064267774 0.0077174819880677275 0.010082042115277303 0.0015959703460752266 0.0032258740758366322 -0.0056979336064267774 0.0032258740758366322 -0.022667682610368955 0.013173989467017684 -0.0056789097427852077 0.016535272995976916 0.026371505285102095
leaf_weight=1817.844155177474 7023.4514832049608 3617.7486184984446 49734.713608711958 7653.4643283188343 47.198025479912758 1434.8560925871134 560.5342511497438 60950.612330108881 37138.536669053137 43.611592799425125 6394.7408425658941 21234.092487722635 958.1049202978611 51.755940156057477 1381.4336719885468 782.14684128761292 400.99167532473803 632.85624901950359 524.22561230883002 18271.682648964226 2551.948301628232 77937.10464014858 5777.1584310680628 2525.0998619459569 1160.1246223822236 207.1178811788559 1981.8612830415368 127.06519325077534 4569.14750854671 768.32686983048916
leaf_count=2382 10559 5960 109938 12689 173 3497 2450 106935 116279 179 9506 44501 1001 325 2777 1245 292 797 2333 25055 5472 228399 14673 8903 3227 524 4323 325 7244 1131
internal_value=0.0047234 0.00440206 0.00385571 0.0036076 0.00830627 0.0118274 0.00316106 0.0042484 0.00220335 0.00626208 0.00637734 0.00476779 0.0155251 -0.013745 0.0210471 0.013902 0.021231 0.0146544 -0.010996 0.00767823 0.0118395 0.00234911 0.00176168 0.00133071 -0.00427704 0.0136622 0.0082544 0.0113099 0.0150326 0.0161489
internal_weight=318260 308287 270445 262285 37841.7 8160.47 236360 110685 125675 27719.6 27676 21281.3 6725.61 1136.52 3107.87 10122.1 2218.84 9972.35 1084.76 25925.1 7903.24 124538 87399.5 81622.3 3685.22 9339.5 2316.04 2108.93 5351.29 2149.76
internal_count=733094 716566 645572 631206 70994 14366 593462 216873 376589 54359 54180 44674 10869 5108 4909 16635 2674 16528 4783 37744 13961 371481 255202 240529 12130 15731 5172 4648 8489 3908
is_linear=0
shrinkage=0.05


Tree=63
num_leaves=31
num_cat=0
split_feature=1 9 3 9 10 7 9 7 9 10 9 7 7 3 6 10 11 6 12 12 3 10 9 2 3 9 12 5 12 9
split_gain=325.457 382.843 180.926 211.745 155.473 90.3579 80.1226 79.2395 71.5755 118.585 68.2664 65.3907 69.0298 107.9 101.153 104.044 75.1465 76.4548 63.8003 58.2601 56.8812 52.6065 47.1857 42.6392 41.0299 40.9031 37.1993 34.5479 32.609 31.7547
threshold=21.500000000000004 23.500000000000004 0.1907056346535683 11.500000000000002 5.0625000000000009 7714069.5000000009 57.500000000000007 3211691.0000000005 42.500000000000007 8.6904764175415057 34.500000000000007 3211691.0000000005 7714069.5000000009 0.013957562390714886 1885909.0000000002 14.535714149475099 -0.01316526625305414 8681399.0000000019 0.021055322140455249 -0.067498289048671709 0.0090917046181857603 21.585714340209964 44.500000000000007 167.82727050781253 0.97879487276077282 45.500000000000007 -0.051857864484190934 5320895.5000000009 0.34924985468387609 82.500000000000014
decision_type=2 2 10 2 2 10 2 8 2 2 2 8 10 10 2 2 2 2 2 2 8 2 2 2 10 2 2 2 2 2
left_child=1 2 5 -4 26 23 7 27 9 -9 18 20 13 16 15 -15 17 29 -11 -8 25 -18 -19 -1 -5 -2 -3 -6 -10 -13
right_child=11 4 3 24 6 -7 19 8 28 10 -12 12 -14 14 -16 -17 21 22 -20 -21 -22 -23 -24 -25 -26 -27 -28 -29 -30 -31
leaf_value=0.0040052210914379056 -0.076342395136046778 0.01434064568549644 0.035443654277365039 0.0085550223976821049 0.01434064568549644 0.0085550223976821049 0.0040052210914379056 0.01434064568549644 0.0040052210914379056 0.0040052210914379056 0.01056765490285975 -0.0045285205332609964 0.0040052210914379056 0.0040052210914379056 0.0040052210914379056 0.00070793051733652936 0.00070793051733652936 -0.011087106636386426 0.01056765490285975 0.01434064568549644 0.0040052210914379056 -0.0022476477147862759 -0.034013282512307223 0.0085550223976821049 0.033569072409072524 -0.020369009267654465 0.023527408425682749 0.0077923674282909042 0.01434064568549644 -0.037393973430618468
leaf_weight=104039.29417766631 47.31785723567009 1061.9346155822277 887.46819822490215 4446.8300267681479 2041.9800717532635 5653.8541958779097 475.14291855692863 4181.7550615519285 9206.1606278866529 11887.139565333724 3151.5548355281353 1751.1501865237951 3165.9533799812198 10737.59485194087 25634.300683647394 69639.575721226633 9041.8555059172213 538.61671207845211 1749.5120847076178 4143.0403747409582 15449.265073165298 17506.284625181928 386.52947334945202 4975.9985508769751 162.57723138481379 37.243470080196857 2356.9311541169882 2024.6560404151678 453.35213848948479 76.303417056798935
leaf_count=206782 235 1375 803 7004 2463 8599 805 5417 14920 21450 5016 4094 6611 18654 61670 215012 24572 1838 2233 5338 35557 68095 1579 6481 151 110 2321 3154 502 230
internal_value=0.0040502 0.00560819 0.00416259 0.0131048 0.00967285 0.00400522 0.00878262 0.00795411 0.00708231 0.00873421 0.00679466 0.00240225 0.00199562 0.00167959 0.00242187 0.00146494 -0.00100601 -0.00886665 0.00508544 0.0143406 0.00400522 -0.000190388 -0.0207185 0.00400522 0.00879033 -0.0447432 0.0198987 0.0143406 0.00400522 -0.00452852
internal_weight=316911 162899 120166 5496.88 42733.2 114669 39314.3 34696.1 30629.5 20970 16788.2 154012 138478 135312 106011 80377.2 29300.7 2752.6 13636.7 4618.18 15533.8 26548.1 925.146 109015 4609.41 84.5613 3418.87 4066.64 9659.51 1827.45
internal_count=733071 294814 229820 7958 64994 221862 61298 55155 49538 34116 28699 438257 402355 395744 295336 233666 100408 7741 23683 6143 35902 92667 3417 213263 7155 345 3696 5617 15422 4324
is_linear=0
shrinkage=0.05


Tree=64
num_leaves=31
num_cat=0
split_feature=5 5 5 10 1 5 8 2 0 4 0 12 2 0 4 8 8 2 4 7 7 11 8 2 10 12 12 1 7 4
split_gain=284.73 290.608 301.925 229.324 206.123 160.317 159.121 108.608 99.4448 97.2696 93.6945 92.7916 88.8322 87.4052 85.3862 82.7894 77.1385 67.1249 55.9691 66.0047 61.6546 72.9857 49.0102 46.4907 45.2937 49.371 44.9342 44.2634 44.51 81.4213
threshold=5320895.5000000009 13439690.500000002 10052930.500000002 11.045454502105715 21.500000000000004 1289243.5000000002 0.54296705126762401 176.02207183837893 0.0082305916585028189 15004.399902343752 0.091287881135940566 -0.10883838310837744 2.2991542816162114 0.10741758346557619 8010.0000000000009 0.6000007987022401 0.30010800063610082 18.194635391235355 196090.00000000003 1.0000000180025095e-35 7714069.5000000009 -0.049675324931740754 0.24999500066041949 6.8227274417877206 15.354166507720949 -0.04111917503178119 0.12919181585311892 21.500000000000004 1.0000000180025095e-35 43970.000000000007
decision_type=2 2 2 2 2 2 10 2 2 8 2 2 2 2 8 10 8 2 8 10 8 2 8 2 2 2 2 2 10 10
left_child=3 2 6 9 12 17 18 24 27 -1 -11 13 15 16 -13 -3 -4 22 19 -2 21 -20 -5 -23 25 -8 -9 -7 29 -29
right_child=1 4 11 5 -6 8 7 26 -10 10 -12 14 -14 -15 -16 -17 -18 -19 20 -21 -22 23 -24 -25 -26 -27 -28 28 -30 -31
leaf_value=0.017406487640936795 0.0019796276252731912 0.0058459773994236509 -0.05289255918952479 -0.038974542334714063 0.0027429785960928405 0.0053279704732052584 0.0075630672257385768 0.01439270120549201 0.0068545612168482766 0.0072248127380722289 0.012911709448173722 0.0077326797672743891 0.013780234251362376 -0.007957919770294487 -0.0018376733262741311 0.010366023083254593 -0.017908372015558293 0.0068545612168482766 -0.013540057492636537 0.0053849575803823317 0.0018812923509745312 -0.0021052365028620956 -0.012890499446154844 0.0018812923509745312 0.0053849575803823317 0.0125646718069578 0.029236268015596579 0.0041831657269262249 0.0041831657269262249 -0.001519830488193076
leaf_weight=3265.847976796329 24512.284130658954 29656.830266848207 212.9570218026638 241.71625193580985 37716.949544455856 13811.011915698647 1100.6670163571835 496.12977255880833 20200.584919892251 31201.239028602839 7135.9498906806111 2464.5097262263298 5534.8935544267297 649.24295072257519 42313.45425080508 4549.8949612081051 487.95923671126366 173.06835801899433 1194.6249623000622 10617.180029392242 2952.3566639535129 14029.090250086039 704.60900060087442 1640.0574308931828 4576.1078092977405 6349.8325679302216 852.58413176238537 13182.957794114947 24233.636868393049 11657.532663907856
leaf_count=4092 64811 49648 609 1262 97875 23069 2066 661 35540 51887 8467 4830 6768 1076 134170 6399 1086 301 2944 22214 6204 42474 2867 2357 15044 10470 761 33529 64321 35011
internal_value=0.00423772 0.00302574 0.00142501 0.00608639 0.0053908 0.00458571 0.00353515 0.00842548 0.00483906 0.00912342 0.00841693 -0.00170036 0.00790347 -0.0146052 -0.00131061 0.00695181 -0.0278588 -0.0141943 0.00234444 0.00354292 0.000219663 -0.00163776 -0.0196212 -0.000728714 0.00691423 0.00974118 0.0218712 0.00380138 0.00303836 0.00152428
internal_weight=317716 191908 114449 125808 77458.6 84205.1 68320.9 13375.3 83085.7 41603 38337.2 46128.1 39741.6 1350.16 44778 34206.7 700.916 1119.39 54945.6 35129.5 19816.1 16863.8 946.325 15669.1 12026.6 7450.5 1348.71 62885.1 49074.1 24840.5
internal_count=732813 472467 311777 260346 160690 195900 170006 29002 191470 64446 60354 141771 62815 2771 139000 56047 1695 4430 141004 87025 53979 47775 4129 44831 27580 12536 1422 155930 132861 68540
is_linear=0
shrinkage=0.05


Tree=65
num_leaves=31
num_cat=0
split_feature=5 4 6 7 8 11 10 5 3 11 12 0 1 7 9 9 9 9 10 12 8 11 4 8 9 4 9 9 4 9
split_gain=258.513 181.99 181.871 243.102 354.179 143.211 141.727 138.187 137.106 134.57 128.435 122.71 94.0142 129.431 114.702 90.3114 102.158 72.2132 106.65 113.329 135.991 125.786 92.8305 71.7639 69.8285 69.1041 69.0113 155.143 87.9817 67.8582
threshold=5320895.5000000009 8010.0000000000009 13897643.000000002 1.0000000180025095e-35 0.44452822208404547 -0.024623334407806393 21.774999618530277 1289243.5000000002 0.03994718752801419 0.073747340589761748 0.10690362006425859 0.022814018651843074 21.500000000000004 1.0000000180025095e-35 1.0000000180025095e-35 26.500000000000004 29.500000000000004 1.0000000180025095e-35 10.775000095367433 -0.090006738901138292 0.28542743623256689 0.18947415053844455 8010.0000000000009 0.57133930921554577 132.50000000000003 197024.50000000003 1.0000000180025095e-35 10.500000000000002 44050.000000000007 43.500000000000007
decision_type=2 8 2 10 10 2 2 2 8 2 2 2 2 10 2 2 2 2 2 2 8 2 8 10 2 10 2 2 8 2
left_child=1 -1 3 10 6 8 -5 -3 -4 12 17 -10 14 15 -9 -14 -17 22 -19 20 21 -20 -2 -12 -18 -24 28 -28 -7 -8
right_child=2 7 5 4 -6 26 29 9 11 -11 23 -13 13 -15 -16 16 24 18 19 -21 -22 -23 25 -25 -26 -27 27 -29 -30 -31
leaf_value=0.018590036897605817 0.0052016164419584681 -0.0089724760170564431 -0.10107978870424568 0.0064117826002579939 0.01742565154016695 0.013478876541484802 0.0021004809619403382 0.005322312208591494 -0.033416175222423919 0.010406976514345648 0.0056323743906393602 -0.0054997975737463766 0.005322312208591494 0.005322312208591494 0.0078049662125575557 -0.10418812511802607 -8.9405955955612167e-06 0.0052016164419584681 -0.08457598328651629 0.0020078453360725251 -0.0059519549973770505 -0.023196874636806624 -0.0016793154856169961 0.016494922551543386 -0.036733242205420354 -0.074504836690558116 0.040847492722430725 0.0014044890110945264 -0.0053476008656001741 -0.0072771948649503777
leaf_weight=2761.6943532377481 2433.0581057369709 1600.6675141751766 39.805740967392921 34055.211777098477 6451.2605777829885 631.18040688335896 7277.9234358221292 22824.386891677976 464.81071957945824 14056.424058288336 5714.5272895023227 2519.622040912509 8189.9108818024397 28552.754643779248 26350.266965165734 21.661336913704872 20870.1636925973 12032.485848806798 109.09596231579781 71494.096192043275 789.36524797976017 235.25782673060894 20581.074014931917 2071.7418956756592 128.2469150274992 30.627267852425575 250.97662732005119 17200.371606100351 4856.313027843833 2622.5676748305559
leaf_count=4120 4021 5304 168 59091 10273 1085 18935 40875 1732 19428 8724 5791 20294 71953 40569 88 56730 18452 392 210670 1496 521 52238 2574 453 140 280 53398 14258 8264
internal_value=0.00413487 0.00590072 0.00298107 0.00359006 0.00648717 -0.000910231 0.00488104 0.00561457 -0.0111337 0.00580769 0.00232551 -0.0098671 0.00520296 0.00383484 0.00680978 0.00139115 -0.000353734 0.0018771 0.00255256 0.00175896 -0.0139118 -0.0404418 -0.00060436 0.00852613 -0.00023671 -0.00179475 0.000438473 0.00197635 -0.00445124 -0.000384565
internal_weight=317218 125356 191861 165898 50407 25963.1 43955.7 122594 3024.24 120994 115491 2984.43 106937 57762.7 49174.7 29210 21020.1 107705 84660.3 72627.8 1133.72 344.354 23044.8 7786.27 20998.4 20611.7 22938.8 17451.3 5487.49 9900.49
internal_count=732317 259814 472503 395791 96563 76712 86290 255694 7691 250390 299228 7523 230962 149518 81444 77565 57271 287930 231531 213079 2409 913 56399 11298 57183 52378 69021 53678 15343 27199
is_linear=0
shrinkage=0.05


Tree=66
num_leaves=31
num_cat=0
split_feature=6 7 4 2 2 8 4 2 10 8 5 9 10 9 4 10 4 12 9 10 5 15 9 10 5 9 9 7 7 9
split_gain=224.69 405.444 499.499 159.321 135.269 119.059 105.253 102.129 101.28 99.135 94.8165 93.5752 85.2246 75.7656 151.132 90.2236 89.4543 73.4695 71.8908 71.6568 69.4395 59.7646 85.5662 80.0105 72.6103 68.9387 64.0116 59.4791 69.3439 54.4519
threshold=13897643.000000002 1.0000000180025095e-35 198800.00000000003 6.8227274417877206 140.80529785156253 0.92071518301963817 7420.0000000000009 44.097726821899421 12.354166507720949 0.76020833849906932 13439690.500000002 1.0000000180025095e-35 7.9444444179534921 1.0000000180025095e-35 32820.000000000007 10.775000095367433 197024.50000000003 -0.11958907917141913 112.50000000000001 13.887499809265138 16151869.500000002 1.0000000180025095e-35 23.500000000000004 15.211111068725588 1289243.5000000002 125.50000000000001 110.50000000000001 3211691.0000000005 7714069.5000000009 258.50000000000006
decision_type=2 10 8 2 2 10 10 2 2 10 2 2 2 2 10 2 10 2 2 2 2 2 2 2 2 2 2 10 10 2
left_child=1 4 12 8 6 7 -1 20 11 10 -6 -4 -3 14 -8 -15 -16 19 27 -17 21 24 -23 -24 -2 -25 -26 -10 -29 -28
right_child=5 2 3 -5 9 -7 13 -9 18 -11 -12 -13 -14 15 16 17 -18 -19 -20 -21 -22 22 23 25 26 -27 29 28 -30 -31
leaf_value=0.0051774797000111164 -0.036897408620547877 0.017677151181314351 0.0031218976626268876 0.0082123719472279779 0.0051774797000111164 0.034118596692807777 0.0032824134682508596 0.0079670188717663477 0.0031218976626268876 0.020556513309215707 0.013440053687160803 0.0058206872169071569 0.01087035997473372 0.00360734209368441 -0.0043376675227037951 -0.012577848461181474 -0.076335192240816738 0.001824880756610417 -0.074856647275665808 -0.076871144414721676 -0.078512053538631235 0.003847437798720898 0.003847437798720898 -0.0040456004641031213 -0.0012787822172418842 -0.052824772350266704 -0.070386642266696095 -0.0020664817266260469 0.0031218976626268876 0.003847437798720898
leaf_weight=18581.409239418805 142.78073600307107 5579.6188827157021 19969.391185924411 4435.5942190662026 9237.9685670658946 261.78841033577919 12643.983703821898 4112.3837516829371 7178.0403497219086 1368.186675734818 2235.6514763310552 13003.10764349997 26310.82720272243 13976.915963798761 11640.276324599981 167.28830125927925 41.311291679739952 104843.59647475183 29.192364729940891 52.546667098999023 26.340604551136494 5331.3583526015282 3713.775578469038 6225.9180923551321 28229.751381464303 71.303294010460377 58.398794785141945 15702.851892247796 1717.2166936248541 9.7951593399047834
leaf_count=48178 746 7098 35538 5306 13706 323 25007 6175 15126 1474 2677 19146 46026 20764 27207 327 187 286994 135 186 122 11118 6898 18848 88253 302 346 41657 3305 13
internal_value=0.00376376 0.00432753 0.00697695 0.00436242 0.00290375 0.000619614 0.002512 0.000435199 0.003429 0.00784296 0.00632359 0.00524091 0.0120623 0.0020372 -0.000505482 0.0025568 -0.00460531 0.0017641 0.00100289 -0.0269806 -0.000272143 -0.000221489 0.00229348 -0.00115929 -0.00157825 -0.00461452 -0.00139745 0.001099 -0.000661522 -0.0490861
internal_weight=316899 268715 93925.8 62035.4 174789 48183.6 161947 47921.8 57599.8 12841.8 11473.6 32972.5 31890.4 143366 24325.6 119040 11681.6 105063 24627.3 219.835 43809.4 43783.1 15342.4 10011 28440.7 6297.22 28297.9 24598.1 17420.1 68.194
internal_count=733188 600044 173337 120213 426707 133144 408850 132821 114907 17857 16383 54684 53124 360672 52401 308271 27394 287507 60223 513 126646 126524 37166 26048 89358 19150 88612 60088 44962 359
is_linear=0
shrinkage=0.05


Tree=67
num_leaves=31
num_cat=0
split_feature=8 7 7 0 10 5 5 4 4 5 10 5 7 9 0 9 4 9 10 4 9 4 9 6 9 8 9 9 2 16
split_gain=232.981 192.761 187.197 147.527 107.612 105.801 113.561 155.629 98.0653 94.401 143.626 118.452 101.614 83.6879 78.9729 110.763 77.6295 72.2374 68.9617 65.1144 63.7897 59.5679 55.7103 58.2843 49.1954 134.564 45.5478 103.975 122.875 52.3121
threshold=0.91074174642562877 3211691.0000000005 7714069.5000000009 0.2323504984378815 13.267857074737551 1289243.5000000002 5320895.5000000009 57987.701171875007 198800.00000000003 13439690.500000002 21.708333015441898 10052930.500000002 7714069.5000000009 11.500000000000002 0.016438479535281662 60.500000000000007 8010.0000000000009 57.500000000000007 17.354166984558109 inf 35.500000000000007 32013.600585937504 1.0000000180025095e-35 3910147.0000000005 86.500000000000014 0.32859666645526892 65.500000000000014 66.500000000000014 36.368181228637702 6.5000000000000009
decision_type=10 8 10 2 2 2 2 8 8 2 2 2 8 2 2 2 8 2 2 8 2 10 2 2 2 8 2 2 2 2
left_child=1 8 3 5 -2 17 7 -7 -1 11 21 19 13 -13 15 -10 -14 -3 -9 -8 -15 -11 23 -21 -12 -26 -24 28 29 -28
right_child=4 2 -4 -5 -6 6 9 18 14 10 24 12 16 20 -16 -17 -18 -19 -20 22 -22 -23 26 -25 25 -27 27 -29 -30 -31
leaf_value=0.0092286212382996884 0.021468179762990425 -0.017767525363387365 0.0092286212382996884 0.0092286212382996884 0.0092286212382996884 0.0058222705310982158 0.0031969832454867599 0.0032616227678158288 0.0038033516006348495 0.0058222705310982158 -0.00038054214725056736 -0.053886841158389036 0.0058222705310982158 0.0052613570451472223 0.0071250313151132311 -0.020035153975474954 -0.001420810532974304 0.0058222705310982158 -0.00061700094347469196 0.0010886087868264881 -0.043372434132030124 0.0026026905842839146 0.0010886087868264881 -0.0097685857098075441 -0.04682442816073553 0.0019107374932446832 -0.063612441250343099 0.0010886087868264881 0.0010886087868264881 -0.025310210623944909
leaf_weight=9981.9872306361794 2780.2457790821791 1055.5532639212906 9563.9397579953074 7664.3446106314659 1457.1205994039774 46450.963925346732 42230.232621882111 33065.249288484454 20637.237268015742 24528.830505818129 15466.823988720775 156.3384503275156 1735.3768722116947 223.94299118220806 6287.9030881673098 497.10038548707962 42091.987139478326 303.77017904818058 17537.764285149053 203.34773018956184 94.250475727021694 20001.090157039464 7771.1246012300253 2856.2964667379856 208.54348920658231 241.99229204654694 204.07031908631325 530.47426408529282 84.404786288738251 38.235689863562584
leaf_count=16744 3398 3816 16557 9694 3542 93297 106289 61765 43103 43852 47126 674 3389 650 9319 1681 133007 1016 55401 287 344 39750 24796 7835 978 865 1273 1700 125 151
internal_value=0.00348644 0.00332808 0.0028689 0.00261988 0.0151292 0.00241592 0.00248991 0.00383712 0.00669518 0.00166581 0.0032204 0.00070902 -0.00120652 -0.0241709 0.00502144 0.0032408 -0.000956782 -0.0114865 0.00191742 0.00228291 -0.00932515 0.00467751 -0.00101977 -0.00681432 -0.000856031 -0.0171057 0.00103612 -0.010425 -0.0326349 -0.051709
internal_weight=315951 311713 274309 264745 4237.37 257081 255721 97054 37404.2 158667 60447.3 98220.1 44301.9 474.532 27422.2 21134.3 43827.4 1359.32 50603 53918.2 318.193 44529.9 11688 3059.64 15917.4 450.536 8628.31 857.185 326.711 242.306
internal_count=732424 725484 654637 638080 6940 628386 623554 210463 70847 413091 132571 280520 138064 1668 54103 44784 136396 4832 117166 142456 994 83602 36167 8122 48969 1843 28045 3249 1549 1424
is_linear=0
shrinkage=0.05


Tree=68
num_leaves=31
num_cat=0
split_feature=5 5 5 6 2 2 6 9 5 1 12 7 9 9 9 9 9 7 4 7 9 4 9 1 1 4 4 7 9 4
split_gain=232.021 263.475 155.372 160.649 138.134 134.058 106.479 104.27 124.331 103.279 88.7885 87.378 82.0266 196.528 79.487 72.7834 70.9869 70.0461 74.202 148.522 80.1195 67.3967 83.6574 63.2587 62.7048 62.5998 59.0354 56.4011 80.8955 81.4703
threshold=5320895.5000000009 12130922.500000002 10052930.500000002 8681399.0000000019 2.2991542816162114 66.834091186523452 8681399.0000000019 45.500000000000007 1289243.5000000002 21.500000000000004 -0.10883838310837744 3211691.0000000005 1.0000000180025095e-35 11.500000000000002 42.500000000000007 1.0000000180025095e-35 35.500000000000007 7714069.5000000009 194500.00000000003 3211691.0000000005 1.0000000180025095e-35 55020.000000000007 100.50000000000001 15.500000000000002 11.500000000000002 26040.000000000004 8010.0000000000009 1.0000000180025095e-35 88.500000000000014 108100.00000000001
decision_type=2 2 2 2 2 2 2 2 2 2 2 8 2 2 2 2 2 10 8 10 2 8 2 2 2 10 8 10 2 8
left_child=5 2 3 9 27 6 11 8 16 12 23 -1 -2 -14 -7 -10 -8 18 19 24 -20 -9 -23 -4 -13 -25 -12 -3 29 -29
right_child=1 4 10 -5 -6 14 7 21 15 -11 26 17 13 -15 -16 -17 -18 -19 20 -21 -22 22 -24 25 -26 -27 -28 28 -30 -31
leaf_value=0.0078294041931314794 0.0035230878564835883 0.0024068176220541138 -0.0097122026304725557 -0.0022847544528677324 0.010568210218117616 0.01600092042045163 -0.058291429256891042 0.0041459967469369289 -0.0016107293395477688 0.0013230339715215329 0.0067630285993672684 0.0074330230473015242 0.036062802936615235 0.0068476571692225822 0.0078294041931314794 0.0055819489892175098 0.0078294041931314794 0.0078294041931314794 -0.0038660242473360362 0.0078294041931314794 0.0034438396914914342 -0.0081646396187934327 -0.046712446645377867 -0.025343748321677285 0.0034438396914914342 -0.072621163336704361 -0.00149421817825879 0.0072268734795372068 -0.019429677338689191 0.0036657748297148972
leaf_weight=11540.727635875344 9060.5210235267878 33604.628796864301 1143.8850496560335 14655.779796861112 8690.0255736708641 4331.5677475482225 126.03843434154987 1150.2470001094043 4871.1520258337259 25503.938373479992 2284.0473243147135 10734.103868097067 592.47900748997927 18300.440743975341 4974.5224319696426 12644.20531771332 56.761037595570087 3039.6144481003284 4878.9267187416553 9058.1632428392768 13730.15337093547 2514.8354831449687 147.24722064658999 97.717549085617065 41433.762575488538 89.249821737408638 40762.098341427743 11326.332938145846 327.27504520490766 24893.040907129645
leaf_count=18698 18215 77479 2206 43606 12032 5049 633 2593 10185 78345 4561 17686 586 29637 7245 33386 285 4400 9269 14893 29127 8210 671 223 98074 305 130505 20811 955 53036
internal_value=0.00350129 0.00240611 0.000852742 0.00235262 0.00462236 0.00517445 0.00471079 0.00153587 0.00315161 0.00362403 -0.00144938 0.00543408 0.00572314 0.00776756 0.010948 0.00358166 -0.0376473 0.00480057 0.00440624 0.00524661 0.00164107 -0.00596266 -0.0103303 -0.0141592 0.00396306 -0.0409753 -0.00105579 0.00388554 0.00524501 0.00546903
internal_weight=316563 191331 112490 68113.2 78841.3 125232 115926 21510.5 17698.2 53457.4 44377 94415.5 27953.4 18892.9 9306.09 17515.4 182.799 82874.7 79835.1 61226 18609.1 3812.33 2662.08 1330.85 52167.9 186.967 43046.1 70151.3 36546.6 36219.4
internal_count=732906 472502 308189 170389 164313 260404 248110 55963 44489 126783 137800 192147 48438 30223 12294 43571 918 173449 169049 130653 38396 11474 8881 2734 115760 528 135066 152281 74802 73847
is_linear=0
shrinkage=0.05


Tree=69
num_leaves=31
num_cat=0
split_feature=7 7 15 6 5 6 15 11 10 12 8 6 10 5 8 1 5 10 12 6 8 2 5 12 6 11 11 11 8 8
split_gain=199.588 196.364 162.107 421.692 136.057 110.415 114.67 109.095 103.758 123.209 104.282 92.0164 81.897 96.1352 92.4837 77.3982 77.0395 72.8448 140.817 68.7299 62.5047 61.4571 70.3629 53.8661 53.4876 74.5065 52.707 51.5284 46.2391 42.1252
threshold=7714069.5000000009 3211691.0000000005 1.0000000180025095e-35 1885909.0000000002 5320895.5000000009 8681399.0000000019 1.0000000180025095e-35 0.18937674909830096 12.683333396911623 -0.11716270074248313 0.88008713722229015 3910147.0000000005 11.949999809265138 1289243.5000000002 0.24999500066041949 8.5000000000000018 13439690.500000002 17.038461685180668 -0.027276050299406048 3910147.0000000005 0.96026313304901134 37.868467330932624 10052930.500000002 0.39604739844799047 1885909.0000000002 -0.067965365946292863 0.18045505881309512 0.085602473467588439 0.81258332729339611 0.34001740813255316
decision_type=10 8 2 2 2 2 2 2 2 2 10 2 2 2 10 2 2 2 2 2 10 2 2 2 2 2 2 2 10 10
left_child=1 5 3 15 7 6 17 12 10 -10 16 -8 29 14 27 -3 -6 23 -19 20 -12 -5 -23 -1 -15 -26 -7 -14 -2 -4
right_child=28 2 4 21 8 26 11 -9 9 -11 19 -13 13 24 -16 -17 -18 18 -20 -21 -22 22 -24 -25 25 -27 -28 -29 -30 -31
leaf_value=0.0074315567684403077 0.0096842729321208326 0.024202067102887779 0.0051614798360600546 -0.0012690850408499117 0.0021118207854562113 0.0012068314469838 -0.057686417542394591 0.011183880426635446 -0.047774989998301848 0.00077719766759456457 0.0078957196724996157 0.013999773564447891 -0.053474907421412754 0.0024538623284234332 -0.0026838900184207285 0.010250855308083211 0.0057051208914885481 -0.07831466159292963 0.0017181070993090093 0.028176575201775605 0.031718447828786488 0.012237095371020613 0.0023099323117089796 0.029295427603072223 -0.065346443497058856 0.0051614798360600546 0.013009408820744132 -0.021379275280129242 0.037036782561994087 0.0076859249878248759
leaf_weight=13336.181793101132 9420.6651860997081 1319.6204543411732 7769.4704303443432 59961.846144899726 39053.818986788392 10922.259740039706 43.129257008433342 6077.5059194266796 128.92823959887028 65497.989702988416 2094.4162862449884 6894.2045230716467 205.56727208569646 38158.187752451748 530.09315205737948 4041.5974737405777 19121.674594610929 53.582445845007896 4920.0764326155186 576.30597624182701 278.09370025992393 2193.3741767555475 961.15024721622467 286.06001006066799 41.985856890678406 10802.028003016487 1033.6764688640833 33.010586678981781 155.36922217160463 9423.7630381882191
leaf_count=20928 16287 1941 13085 164302 79058 26571 130 7932 376 198244 3297 10362 1209 92189 1880 9220 30595 187 11217 646 289 3003 1745 252 125 21713 1409 47 137 14080
internal_value=0.00302836 0.0028057 0.00233199 0.000232561 0.00305155 0.0061952 0.00805193 0.00477036 0.002061 0.000680361 0.00354328 0.0135376 0.00418797 0.00316003 -0.014363 0.0136926 0.00307804 0.00600423 0.000824762 0.0127134 0.00893667 -0.000911155 0.00588895 0.00789492 0.00343548 0.00516148 0.00222925 -0.0400747 0.0101357 0.00716293
internal_weight=315336 305760 268270 68477.6 199793 37489.2 25533.2 73041.6 126751 65626.9 61124.3 6937.33 66964.1 49770.9 768.671 5361.22 58175.5 18595.9 4973.66 2948.82 2372.51 63116.4 3154.52 13622.2 49002.2 10844 11955.9 238.578 9576.03 17193.2
internal_count=732456 716032 644976 180211 464765 71056 43076 152260 312505 198620 113885 10492 144328 117163 3136 11161 109653 32584 11404 4232 3586 169050 4748 21180 114027 21838 27980 1256 16424 27165
is_linear=0
shrinkage=0.05


Tree=70
num_leaves=31
num_cat=0
split_feature=5 5 5 8 8 2 9 9 7 0 7 0 9 8 6 4 8 4 10 9 7 8 9 9 9 10 9 8 4 8
split_gain=187.589 300.341 195.593 118.124 112.086 106.37 94.4747 423.28 101.232 91.977 100.274 90.0402 80.4206 78.5731 100.312 85.3587 73.3171 71.8708 69.5617 66.6848 63.732 88.8689 176.304 114.654 84.9143 67.1468 61.5299 83.3 60.9989 60.0152
threshold=5320895.5000000009 12130922.500000002 1289243.5000000002 0.24999500066041949 0.90672317147254955 85.97727203369142 1.0000000180025095e-35 11.500000000000002 7714069.5000000009 0.0082305916585028189 3211691.0000000005 0.05352368205785752 154.50000000000003 0.32438437640666967 1885909.0000000002 2149.9001464843755 0.4584085494279862 198800.00000000003 5.0625000000000009 44.500000000000007 1.0000000180025095e-35 1.0000000180025095e-35 43.500000000000007 90.500000000000014 1.0000000180025095e-35 19.612500190734867 92.500000000000014 0.12494444474577905 5610.0000000000009 0.69240385293960582
decision_type=2 2 2 10 10 2 2 2 10 2 8 2 2 10 2 10 10 10 2 2 10 10 2 2 2 2 2 10 10 10
left_child=2 6 3 11 9 20 13 -8 18 12 -11 -1 16 -2 15 -15 17 26 19 -9 28 22 24 25 -22 -24 -4 -28 -3 -20
right_child=1 5 4 -5 -6 -7 7 8 -10 10 -12 -13 -14 14 -16 -17 -18 -19 29 -21 21 -23 23 -25 -26 -27 27 -29 -30 -31
leaf_value=-0.040417646393006622 -0.0042617041488484829 0.0078276343944410093 0.0034288497333733675 -0.00027160757297397576 0.019571593793290418 0.01146748896126506 0.033936065614213022 0.0049301045422082725 0.014897633980249285 0.012227138685269682 0.0059876480842579486 -0.013995087228774067 -0.07213720898084465 0.04604817428275821 0.014895115817926435 -0.0011601092727991577 0.0055738298172650653 -0.048781678865081224 7.5143863250215948e-05 0.024839992360308871 0.0010387995193735318 0.0078276343944410093 0.00088368756834124947 -0.057840001162687442 0.0058813908413645859 -0.012205754664025001 -0.022749298017697598 0.0027938521596521135 0.0020090345644932618 0.0040187853136473125
leaf_weight=513.57401099428535 15373.147075966001 2875.2737337648869 69454.156038057059 869.42326051741838 1310.9115153104067 5383.2061115428805 987.23845729976892 3258.3256906270981 1297.2740948349237 4555.2904658913612 29037.535819560289 198.35314752161503 32.640934601426125 95.069296821951866 1235.9223028868437 7059.4947787672281 18312.977391131222 64.353845678269863 74023.479770276695 481.21991879492998 9103.159439265728 11149.189273327589 2550.571985155344 99.878033876419067 13977.399347431958 1588.6361459158361 228.0849546007812 443.51400403305888 32420.732686821371 8395.1381509527564
leaf_count=2611 44413 5563 158675 2478 1947 6965 1142 4843 2491 6242 47639 326 163 84 2242 16705 37485 338 215341 471 16371 20233 5488 410 28804 5951 1024 1277 74561 20159
internal_value=0.00330882 0.00232467 0.00481508 -0.0126477 0.00503899 0.00468318 0.000660962 0.00141301 0.0010451 0.00488268 0.00711036 -0.0277186 0.0040373 -0.00213786 0.00175356 -0.000520116 0.00406703 0.00323396 0.000836188 0.0075041 0.00418778 0.00559556 0.00393515 -0.00543537 0.0056565 -0.00414353 0.00328308 -0.011757 0.00265322 0.000533472
internal_weight=316375 191354 125021 1581.35 123439 79148 112206 88442.7 87455.4 122129 33592.8 711.927 88535.7 23763.6 8390.49 7154.56 88503.1 70190.1 86158.2 3739.55 73764.8 38468.8 27319.6 4239.09 23080.6 4139.21 70125.8 671.599 35296 82418.6
internal_count=732442 472237 260205 5415 254790 164346 307891 244447 243305 252843 53881 2937 198962 63444 19031 16789 198799 161314 240814 5314 157381 77257 57024 11849 45175 11439 160976 2301 80124 235500
is_linear=0
shrinkage=0.05


Tree=71
num_leaves=31
num_cat=0
split_feature=6 10 3 6 3 8 5 8 1 5 0 5 4 12 5 2 12 8 12 3 4 3 3 10 4 5 2 12 10 1
split_gain=218.637 194.928 168.425 107.745 119.222 105.608 93.1965 80.1261 78.0732 74.8243 90.6808 72.5568 67.4218 55.4881 53.9788 48.6343 75.127 58.5277 47.9203 47.1338 39.8939 54.2781 38.529 36.4109 35.9327 48.4012 35.3456 38.371 43.3489 32.9696
threshold=13897643.000000002 11.949999809265138 0.1907056346535683 1885909.0000000002 0.0090917046181857603 0.91771242022514354 10052930.500000002 0.92071518301963817 4.5000000000000009 1289243.5000000002 0.044709488749504096 16151869.500000002 198800.00000000003 -0.04111917503178119 13439690.500000002 89.119125366210952 -0.035392384976148598 0.18286825716495517 -0.046699132770299905 0.13272240757942202 27005.600585937504 0.013957562390714886 0.013957562390714886 7.0833332538604745 51900.000000000007 10052930.500000002 22.731818199157718 -0.054528366774320595 9.0357141494750994 9.5000000000000018
decision_type=2 2 10 2 8 8 2 10 2 2 2 2 8 2 2 2 2 8 2 10 8 8 10 2 10 2 2 2 2 2
left_child=1 2 6 5 24 22 20 9 -4 10 -2 15 -6 -10 -8 16 17 26 -14 -18 -1 -22 -3 -9 -5 -26 27 28 -11 -15
right_child=7 3 8 4 12 -7 14 23 13 11 -12 -13 18 29 -16 -17 19 -19 -20 -21 21 -23 -24 -25 25 -27 -28 -29 -30 -31
leaf_value=0.0078382592102352721 -0.04926166755375664 -0.0067395307204272201 0.031827479906517679 -0.016559852869171568 0.0039524087933501184 0.0039524087933501184 0.0039524087933501184 0.048461017190498286 0.0078382592102352721 -0.04018625761124172 0.0095060016142392133 -0.079515373619702762 -0.0049688167891390952 0.020220586138976204 0.0070639783301101912 0.0060009800039873941 -0.00065564716556188579 -0.0048359997843386406 0.0022167743932396005 0.0027596579460081121 0.0039524087933501184 0.0066946863689148275 0.0011565360769948587 0.014214009341007597 -0.09363910682747463 -0.035891214765212606 -0.014663843435666499 -0.024895180614585496 -0.085554566019409931 0.011495190353742527
leaf_weight=7797.4156404361129 165.51326093822718 1567.010577827692 434.46785319596529 203.53247425705194 28463.95617107302 4986.135322779417 15688.659606084228 118.87026205658913 3434.6524338722229 68.516720175743103 107.01602685451508 26.747142672538757 2495.0337978303432 1318.2080014571548 22777.615271642804 3094.4103802293539 32488.843750482425 3887.0539004802704 32793.191798366606 7288.4380273893476 9672.5183176398277 29628.36245778203 100768.43133281171 119.51646256446838 44.813563987612724 40.249264322221279 110.96308314800262 170.44549606740475 67.950595021247864 6154.8674891963601
leaf_count=11748 1037 5800 394 546 57353 11408 42654 81 5148 146 181 125 4899 1398 35520 4588 99606 8308 78732 17518 18668 45790 271568 239 198 120 201 416 252 8315
internal_value=0.0030084 0.00356307 0.00535534 0.00254948 0.00395241 0.00157486 0.00459621 -0.000110204 0.0110803 -0.000255989 -0.0262838 -0.000104609 0.00395241 0.0102482 0.00395241 -5.6218e-05 -0.000481664 -0.00675445 0.00170847 0.000197519 0.00633995 0.00555111 0.0010355 0.028684 -0.0282572 -0.0552226 -0.0244917 -0.0351265 -0.0554773 0.0130393
internal_weight=315983 268269 96906.8 171362 64040.8 107322 85564.6 47714.3 11342.2 47475.9 272.529 47203.4 63752.2 10907.7 38466.3 47176.6 44082.2 4304.93 35288.2 39777.3 47098.3 39300.9 102335 238.387 288.595 85.0628 417.876 306.913 136.467 7473.08
internal_count=732957 600259 169635 430624 141848 288776 154380 132698 15255 132378 1218 131160 140984 14861 78174 131035 126447 9323 83631 117124 76206 64458 277368 320 864 318 1015 814 398 9713
is_linear=0
shrinkage=0.05


Tree=72
num_leaves=31
num_cat=0
split_feature=7 6 4 4 5 8 1 5 2 1 9 4 3 7 8 9 9 11 9 9 3 4 4 3 9 9 3 9 6 9
split_gain=177.752 324.182 338.295 164.582 135.025 300.129 123.128 106.31 118.767 105.091 202.975 91.7919 91.0205 83.1767 74.562 73.9767 169.219 99.1721 81.5763 322.685 191.594 97.2206 69.0851 62.8332 59.8334 110.41 133.335 56.3779 107.953 106.082
threshold=1.0000000180025095e-35 8681399.0000000019 198800.00000000003 2149.9001464843755 10052930.500000002 0.91771242022514354 21.500000000000004 12130922.500000002 63.761310577392585 21.500000000000004 1.0000000180025095e-35 39440.000000000007 0.21360188722610476 7714069.5000000009 0.45011143386363989 43.500000000000007 36.500000000000007 0.38597455620765692 1.0000000180025095e-35 11.500000000000002 0.0058937692083418378 181000.00000000003 10000.800292968752 0.278274416923523 112.50000000000001 98.500000000000014 0.56530186533927929 44.500000000000007 3910147.0000000005 25.500000000000004
decision_type=10 2 8 8 2 8 2 2 2 2 2 10 10 10 10 2 2 2 2 2 8 8 10 8 2 2 8 2 2 2
left_child=3 2 13 -1 5 6 11 12 22 10 -4 -5 -6 14 -2 16 18 24 21 -20 -21 -3 -9 -10 25 -17 -27 28 -14 -30
right_child=1 15 9 4 7 -7 -8 8 23 -11 -12 -13 27 -15 -16 17 -18 -19 19 20 -22 -23 -24 -25 -26 26 -28 -29 29 -31
leaf_value=0.035027714512815729 0.0076883189224612918 0.0098195568178249988 0.0031288885369277321 0.0067504527066275773 -0.0027490138662619422 0.015425015727507159 0.00060056377225384521 0.0058578218024289176 0.0062428448590181179 0.00099456452756501172 0.0068090312007015848 0.0024596278232160772 0.0017488406171391833 0.021876629081727637 0.013006481939155393 -0.0027033190960572824 0.03785675713209867 0.019202539554357672 0.038772061363536857 -0.066204611020099169 0.0027027140193025996 -0.0041679877578096984 0.00023914580576730679 0.018311781794204601 0.0081522933319237243 -0.051143787440732939 0.0012317585871996529 6.2657790562533141e-05 6.2657790562533141e-05 0.018311781794204601
leaf_weight=366.90460323542356 19927.497561082244 1458.2803638577461 19279.373676404357 19970.200194388628 34555.190737269819 4537.1797208413482 50236.683036848903 4500.3875328451395 2582.5871122777462 23571.834896840155 17854.518351860344 20020.570849113166 3624.6874648407102 1409.6176033988595 9859.3658343553543 14102.220922300592 324.88077384233475 523.36135434359312 625.21117553114891 99.383678685873747 20261.482854157686 8320.9137817621231 29824.774784967303 1083.9197776094079 444.020622856915 260.27773994207382 226.24072362482548 3912.3431220725179 423.64015763998032 1126.0994303077459
leaf_count=416 34979 2563 34609 31964 111337 8178 141629 8766 3661 57696 25702 35490 9869 1837 15699 43489 421 585 622 481 54223 19616 70424 1250 1021 926 715 11194 952 2297
internal_value=0.00271668 0.0040576 0.00578066 0.00166564 0.00159585 0.00287976 0.00224858 0.000105386 0.00203922 0.0036058 0.00526321 0.00431869 -0.00157809 0.0100123 0.00944937 0.000662725 0.00207116 -0.00215204 0.00169083 0.00344827 0.0023599 -0.00208057 0.00112524 0.0105904 -0.00289795 -0.00351325 -0.0268828 0.00287433 0.00647426 0.0175101
internal_weight=315314 138548 91902.2 176765 176398 94764.6 90227.5 81633.6 37991.7 60705.7 37133.9 39990.8 43642 31196.5 29786.9 46646.3 31090.2 15556.1 30765.3 20986.1 20360.9 9779.19 34325.2 3666.51 15032.8 14588.7 486.518 9086.77 5174.43 1549.74
internal_count=732611 295184 170522 437427 437011 217261 209083 219750 84101 118007 60311 67454 135649 52515 50678 124662 77926 46736 77505 55326 54704 22179 79190 4911 46151 45130 1641 24312 13118 3249
is_linear=0
shrinkage=0.05


Tree=73
num_leaves=31
num_cat=0
split_feature=7 7 2 9 5 5 11 6 2 9 5 15 2 6 10 7 9 11 9 10 10 3 9 3 10 8 9 12 9 6
split_gain=248.787 195.999 154.293 131.441 109.057 215.918 108.093 106.586 99.8681 108.664 107.487 108.054 95.2141 93.731 72.923 78.8052 77.9585 119.064 72.7334 81.5324 70.4796 83.1202 70.2147 68.4428 61.9509 59.5767 59.099 58.6049 58.1216 54.6775
threshold=7714069.5000000009 3211691.0000000005 13.640000343322756 110.50000000000001 5320895.5000000009 12130922.500000002 0.26698686182498937 8681399.0000000019 8.4426665306091326 37.500000000000007 1289243.5000000002 1.0000000180025095e-35 422.77265930175787 1885909.0000000002 15.436508178710939 3211691.0000000005 54.500000000000007 -0.016410958021879193 1.0000000180025095e-35 11.683333396911623 10.267857074737551 0.0090917046181857603 100.50000000000001 0.046998459845781333 20.44999980926514 0.25721864402294164 100.50000000000001 -0.10579004511237143 1.5000000000000002 8681399.0000000019
decision_type=10 8 2 2 2 2 2 2 2 2 2 2 2 2 2 10 2 2 2 2 2 8 2 10 2 10 2 2 2 2
left_child=1 2 3 7 8 12 29 23 10 27 -3 13 -6 -12 -13 16 25 22 -15 -20 28 -22 24 -1 -18 -16 -21 -10 -9 -7
right_child=-2 4 -4 -5 5 6 -8 20 9 -11 11 14 -14 18 15 -17 17 -19 19 26 21 -23 -24 -25 -26 -27 -28 -29 -30 -31
leaf_value=0.0055779933485075898 0.010590517862675557 -0.012315527027307441 0.017012160419478662 -0.082919911364791862 -0.00047067290638346188 0.0034744227321067385 0.01198219081458496 0.0021554038675486824 0.0052712253944170867 0.0052712253944170867 0.0052712253944170867 0.0052712253944170867 0.0087194629912977703 -0.004920844580778367 -0.0013891034350761323 0.0038346172235801516 -0.014475170087000735 -0.0014013859861672616 0.0052712253944170867 -0.00038785445936579343 -0.073590532689325278 -0.0016013590696633707 -0.082438212110157533 0.010986353859252515 -0.075576160463918754 0.0038346172235801516 -0.046714457578805081 0.0168812424431008 0.010986353859252515 -0.0016578777470297905
leaf_weight=19034.21352648735 9808.5105185061693 1164.4680273979902 2874.3115727230906 40.503267288208008 98286.047046422958 55732.095422565937 3538.0114370435476 2874.6665772497654 740.22359295189381 6795.3222478330135 1619.2239482104778 30403.809543296695 2899.5688848793507 7219.3601707518101 6879.9860720299184 6961.7045214362442 774.02223685383797 6550.7282418012619 2659.8385179191828 15442.39265666157 38.330269880592823 6978.4396174699068 42.523864790797234 4670.5398931503296 42.016941070556641 11434.687347911298 67.151456765830517 3620.8858255818486 1084.6432787328959 5721.126683074981
leaf_count=33638 16596 4450 3433 182 281246 119124 4471 5914 1089 10702 2884 50318 3786 14675 18919 15049 2080 20416 3764 42778 213 19007 178 7320 182 28602 374 4119 1453 16187
internal_value=0.00275272 0.00250158 0.00588279 0.00496055 0.00202827 0.00123729 0.0034861 0.00506796 0.00331161 0.00777687 0.00276559 0.00296077 -0.000207154 0.00031427 0.00409366 0.00239801 0.000628121 -0.00369882 -0.000675994 0.001011 0.000994184 -0.00201547 -0.021184 0.00695401 -0.0177983 0.00237882 -0.000594431 0.0141217 0.00632628 0.00299658
internal_weight=315999 306191 37595.6 34721.3 268595 166177 64991.2 34680.8 102418 11156.4 91261.9 90097.4 101186 27008 63089.5 32685.7 25724 7409.29 25388.7 18169.4 10976.1 7016.77 858.563 23704.8 816.039 18314.7 15509.5 4361.11 3959.31 61453.2
internal_count=733149 716553 71160 67727 645393 424814 139782 67545 220579 15910 204669 200219 285032 64475 135744 85426 70377 22856 61591 46916 26587 19220 2440 40958 2262 47521 43152 5208 7367 135311
is_linear=0
shrinkage=0.05


Tree=74
num_leaves=31
num_cat=0
split_feature=10 9 9 12 9 9 9 11 9 10 12 4 4 9 3 5 3 6 3 7 4 4 7 4 9 7 3 7 4 9
split_gain=166.72 343.851 973.246 115.11 114.333 243.399 144.478 115.938 106.955 95.89 90.1252 79.7473 76.9482 74.9565 70.6329 68.6427 64.5864 71.9715 55.077 53.6845 52.5382 45.2901 42.0035 50.9433 41.7819 40.8323 36.6642 34.9688 32.0887 30.9935
threshold=11.949999809265138 1.0000000180025095e-35 11.500000000000002 -0.18495246767997739 23.500000000000004 33.500000000000007 21.500000000000004 0.49334405362606054 12.500000000000002 21.774999618530277 -0.10753119364380835 8612.2001953125018 8010.0000000000009 43.500000000000007 0.21974209696054461 10052930.500000002 0.0058937692083418378 1885909.0000000002 0.0058937692083418378 7714069.5000000009 4804.8000488281259 6816.0000000000009 3211691.0000000005 39610.000000000007 19.500000000000004 7714069.5000000009 0.040998572483658798 3211691.0000000005 58060.000000000007 2.5000000000000004
decision_type=2 2 2 2 2 2 2 2 2 2 2 10 8 2 10 2 8 2 8 8 8 10 10 8 2 8 8 10 10 2
left_child=1 20 11 -2 6 10 24 14 12 -10 -6 -3 -5 18 -7 29 17 -14 28 -16 -1 -12 23 -18 25 -4 -15 -17 -11 -13
right_child=3 2 4 8 5 7 -8 -9 9 13 21 15 16 26 19 27 22 -19 -20 -21 -22 -23 -24 -25 -26 -27 -28 -29 -30 -31
leaf_value=0.017602967343699271 -0.08608183656328329 0.03651000599259481 0.015166443181357868 0.0027241959401389446 0.0027241959401389446 0.0027241959401389446 0.0027241959401389446 0.01995150043320695 0.0027241959401389446 -0.011420230067886375 0.032041721243242803 0.0027241959401389446 -0.015849319127057334 -0.012368980399249267 0.012314580721750921 0.0027241959401389446 -0.00016622910475539985 -0.042269474416889968 0.0016398354363779894 0.0057299122536827894 0.0027241959401389446 0.018729786152338022 5.3691735360680841e-05 -0.0062153733357031048 0.022679763541744509 0.0050421014540746739 -0.001189958767979297 0.028906681646766907 -0.042269474416889968 0.028906681646766907
leaf_weight=1092.4012751728296 35.487465158104897 2558.6075159981847 1795.2761131599545 866.6576683819294 394.97675248980522 14682.34922298789 12969.474787645042 1315.5119299069047 104720.97099856287 318.75381065160036 986.55642398446798 97.976036578416824 153.76931174099445 751.89250614121556 2140.6392308697104 261.09338182210922 5620.9600539058447 67.865698918700218 44870.293932519853 5054.6344301626086 64646.115722969174 1854.7824389338493 7319.398497492075 9138.3077774047852 713.18223649263382 2240.45249325037 27104.562890212983 73.831439048051834 48.334262855350971 884.32530809938908
leaf_count=1476 126 2314 2277 1058 631 22672 20888 1357 236845 1281 1004 158 314 3965 2663 492 11153 252 135539 7414 135809 2334 13509 19960 777 3401 101585 56 389 887
internal_value=0.00239224 0.00392183 0.00733909 0.00152656 0.00522931 0.00733908 0.0027242 0.00554564 0.00154289 0.00195922 0.0201804 0.0313556 -0.00165253 0.000555475 0.00467766 0.0213034 -0.00261681 -0.0293528 0.00163984 0.00873563 0.0027242 0.0233712 -0.00234579 -0.00391194 0.0115315 0.00955115 -0.00149257 0.0027242 -0.0177743 0.027963
internal_weight=314779 113762 48023.7 201017 44147.8 26429.5 17718.4 23193.1 200982 177815 3236.32 3875.83 23167 73093.8 21877.6 1317.23 22300.3 221.635 45237.4 7195.27 65738.5 2841.34 22078.7 14759.3 4748.91 4035.73 27856.5 334.925 367.088 982.301
internal_count=732586 206610 69325 525976 65418 38075 27343 34106 525850 479604 3969 3907 46246 242759 32749 1593 45188 566 137209 10077 137285 3338 44622 31113 6455 5678 105550 548 1670 1045
is_linear=0
shrinkage=0.05


Tree=75
num_leaves=31
num_cat=0
split_feature=7 2 7 8 3 10 9 11 9 9 12 10 9 10 3 3 10 9 9 9 4 12 10 5 5 5 9 3 5 10
split_gain=151.82 185.373 164.125 164.909 105.192 92.0826 300.66 158.234 86.549 68.5882 60.2492 86.354 55.4039 52.0156 50.3148 49.3135 45.8728 44.9097 50.8465 47.0375 56.1823 49.8119 46.3563 38.4728 38.1197 35.4599 35.1 123.614 80.3375 60.9778
threshold=3211691.0000000005 11.127714633941652 7714069.5000000009 0.90672317147254955 0.10412324965000154 11.949999809265138 1.0000000180025095e-35 -0.049675324931740754 68.500000000000014 77.500000000000014 -0.11716270074248313 15.612500190734865 42.500000000000007 18.038461685180668 0.0058937692083418378 0.26809000968933111 12.535714149475099 12.500000000000002 43.500000000000007 57.500000000000007 57987.701171875007 -0.075058858841657625 19.612500190734867 15089427.500000002 5320895.5000000009 1289243.5000000002 23.500000000000004 0.042046222835779197 5320895.5000000009 20.866071701049808
decision_type=8 2 10 10 10 2 2 2 2 2 2 2 2 2 8 10 2 2 2 2 8 2 2 2 2 2 2 8 2 2
left_child=1 4 3 5 8 6 -2 -8 26 -10 11 -7 15 24 -4 -5 -17 -12 25 20 -20 -21 -23 -22 -11 -19 -1 28 -28 -29
right_child=2 -3 14 12 -6 10 7 -9 9 13 17 -13 -14 -15 -16 16 -18 18 19 21 23 22 -24 -25 -26 -27 27 29 -30 -31
leaf_value=0.0025003082887109377 0.0019646056910757096 0.017310583026364287 -0.018341141861017238 0.0089142108214411951 0.010856785828149111 -0.01111632616540338 0.0019646056910757096 0.0065316529569969285 -0.10190312352043374 -0.019599851742749967 -0.0012599674189150954 -0.097310236037879139 0.0065316529569969285 -0.040155667459278593 0.0089754967166426943 0.027830586994345648 0.014889205581670154 -0.0079157035222970334 0.0009162148682171471 -0.0079157035222970334 -0.0015249817646247634 0.0019646056910757096 -0.0015124101648895036 -0.0070536686610369664 0.0070713205186697242 0.0019646056910757096 -0.081167730924724471 0.0070713205186697242 -0.014016426117802667 -0.0023585718054912434
leaf_weight=21037.774280816317 51024.948038890958 3025.4107292219996 169.84761822223663 1726.1005267351866 4787.1256297379732 440.41696564853191 9720.7362364456058 30746.074155703187 22.769112467765808 79.066985264420509 19003.962159052491 29.188315287232399 958.96667889505625 125.33346408605576 9401.4250612482429 1055.8060789182782 679.84697324037552 342.25234396010637 26263.73511216417 232.47116683423519 16379.484150186181 22580.571366861463 9634.294425714761 3893.4658657237887 115.10713441669941 73555.633704070002 59.990265429019928 6253.0249665528536 114.07692533731461 1717.3972271159291
leaf_count=40733 112393 3574 359 2780 8183 902 16369 43105 98 216 38762 123 2184 507 16153 1078 1472 1502 72038 597 51519 52434 38086 11511 205 198591 248 11466 329 5347
internal_value=0.00245628 0.00544976 0.00205397 0.00182439 0.00440299 0.00166387 0.00294591 0.00651991 0.00328586 -0.0216386 0.000983303 -0.0168637 0.0113994 -0.0153204 0.00848702 0.0149143 0.0208642 0.00103226 0.00131721 0.000408745 -0.00061011 0.00186996 0.00196461 -0.00258737 0.000955964 0.00196461 0.00357966 0.00636639 -0.0351042 0.00707132
internal_weight=315176 37337.1 277839 268268 34311.7 263847 91491.8 40466.8 29524.5 342.277 172355 469.605 4420.72 319.508 9571.27 3461.75 1735.65 171886 152882 78984 46536.7 32447.3 32214.9 20273 194.174 73897.9 29182.3 8144.49 174.067 7970.42
internal_count=732864 70906 661958 645446 67332 637932 171867 59474 59149 1026 466065 1025 7514 928 16512 5330 2550 465040 426278 226185 135068 91117 90520 63030 421 200093 58123 17390 577 16813
is_linear=0
shrinkage=0.05


Tree=76
num_leaves=31
num_cat=0
split_feature=5 7 10 5 11 4 6 10 12 7 12 8 8 10 4 6 11 1 12 3 3 6 3 5 3 6 5 8 11 6
split_gain=169.943 152.678 128.304 120.451 99.1975 89.6276 135.49 259.799 94.3289 77.8975 72.7105 65.9955 59.6638 54.036 69.9724 53.9874 54.2154 51.9382 50.2376 54.0391 47.5261 47.5189 78.1356 56.3535 45.9613 44.1431 40.7622 89.0142 123.207 40.0588
threshold=5320895.5000000009 7714069.5000000009 11.949999809265138 12130922.500000002 0.26698686182498937 199700.00000000003 1885909.0000000002 3.5227272510528569 0.10690362006425859 3211691.0000000005 -0.053241055458784096 0.82013070583343517 0.57133930921554577 21.708333015441898 37020.000000000007 8681399.0000000019 -0.052248043939471238 13.500000000000002 -0.052015691995620721 0.19906643033027652 0.1921707093715668 13897643.000000002 0.23926833271980288 10052930.500000002 0.013957562390714886 8681399.0000000019 1289243.5000000002 0.24999500066041949 0.085602473467588439 13897643.000000002
decision_type=2 10 2 2 2 8 2 2 2 10 2 10 10 2 8 2 2 2 2 8 10 2 10 2 10 2 2 8 2 2
left_child=2 3 11 5 13 6 8 -8 -2 10 -7 20 -10 14 -5 -11 17 -17 19 -3 -1 22 23 -9 -20 -26 27 28 -4 -28
right_child=1 18 26 4 -6 9 7 21 12 15 -12 -13 -14 -15 -16 16 -18 -19 24 -21 -22 -23 -24 -25 25 -27 29 -29 -30 -31
leaf_value=0.0052916466592667979 -0.00050860402077432048 -0.066246507792738468 -0.058965419084250029 0.0061517118628390526 0.010567316375325687 -0.014750924727480894 0.019356709285273575 0.0059484008606813903 0.0031458484156499712 -0.0022780853056049671 -0.00050860402077432048 0.015601658757507865 0.015612032578550362 0.00022848055794661462 0.0021320756183842767 -0.021721999796168276 -0.008212089176988872 -0.073729265022575249 0.0087748823769306424 -0.0019807155610510772 0.010710597402185863 -0.00050860402077432048 0.010190371476158644 -0.00050860402077432048 0.029086607434808998 0.014943184365782064 0.0034744908504968581 0.001460884314633098 -0.014894167351732397 0.00053141817747423244
leaf_weight=36633.252233929932 55314.451404616237 36.751328483223915 194.90380850806832 15367.428774043918 4002.3367836624384 922.31801544129848 2580.5948312357068 4536.6071708202362 3239.6404399871826 6183.5473795980215 15374.036711655557 1800.7733254730701 1352.7601446732879 19410.215562202036 36642.76210565865 131.90327344834805 4842.5009560212493 59.39942030608654 4163.6234659776092 210.70936255156994 3358.5348878949881 6938.5785789526999 3924.5266981646419 4735.1366229057312 727.76467396318913 194.73205455392599 68010.119967631996 838.01051523908973 79.672999694943428 13931.172494042665
leaf_count=59468 157814 106 1250 26664 5131 2060 4341 8787 5153 15507 48900 2209 1702 57294 70525 326 19514 292 7442 349 4320 17700 8190 13027 887 435 149425 3056 105 40823
internal_value=0.0025478 0.00160967 0.00398217 0.00136987 0.00290923 0.000315661 0.00113876 0.00442674 -0.000108079 -0.00215597 -0.000508604 0.00624176 0.0068003 0.0024798 0.00331995 -0.00540897 -0.00925252 -0.0352319 0.00994866 -0.0119797 0.00581954 0.00251149 0.00427857 0.00177458 0.0110199 0.0211115 0.00284503 -0.00665327 -0.0312492 0.00297415
internal_weight=315739 190892 124846 185559 75422.7 110136 82622.3 22715.4 59906.9 27513.7 16296.4 41792.6 4592.4 71420.4 52010.2 11217.4 5033.8 191.303 5333.58 247.461 39991.8 20134.8 13196.3 9271.74 5086.12 922.497 83053.9 1112.59 274.577 81941.3
internal_count=732802 472146 260656 462927 159614 303313 216714 52045 164669 86599 50960 65997 6855 154483 97189 35639 20132 618 9219 455 63788 47704 30004 21814 8764 1322 194659 4411 1355 190248
is_linear=0
shrinkage=0.05


Tree=77
num_leaves=31
num_cat=0
split_feature=7 6 7 9 1 9 2 9 3 9 3 9 12 9 3 3 3 7 9 9 10 12 11 12 9 6 9 10 9 9
split_gain=126.881 119.292 168.052 138.643 87.2874 127.986 86.1367 129.501 66.6086 144.266 65.9023 87.5167 57.0159 56.2213 56.0821 52.4664 48.6367 46.2687 67.8702 43.7421 43.425 52.0384 99.9049 39.8485 39.8335 43.6248 38.6915 82.4717 38.1558 119.636
threshold=3211691.0000000005 13897643.000000002 7714069.5000000009 166.50000000000003 21.500000000000004 22.500000000000004 17.018375396728519 110.50000000000001 0.1907056346535683 11.500000000000002 0.61727386713027965 33.500000000000007 0.092189751565456404 44.500000000000007 0.038801250979304321 0.0090917046181857603 0.081684678792953505 7714069.5000000009 2.5000000000000004 191.50000000000003 14.267857074737551 -0.090006738901138292 0.18947415053844455 -0.035392384976148598 33.500000000000007 8681399.0000000019 32.500000000000007 10.535714149475099 1.0000000180025095e-35 11.500000000000002
decision_type=8 2 10 2 2 2 2 2 10 2 8 2 2 2 8 10 10 8 2 2 2 2 2 2 2 2 2 2 2 2
left_child=6 2 4 14 5 8 7 15 -2 -10 13 12 -12 26 17 -1 -4 -3 -19 20 -6 22 -22 -16 -23 -26 27 -7 -25 -30
right_child=1 3 16 -5 19 10 -8 -9 9 -11 11 -13 -14 -15 23 -17 -18 18 -20 -21 21 24 -24 28 25 -27 -28 -29 29 -31
leaf_value=0.003430793296247488 0.0021094234032064374 -0.006564141914448627 0.0083747963760252963 0.058268026881935199 0.0021094234032064374 0.0076874265938760254 0.013573597622976961 -0.08297696103799844 0.028932223833997975 0.005094388551068434 0.016466698932564135 0.0076874265938760254 0.043541994899120015 0.0076874265938760254 -0.0049175915847907573 0.0081575019568020501 0.021082700257688616 -0.015142513706960443 -0.081871593126616432 -0.057654801372240862 -0.069427658562204217 0.0013988995959500266 -0.01350394663613376 -0.0023794669268815266 4.9592854989544701e-05 -0.01350394663613376 0.0021094234032064374 0.0021094234032064374 0.028421112543116696 0.00064723039300960494
leaf_weight=27068.224628947675 79479.828139737248 1645.7207207959145 6203.775602735579 97.245059251785278 12016.677246421576 1750.5451705232263 2729.3749790936708 40.407443627715111 706.1379379183054 3969.324662566185 1646.431701824069 3888.7540003657341 219.80459466576576 6989.2023544311523 3941.4678016901016 7497.6543152630329 856.47785373032093 157.12744510173798 48.875089749693871 29.6228993460536 88.392869740724564 34206.520968802273 70.352731391787529 6418.0625422149897 72365.112539108843 204.02647945284843 11347.325193785131 5090.6220374703407 392.18436707556248 23692.980178400874
leaf_count=54279 156022 4123 9847 115 20308 2087 3407 186 680 6418 2427 5851 130 10127 8383 13266 1110 413 240 114 307 100520 86 17183 210786 651 18331 9430 477 75067
internal_value=0.00228813 0.00191995 0.00232268 -0.000748333 0.00209338 0.00307512 0.00502459 0.00434959 0.00210942 0.00807935 0.00582602 0.0106529 0.0196988 0.00472195 -0.000909651 0.00445647 0.00992192 -0.00938149 -0.0316093 0.00114373 0.00115934 0.000688376 -0.0277391 -0.000453693 0.000731158 -2.52921e-05 0.0032258 0.00628665 0.000158658 0.0011018
internal_weight=314858 277523 241129 36393.7 234069 115088 37335.7 34606.3 84155.3 4675.46 30932.7 5754.99 1866.24 25177.7 36296.4 34565.9 7060.25 1851.72 206.003 118981 118951 106934 158.746 34444.7 106776 72569.1 18188.5 6841.17 30503.2 24085.2
internal_count=732371 661233 555232 106001 544275 211503 71138 67731 163120 7098 48383 8408 2557 39975 105886 67545 10957 4776 653 332772 332658 312350 393 101110 311957 211437 29848 11517 92727 75544
is_linear=0
shrinkage=0.05


Tree=78
num_leaves=31
num_cat=0
split_feature=7 6 7 4 8 9 9 10 4 4 12 11 10 3 9 16 3 6 8 9 9 11 8 2 10 12 2 10 7 8
split_gain=147.551 128.807 122.777 112.638 106.827 76.738 614.546 176.097 147.252 95.3065 69.0582 72.5342 58.7954 59.5648 58.0453 52.7796 48.4241 48.1127 56.6831 46.5159 92.0617 76.3262 72.5868 65.7575 62.3669 63.1288 49.9287 47.2714 73.7732 44.6293
threshold=7714069.5000000009 13897643.000000002 3211691.0000000005 2149.9001464843755 0.55548444390296947 1.0000000180025095e-35 11.500000000000002 5.0625000000000009 32820.000000000007 197024.50000000003 -0.10883838310837744 0.26698686182498937 20.866071701049808 0.087612550705671324 170.50000000000003 6.5000000000000009 0.34456743299961096 1885909.0000000002 0.44452822208404547 65.500000000000014 57.500000000000007 -0.065512266010045991 0.90019154548645031 92.160026550292983 9.3452377319335955 -0.071663059294223772 30.330303192138675 19.535714149475101 3211691.0000000005 0.12494444474577905
decision_type=10 2 8 8 10 2 2 2 8 10 2 2 2 8 2 2 10 2 10 2 2 2 10 2 2 2 2 2 10 10
left_child=1 2 4 -4 12 8 -7 -8 17 -10 -9 15 -1 -14 19 -12 -2 18 -5 20 22 23 26 -21 -23 -26 -3 -27 -29 -19
right_child=16 14 3 5 -6 6 7 10 9 -11 11 -13 13 -15 -16 -17 -18 29 -20 21 -22 24 -24 -25 25 27 -28 28 -30 -31
leaf_value=0.006224755034630605 0.0077236552877531593 -0.00093317890976195794 0.029760427266276923 0.00099604080416265304 0.01867131813342306 0.015892566976800877 0.0099670487748770315 -0.0041822744054054095 -0.0018615426964855215 -0.076054984493979849 0.0014665285564157201 0.0058673503423348761 -0.020160699683417119 0.0016563994915861288 0.042265036551484204 0.0037812464867274798 0.030393532153697351 0.00099604080416265304 0.0055928878086648377 -0.10198531016875584 0.017426214276237861 0.013393861793056079 0.026015767048474775 -0.03115716075323437 -0.03115716075323437 -0.0020776421171185768 0.0060796999093928467 -0.0076175053605582457 -0.018061643103095344 0.015367759329677134
leaf_weight=18844.298041582108 9350.0948417335749 36087.60209479183 364.63848908990622 5044.3344965279102 1494.4383201301098 2738.2631576359272 6794.8189529031515 4745.7486031353474 28821.247761517763 41.350920513272285 159295.94340987131 8630.6605426892638 331.32638935744762 5090.7364142090082 77.373861066997051 6500.7922158613801 239.92925804853439 112.31891976296902 9681.7354333102703 40.782177671790123 747.61518064141273 461.83092951774597 259.01610819995403 23.461917236447334 70.919449299573898 3694.7474327459931 2728.0357887968421 375.44544866681099 924.92842898145318 1513.9730111062527
leaf_count=29683 16199 104386 437 10940 2042 2802 8858 8172 65445 190 397340 11982 849 11564 129 19387 272 288 17104 173 1343 588 354 26 232 9696 4072 1425 4978 2292
internal_value=0.00219075 0.00199904 0.00242842 0.00206813 0.00570472 0.00202471 0.00246799 0.00206734 0.000174609 -0.0019731 0.00176765 0.00192958 0.0049047 0.000316278 -0.000455463 0.00169514 0.00829704 0.00396518 0.0030629 -0.000530105 6.96367e-05 -0.00479945 -0.000263321 -0.0581558 -0.00415854 -0.00576331 -0.000440013 -0.00496613 -0.0131574 0.0121215
internal_weight=315128 305538 260047 234286 25760.8 233921 188706 185968 45215 28862.6 179173 174427 24266.4 5422.06 45491.8 165797 9590.02 16352.4 14726.1 45414.4 39822.3 5592.12 39074.7 64.2441 5527.87 5066.04 38815.6 4995.12 1300.37 1626.29
internal_count=733248 716777 589375 545237 44138 544800 448541 445739 96259 65635 436881 428709 42096 12413 127402 416727 16471 30624 28044 127273 110155 17118 108812 199 16919 16331 108458 16099 6403 2580
is_linear=0
shrinkage=0.05


Tree=79
num_leaves=31
num_cat=0
split_feature=6 10 9 9 10 4 9 9 10 12 1 2 9 3 9 9 3 10 9 6 8 9 9 9 8 9 12 9 10 3
split_gain=184.094 92.5552 118.407 739.323 184.239 94.1951 85.4842 68.3293 125.805 58.2204 54.0279 51.1902 50.1924 46.8281 42.8197 37.8387 32.7083 49.2328 30.4535 30.4352 35.5219 37.4665 29.672 87.3379 42.7147 42.4181 81.7351 35.1402 80.8864 31.7641
threshold=13897643.000000002 21.774999618530277 1.0000000180025095e-35 11.500000000000002 9.7750000953674334 5401.1999511718759 166.50000000000003 45.500000000000007 14.535714149475099 -0.10753119364380835 12.500000000000002 115.12435150146486 153.00000000000003 0.03994718752801419 16.500000000000004 32.500000000000007 0.19385655969381335 4.9166667461395273 127.50000000000001 1885909.0000000002 0.047809524461627013 109.50000000000001 12.500000000000002 11.500000000000002 0.54296705126762401 43.500000000000007 -0.074646510183811174 45.500000000000007 5.5357143878936776 0.0058937692083418378
decision_type=2 2 2 2 2 10 2 2 2 2 2 2 2 10 2 2 8 2 2 2 10 2 2 2 8 2 2 2 2 8
left_child=1 2 -1 5 9 -4 11 -6 -9 -5 16 12 13 18 -13 -15 -11 -18 22 -3 21 -21 23 -2 -25 29 27 -27 -29 -24
right_child=6 19 3 4 7 -7 -8 8 -10 10 -12 14 -14 15 -16 -17 17 -19 -20 20 -22 -23 25 24 -26 26 -28 28 -30 -31
leaf_value=0.0020524615722034684 -0.0020536557599633186 5.0482387602492347e-05 0.035303910755423516 0.004918066106736241 0.0020524615722034684 0.017875984763272242 0.046363596114542271 0.004918066106736241 0.0020524615722034684 0.0085743910916263044 0.0067249218449809689 0.034427484418367425 -0.072519306391375313 0.0022692973840516455 0.0044204324818317769 -0.00052602123035744189 0.020447632795071842 0.010658129961760604 -0.063318323226371001 -9.2219856492394659e-05 0.0020524615722034684 -0.062153644249144914 -0.03924329004438519 -0.035003476658845747 -0.010516864549851129 -0.020222235968210291 -0.0034896156169973002 -0.018294044397682015 -0.097276918814540383 -0.00052602123035744189
leaf_weight=55327.698621720076 10598.640770331025 37870.232820410281 1808.1878552436829 4368.4101166576147 74770.381595902145 1369.8107091337442 94.116924777626991 15707.109120197594 29287.20966784656 7409.0075515508652 6797.1854651123285 122.60166263580322 22.687270030379295 4018.9784179851413 2626.35025832057 9699.5258732736111 1632.9759735018015 6060.642240293324 18.424025319516659 18236.280266001821 6953.0696190223098 22.351178914308548 74.614908542484045 191.40609219670296 2332.8442856818438 168.50578825175762 6425.3143785167485 18.286510899662971 53.109446004033089 11162.216537863016
leaf_count=112418 25701 130397 1585 6596 150064 1699 137 25273 74595 10197 10223 94 120 8235 3921 24688 1717 7974 125 50759 16584 125 369 531 5691 410 25601 16 226 36837
internal_value=0.00212174 0.00263146 0.00314785 0.00395738 0.00343796 0.0278079 -0.000742365 0.00260614 0.00420014 0.00722999 0.00853178 -0.000837582 -0.00124419 -0.00120483 0.00578279 0.00122781 0.0104239 0.0127407 -0.00227986 0.000957076 0.00205246 -0.000174991 -0.00223953 -0.00404538 -0.0123999 -0.000915467 -0.00456494 -0.0330985 -0.0621093 -0.000526021
internal_weight=315248 267621 204539 149211 146033 3178 47627.6 119765 44994.3 26268.2 21899.8 47533.5 44784.6 44761.9 2748.95 13718.5 15102.6 7693.62 31043.4 63081.9 25211.7 18258.6 31024.9 13122.9 2524.25 17902 6665.22 239.902 71.396 11236.8
internal_count=732908 600206 402341 289923 286639 3284 132702 249932 99868 36707 30111 132565 128550 128430 4015 32923 19888 9691 95507 197865 67468 50884 95382 31923 6222 63459 26253 652 242 37206
is_linear=0
shrinkage=0.05


Tree=80
num_leaves=31
num_cat=0
split_feature=7 7 8 5 5 4 2 4 1 10 10 5 7 3 3 6 6 8 11 8 8 6 3 8 8 5 8 3 2 11
split_gain=136.987 138.67 112.469 104.195 152.637 99.6369 92.5289 87.8151 83.8181 77.6433 56.5664 56.2852 59.3354 104.024 56.8989 54.6784 54.1938 91.2878 84.6488 107.97 51.5228 49.4204 73.7248 58.9561 54.4192 47.1287 41.9944 41.6969 41.689 50.635
threshold=7714069.5000000009 3211691.0000000005 0.95346027612686168 5320895.5000000009 15089427.500000002 198800.00000000003 416.08636474609381 57987.701171875007 21.500000000000004 9.3452377319335955 21.944444656372074 10052930.500000002 3211691.0000000005 0.078340969979763045 0.07256875187158586 8681399.0000000019 8681399.0000000019 0.41183473169803625 -0.052248043939471238 0.090737566351890578 0.28581193089485174 8681399.0000000019 0.013957562390714886 0.22230862081050876 0.10570267215371133 12130922.500000002 0.90019154548645031 0.2652799934148789 276.65499877929693 -0.024951900355517861
decision_type=10 8 10 2 2 8 2 8 2 2 2 2 10 8 8 2 2 10 2 10 10 2 10 8 8 2 10 10 2 2
left_child=1 5 3 7 6 9 11 26 -6 -1 -9 16 14 15 -13 -14 -5 18 19 -18 -10 22 23 -2 -23 -16 -3 -8 29 -26
right_child=21 2 -4 4 8 -7 27 10 20 -11 -12 12 13 -15 25 -17 17 -19 -20 -21 -22 24 -24 -25 28 -27 -28 -29 -30 -31
leaf_value=0.017327871772399087 -0.062042518133614992 0.0039070805835322931 0.018756977287690928 0.0010756440290593981 0.0046223967813448742 0.0031293834213199801 0.0036346810938458849 0.0021780986817409864 -0.00096110104541598229 0.0066426605437285256 -0.0015888861174820229 -0.0043534317019720365 -0.027678855186826418 -0.0067245103023211563 -0.0010757033308666235 -0.090903746007721206 -0.058789983401653423 0.0036346810938458849 -0.0044978543660083225 -0.01772258469559464 0.0027198097269081943 -0.040221684484240301 0.021050952473891528 0.0080444917128025782 -0.018487457064003059 0.0036346810938458849 0.010069357007355706 0.010069357007355706 0.039057963035003473 0.0039564997912683482
leaf_weight=2169.7636638581753 28.186470568180084 48098.374552641064 932.62574481964111 44940.016962934285 28269.011326208711 27286.717821501195 2081.4368559122086 39046.726382933557 17428.2578516379 7856.2216648086905 13379.086741618812 13206.147575154901 111.01803416013718 2497.6137364059687 30844.665268152952 49.410772144794464 191.11036631464958 1981.7365102693439 7538.2412280030549 122.12966732680798 12223.700325902551 72.102914683520794 1254.5018170848489 5755.5044363662601 138.48838722705841 2646.4457517564297 1145.5775680020452 994.46503407508135 76.760337755084038 2327.571856148541
leaf_count=2677 88 97544 1383 112957 45932 54186 2969 76137 47754 14114 44509 38260 290 6876 98753 221 721 4363 26641 205 30361 212 1601 9062 341 5993 1765 1081 58 5197
internal_value=0.00202602 0.00184041 0.0014424 0.00138174 0.000606381 0.00469596 -0.00051101 0.00264098 0.00267448 0.00895808 0.00121674 -0.000763542 -0.00198812 -0.00925185 -0.00157429 -0.0480311 0.000339939 -0.00302193 -0.00556069 -0.0309473 0.000817223 0.00788968 0.0100699 0.0076816 0.00201836 -0.000478224 0.00415714 0.0080329 0.00324677 0.00210134
internal_weight=314694 305041 267728 266795 165125 37312.7 107204 101670 57921 10026 52425.8 104129 49355.3 2658.04 46697.3 160.429 54773.2 9833.22 7851.48 313.24 29652 9653.12 7038.19 5783.69 2614.92 33491.1 49244 3075.9 2542.82 2466.06
internal_count=732251 715692 644715 643332 423377 70977 299330 219955 124047 16791 120646 295280 150393 7387 143006 511 144887 31930 27567 926 78115 16559 10751 9150 5808 104746 99309 4050 5596 5538
is_linear=0
shrinkage=0.05


Tree=81
num_leaves=31
num_cat=0
split_feature=6 7 7 10 8 3 3 9 9 1 8 9 3 5 5 5 3 5 8 9 5 9 9 8 3 0 3 9 11 3
split_gain=172.303 144.746 112.543 95.7093 94.0844 76.6639 72.9118 70.1645 506.563 101.15 81.2483 66.5799 74.275 73.3027 71.6969 64.8423 82.7963 62.1522 59.5072 49.9534 59.0557 48.4503 192.885 126.945 86.3865 75.8487 50.5845 72.2373 53.3223 47.0899
threshold=13897643.000000002 7714069.5000000009 3211691.0000000005 21.774999618530277 0.92071518301963817 1.0000000180025095e-35 0.069241665303707137 1.0000000180025095e-35 11.500000000000002 7.5000000000000009 0.82013070583343517 23.500000000000004 0.044101111590862281 10052930.500000002 5320895.5000000009 1289243.5000000002 0.16053205728530887 16151869.500000002 0.28581193089485174 43.500000000000007 5320895.5000000009 102.50000000000001 98.500000000000014 0.48989796638488775 0.13939309120178225 0.019704911857843403 0.037614908069372184 22.500000000000004 0.16314934939146045 0.24904768168926242
decision_type=2 10 8 2 10 10 10 2 2 2 10 2 8 2 2 2 10 2 10 2 2 2 2 8 8 2 10 2 2 8
left_child=1 2 11 7 15 19 -3 10 29 -10 -4 -1 14 18 -13 16 -2 21 -14 -5 -21 22 26 -24 -23 -25 -17 -28 -29 -9
right_child=4 6 3 5 -6 -7 -8 8 9 -11 -12 12 13 -15 -16 17 -18 -19 -20 20 -22 24 23 25 -26 -27 27 28 -30 -31
leaf_value=0.0032281309030867331 -0.045226403189126442 0.0071830088577883346 0.0010175478060483114 -0.0019332965523189247 0.029576526293757635 0.00081352862118815267 0.021842949552285454 0.01645947131227278 0.010083599525500954 0.0021267973054668429 0.0087738709563828527 -0.082436356424645099 0.0094014169695656544 0.0020488570997839093 -0.0090914626233291659 -0.0021709605312673513 0.012978946377932919 -0.07613569931916897 0.020983619887250053 -0.0026776554713462517 -0.01728085503422434 -0.076111119327992985 -0.089732641655518863 -0.0499965787781326 0.014163085673049639 0.014163085673049639 0.0076820110448067875 -0.00038401770985853036 0.0097307577542567331 0.030440910520224858
leaf_weight=16447.573470965028 178.61969147995114 6110.7534492909908 41974.832315340638 9439.2759635299444 246.81616242229939 43498.25164423883 983.85913173109293 1006.2614802494645 4123.0329774469137 126117.38171886653 3626.5512971282005 40.123025938868523 4975.4229837805033 2610.6069408208132 100.28423537313938 31720.928991572931 91.209960252046585 25.588307254016399 1428.4594969376922 1470.3801435530186 1307.8160995915532 25.162674743682146 98.836525391787291 38.007395714521408 718.7769091501832 63.317788764834404 3480.1914542093873 9605.3146966844797 1305.9942187666893 1533.2393530458212
leaf_count=28618 990 9744 90996 28184 303 143522 1233 1307 5295 258395 5585 144 8396 4758 215 95556 208 125 1927 4419 5968 128 436 208 1794 119 7138 24257 1860 1477
internal_value=0.00168191 0.00217632 0.00198378 0.00163953 -0.00108927 -0.00016945 0.00922159 0.00220455 0.00281029 0.00237884 0.00101755 0.00513106 0.0085484 0.00911263 -0.0272956 -0.00125035 -0.0256006 -0.00110972 0.0119907 -0.00366874 -0.00955949 -0.00106569 -0.00126925 -0.050002 0.0115759 -0.0102605 -0.00105555 0.00140293 -0.000384018 0.0249182
internal_weight=314393 266794 259699 234097 47598.8 55715.7 7094.61 178381 132780 130240 45601.4 25602.5 9154.9 9014.49 140.407 47351.9 269.83 47082.1 6403.88 12217.5 2778.2 47056.5 46312.6 200.162 743.94 101.325 46112.4 14391.5 10911.3 2539.5
internal_count=733305 600183 589206 545148 133122 182093 10977 363055 266474 263690 96581 44058 15440 15081 359 132819 1198 131621 10323 38571 10387 131496 129574 763 1922 327 128811 33255 26117 2784
is_linear=0
shrinkage=0.05


Tree=82
num_leaves=31
num_cat=0
split_feature=9 9 8 9 9 4 1 9 3 4 9 1 8 9 9 0 4 7 3 8 7 8 5 7 9 6 4 5 12 9
split_gain=129.865 907.728 131.054 111.323 510.207 140.623 103.694 134.858 102.161 99.9639 87.5439 83.4886 77.444 81.985 113.509 70.1628 64.0197 57.8677 102.787 192.91 53.655 53.0932 64.7109 62.0992 50.6564 49.0234 48.2725 47.5561 57.6984 73.395
threshold=1.0000000180025095e-35 11.500000000000002 0.82505142688751232 12.500000000000002 21.500000000000004 7420.0000000000009 12.500000000000002 58.500000000000007 0.013957562390714886 197024.50000000003 23.500000000000004 9.5000000000000018 0.86544084548950206 33.500000000000007 24.500000000000004 0.041494490578770644 8612.2001953125018 1.0000000180025095e-35 0.0090917046181857603 0.29989059269428259 7714069.5000000009 0.44452822208404547 13439690.500000002 3211691.0000000005 178.50000000000003 1885909.0000000002 63024.000000000007 5320895.5000000009 -0.044947260990738862 68.500000000000014
decision_type=2 2 10 2 2 8 2 2 8 10 2 2 8 2 2 2 10 10 10 8 10 10 2 8 2 2 8 2 2 2
left_child=2 16 9 5 -5 -3 7 10 -7 20 -6 -10 -12 14 15 25 -2 24 19 -19 21 22 23 -1 27 -14 -9 -8 29 -29
right_child=1 3 -4 4 6 8 17 26 11 -11 12 -13 13 -15 -16 -17 -18 18 -20 -21 -22 -23 -24 -25 -26 -27 -28 28 -30 -31
leaf_value=0.00024782203997397446 0.031856398538858986 0.019674379906596207 0.009144301871025157 0.022849122893454501 0.0030597012195752223 -0.028119066311705278 0.0023166372853231708 0.022683624511288032 0.0073430180824244689 -0.076341747683863689 0.004424087695560644 -0.0022541443083901611 0.018398700648647338 0.0074777276353776602 0.03863914426051672 0.027909859117001876 0.017937722167114502 -0.055793518726744575 0.0030597012195752223 0.00075950799631681754 0.0042762807158085872 0.0021521432719380979 0.00024782203997397446 -0.0039403765662735027 -0.0590735524548643 0.0074777276353776602 0.0065628568091600547 -0.0029111926097652621 0.00061245889476822931 -0.024777460003246324
leaf_weight=6480.7168914377689 2417.9761006161571 794.73585169017315 3659.9866570979357 3022.9955777898431 11735.454003706574 357.65227457880974 38251.619651649147 1316.7770390734076 2520.8445862233639 41.522280886769295 19187.92508803308 22270.117702513933 455.17567703127861 3566.1932748705149 485.59671300649643 602.81001882255077 1269.8958200216293 149.3356097266078 30465.441228665411 42118.550695743412 3504.9914912134409 11381.656450629234 12447.303215026855 27714.771920785308 33.203836895525455 2007.4199829101562 720.07093572616577 6636.6677806377411 58690.819724813104 405.38455359637737
leaf_count=11814 2323 993 5577 3905 18814 894 92708 1436 3555 190 30900 44863 581 5566 400 670 1583 814 62871 118384 5642 22066 22417 69602 133 3609 1047 13599 184742 973
internal_value=0.00194113 0.00246048 -4.52057e-05 0.00209094 0.00245647 -0.00100662 0.00217195 0.00446815 -0.00166168 -0.00059174 0.00379647 -0.00127775 0.00607717 0.0105314 0.0162186 0.012644 0.0270759 0.00165125 0.00273315 0.000557071 -0.000538142 -0.000909375 -0.0016565 -0.00286298 0.000894703 0.00888754 0.0169966 0.000914987 9.92859e-05 -0.00417663
internal_weight=314714 249483 65230.9 245795 219851 25943.4 216828 40077.4 25148.6 61571 38040.6 24791 26305.1 7117.2 3551 3065.41 3687.87 176751 72733.3 42267.9 61529.4 58024.4 46642.8 34195.5 104018 2462.6 2036.85 103984 65732.9 7042.05
internal_count=732671 595363 137308 591457 541152 50305 537247 63023 49312 131731 60540 48418 41726 10826 5260 4860 3906 474224 182069 119198 131541 125899 103833 81416 292155 4190 2483 292022 199314 14572
is_linear=0
shrinkage=0.05


Tree=83
num_leaves=31
num_cat=0
split_feature=4 5 5 5 5 1 9 9 4 11 10 9 3 10 3 8 8 12 0 11 12 10 9 9 4 9 12 8 9 9
split_gain=158.873 110.747 123.739 147.807 176.553 96.1661 98.4915 201.191 90.5031 120.579 101.201 82.4008 145.355 86.4612 79.9317 100.477 77.9105 77.5421 76.9953 114.391 72.6625 71.2855 64.8314 62.4414 78.291 77.6069 60.3662 115.598 74.2548 74.1297
threshold=2149.9001464843755 1289243.5000000002 5320895.5000000009 13439690.500000002 10052930.500000002 21.500000000000004 12.500000000000002 21.500000000000004 inf -0.049416434019803994 11.949999809265138 47.500000000000007 0.078340969979763045 18.774999618530277 0.017895999364554886 0.29989059269428259 0.83346664905548107 0.2137585058808327 0.014319890644401314 -0.012615652289241551 -0.0076178452000021926 5.5357143878936776 57.500000000000007 23.500000000000004 64010.000000000007 21.500000000000004 -0.05368408374488353 0.14902948588132861 33.500000000000007 21.500000000000004
decision_type=8 2 2 2 2 2 2 2 8 2 2 2 10 2 8 10 10 2 2 2 2 2 2 2 8 2 2 10 2 2
left_child=-1 11 5 4 8 6 16 -8 10 -10 -4 17 -13 -14 15 -7 -3 23 19 -5 -9 -20 -23 24 -2 -26 27 28 -6 -28
right_child=1 2 3 18 26 14 7 20 9 -11 -12 12 13 -15 -16 -17 -18 -19 21 -21 -22 22 -24 -25 25 -27 29 -29 -30 -31
leaf_value=0.032964481546707676 -0.0026747140365360623 0.0030224723357425366 0.0057998906441533498 -0.091568807258290308 -0.038545047474818572 -0.032918518044091953 0.017307104711061165 0.0030224723357425366 -0.016051847993657036 -0.00041742963955320589 0.00094163595466557079 -0.077337569716368584 0.017307104711061165 -0.030414194204605144 0.0018377868659779284 -0.0053977397930163248 0.015331516274123656 0.017307104711061165 0.013622680913052042 0.0017447156683946003 0.0082561565664641314 0.0035120883270360493 0.0089255955098488052 -0.036982869591275939 -0.074558918173294284 -0.021414846226496614 -0.0045991099537194954 -0.005591218919738173 -0.014358821647993979 -0.00035510975653624309
leaf_weight=403.56336798518896 428.67349645495415 33135.364633753896 16050.120269484818 30.862591736018658 456.98732742667198 396.70559670776129 1346.0507562384009 10384.240103721619 1320.398347876966 18292.934467934072 32268.012212719768 44.041510064154863 326.90908440202475 69.371121115982533 62988.202356141061 570.24043169617653 1306.7854979708791 97.926282815635204 2287.1203149184585 56901.678898908198 12125.66360911727 12900.409245014191 4283.5114310979843 438.83354654163122 89.200181439518929 87.168190106749535 17562.128770679235 2293.7940341681242 613.53877536952496 24842.482416182756
leaf_count=443 1176 58156 26400 131 1219 1685 1492 16114 3263 50646 90115 286 705 464 156921 1726 1628 106 2734 128639 17247 21459 7360 1946 351 426 51648 4308 1395 82705
internal_value=0.00169014 0.00164973 0.0017166 0.000918524 -0.000224352 0.00295756 0.00442634 0.00691315 0.00139288 -0.00147149 0.0025556 -0.0115373 0.00681527 0.0165092 0.00161861 -0.0126333 0.00302247 -0.0186143 0.00261926 0.00169092 0.00560825 0.00533326 0.00422851 -0.0226565 -0.0121781 -0.040155 -0.00262465 -0.00906952 -0.0231264 -0.00211292
internal_weight=314343 313939 312357 190104 113700 122253 58298.1 23856 67931.5 19613.3 48318.1 1582.12 440.322 396.28 63955.1 966.946 34442.2 1141.8 76403.6 56932.5 22509.9 19471 17183.9 1043.88 605.042 176.368 45768.9 3364.32 1070.53 42404.6
internal_count=732894 732451 726991 472022 311699 254969 94637 34853 170424 53909 116515 5460 1455 1169 160332 3411 59784 4005 160323 128770 33361 31553 28819 3899 1953 777 141275 6922 2614 134353
is_linear=0
shrinkage=0.05


Tree=84
num_leaves=31
num_cat=0
split_feature=9 5 16 8 5 5 16 15 16 7 8 3 7 8 10 10 9 3 7 10 9 9 9 1 9 8 3 9 9 3
split_gain=100.583 95.6763 140.537 102.413 96.1347 118.003 110.704 99.1735 90.4532 89.9047 89.2717 83.9125 110.135 94.0341 86.7469 66.8327 77.5042 66.5742 65.9794 65.3186 63.7981 56.5977 50.7275 115.494 49.0887 54.0837 49.0348 68.5104 89.5033 47.1718
threshold=170.50000000000003 5320895.5000000009 6.5000000000000009 0.96026313304901134 13439690.500000002 10052930.500000002 6.5000000000000009 1.0000000180025095e-35 6.5000000000000009 1.0000000180025095e-35 0.2942016869783402 0.013957562390714886 1.0000000180025095e-35 0.44452822208404547 11.949999809265138 10.354166507720949 1.0000000180025095e-35 0.0058937692083418378 3211691.0000000005 11.683333396911623 191.50000000000003 21.500000000000004 65.500000000000014 21.500000000000004 125.50000000000001 0.4167881458997727 0.17979500442743304 68.500000000000014 87.500000000000014 0.013957562390714886
decision_type=2 2 2 10 2 2 2 2 2 10 10 10 10 8 2 2 2 8 8 2 2 2 2 2 2 10 8 2 2 10
left_child=1 2 11 4 5 6 7 18 15 26 -11 13 19 -1 -15 16 -6 -17 -3 -13 -2 29 -20 -24 -23 -26 27 -7 -29 -9
right_child=20 3 -4 -5 8 9 -8 21 -10 10 -12 12 -14 14 -16 17 -18 -19 22 -21 -22 24 23 -25 25 -27 -28 28 -30 -31
leaf_value=-0.0047821726712676043 0.051297750283415072 0.0020586043225678946 0.016185712078046421 0.023035118421767448 0.0023679768529029825 -0.0031568497285861608 0.011885508292485938 0.0017039801134458195 0.011885508292485938 -0.034323613359035381 0.010932448087490559 0.0068961671312963643 0.0069205808902446098 0.0022676271762327345 -0.00075756273626513635 -0.023816788133399144 0.0068664345450714318 0.00091678603348906975 -0.0035678981155354145 0.0022676271762327345 -0.0068152316629342168 0.0012584414473883676 0.0063686770326571371 -0.028440285527476506 -0.047930779801707971 0.0060135982471579584 -0.00012877200632090472 -0.065910850757153958 -0.004633778283301593 0.0063686770326571371
leaf_weight=6338.7679196055979 161.92240887880325 5925.7852994650602 1868.1558328196406 514.29686174541712 16576.810008913279 24075.451744847 1253.9248809069395 6018.9632143825293 1717.5890755206347 403.17350859194994 147.95275320112705 7630.2723556011915 17979.644943654537 24187.544476978481 25551.964554402977 271.58638170361519 8355.1958791688085 48974.322700660676 11666.183552697301 40370.511950936168 65.737911857664585 37069.319354701787 140.39886786043644 565.08021418750286 104.07653935998678 81.964550159871578 21016.656847439706 98.687471807003021 146.81186706572771 4623.2919285669923
leaf_count=13343 211 13406 3191 713 29065 71664 2533 11979 3201 1600 287 10455 32400 39980 65514 1221 11238 115323 34734 95686 178 95817 170 2705 408 196 66754 440 556 7695
internal_value=0.00152653 0.00150231 0.00258283 0.000796581 0.000735898 -0.000186321 0.00114441 0.000851846 0.00211305 -0.00214224 -0.0221788 0.00237437 0.00358296 0.00095229 0.00168325 0.00184736 0.00395653 0.000779421 -0.00227923 0.00233256 0.0346042 0.002048 -0.00435697 -0.0173585 0.00112924 -0.0243532 -0.00189771 -0.00342618 -0.0295999 0.00526347
internal_weight=313902 313674 123927 189748 189233 113338 67449 66195.1 75895.5 45888.7 551.126 122059 65980.4 56078.3 49739.5 74177.9 24932 49245.9 18297.4 48000.8 227.66 47897.6 12371.7 705.479 37255.4 186.041 45337.6 24321 245.499 10642.3
internal_count=732663 732274 260569 471705 470992 310944 169643 167110 160048 141301 1887 257378 138541 118837 105494 156847 40303 116544 51015 106141 389 116095 37609 2875 96421 604 139414 72660 996 19674
is_linear=0
shrinkage=0.05


Tree=85
num_leaves=31
num_cat=0
split_feature=7 5 9 11 9 8 9 9 9 3 3 5 5 8 9 7 4 6 11 8 8 3 1 4 8 2 1 3 5 8
split_gain=99.468 92.2149 139.478 170.281 162.664 127.714 125.954 199.678 141.537 145.022 134.021 120.903 122.057 107.687 96.9458 85.9583 82.7244 80.6158 97.4203 80.3761 80.1674 78.7854 70.3372 69.5861 62.6918 59.5368 59.2302 58.5506 119.446 57.9991
threshold=7714069.5000000009 5320895.5000000009 57.500000000000007 0.33731061220169073 55.500000000000007 0.96026313304901134 44.500000000000007 43.500000000000007 34.500000000000007 0.052702000364661224 0.0025190354790538554 15089427.500000002 10052930.500000002 0.31196330487728124 64.500000000000014 3211691.0000000005 2608.400024414063 13897643.000000002 -0.024951900355517861 0.25721864402294164 0.91771242022514354 0.0090917046181857603 12.500000000000002 198800.00000000003 0.65732145309448253 22.028499603271488 13.500000000000002 0.1360404118895531 15089427.500000002 0.58010751008987438
decision_type=10 2 2 2 2 10 2 2 2 8 10 2 2 8 2 10 8 2 2 10 10 8 2 10 10 2 2 8 2 10
left_child=1 20 4 14 5 6 7 8 11 -10 -9 12 17 15 27 26 -6 -3 19 -19 23 -16 -23 25 -20 -1 -11 28 -4 -8
right_child=-2 2 3 -5 16 -7 29 10 9 13 -12 -13 -14 -15 21 -17 -18 18 24 -21 -22 22 -24 -25 -26 -27 -28 -29 -30 -31
leaf_value=0.0021028415074040188 0.0066315161804820352 0.0025559593510875852 0.0020823487825223108 0.023934495377997338 0.079086628800758285 0.026992662901069345 0.0049069599704796634 -0.012167411488107486 -0.077764324506887694 0.0058292407153364891 -0.0023040458521263636 0.0026894864754015237 -0.0026534280999918804 0.013738279201549772 -0.050827015822993094 -0.032574355990711228 -0.0071303317371865238 -0.035824656087652618 -0.0026682462680027714 -0.011490958333821214 0.016441658875352119 0.013641520857317692 0.0019230503391519636 -0.023454282586897184 0.013738279201549772 0.0059557439949713669 -0.026119122149575281 0.013641520857317692 -0.06641633224823397 0.013738279201549772
leaf_weight=107404.41656555235 9531.6237590536475 30437.02624868229 203.79631243646145 1046.3018870800734 25.934089884161949 453.72412573546171 5982.0420100316405 4321.238731008023 43.053324788808823 768.46998749673367 16941.245218519121 45590.352858111262 36348.34490519017 2046.150782585144 67.484839733690023 177.05058811604977 7805.9900072962046 450.08655120432377 6716.4458207823336 206.4441549628973 1024.2072156444192 811.64746075868607 20980.608186595142 257.58325632289052 446.7462532222271 11057.848522216082 145.7621378749609 1974.268600858748 69.483117997646332 1089.7522762715816
leaf_count=234900 16531 67411 396 1068 18 595 12346 15826 157 1264 50582 89778 108137 3080 425 430 21764 1424 21163 349 1497 982 59132 888 814 15977 394 3427 226 1827
internal_value=0.0016023 0.00144503 0.000745721 0.00420669 0.000201563 0.000563293 0.000483896 0.00016529 0.000936539 0.0113441 -0.00430956 0.000660961 -0.000578687 0.0126156 0.00334855 -0.0020798 -0.00682472 0.00139259 -0.00313512 -0.0215391 0.00252628 0.0023312 0.00250047 0.00240596 -0.00144279 0.00246258 0.00411995 0.0132324 -0.00947682 0.00699841
internal_weight=314425 304894 185149 25153.6 159996 152164 151710 144638 123376 3180.49 21262.5 120195 74605.1 3137.43 24107.3 1091.28 7831.92 38256.7 7819.72 656.531 119744 21859.7 21792.3 118720 7163.19 118462 914.232 2247.55 273.279 7071.79
internal_count=732808 716277 463015 65656 397359 375577 374982 360809 294401 5325 66408 289076 199298 5168 64588 2088 21782 91161 23750 1773 253262 60539 60114 251765 21977 250877 1658 4049 622 14173
is_linear=0
shrinkage=0.05


Tree=86
num_leaves=31
num_cat=0
split_feature=7 4 6 10 5 4 11 12 2 3 4 5 2 10 8 4 4 8 11 2 5 12 7 12 7 3 5 1 5 12
split_gain=92.4069 152.071 122.016 76.5441 71.8058 225.049 116.69 119.67 88.0186 80.4045 105.7 60.0015 50.9701 49.7814 49.5595 47.4247 45.7966 39.643 36.3768 37.5693 71.6199 35.3802 35.025 98.8802 52.7536 32.0682 31.0595 30.6276 27.8204 27.5255
threshold=1.0000000180025095e-35 198800.00000000003 8681399.0000000019 8.354166507720949 10052930.500000002 2608.400024414063 0.073747340589761748 -0.17248234897851941 167.82727050781253 0.0025190354790538554 160500.00000000003 12130922.500000002 6.8227274417877206 11.949999809265138 0.45463122427463537 59020.000000000007 39610.000000000007 0.91436517238616954 -0.051346169784665101 41.253030776977546 5320895.5000000009 -0.043046252802014344 3211691.0000000005 -0.10753119364380835 7714069.5000000009 0.7300499975681306 12130922.500000002 9.5000000000000018 5320895.5000000009 -0.025937951169908043
decision_type=10 8 2 2 2 10 2 2 2 10 10 2 2 2 10 10 10 10 2 2 2 2 10 2 10 10 2 2 2 2
left_child=4 2 3 25 5 17 7 8 -7 10 11 21 22 16 28 -8 -9 27 19 20 -15 -6 -3 -24 -25 -2 -12 -1 -5 -11
right_child=1 12 -4 14 9 6 15 13 -10 29 26 -13 -14 18 -16 -17 -18 -19 -20 -21 -22 -23 23 24 -26 -27 -28 -29 -30 -31
leaf_value=0.021798245875405305 0.011492295821862168 0.0019583825423696742 0.0030544093139572314 0.0065529768092321156 -0.015397413541894679 -0.10207587498465298 0.0075371298215732643 0.0030067666427006515 -0.026881026045393275 -0.00098609711117269671 -0.032125120864506626 -0.00098609711117269671 0.0030544093139572314 -0.0099234877606336185 0.0089019570364205127 0.0030067666427006515 0.001232263702188492 0.032571373003247299 -5.9201705654853452e-06 -0.0043720272279676826 -0.026881026045393275 -0.0040800369921642167 -0.014237027320023219 -0.00032751485446738736 0.0019583825423696742 0.03499717477613893 -0.091803242181651826 0.010012947768355837 0.0030544093139572314 0.0012846986678622385
leaf_weight=728.62623610347509 5548.0373163446784 25526.931961335242 16699.521679984406 7482.9243663027883 721.85107684135437 50.417357236146927 9956.4654992222786 11693.378407262266 46.918309085071087 11357.932157181203 34.592367544770241 8578.1731808036566 6227.6184516400099 600.11035995185375 7712.597561776638 3764.5465925484896 9264.3589831590652 278.45493952184916 55446.764175385237 268.18010221421719 348.58337447047234 15175.91496514529 1166.4286720454693 49943.12636038661 7254.2084045931697 147.56603039801121 38.989465538412333 2283.9273932427168 9831.0526384413242 45763.645737864077
leaf_count=957 7472 51914 37602 12789 1877 182 14649 18930 70 22667 141 16200 8786 1137 13168 6223 17523 307 151262 422 1044 51838 2287 129242 13002 111 172 4726 19160 127112
internal_value=0.00154005 0.00251153 0.00480338 0.006882 0.000782578 0.00171923 0.00125673 0.000506173 -0.0543384 -0.00030387 -0.00269682 -0.0025143 0.00130544 0.000576345 0.00569056 0.00550736 0.00265828 0.0145612 -0.00019375 -0.00873813 -0.0154749 -0.00459578 0.000862356 0.000161988 0.000456115 0.0121133 -0.0617359 0.012876 0.004204 0.000724621
internal_weight=313942 137540 47421.7 30722.2 176402 94730.7 91439.7 77718.7 97.3357 81671.1 24549.5 24475.9 90118.3 77621.4 25026.6 13721 20957.7 3291.01 56663.6 1216.87 948.694 15897.8 83890.7 58363.8 57197.3 5695.6 73.5818 3012.55 17314 57121.6
internal_count=732972 295533 90302 52700 437439 217432 211442 190570 252 220007 70228 69915 205231 190318 45117 20872 36453 5990 153865 2603 2181 53715 196445 144531 142244 7583 313 5683 31949 149779
is_linear=0
shrinkage=0.05


Tree=87
num_leaves=31
num_cat=0
split_feature=7 4 10 4 9 9 9 10 9 4 9 6 7 9 9 3 6 10 9 9 9 3 9 9 10 6 3 10 12 3
split_gain=126.557 173.222 137.352 113.553 88.0073 86.022 85.65 124.932 70.0686 66.8292 69.4799 66.0236 63.1669 57.9481 53.5653 43.7373 42.8762 41.6774 72.135 41.2554 40.0967 66.2233 39.8171 39.5576 49.4866 36.721 36.0467 38.8166 34.4419 30.4958
threshold=1.0000000180025095e-35 inf 9.3452377319335955 39610.000000000007 42.500000000000007 34.500000000000007 1.0000000180025095e-35 20.816666603088382 14.500000000000002 8010.0000000000009 21.500000000000004 8681399.0000000019 7714069.5000000009 83.500000000000014 1.0000000180025095e-35 0.013957562390714886 3910147.0000000005 16.267857551574711 65.500000000000014 99.500000000000014 20.500000000000004 0.075064375996589675 2.5000000000000004 67.500000000000014 9.2750000953674334 3910147.0000000005 0.44283500313758856 6.41428565979004 -0.062205387279391282 0.18441750109195712
decision_type=10 8 2 10 2 2 2 2 2 8 2 2 10 2 2 10 2 2 2 2 2 10 2 2 2 2 10 2 2 10
left_child=3 2 20 4 5 9 12 -8 -5 10 22 -4 -3 -9 -11 23 17 -17 -19 -20 21 -2 -1 28 -25 -7 -22 -28 -10 -18
right_child=1 6 11 8 -6 25 7 13 15 14 -12 -13 -14 -15 -16 16 29 18 19 -21 26 -23 -24 24 -26 -27 27 -29 -30 -31
leaf_value=0.0086966585850590129 0.010614004652925833 -0.0022004989864030195 0.0056251598399590878 -0.0038776059573015532 0.00031316881850937042 0.01191440815764209 0.0029492227783214711 -0.00077435230088075918 -0.060541626264804228 0.00031316881850937042 0.004458803920701449 0.0029492227783214711 0.0029492227783214711 -0.029326743484176711 0.0030100175888427682 0.00031316881850937042 -0.0055036073744993272 -0.00054982575562149733 -0.0055036073744993272 -0.00054982575562149733 0.0067428023252386581 0.026192132038051399 0.019539841814197694 -0.0055036073744993272 -0.071813134184876073 0.035541365743074579 0.033093538762487176 0.013075493798638697 -0.0061869316262141445 0.00031316881850937042
leaf_weight=3205.2731438279152 4995.1996192336082 24152.156946197152 24306.307042229921 16544.266801193357 25621.920564148575 1075.2981701791286 39244.921845428646 22649.293738894165 28.217534840106964 19872.633217796683 2592.8143588751554 13406.701126571745 3374.241192817688 177.1103716082871 37285.210908725858 28648.193702936172 2624.2019096538424 26154.399023573846 7524.8862249590456 1523.7388177141547 3572.9727938473225 789.86985305696726 1152.4853084608912 12.157078534364699 53.647997368127108 193.28620806336403 297.87866653501987 268.27209093421698 854.80560588091612 1358.5239882469177
leaf_count=4997 7566 48619 44182 36758 68545 1648 75215 73769 91 48223 5591 32492 5403 1072 87566 51022 8207 84627 27250 4795 5058 790 1400 3 331 271 230 384 3401 3609
internal_value=0.00124021 0.00237881 0.00481496 0.000354008 0.00158266 0.00268139 0.00108348 0.00211294 -0.000956326 0.00242598 0.00705472 0.00343736 -0.00123789 -0.000998441 0.00186288 -0.00025358 -0.000104306 0.000209712 -0.00141282 -0.00532711 0.0100482 0.0127493 0.011572 -0.0109029 -0.0477306 0.0155646 0.0067428 0.0194082 -0.00805676 -0.00513623
internal_weight=313561 137235 47637.2 176326 90998.9 65377 89597.7 62071.3 85327 64108.4 6950.57 37713 27526.4 22826.4 57157.8 68782.8 67833.9 63851.2 35203 9048.63 9924.19 5785.07 4357.76 948.828 65.8051 1268.58 4139.12 566.151 883.023 3982.73
internal_count=733115 294780 90702 438335 218241 149696 204078 150056 220094 147777 11988 76674 54022 74841 135789 183336 179510 167694 116672 32045 14028 8356 6397 3826 334 1919 5672 614 3492 11816
is_linear=0
shrinkage=0.05


Tree=88
num_leaves=31
num_cat=0
split_feature=9 9 4 16 9 9 5 9 8 12 11 1 4 9 1 9 8 6 3 9 5 11 4 0 4 5 3 6 8 5
split_gain=96.6804 804.818 109.29 104.979 106.57 114.745 105.808 104.945 94.3658 81.2846 90.3523 76.7463 73.1319 73.8294 70.8279 72.3253 60.9238 43.4301 52.3146 41.6109 43.2786 37.704 35.7201 32.3692 31.9896 33.3219 29.6385 144.034 28.1236 27.5497
threshold=1.0000000180025095e-35 11.500000000000002 197024.50000000003 6.5000000000000009 12.500000000000002 21.500000000000004 1289243.5000000002 69.500000000000014 0.82505142688751232 0.071252468973398222 -0.049675324931740754 10.500000000000002 85080.000000000015 59.500000000000007 21.500000000000004 43.500000000000007 0.94201448559761058 3910147.0000000005 0.0209591668099165 72.500000000000014 5320895.5000000009 -0.016569317318499085 7420.0000000000009 0.06042351387441159 32820.000000000007 10052930.500000002 0.0058937692083418378 1885909.0000000002 0.076942957937717452 13439690.500000002
decision_type=2 2 10 2 2 2 2 2 10 2 2 2 10 2 2 2 8 2 10 2 2 2 8 2 8 2 8 2 10 2
left_child=2 16 8 4 6 -6 -3 -5 24 10 12 -8 -7 17 -12 -16 -2 18 -14 -9 -21 -22 -13 -15 25 28 27 -24 -1 -26
right_child=1 3 -4 7 5 9 11 19 -10 -11 14 22 13 23 15 -17 -18 -19 -20 20 21 -23 26 -25 29 -27 -28 -29 -30 -31
leaf_value=0.00012001386710553119 0.017844834000575557 -0.056654030626462883 -0.074017951586089273 0.0056898005305714705 0.004272047912636895 -0.001886926210729743 0.004272047912636895 0.068337216622652408 0.007717033056818568 0.004272047912636895 0.0027102350120476737 0.00087857091230811562 -0.077677446995508714 -0.10134184807075011 0.0018185488404633577 -0.000136415309908316 0.030926673955028697 -0.010256857603621149 -0.020589368690280316 0.004272047912636895 0.004272047912636895 0.038674995054041351 -0.011707077026715536 -0.023705437735153476 -0.0020117719243010097 0.00012001386710553119 -0.0029278769697357763 -0.084978370868616288 0.0035410645477176165 0.00012001386710553119
leaf_weight=477.45536877214909 1587.5869356393814 85.337044253945351 48.145414620637894 7692.624108441174 2838.1441732794046 13412.690225563943 2495.8561509996653 58.246601969003677 3577.3480846583843 21649.515240646899 32905.082650922239 669.72616730630398 43.7246083766222 34.491875186562538 64586.582563526928 76704.264035215601 2059.075638063252 223.27634584903717 358.68835286796093 107.76363490521908 28.603458926081657 314.10711968690157 172.55374200642109 23.675255462527275 34774.853282883763 7009.0370093435049 21150.443400770426 68.613631069660187 6269.7059142142534 12824.85079151392
leaf_count=1088 1930 299 229 23314 3655 25015 3506 46 5506 32431 53515 868 153 145 182234 222372 2011 365 803 260 93 737 328 52 81510 15416 42056 255 10459 23075
internal_value=0.00148613 0.0019339 -0.000231537 0.00158762 0.00139547 0.00175597 -0.00171722 0.00714863 -0.00017455 0.00148228 0.00114842 -0.00152172 -0.00270154 -0.0186268 0.00146 0.000926863 0.0252444 -0.0134916 -0.0271458 0.0290996 0.0237465 0.0327642 -0.00251491 -0.0715806 -0.000634904 0.00148868 -0.00312773 -0.0204863 0.00354106 -0.00124865
internal_weight=314252 249271 64981.4 245624 237423 212780 24642.5 8201.34 64933.3 209942 188292 24557.2 14096.5 683.856 174196 141291 3646.66 625.689 402.413 508.721 450.474 342.711 22061.3 58.1671 61355.9 13756.2 21391.6 241.167 6747.16 47599.7
internal_count=733726 596443 137283 592502 568052 520740 47312 24450 137054 517085 484654 47013 26533 1518 458121 404606 3941 1321 956 1136 1090 830 43507 197 131548 26963 42639 583 11547 104585
is_linear=0
shrinkage=0.05


Tree=89
num_leaves=31
num_cat=0
split_feature=7 7 2 5 5 9 9 10 4 5 9 10 3 4 12 9 10 10 3 9 9 11 9 2 11 8 6 6 10 5
split_gain=94.3853 102.32 123.501 76.5937 68.9534 77.1051 189.893 111.27 96.8822 75.2381 68.2555 57.6217 61.1762 56.3072 55.3345 103.762 108.921 80.4506 79.6031 62.4842 60.1262 91.4333 61.871 55.6964 55.6205 55.0801 54.0258 61.7811 105.199 69.6097
threshold=7714069.5000000009 3211691.0000000005 13.640000343322756 1289243.5000000002 5320895.5000000009 33.500000000000007 24.500000000000004 7.5357143878936776 27005.600585937504 12130922.500000002 110.50000000000001 21.708333015441898 0.29996180534362799 70100.000000000015 -0.04111917503178119 77.500000000000014 12.949999809265138 17.94999980926514 0.056269008666276939 87.500000000000014 57.500000000000007 0.33731061220169073 60.500000000000007 4.5199182033538827 0.07330589741468431 0.74555131793022167 8681399.0000000019 13897643.000000002 17.267857551574711 15089427.500000002
decision_type=10 8 2 2 2 2 2 2 8 2 2 2 10 8 2 2 2 2 10 2 2 2 2 2 2 10 2 2 2 2
left_child=1 2 3 -1 5 6 8 -7 -3 14 26 12 -11 -13 15 17 -17 -6 -19 -18 -16 22 -22 -21 -20 -24 -5 28 29 -28
right_child=-2 4 -4 10 9 7 -8 -9 -10 11 -12 13 -14 -15 20 16 19 18 24 23 21 -23 25 -25 -26 -27 27 -29 -30 -31
leaf_value=-0.038190390945759517 0.0061061858584879917 0.0070416558644879395 0.01368089040278605 0.0042738946355940681 -0.0021452508665653 0.011624987689871854 0.026289563276758909 -0.00024989329612369626 0.0016030239939106381 0.0016982159693845859 -0.054965362321913985 0.00059286154554105957 0.0076759386596175205 -0.004960352721158634 -0.00089913651654421217 -0.0059103897661100307 -0.093218121038255247 -0.061361378331905504 -0.037152352332364434 -0.081745611443029262 0.011287557444981722 0.020788050424095667 -0.00017102439867738815 -0.028804605052268662 -0.012943326332823364 0.011287557444981722 0.0041425627690863664 0.00075318854271148362 -0.06791259955637706 -0.03691382320704064
leaf_weight=112.23385864496231 9483.6032919809222 10124.006045632064 2757.5264607071877 23172.726022869349 11203.209865786135 2059.6716826930642 860.91916897147894 45705.132432367653 42806.827939338982 42685.120810717344 49.0283248052001 10625.6946997419 4755.4030398875475 6143.4524321816862 75296.186688605696 303.75418989360332 63.530267924070358 105.29857397824526 81.413111612200737 50.167310208082199 1006.2095137834549 664.03990763425827 11048.473014328629 111.97463800013065 258.96284806728363 773.34005860984325 290.06997381150723 10502.131935421377 84.728611990809441 36.334263294935226
leaf_count=397 16434 16945 3424 40598 21799 2534 972 110946 88804 80143 193 30327 8634 20568 221300 561 261 455 319 217 1984 725 34835 271 606 1880 493 25432 321 124
internal_value=0.00119469 0.0010413 0.00350505 0.00268496 0.000699466 0.0017247 0.0030229 0.00026263 0.00264349 6.90997e-05 0.00282159 0.00140722 0.00229772 -0.00111199 -0.00078189 -0.00394216 -0.0255492 -0.00295593 -0.0237414 -0.0516988 -0.000348345 0.00272518 0.00178706 -0.0344932 -0.0129433 0.000749822 0.00290793 7.24672e-06 -0.0189588 -0.00591505
internal_weight=313221 303738 37004.8 34247.3 266733 101557 53791.8 47764.8 52930.8 165176 34135 64209.7 47440.5 16769.1 100967 12178.3 529.426 11648.9 445.675 225.672 88788.2 13492.1 12828 162.142 340.376 11821.8 34086 10913.3 411.133 326.404
internal_count=732502 716068 70982 67558 645086 220201 106721 113480 105749 424885 67161 139672 88777 50895 285213 24489 1310 23179 1380 749 260724 39424 38699 488 925 36715 66968 26370 938 617
is_linear=0
shrinkage=0.05


Tree=90
num_leaves=31
num_cat=0
split_feature=4 6 6 8 4 10 10 3 12 5 5 5 10 12 8 5 8 12 12 0 11 1 0 12 1 2 11 0 8 12
split_gain=78.2012 64.5987 112.429 375.127 185.044 164.852 67.086 94.8837 85.5025 55.6514 44.0565 71.9504 54.9551 36.9688 37.4367 36.3438 41.4722 30.5679 27.5942 51.4686 28.656 23.9008 23.7504 22.9849 67.8748 51.3354 21.068 41.1781 44.3254 18.6415
threshold=2149.9001464843755 13897643.000000002 1885909.0000000002 0.96026313304901134 inf 9.3452377319335955 15.354166507720949 0.14503416419029239 -0.11203766986727713 16151869.500000002 5320895.5000000009 13439690.500000002 18.038461685180668 -0.051857864484190934 0.5997946858406068 5320895.5000000009 0.54550504684448253 -0.10753119364380835 -0.013320707250386475 0.022305141203105453 -0.024951900355517861 21.500000000000004 0.034168742597103126 -0.079001326113939271 14.500000000000002 2.1980676651000981 -0.049416434019803994 0.041960094124078758 0.25721864402294164 0.4405935406684876
decision_type=8 2 2 8 8 2 2 10 2 2 2 2 2 2 10 2 10 2 2 2 2 2 2 2 2 2 2 2 8 2
left_child=-1 2 3 6 5 17 7 22 -8 26 12 23 -6 -9 -15 -7 -17 -4 19 -14 -21 -10 -2 24 -12 -26 27 -3 -29 -25
right_child=1 9 4 -5 10 15 8 13 21 -11 11 -13 18 14 -16 16 -18 -19 -20 20 -22 -23 -24 29 25 -27 -28 28 -30 -31
leaf_value=0.024287665795231603 1.3892617235466021e-05 -0.053146221658823357 0.0076567744697630018 0.012723319100655668 0.0032895970002792584 0.006329636159089394 -0.090466199583394497 0.0017319951255567959 1.3892617235466021e-05 -0.073716561734996994 -0.0066420612956178578 0.0019917679530334661 -0.084564258253448779 0.0031188734018062765 0.0064295198843287386 0.0032895970002792584 0.0076567744697630018 0.012723319100655668 -0.00035001522489052196 -0.046975081830424793 -0.0091618137886724533 -0.0013954344019840388 0.0017319951255567959 -0.0022791779807421731 -0.096968257234456637 -0.026790718710941158 -0.00022047783807798463 -0.020014163930485745 -0.0023714878535750932 0.0032895970002792584
leaf_weight=363.90191999822855 41609.155105724931 40.939257934689522 638.89463814347982 5844.36555968225 20543.025038979948 10488.757925659418 24.721255987882614 5315.4170660674572 1774.3413293808699 23.963959649205208 575.13092325627804 21004.057861834764 23.769967406988144 16030.994048729539 6767.9001079723239 15816.992760580033 4433.0481441840529 7921.0332751348615 8926.3955473601818 34.305391579866409 167.70552895963192 65422.658858664334 15001.006799317896 16559.679234027863 33.728183269500732 78.032320588827133 44666.915890941396 374.35011479258537 2622.2855549007654 239.51651272177696
leaf_count=455 85942 141 991 11786 33197 17880 104 9048 3200 119 1052 40433 97 28736 10356 35417 8713 11271 21971 107 337 206961 23625 47686 141 190 126243 842 5530 282
internal_value=0.00118599 0.00115897 0.00146365 0.000614083 0.00271082 0.00544343 0.000135721 0.00107153 -0.00104374 -0.000534438 0.00113576 1.93994e-05 0.00258267 0.0034501 0.00450575 0.00373406 0.0032896 0.0115795 -0.000788615 -0.0179736 -0.00938591 -0.00100815 1.38926e-05 -0.00234974 -0.0113017 -0.0469394 -0.000494586 -0.0045225 -0.00382321 -0.00198241
internal_weight=313367 313003 265275 157791 107484 39298.7 151946 84724.5 67221.7 47728.5 68185.3 38490.1 29695.2 28114.3 22798.9 30738.8 20250 8559.93 9152.18 225.781 202.011 67197 56610.2 17486.1 686.891 111.761 47704.5 3037.57 2996.64 16799.2
internal_count=732853 732398 599523 379758 219765 74272 367972 157707 210265 132875 145493 89784 55709 48140 39092 62010 44130 12262 22512 541 444 210161 109567 49351 1383 331 132756 6513 6372 47968
is_linear=0
shrinkage=0.05


Tree=91
num_leaves=31
num_cat=0
split_feature=7 3 9 6 12 9 7 9 3 1 9 9 3 9 8 9 8 6 10 6 9 8 9 9 9 9 10 2 10 12
split_gain=79.8583 87.8111 60.8956 60.811 103.553 72.3838 64.3492 77.9955 70.4779 62.2117 78.5971 464.902 98.4731 71.8325 74.1336 63.3362 60.8591 48.6437 47.8792 91.6953 66.2671 44.9263 44.5485 44.3728 129.533 40.4385 38.4153 37.2459 36.3843 84.3057
threshold=3211691.0000000005 0.22190125286579135 102.50000000000001 13897643.000000002 -0.14823232591152188 166.50000000000003 7714069.5000000009 73.500000000000014 0.069241665303707137 21.500000000000004 1.0000000180025095e-35 11.500000000000002 0.24904768168926242 22.500000000000004 0.81258332729339611 33.500000000000007 0.9333486557006837 8681399.0000000019 20.22500038146973 3910147.0000000005 80.500000000000014 0.27147588133811956 25.500000000000004 126.50000000000001 112.50000000000001 21.500000000000004 8.0500001907348651 15.464504241943361 14.267857074737551 -0.086166717112064348
decision_type=8 10 2 2 2 2 10 2 10 2 2 2 8 2 8 2 10 2 2 2 2 8 2 2 2 2 2 2 2 2
left_child=1 2 17 6 -5 23 9 8 21 10 -2 12 -12 16 26 22 -13 18 -1 -20 -21 -8 -16 24 -6 -18 -15 -4 -11 -30
right_child=3 -3 27 4 5 -7 7 -9 -10 28 11 13 -14 14 15 -17 25 -19 19 20 -22 -23 -24 -25 -26 -27 -28 -29 29 -31
leaf_value=0.0053348452944940771 0.0010736702671045098 0.012375427344643461 -0.076018301845717784 -0.032868393918337256 -0.00096423907138256347 0.044262427150362785 -0.025621356654263086 -0.057510292873373975 0.01935378407060669 0.0010736702671045098 0.011538065513583762 0.0010736702671045098 0.031720892831732364 0.0060163151041239798 0.013077460231825509 0.0060163151041239798 0.033907175464260142 5.5787508423188288e-05 -0.085635368978408843 0.00085302126371171829 -0.080758653642434231 0.0050412686914381713 0.033161881765479011 -0.016821973142222661 0.043163532864261028 0.011121304263798565 0.001781459960547718 0.0056023728141923312 -0.035327771448861699 -0.00013167187158541054
leaf_weight=18031.637978218496 45366.057605132461 2527.5472848787904 37.502302549779415 251.12543572485447 35579.628159306943 86.99216702580452 120.00445319712162 46.09031630307436 908.73798804730177 12052.101544439793 985.7403517216444 35407.412907719612 1573.8922397270799 5787.7919467017055 1587.9912745654583 3845.3015586584806 268.67017754167318 10928.680784229189 29.091319069266319 5395.4215376824141 22.988522186875343 5822.2565036639571 334.10858730971813 142.68807851150632 165.08353403955698 117.49562219530344 19079.798508949578 21.229048132896423 168.41186162829399 106897.0736646913
leaf_count=28313 96384 4023 190 578 104513 114 265 132 1160 20479 1337 63755 1435 7944 2405 5772 240 26125 119 12052 97 9437 302 506 325 196 32153 36 458 312874
internal_value=0.00120167 0.00338337 0.00272327 0.000909854 -0.000999831 -0.000775552 0.00119766 0.00595677 0.0064004 0.00105702 0.00189002 0.00306184 0.0239634 0.00225576 0.00405554 0.00916206 0.00107367 0.00281141 0.00409393 -1.40271e-05 0.0004771 0.00441362 0.0165995 -0.000887186 -0.000758036 0.0211689 0.00287057 -0.0473028 0.000257316 -0.000187694
internal_weight=313589 36994.1 34466.6 276594 36225.5 35974.4 240369 6897.09 6851 233472 114354 68988.2 2559.63 66428.6 30635 5767.4 35793.6 34407.8 23479.1 5447.5 5418.41 5942.26 1922.1 35887.4 35744.7 386.166 24867.6 58.7314 119118 107065
internal_count=733719 70955 66932 662764 106036 105458 556728 10994 10862 545734 211923 115539 2772 112767 48576 8479 64191 66706 40581 12268 12149 9702 2707 105344 104838 436 40097 226 333811 313332
is_linear=0
shrinkage=0.05


Tree=92
num_leaves=31
num_cat=0
split_feature=5 7 5 12 4 2 9 9 2 9 9 4 10 4 9 8 5 9 7 4 10 9 4 10 12 4 0 5 9 8
split_gain=86.0467 113.809 83.6406 69.3346 85.6389 70.786 65.3312 58.6235 57.521 55.8374 202.019 76.2771 74.086 50.2106 63.4164 135.233 48.9366 46.2899 76.6243 64.1292 45.4089 107.503 58.5607 45.0775 43.2415 41.1003 65.7648 43.6607 45.1127 40.4977
threshold=5320895.5000000009 7714069.5000000009 13439690.500000002 -0.10883838310837744 51040.000000000007 50.783397674560554 18.500000000000004 170.50000000000003 57.204545974731452 1.0000000180025095e-35 11.500000000000002 27670.000000000004 5.0625000000000009 58060.000000000007 89.500000000000014 0.27426196634769445 12130922.500000002 65.500000000000014 3211691.0000000005 76100.000000000015 16.267857551574711 104.50000000000001 144100.00000000003 17.038461685180668 -0.022943723015487191 168100.00000000003 0.0089687905274331587 15089427.500000002 69.500000000000014 0.82505142688751232
decision_type=2 10 2 2 8 2 2 2 2 2 2 8 2 8 2 8 2 2 10 8 2 2 10 2 2 10 2 2 2 10
left_child=13 2 3 4 -2 -6 -3 9 25 11 -11 16 -12 14 -1 -16 -5 -15 19 -19 -21 22 -22 -24 -14 -4 27 -27 -29 -26
right_child=1 6 8 7 5 -7 -8 -9 -10 10 12 -13 24 17 15 -17 -18 18 -20 20 21 -23 23 -25 29 26 -28 28 -30 -31
leaf_value=0.0030025600285618842 -0.0040188941278540913 0.0020696633460506211 0.0012396298363566089 0.0010801985108486467 -0.027950976923751127 -0.01064262685398832 0.013122671978781626 0.041939167964691985 0.0063301293559141813 0.023854665700088196 0.0078103989119185455 -0.0040188941278540913 -0.0028082734323396693 0.0016927516217029237 0.0022573564752130879 0.0261766677725149 0.020628497085908748 0.00021369677860034707 0.0022573564752130879 -0.0056219441099810384 -0.01116336735876769 -0.051723169288782733 -0.028720566887286782 -0.070025041890201686 -0.00013647760035338105 -0.075197550634277924 -0.0049401363685162465 -0.015181439775550249 -0.071596402273760254 0.0037087775145238536
leaf_weight=51734.538278495893 1995.9036126509309 2669.5687530711293 66587.832274286076 5917.2525578737259 805.48695404827595 667.52810336649418 2677.8445076718926 79.583615198731422 5736.1262872368097 886.59964142739773 2847.767207019031 17280.114165782928 15060.912016384304 62468.00298153609 381.27549840509892 912.06989782303572 336.48465614020824 2073.2543724030256 3039.2877059131861 1042.7346999868751 1367.4022418707609 192.05293487757444 31.317388594150543 86.708637319505215 62510.738727219403 38.440273329615593 225.65651597827673 376.20890560746193 37.211094379425049 2949.2539017572999
leaf_count=103335 3336 4466 145444 12644 1999 1148 4838 128 8064 1101 3979 50073 33699 133473 991 1551 471 5442 7826 1922 4508 840 75 476 192544 182 387 1190 185 6656
internal_value=0.00108659 0.000418129 0.000209494 -0.000652915 -0.0076087 -0.0172664 0.00760756 -0.000429089 0.00152477 -0.000461148 0.00014031 -0.0026143 -0.000112451 0.00211469 0.00327629 0.0142041 0.00213826 0.00123842 -0.00238446 -0.00641158 -0.0114576 -0.0167048 -0.0121138 -0.0462778 -0.000392844 0.00111481 -0.0111199 -0.0254227 -0.0204549 0.000162962
internal_weight=313015 189687 184339 111338 3468.92 1473.02 5347.41 107869 73001.5 107789 84255.3 23533.9 83368.7 123329 53027.9 1293.35 6253.74 70300.8 7832.76 4793.47 2720.22 1677.48 1485.43 118.026 80520.9 67265.3 677.517 451.86 413.42 65460
internal_count=732973 472534 463230 307778 6483 3147 9304 301295 155452 301167 237979 63188 236878 260439 105877 2542 13115 154562 21089 13263 7821 5899 5059 551 232899 147388 1944 1557 1375 199200
is_linear=0
shrinkage=0.05


Tree=93
num_leaves=31
num_cat=0
split_feature=7 3 9 6 12 7 9 12 9 3 9 9 11 5 9 9 10 10 6 9 10 9 11 9 9 11 15 6 11 5
split_gain=88.5628 69.1464 174.79 69.2689 66.731 55.0528 77.1717 71.2493 51.8581 44.0829 58.2948 43.0095 53.629 47.9865 40.5601 53.9087 39.9651 39.5137 35.2452 49.82 69.7202 29.9083 34.2384 29.8048 41.5237 64.1658 40.0111 37.4374 30.1234 29.1263
threshold=3211691.0000000005 0.013957562390714886 11.500000000000002 1237896.0000000002 0.36872987449169164 3211691.0000000005 33.500000000000007 0.26949855685234075 24.500000000000004 0.080046590417623534 104.50000000000001 33.500000000000007 -0.12690342962741849 1289243.5000000002 57.500000000000007 65.500000000000014 11.683333396911623 5.9166667461395273 8681399.0000000019 26.500000000000004 21.22500038146973 22.500000000000004 -0.0028176502091810103 66.500000000000014 65.500000000000014 -1.0000000180025095e-35 1.0000000180025095e-35 8681399.0000000019 0.38960760831832891 13439690.500000002
decision_type=8 10 2 2 2 10 2 2 2 10 2 2 2 2 2 2 2 2 2 2 2 2 2 2 2 2 2 2 2 2
left_child=4 11 -3 -4 9 17 8 14 21 10 18 -2 -13 -14 -8 -16 -11 -5 -1 -20 -21 22 -7 24 -15 -26 -25 -27 -29 -17
right_child=1 2 3 5 -6 6 7 -9 -10 16 -12 12 13 23 15 29 -18 -19 19 20 -22 -23 -24 26 25 27 -28 28 -30 -31
leaf_value=0.0036253800896443298 0.00035703520283188921 0.017742798901434268 0.048561199860145066 0.0052868729750563566 0.021183178351497911 0.00067242397800792346 0.00067242397800792346 0.023291373677387595 0.024350837589206285 0.012185574567788788 -0.058003725324457703 -0.062787480273142446 -0.03240911547544479 -0.0019576533912706068 0.012175024621407954 0.00086107340140493106 0.0048881552891509531 0.00067532574984335576 -0.0026218072239660075 0.0046549276469011972 -0.011662767436748342 0.00067242397800792346 0.0081352376197887551 0.00067242397800792346 -0.028330131470212655 0.00067242397800792346 -0.031645682730669082 -0.016586322451050583 0.00067242397800792346 0.0080581415206639577
leaf_weight=20634.261446721852 87449.669742159545 1634.3691425099969 75.563256651163101 4818.6140774935484 520.58459865301847 1061.8092751204967 13731.580656707287 364.43819585442543 393.2305319532752 1238.0364506617188 37.914590001106262 34.384118549525738 101.66638117097318 17381.003197364509 832.56852273643017 5273.1532791852951 5253.4254782795906 127622.30172370002 6337.5427663102746 2537.7886093407869 654.6521222628653 1424.0435672774911 8031.5265232622623 2351.2885120771825 376.92148545384407 853.51116930320859 125.64616795070469 352.7691638469696 48.920594871044159 1915.046475969255
leaf_count=36174 200794 1963 89 6698 540 1824 29108 364 457 1457 171 102 542 49962 1229 11873 9526 322547 15038 5489 2795 2470 14729 6365 1420 2609 557 2217 42 3771
internal_value=0.00115108 0.000842608 0.00148156 0.00132081 0.00344083 0.00129865 0.00312491 0.0014271 0.00656563 0.00318797 0.00238421 -0.000136715 -0.00213315 -0.00203075 0.00105868 0.00428403 0.00692564 0.000843186 0.00246396 -5.09773e-05 0.00465493 0.00589617 0.00697962 -0.00186587 -0.00267433 -0.0102948 0.000672424 -0.00484251 -0.0165863 0.00278019
internal_weight=313468 276254 167178 165544 37214.2 165468 33027.4 22116.8 10910.6 36693.6 30202.2 109076 21626.1 21591.7 21752.3 8020.77 6491.46 132441 30164.2 9529.98 3192.44 10517.4 9093.34 21490.1 19013.1 1632.12 2476.93 1255.2 401.69 7188.2
internal_count=732922 661732 397122 395159 71190 395070 65825 46345 19480 70650 59667 264610 63816 63714 45981 16873 10983 329245 59496 23322 8284 19023 16553 63172 56250 6288 6922 4868 2259 15644
is_linear=0
shrinkage=0.05


Tree=94
num_leaves=31
num_cat=0
split_feature=11 7 9 6 5 10 9 5 4 11 5 9 4 9 3 9 10 3 3 6 9 9 6 9 3 11 9 4 3 5
split_gain=63.968 55.627 67.2684 61.6157 47.8789 47.6091 87.0813 45.1599 81.7745 99.0566 62.171 72.6782 56.1093 65.5094 54.4551 53.7919 48.1685 47.4237 45.968 44.8213 42.9179 42.2086 40.9315 40.584 40.5588 40.4204 36.995 67.4546 35.788 34.682
threshold=0.52484878897666942 3211691.0000000005 22.500000000000004 13897643.000000002 16151869.500000002 10.354166507720949 13.500000000000002 12130922.500000002 150200.00000000003 -0.026163419708609578 10052930.500000002 81.500000000000014 39440.000000000007 1.0000000180025095e-35 0.0090917046181857603 74.500000000000014 11.759615421295168 0.29996180534362799 0.21170419454574588 8681399.0000000019 22.500000000000004 22.500000000000004 3910147.0000000005 86.500000000000014 0.13272240757942202 0.095914501696825041 132.50000000000003 88100.000000000015 0.0090917046181857603 5320895.5000000009
decision_type=2 8 2 2 2 2 2 2 10 2 2 2 8 2 10 2 2 8 10 2 2 2 2 2 10 2 2 10 8 2
left_child=1 2 5 7 24 -1 19 10 15 -10 12 18 20 -14 -11 -9 -15 -17 -12 -7 -3 -2 -8 -13 -5 -22 -18 29 -4 -28
right_child=21 3 28 4 -6 6 22 8 9 14 11 23 13 16 -16 17 26 -19 -20 -21 25 -23 -24 -25 -26 -27 27 -29 -30 -31
leaf_value=0.0025201947529046929 0.0036147289798407001 0.0034524530618911097 -0.039065306522141907 -0.0024860219746650346 -0.072379257513052908 -0.0054706733840704444 -0.056314012267233787 0.0023432071163032508 -0.087986317889157992 -0.048918803457684505 -0.0020608743434883197 -0.085441407333970709 -0.0031059731611509083 0.0010573388544887 -0.0060183098014339976 -0.0060183098014339976 -0.00036462478897281511 0.0034073422075274057 0.0021727023543666214 -0.019010303194725037 0.0010573388544887 0.014326450315943901 0.0001834265005000793 -0.014307596581823146 0.0015519442175894833 0.0034524530618911097 0.00030746895127616914 -0.062804181416253643 0.0034524530618911097 -0.03323325952053071
leaf_weight=11860.673078618944 3608.2008799389005 23528.539619386196 81.965372391045094 27633.434706490487 21.894918709993362 2120.925222530961 31.144385486841202 56456.90019942075 40.907416447997093 67.78619647398591 31810.666096135974 18.662613317370415 14391.467704758048 12952.124305836856 694.84082835912704 1519.6196808516979 60762.860734552145 1397.7971405237913 8028.5709157809615 858.28325632214546 17917.760008640587 1233.2563946470618 7067.0547384992242 815.96907299757004 8022.9180245250463 4499.0786968618631 135.17638961970806 64.576030418276787 14036.598819799721 40.618508905172348
leaf_count=20200 4978 45014 312 86318 110 3683 101 116860 147 239 100680 83 28400 18712 1891 4131 154929 3155 21358 2057 44740 1404 16562 2870 18546 6760 308 275 27310 160
internal_value=0.000646796 0.000556809 0.00240168 0.000311171 -0.00162492 0.000373373 -0.00215334 0.000604945 0.00178643 -0.0140377 0.000198568 -0.00151398 0.000717273 -1.97717e-05 -0.00985129 0.00200105 0.000580861 -0.00461731 -0.00120764 -0.00938146 0.00213445 0.0063481 0.000183427 -0.0160986 -0.00157742 0.00105734 -0.000442401 -0.019938 0.00345245 -0.00366234
internal_weight=311720 306879 36056.6 270822 35678.2 21938.1 10077.4 235144 60177.9 803.534 174966 40673.9 134292 88346.8 762.627 59374.3 73955.4 2917.42 39839.2 2979.21 45945.4 4841.46 7098.2 834.632 35656.4 22416.8 61003.2 240.371 14118.6 175.795
internal_count=732293 725911 70225 655686 104974 42603 22403 550712 126423 2277 424289 124991 299298 202784 2130 124146 174384 7286 122038 5740 96514 6382 16663 2953 104864 51500 155672 743 27622 468
is_linear=0
shrinkage=0.05


Tree=95
num_leaves=31
num_cat=0
split_feature=5 8 5 12 10 8 0 11 1 16 3 10 3 4 12 10 2 3 10 3 5 5 4 3 5 16 10 3 8 4
split_gain=62.6432 65.9829 65.5545 64.6936 82.3922 63.3045 60.7119 70.9596 54.7691 51.9152 45.55 41.2405 55.0555 35.9066 27.8179 46.4662 27.8437 24.9195 23.5217 26.473 23.1649 20.1634 30.7769 20.0704 19.5188 98.3023 70.7036 68.4468 41.2613 27.8097
threshold=5320895.5000000009 0.96026313304901134 12130922.500000002 -0.043046252802014344 18.683333396911625 0.050065962597727783 0.0082305916585028189 -1.0000000180025095e-35 21.500000000000004 6.5000000000000009 0.059901021420955665 10.050000190734865 0.0025190354790538554 25605.900390625004 -0.085082970559597002 4.0833332538604745 12.74393939971924 0.7300499975681306 7.5357143878936776 0.1956100016832352 13439690.500000002 15089427.500000002 40810.000000000007 0.035088999196887023 10052930.500000002 6.5000000000000009 20.44999980926514 0.20257303118705752 0.70010000467300426 50000.500000000007
decision_type=2 10 2 2 2 10 2 2 2 2 10 2 8 8 2 2 2 10 2 8 2 2 10 10 2 2 2 10 10 10
left_child=6 2 3 4 5 14 7 -1 -9 18 -6 13 21 20 15 -2 -17 -3 19 -8 -4 -13 -23 -15 25 26 28 -26 -5 -29
right_child=1 17 11 24 10 -7 9 8 -10 -11 -12 12 -14 23 -16 16 -18 -19 -20 -21 -22 22 -24 -25 27 -27 -28 29 -30 -31
leaf_value=-0.05311628778667396 -0.0095072969023344087 0.0097198038731365673 0.0097198038731365673 0.00079250840330810722 -0.074993446397177602 -0.0018022405982537485 0.0045568493814654963 0.0024561084092093862 0.00013727366335823839 0.018842396374791973 -0.020535674225063728 -0.019720635043581989 0.00075424690720186059 0.0019068745016895391 -0.0052183321803544198 -0.019613839372138828 -0.014560568137236619 0.030819947063474424 0.0028220013421000282 0.0094828393724636223 0.0051255917048124797 -0.019720635043581989 -0.078261140671560744 0.0046008492084296205 -0.0018022405982537485 0.0097198038731365673 -0.0018022405982537485 0.0046138981855984541 0.0050212982987328098 0.00066598832815166194
leaf_weight=58.065962292253971 385.5115707591176 242.43418942391872 412.37096823006868 41255.399840459228 52.384747043251991 9086.9987568557262 2489.9615726694465 39817.683026246727 49810.304777849466 554.85461157560349 139.2357871234417 14.079590078443287 51273.62146275118 17708.904926247895 2354.4246449023485 729.66968837380409 450.78213030099869 231.21420282870531 27167.391032963991 3466.1593732461333 4523.4614425599575 20.460687339305878 45.671941827982664 3602.852140314877 30643.080141216516 1084.7340010777116 12317.422968011349 7833.3325949832797 4465.9599674642086 798.1337226331234
leaf_count=238 597 387 498 93397 244 16985 3542 68800 135537 715 398 41 120780 30605 5411 1912 787 301 47062 4439 6785 77 284 4975 102891 2211 50780 21499 8092 2579
internal_value=0.00101395 0.000443508 0.000396745 -0.00037936 -0.00366606 -0.00318361 0.00189097 0.00121121 0.00124759 0.00370101 -0.0360441 0.00151283 0.000688722 0.00312503 -0.00863442 -0.0137963 -0.0196138 0.0190429 0.00344625 0.0062917 0.00696706 -0.0401955 -0.0551766 0.00223464 6.15795e-05 0.000635528 0.000322793 -0.000802425 0.00129586 0.00313422
internal_weight=313037 189672 189198 111597 13199 13007.4 123364 89686.1 89628 33678.4 191.621 77601.4 51353.8 26247.6 3920.39 1565.96 1180.45 473.648 33123.5 5956.12 4935.83 80.2122 66.1326 21311.8 98398.1 59123.5 58038.8 39274.5 45721.4 8631.47
internal_count=732849 472516 471828 307783 26334 25692 260333 204575 204337 55758 642 164045 121182 42863 8707 3296 2699 688 55043 7981 7283 402 361 35580 281449 154480 152269 126969 101489 24078
is_linear=0
shrinkage=0.05


Tree=96
num_leaves=31
num_cat=0
split_feature=9 9 10 3 4 16 4 8 8 9 10 5 3 9 4 9 8 8 5 9 7 9 7 5 7 4 8 9 7 9
split_gain=112.886 679.157 110.93 97.8298 88.8727 84.1455 74.8006 70.545 70.3644 57.6605 87.994 66.3989 55.4417 57.7907 53.2701 51.3296 51.1426 42.23 40.7592 38.9248 41.754 37.239 35.2892 34.9963 40.2295 36.3708 33.0316 48.8736 32.6373 27.0288
threshold=1.0000000180025095e-35 11.500000000000002 7.5357143878936776 0.0090917046181857603 197024.50000000003 2.5000000000000004 4804.8000488281259 0.79789990186691295 0.025034818798303608 12.500000000000002 21.774999618530277 5320895.5000000009 0.17979500442743304 17.500000000000004 8010.0000000000009 13.500000000000002 0.22230862081050876 0.44452822208404547 5320895.5000000009 44.500000000000007 3211691.0000000005 43.500000000000007 7714069.5000000009 5320895.5000000009 1.0000000180025095e-35 37020.000000000007 0.66086560487747203 12.500000000000002 3211691.0000000005 13.500000000000002
decision_type=2 2 2 8 10 2 8 8 10 2 2 2 8 2 8 2 10 10 2 2 10 2 8 2 10 10 8 2 8 2
left_child=4 7 12 5 6 8 -1 -2 -4 14 11 -11 -3 26 -5 -10 22 -8 -16 -15 -21 -18 -12 25 -25 -19 -14 -28 -13 -29
right_child=1 2 3 9 -6 -7 17 -9 15 10 16 28 13 19 18 -17 21 23 -20 20 -22 -23 -24 24 -26 -27 27 29 -30 -31
leaf_value=0.012201837481250971 0.012567497280256898 0.0027176534386201697 -0.080990817075523691 0.0027176534386201697 -0.071488655491969977 -0.0050180013036392355 -0.0019098958286912161 0.027807652242159076 -0.051233388100848577 0.0027176534386201697 -0.0028198069316215093 0.0027176534386201697 0.0049990372106429523 0.0049990372106429523 -0.0050180013036392355 -0.016589274076040255 0.00074105398024943195 0.0054869275150295832 -0.00070879323174043445 0.0059209777233876658 0.020878079049065201 -0.0004013138748991131 -0.0004013138748991131 -0.0003447194892994439 0.0054869275150295832 -0.0003447194892994439 0.012353305043653321 0.047827969937455139 0.00074105398024943195 0.02274223504300954
leaf_weight=1052.1200128644705 1112.077300965786 7746.178730353713 54.332699161022902 832.65492223203182 42.758208364248276 1330.4930472113192 49454.784592479467 2428.2140262722969 72.019602209329605 51060.061669960618 24221.46379512921 6750.8098328337073 180.54477141052485 6682.5628593191504 7988.819934129715 379.6198650225997 18334.248292371631 3471.4559310525656 14456.481467097998 1105.7010986581445 808.20100513845682 13287.33310925588 16743.627773016691 8039.2420101761818 1145.1082523316145 1117.376621440053 996.39145602285862 169.93371560424566 70988.387089245021 307.90826913714409
leaf_count=1492 1469 11591 307 1062 211 4878 109063 2419 236 98406 79343 12356 305 9681 14988 1376 50978 5166 30112 1514 857 47999 60928 17210 1711 2169 1298 114 163094 350
internal_value=0.000809654 0.0012937 0.00097877 0.000678536 -0.00105687 -0.0108085 -0.00100779 0.0230302 -0.0281605 0.00077253 0.00104487 0.00182947 0.00475677 0.00728042 -0.00158343 -0.021476 -0.000347357 -0.00122798 -0.00229423 0.00563081 0.0122523 0.000741054 -0.00154368 0.00122046 -0.000344719 0.0047942 0.0158329 0.0186994 0.000862268 0.0318256
internal_weight=312361 248038 244498 226500 64322.8 1836.47 64280.1 3540.29 505.972 224664 201386 128799 17997.4 10251.2 23278 451.639 72586.7 63228 22445.3 8596.46 1913.9 31621.6 40965.1 13773.2 9184.35 4588.83 1654.78 1474.23 77739.2 477.842
internal_count=732683 595661 591773 566063 137022 6797 136811 3888 1919 559266 513104 273856 25710 14119 46162 1612 239248 135319 45100 12052 2371 98977 140271 26256 18921 7335 2067 1762 175450 464
is_linear=0
shrinkage=0.05


Tree=97
num_leaves=31
num_cat=0
split_feature=7 7 6 9 9 3 12 10 9 4 12 9 10 10 9 9 4 3 8 6 6 12 12 12 10 2 4 3 9 8
split_gain=101.246 83.3034 87.8348 64.5431 64.2262 107.563 56.3765 56.287 55.8578 110.841 99.011 77.9292 138.943 69.3789 66.6124 52.695 58.809 51.7061 69.8776 51.4977 50.4391 49.3314 47.6304 45.7179 42.4737 42.4563 41.6431 41.327 55.1405 40.559
threshold=3211691.0000000005 7714069.5000000009 13897643.000000002 170.50000000000003 22.500000000000004 0.035088999196887023 -0.036368066444993012 8.6904764175415057 43.500000000000007 7420.0000000000009 0.34924985468387609 44.500000000000007 14.535714149475099 7.5357143878936776 34.500000000000007 199.00000000000003 60000.900390625007 0.081684678792953505 0.21524236351251605 1885909.0000000002 3910147.0000000005 -0.053670633584260934 0.36872987449169164 -0.10883838310837744 18.683333396911625 53.191255569458015 197900.00000000003 0.26226332783699041 47.500000000000007 0.64007574319839489
decision_type=8 10 2 2 2 8 2 2 2 8 2 2 2 2 2 2 8 10 8 2 2 2 2 2 2 2 10 8 2 10
left_child=4 3 17 8 22 29 -4 21 9 20 11 -10 13 -13 23 -5 -17 18 -3 -15 -2 -7 -1 -11 -14 -25 -26 -8 -29 -6
right_child=1 2 6 15 5 7 27 -9 10 14 -12 12 24 19 -16 16 -18 -19 -20 -21 -22 -23 -24 25 26 -27 -28 28 -30 -31
leaf_value=0.001757622861616728 0.0059486456717622498 -0.030749521858494153 -0.032829143120138536 0.041420348643729211 -0.047354926748103383 0.011216470329249958 -0.01683511463556989 0.0058028183498658858 -0.0023514156787737953 -0.003615792093007766 0.017635946605364675 0.0086301427024335388 8.3465780549577773e-05 0.0050540842902556931 0.0043715132220393344 0.035266947085871719 -0.08295309460732618 0.01961767912461123 0.0074517962525854579 0.0014253571924944261 0.018806586237367334 0.02370456969355933 0.019071704090870594 0.00081671839083920141 -0.0032068008212014841 0.0043715132220393344 -0.040623966328091059 -0.0011227989959154163 0.0265567335397443 -0.012810180760501553
leaf_weight=22332.429364096373 5605.077642083168 120.15928892791271 144.97688029706478 161.87689253687859 140.29370900243521 282.53184800595045 272.32856357097626 12969.358381703496 32410.624478649348 5537.4012930318713 767.33812921494246 2328.9182239174843 25818.884293809533 12530.759847894311 4375.2586750239134 19.994853615760803 18.423637099564075 884.53346195071936 6119.0504622533917 6393.1104979142547 881.76591708511114 1039.1813873946667 402.43622129410505 149544.17157259583 12901.907516783103 7902.7797056883574 72.808230299502611 1722.7329829037189 198.89220629632473 34.622470952570438
leaf_count=42645 9642 275 356 237 497 461 658 25830 97012 9389 833 2878 66721 20875 7301 46 90 1114 9598 11925 1242 1064 436 357757 48407 11184 464 4069 369 60
internal_value=0.0012743 0.000945064 0.00555498 0.000781811 0.00372326 0.00632757 -0.0028502 0.00680637 0.000760421 0.00128993 -0.000227031 -0.000375661 0.000690814 0.00394012 0.00104132 0.0290136 -0.0227251 0.00831467 0.00670647 0.00280988 0.0077017 0.0166301 0.00206575 0.000848752 -0.0010894 0.00100581 -0.003423 -0.000841086 0.00176672 -0.0324267
internal_weight=313935 276734 9462.67 267271 37200.9 14466 2338.93 14291.1 267071 173846 93224.4 92457 60046.4 21252.8 167360 200.295 38.4185 7123.74 6239.21 18923.9 6486.84 1321.71 22734.9 162984 38793.6 157447 12974.7 2193.95 1921.63 174.916
internal_count=733435 662442 16439 646003 70993 27912 5452 27355 645630 396515 249115 248282 151270 35678 385631 373 136 10987 9873 32800 10884 1525 43081 378330 115592 368941 48871 5096 4438 557
is_linear=0
shrinkage=0.05


Tree=98
num_leaves=31
num_cat=0
split_feature=9 9 9 9 4 4 9 9 10 12 9 4 10 5 8 3 9 10 4 7 11 3 7 5 6 8 9 9 3 6
split_gain=91.3202 500.815 105.643 540.536 120.537 84.298 82.5799 229.764 86.8764 79.1159 73.6999 70.8478 72.9294 69.4344 65.8954 162.538 65.6326 57.2822 56.6603 52.0037 51.1459 49.8187 105.123 46.9877 46.5722 45.5635 44.0689 86.5261 91.283 84.2965
threshold=1.0000000180025095e-35 11.500000000000002 12.500000000000002 21.500000000000004 8010.0000000000009 197024.50000000003 43.500000000000007 34.500000000000007 5.0625000000000009 -0.025937951169908043 23.500000000000004 70100.000000000015 12.949999809265138 13439690.500000002 0.28542743623256689 0.064251437783241286 7.5000000000000009 5.9166667461395273 64010.000000000007 7714069.5000000009 -0.15754760801792142 0.0058937692083418378 3211691.0000000005 10052930.500000002 3910147.0000000005 0.82505142688751232 44.500000000000007 55.500000000000007 0.0090917046181857603 13897643.000000002
decision_type=2 2 2 2 8 10 2 2 2 2 2 8 2 2 8 10 2 2 10 10 2 8 10 2 2 10 2 2 8 2
left_child=5 14 4 18 23 25 7 9 -8 10 11 -5 24 -14 15 16 -2 -6 -4 -11 -10 22 -19 -3 -13 -1 -22 29 -29 -28
right_child=1 2 3 6 17 -7 8 -9 20 19 -12 12 13 -15 -16 -17 -18 21 -20 -21 26 -23 -24 -25 -26 -27 27 28 -30 -31
leaf_value=-0.0010757602308305002 -0.13740587439597937 0.026370999237782602 0.024043298994836367 -0.00045757420429102429 0.0061954444521358336 -0.069775967905497602 0.011339492270515219 0.012116200479182297 -0.074427373767645258 0.0019902027590032044 0.00049919494412888803 -0.010598086353070045 -0.025021885717346693 -0.010598086353070045 0.022295894902073489 0.0095085991269829098 -0.033936800388762525 -0.014804576201930859 -0.0048841531021401891 0.009284276099565978 -0.0014893016052414173 -0.0030793435650369322 -0.094490835858330249 0.006631185083773943 -0.0042385005279579474 0.0047855786827121129 0.0056142326191316507 -0.030739364543203258 -1.0806599114069173e-05 -0.0059611590160757169
leaf_weight=61368.783712282777 24.085198856890202 500.10771910846233 2856.891052685678 6721.1459242627025 1699.2794583663344 42.273720264434814 1681.9378510639071 5378.8951573446393 21.146398454904556 82886.01724261418 8739.210298396647 443.50167831778526 1142.9938755333424 531.76959577202797 3159.6426456794143 215.35105124115944 33.718328416347504 182.38241359591484 179.27778262645006 2516.0457686558366 36352.621359046549 22798.913003921509 44.41011169552803 402.78988855332136 3625.3665485978127 3503.0098542124033 9627.99445220083 240.77374697476625 53772.010845657438 1646.9030625894666
leaf_count=132016 109 534 3550 11716 2398 216 2049 8403 68 215860 14490 991 2943 966 3463 276 73 403 321 4866 106286 46017 184 633 6315 5546 18049 1268 138928 4041
internal_value=0.000862911 0.00130082 0.00103391 0.00139034 -0.00200292 -0.00080621 0.00109484 0.00203545 7.55487e-05 0.0015266 -0.00120692 -0.00394272 -0.00801943 -0.0167955 0.0202601 -0.0032787 -0.0773822 -0.00265869 0.0223331 0.00220531 -0.000111027 -0.0033126 -0.0265298 0.0159211 -0.00440069 -0.000759116 -9.41012e-05 0.000682778 -0.000148919 0.00466637
internal_weight=312339 247425 243992 218365 25627.9 64914.1 215328 111985 103343 106606 21204 12464.8 5743.63 1674.76 3432.8 273.155 57.8035 24725 3036.17 85402.1 101661 23025.7 226.793 902.898 4068.87 64871.8 101640 65287.7 54012.8 11274.9
internal_count=732978 595200 591279 541110 50169 137778 537239 266550 270689 258147 37421 22931 11215 3909 3921 458 182 49002 3871 220726 268640 46604 587 1167 7306 137562 268572 162286 140196 22090
is_linear=0
shrinkage=0.05


Tree=99
num_leaves=31
num_cat=0
split_feature=9 7 6 7 9 4 4 9 12 0 9 6 9 8 4 10 9 9 8 4 8 10 8 12 9 9 9 4 9 4
split_gain=78.7542 74.2536 80.6689 86.1733 96.7385 50.6884 49.1488 53.2971 60.6648 47.7849 114.259 73.646 41.3537 39.1955 38.1513 36.2278 78.0088 49.1006 80.0279 47.0073 59.6119 42.599 38.7091 37.408 34.4449 36.1615 32.8106 59.2629 32.0576 28.5615
threshold=170.50000000000003 3211691.0000000005 13897643.000000002 7714069.5000000009 72.500000000000014 2149.9001464843755 6816.0000000000009 126.50000000000001 -0.0064664501696825019 1.0000000180025095e-35 100.50000000000001 3910147.0000000005 121.50000000000001 0.14276190847158435 56050.000000000007 11.949999809265138 45.500000000000007 121.50000000000001 0.038493953645229347 199700.00000000003 0.097182542085647597 7.5357143878936776 0.82013070583343517 -0.046699132770299905 23.500000000000004 27.500000000000004 43.500000000000007 40810.000000000007 12.500000000000002 98200.000000000015
decision_type=2 8 2 10 2 8 8 2 2 2 2 2 2 10 8 2 2 2 8 8 8 2 10 2 2 2 2 8 2 8
left_child=1 9 3 5 -5 -3 -4 12 -9 10 11 -1 29 -10 -6 16 22 19 -19 -17 -21 -18 -7 -23 -11 -26 28 -28 -13 -8
right_child=-2 2 6 4 14 15 7 8 13 24 -12 26 -14 -15 -16 17 21 18 -20 20 -22 23 -24 -25 25 -27 27 -29 -30 -31
leaf_value=-0.032456302571644662 0.030229183998958287 0.020296248310636974 0.017924801827597564 0.0068625019922514616 -0.020543333833979327 0.00092950002018182441 2.9200462180123124e-05 -0.085036724611303002 -0.048363540488804341 0.0040210076955289201 -0.07941532097348937 0.0012131087732222582 0.0080613354486890783 0.0080613354486890783 -0.11470637210438928 0.00074607618591977971 0.010509377456150106 -0.059396302031042028 -0.0067345575972970438 -0.035148053382722033 -0.0014015513966134014 0.00092950002018182441 0.0053751037852429653 0.006551258196488878 0.025656093689340315 0.0077001134442555297 0.0040210076955289201 -0.0052896655748475366 0.0040210076955289201 -0.0029235589614821458
leaf_weight=151.65219832956791 226.521285623312 329.22614675015211 316.58430912345648 6933.841645359993 23.538787573575974 66217.804037377238 12902.800278056413 37.600087627768517 32.290050508454442 3091.6627938002348 41.09386470913887 13243.46350133419 113.73359443992376 68.412648059427738 19.638455249369144 125009.9298524633 1925.7897779345512 77.316562578082085 807.31591788679361 129.51696615479887 26473.899587102234 1441.5046443194151 4947.7048272714019 4991.6216286569834 293.21920254081488 5767.9681905433536 966.58136071637273 3365.7866148166358 10030.974929563701 22417.775040837005
leaf_count=391 411 431 500 10858 48 127925 30562 178 172 4755 201 23309 201 157 86 324171 2345 347 2334 558 69154 2442 7472 7267 306 9069 1836 9277 21892 73755
internal_value=0.000887422 0.000865937 0.000583362 0.000914853 0.00638922 0.000750416 -0.00162713 -0.00180213 -0.0325588 0.00297038 0.00193843 0.00206458 -0.00168025 -0.0116904 -0.0665539 0.000722507 0.00158768 0.000271325 -0.0114608 0.000339929 -0.00156847 0.00615642 0.00105088 0.00409046 0.00610359 0.00857694 0.00225655 -0.0017381 0.00300021 -0.00184496
internal_weight=312397 312170 275218 239329 6977.02 232352 35889.2 35572.6 138.303 36952.4 27799.6 27758.5 35434.3 100.703 43.1772 232022 79524.4 152498 884.632 151613 26603.4 8358.92 71165.5 6433.13 9152.85 6061.19 27606.8 4332.37 23274.4 35320.6
internal_count=732410 731999 660963 555438 10992 544446 105525 105025 507 71036 56906 56705 104518 329 134 544015 147451 396564 2681 393883 69712 12054 135397 9709 14130 9375 56314 11113 45201 104317
is_linear=0
shrinkage=0.05


Tree=100
num_leaves=31
num_cat=0
split_feature=11 9 0 9 10 9 9 9 8 1 9 9 11 2 9 11 9 0 0 3 16 5 4 10 9 9 1 5 9 4
split_gain=65.6793 89.8545 66.2411 44.7033 44.3678 173.376 413.941 77.4831 56.1053 51.7336 55.0295 171.242 64.5332 44.0283 42.9188 40.4918 38.6683 28.1109 25.8305 101.285 23.7675 20.823 25.3422 23.1889 45.723 18.9785 18.9394 23.8371 18.5279 29.775
threshold=-0.049675324931740754 96.500000000000014 0.046620300039649017 170.50000000000003 11.949999809265138 1.0000000180025095e-35 11.500000000000002 12.500000000000002 0.94201448559761058 4.5000000000000009 23.500000000000004 33.500000000000007 0.52484878897666942 3.6038961410522465 57.500000000000007 0.085602473467588439 55.500000000000007 0.051836095750331886 0.043668955564498908 0.21170419454574588 6.5000000000000009 15089427.500000002 39610.000000000007 9.5277776718139666 43.500000000000007 2.5000000000000004 3.5000000000000004 5320895.5000000009 191.50000000000003 60000.900390625007
decision_type=2 2 2 2 2 2 2 2 8 2 2 2 2 2 2 2 2 2 2 10 2 2 8 2 2 2 2 2 2 10
left_child=1 2 13 4 5 -2 8 -6 25 -8 -11 -12 14 18 -13 -16 -9 -3 19 -1 -18 22 -20 -24 -25 -7 -27 -28 -5 -30
right_child=3 17 -4 28 7 6 9 16 -10 10 11 12 -14 -15 15 -17 20 -19 21 -21 -22 -23 23 24 -26 26 27 -29 29 -31
leaf_value=-0.099459683305812063 0.0013279845287427403 -0.099573671259104268 -0.00035694934911388772 0.035834630254401041 -0.00035694934911388772 0.0013279845287427403 0.018224885073069453 0.0013279845287427403 0.026885633755528906 0.0013279845287427403 0.010582446535692337 0.0013279845287427403 0.010582446535692337 -0.0026063197644395401 0.0013279845287427403 0.0061739366061619311 -0.00035694934911388772 -0.031406037463670156 -0.0047657798116651513 -0.019052825316760492 0.0013279845287427403 -0.0047657798116651513 -0.0076102786492900755 -0.018374381222575634 -0.010355130230752472 0.020418130354571476 0.016210183956190814 0.0033789774329365157 0.040067742484338836 -0.00035694934911388772
leaf_weight=39.809606909751892 65447.176543682814 24.830390140414238 9682.2512073591352 129.18145298212767 22914.869041100144 169.78315314650536 561.7691643461585 123927.17561666667 1997.6157676056027 9195.1226037815213 2761.5295332223177 12562.705825552344 1025.3580795302987 1239.1649683788419 2225.4260028153658 3162.958691470325 44666.363913699985 41.433414712548256 2003.2425253689289 64.030403211712837 1176.1870959699154 1989.1797247081995 1337.5455249398947 2145.0337247699499 978.76435327529907 264.10246799886227 550.47352683544159 473.49180476367474 43.846600271761417 17.215432375669479
leaf_count=170 137555 105 15607 203 46254 269 598 336031 2015 13876 3434 19643 1131 2232 3687 4053 123621 97 3986 107 3277 3577 2526 5202 2300 240 611 721 93 82
internal_value=0.000952678 -0.00185361 -0.00165276 0.00113972 0.0011239 0.00197615 0.00501686 0.000679821 0.0214396 0.00321378 0.00294001 0.00449438 0.00251851 -0.00485569 0.00176543 0.00586045 0.00117959 -0.0591188 -0.00692524 -0.0314895 -0.000151977 -0.00661613 -0.00830615 -0.0104548 -0.0131 0.0139506 0.0160617 0.0120022 0.025243 0.00240977
internal_weight=312818 19545.3 19479 293272 293082 100398 34950.3 192685 3455.47 31494.9 30933.1 21738 18976.4 9796.77 17951.1 5388.38 169770 66.2638 8557.61 103.84 45842.6 8453.77 6464.59 4461.34 3123.8 1457.85 1288.07 1023.97 190.243 61.062
internal_count=733303 35909 35707 697394 697016 187833 50278 509183 3856 46422 45824 31948 28514 20100 27383 7740 462929 202 17868 277 126898 17591 14014 10028 7502 1841 1572 1332 378 175
is_linear=0
shrinkage=0.05


Tree=101
num_leaves=31
num_cat=0
split_feature=12 7 4 9 6 3 0 5 4 9 9 0 9 9 9 5 3 6 3 9 10 9 4 9 5 9 10 9 9 4
split_gain=66.4925 52.0603 102.83 94.3548 55.112 58.6454 52.7196 49.4116 163.811 56.8042 55.1551 69.5786 52.1814 43.7572 149.496 61.3702 65.1184 57.9952 97.01 58.6796 42.965 42.5574 42.1551 49.8723 41.3157 64.6165 104.444 70.9952 59.0297 39.6182
threshold=-0.31677702069282526 1.0000000180025095e-35 inf 11.500000000000002 13897643.000000002 0.7300499975681306 0.017167698591947559 10052930.500000002 3004.200073242188 132.50000000000003 153.00000000000003 0.016438479535281662 32.500000000000007 23.500000000000004 30.500000000000004 16151869.500000002 0.18746507167816165 1885909.0000000002 0.41439092159271246 25.500000000000004 9.3452377319335955 57.500000000000007 2608.400024414063 79.500000000000014 5320895.5000000009 43.500000000000007 20.816666603088382 57.500000000000007 1.0000000180025095e-35 199700.00000000003
decision_type=2 10 8 2 2 10 2 2 10 2 2 2 2 2 2 2 8 2 8 2 2 2 10 2 2 2 2 2 2 10
left_child=-1 7 3 -3 5 21 -7 8 12 29 13 -12 -2 -9 17 22 -17 -15 20 -20 -19 -5 23 -16 -4 28 27 -27 -26 -10
right_child=1 2 24 4 -6 6 -8 10 9 -11 11 -13 -14 14 15 16 -18 18 19 -21 -22 -23 -24 -25 25 26 -28 -29 -30 -31
leaf_value=-0.043223385860125939 0.017284417982804952 0.0097793926987389604 0.0014602975944595664 0.002842463806040074 0.001826944692745509 0.011290856376613237 0.032662098364517195 -0.0019367977949191859 0.00058696481110074444 -0.021286653986737077 -0.021286653986737077 0.064652379336125373 0.006027803229622871 0.014154310196464967 0.0037196895102352724 -0.0052487930261762303 0.037180715733062163 0.0011339607008343828 0.0093544267634739879 0.073044130201947208 -0.021286653986737077 0.0077996678774083427 -0.00126233193061969 0.032621128476864401 -0.0022640660824424673 -0.0061664603218397583 -0.014002038874474529 0.001826944692745509 0.001823616309679095 -0.016427298301804272
leaf_weight=84.383557662367821 1866.5913083329797 4978.384160220623 44531.954011630267 21258.182497829199 14837.987137299031 308.05213096737862 369.44345983862877 43940.322478625923 90097.593641899526 252.5037786513567 32.66431962698698 66.791289106011391 1553.4436321482062 2528.8044063970447 2158.4252479448915 153.56822508573532 216.41246026754379 91.987987458705902 184.30095142126083 43.240997090935707 261.12181016802788 5436.5934861004353 31558.341380733997 158.43471536785364 14754.402745977044 3557.3682037964463 2217.9181620106101 1997.0839515551925 21996.303844757378 341.4495008494705
leaf_count=197 2880 7536 96896 38002 34523 568 348 119020 209355 807 128 58 3399 4141 7254 383 360 135 419 39 749 9779 86757 435 30476 8815 10750 4640 52769 1166
internal_value=0.000637928 0.000650078 0.00138341 0.00327041 0.0025023 0.0042221 0.0187292 8.0786e-05 0.000860992 0.000455777 -0.00082132 0.0360218 0.0115998 -0.000867278 0.000390836 -0.00056255 0.0196359 0.0108843 -0.00335657 0.0219887 -0.0197208 0.00385254 -0.000784302 0.0057225 0.000383479 -0.000693571 -0.0048349 -0.0011707 0.00018249 0.000522366
internal_weight=311834 311750 136244 47188.6 42210.3 27372.3 677.496 175506 94111.6 90691.5 81394.4 99.4556 3420.03 81295 37354.6 34245.2 369.981 3109.46 580.652 227.542 353.11 26694.8 33875.2 2316.86 89055 44523.1 7772.37 5554.45 36750.7 90439
internal_count=732784 732587 295102 90756 83220 48697 916 437485 217607 211328 219878 186 6279 219692 100672 95189 743 5483 1342 458 884 47781 94446 7689 204346 107450 24205 13455 83245 210521
is_linear=0
shrinkage=0.05


Tree=102
num_leaves=31
num_cat=0
split_feature=6 7 4 9 1 4 9 9 9 9 9 9 4 5 5 11 8 5 12 2 4 6 1 9 9 12 9 9 8 11
split_gain=82.6309 73.6626 147.232 73.2588 68.4814 55.1126 64.9942 72.247 60.198 72.4619 54.5304 110.609 92.3114 79.2875 81.1935 164.306 67.754 63.1776 60.8587 163.131 55.8396 53.0585 50.0982 83.0491 48.1815 67.0447 45.8788 91.0038 67.0491 52.8949
threshold=8681399.0000000019 1.0000000180025095e-35 198800.00000000003 58.500000000000007 4.5000000000000009 38060.000000000007 14.500000000000002 12.500000000000002 42.500000000000007 39.500000000000007 65.500000000000014 57.500000000000007 49620.000000000007 1289243.5000000002 10052930.500000002 -0.028970110230147835 0.24999500066041949 15089427.500000002 -0.054600955918431275 112.78511428833009 5018.0000000000009 1237896.0000000002 21.500000000000004 1.0000000180025095e-35 45.500000000000007 -0.10883838310837744 88.500000000000014 94.500000000000014 0.78579074144363414 0.14848727732896808
decision_type=2 10 8 2 2 10 2 2 2 2 2 2 10 2 2 2 10 2 2 2 10 2 2 2 2 2 2 2 10 2
left_child=1 5 3 4 -3 8 7 -7 9 21 11 24 -13 16 18 -16 -12 -14 19 20 -15 -1 23 -4 -2 -26 29 -28 -29 -20
right_child=10 2 22 -5 -6 6 -8 -9 -10 -11 13 12 17 14 15 -17 -18 -19 26 -21 -22 -23 -24 -25 25 -27 27 28 -30 -31
leaf_value=0.054821620510486307 -0.00026953570226203623 0.010631791284198779 0.00056824278372368594 0.010418499310879993 0.003021693145528007 -0.0029736983465923424 0.00035110634646737357 -0.078564109494334275 0.00056118244224955894 0.029021394632578069 -0.016413654437361428 0.028038843477591665 -0.029665473272066936 -0.050790652472785351 -0.070631081961081171 0.0084700686209130387 0.075770415826750426 0.0087548910999812653 -0.013913397113062271 -0.021684541059100077 -0.11234090649566814 0.0022822498421756765 -0.00091481648924349201 0.003021693145528007 -0.0884038109876603 -0.0056633667148330647 0.026874444414458437 -0.012085771123401401 0.045220312391675919 0.0036002514046834795
leaf_weight=46.094294488430023 38572.120130173862 3384.433995231986 19232.370908647776 5433.9054162800312 21769.015831403434 16788.024696387351 68756.383275605738 29.673184923827648 24757.22935218364 253.18576906621456 30.449764106422663 590.43674916774035 158.2554030790925 64.628318704664707 67.194194257259369 1281.6860309578478 52.540522482246161 50.730832681059837 2697.3852165080607 88.925759807229042 65.831048682332039 62717.32492608577 23409.075751192868 17090.649301744998 22.656858831644058 3718.0325544029474 254.0540255010128 673.76281750015914 53.255858555436134 512.20597393810749
leaf_count=78 106685 4783 34590 9482 38583 37138 182398 99 65627 315 137 942 426 227 257 3632 57 54 9702 91 279 140456 57553 25718 82 10041 486 2071 55 850
internal_value=0.000825498 0.00117576 0.00233355 0.0051545 0.00401658 0.000572503 -0.000330412 -0.0031164 0.00145278 0.00243077 -0.00106101 -0.000446605 0.0179553 -0.00559347 -0.00629894 0.00443092 0.0423571 -0.0105291 -0.00958135 -0.035142 -0.0798968 0.00232258 0.000888885 0.0020513 -0.000795106 -0.00621149 -0.0082271 0.00123377 -0.00777542 -0.011118
internal_weight=312622 263667 90319.5 30587.4 25153.4 173348 85574.1 16817.7 87773.8 63016.6 48954.2 43112.2 799.423 5841.92 5758.93 1348.88 82.9903 208.986 4410.05 219.385 130.459 62763.4 59732.1 36323 42312.8 3740.69 4190.66 981.073 727.019 3209.59
internal_count=732894 596820 170709 52848 43366 426111 219635 37237 206476 140849 136074 118230 1422 17844 17650 3889 194 480 13761 597 506 140534 117861 60308 116808 10123 13164 2612 2126 10552
is_linear=0
shrinkage=0.05


Tree=103
num_leaves=31
num_cat=0
split_feature=9 5 5 5 9 9 4 12 0 4 9 10 8 6 9 9 6 8 9 6 8 0 2 4 5 9 8 6 11 9
split_gain=50.1348 38.6305 50.0132 52.6338 86.1156 131.788 64.9799 64.9727 88.4649 77.002 63.0336 68.2021 55.8552 47.902 47.372 94.328 137.453 67.136 76.2523 56.033 53.9692 45.3338 38.5104 74.0486 60.4689 36.8472 35.5629 39.5619 62.0859 56.0657
threshold=170.50000000000003 5320895.5000000009 13439690.500000002 10052930.500000002 125.50000000000001 123.50000000000001 69650.000000000015 -0.10883838310837744 0.10612764954566957 40005.000000000007 142.50000000000003 11.683333396911623 0.42875434458255773 1237896.0000000002 23.500000000000004 33.500000000000007 3910147.0000000005 0.81675708293914806 25.500000000000004 1237896.0000000002 0.80732142925262462 0.0091326101683080214 2.2991542816162114 150200.00000000003 15089427.500000002 26.500000000000004 0.46156607568264013 3910147.0000000005 -0.0062878786120563737 23.500000000000004
decision_type=2 2 2 2 2 2 10 2 2 10 2 2 10 2 2 2 2 8 2 2 8 2 2 10 2 2 10 2 2 2
left_child=1 21 3 4 5 -3 10 8 9 -5 11 -6 -12 -4 19 16 20 -18 -19 -9 25 26 23 -15 -24 -16 27 28 -1 -30
right_child=-2 2 13 7 6 -7 -8 14 -10 -11 12 -13 -14 22 15 -17 17 18 -20 -21 -22 -23 24 -25 -26 -27 -28 -29 29 -31
leaf_value=-0.051117017026696347 0.024920324340810984 0.00040114290263810332 -0.061667547978591475 -0.016852753809051341 0.02336142424506002 0.074765731149132 -0.087073120366368523 0.050702362172944854 -0.0070625492494510896 -0.054601788113064098 -0.024933928428884644 -0.052147781420359654 0.063153118070224043 0.00095687275697588627 0.018642354685133831 -0.00075085519273384639 -0.0070625492494510896 0.0072585287674229977 0.071705040536582235 -0.0029655019709094303 0.044008478731641709 0.0028650465259380145 0.020026910967893642 -0.014614803054730261 0.0032364669740460963 -0.0070625492494510896 0.0017829885233376225 0.00095468855290044513 0.00095468855290044513 -0.0035376697324896278
leaf_weight=60.608925119042397 209.95023117959499 67188.599272014573 28.346777215600014 504.59734706580639 29.607218392193317 57.630707561969757 40.9771020244807 46.73221443593502 664.40941490978003 179.64933958649635 35.226114958524704 56.684308387339115 33.155513048171997 67169.090348502621 994.17414913326502 16594.382156621665 359.96445065736771 152.39504215121269 54.225088223814964 26095.428974598646 199.96947999298573 33137.186319850385 576.60809499770403 770.24233250692487 7345.035830616951 89.091306060552597 19037.937666803598 43717.458453822881 13368.144980579615 13526.165982857347
leaf_count=239 397 169509 92 1135 38 60 206 76 1087 555 114 279 40 146450 1820 52092 957 371 63 83027 223 55238 706 2332 10975 236 39716 98542 28562 38258
internal_value=0.000610791 0.000594279 0.000146123 -0.000518847 0.000370247 0.000467096 -0.0325851 -0.00182418 -0.0126283 -0.026643 -0.0172224 -0.0451944 0.0183569 0.00113956 -0.00149682 0.000443474 0.0111468 -0.00706255 0.0215796 -0.00286569 0.0202359 0.00128472 0.00116465 0.000779908 0.00446337 0.0157744 0.000700931 0.000126389 -0.00138364 -0.00126777
internal_weight=312324 312114 189266 113377 67441.9 67246.2 195.65 45935 1348.66 684.247 154.673 86.2915 68.3816 75889.3 44586.4 18444.2 1849.82 566.585 206.62 26142.2 1283.23 122848 75861 67939.3 7921.64 1083.27 89710.3 70672.4 26954.9 26894.3
internal_count=733395 732998 472443 311888 170246 169569 677 141642 2777 1690 471 317 154 160555 138865 55762 3670 1391 434 83103 2279 260555 160463 148782 11681 2056 205317 165601 67059 66820
is_linear=0
shrinkage=0.05


Tree=104
num_leaves=31
num_cat=0
split_feature=9 9 4 4 7 9 9 11 9 12 4 12 4 11 9 11 2 9 9 12 9 11 4 9 6 4 6 12 9 9
split_gain=79.6106 448.786 76.6273 69.6152 45.2312 60.8144 185.559 86.4234 65.7841 86.7492 69.5083 65.4315 65.683 63.7349 58.7898 59.0816 105.935 61.4193 93.1668 55.9833 58.1003 137.878 55.7802 49.5718 45.0961 48.0664 41.8419 41.8417 38.9917 396.476
threshold=1.0000000180025095e-35 11.500000000000002 197024.50000000003 27005.600585937504 3211691.0000000005 33.500000000000007 24.500000000000004 0.52484878897666942 44.500000000000007 -0.14823232591152188 15605.300292968752 -0.10753119364380835 37980.000000000007 0.27999413013458258 55.500000000000007 -0.071431696414947496 4.5199182033538827 57.500000000000007 65.500000000000014 0.36872987449169164 23.500000000000004 -0.10828754678368567 23650.000000000004 30.500000000000004 3910147.0000000005 24850.000000000004 3910147.0000000005 -0.0073870457708835593 12.500000000000002 21.500000000000004
decision_type=2 2 10 8 8 2 2 2 2 2 10 2 10 2 2 2 2 2 2 2 2 2 10 2 2 10 2 2 2 2
left_child=2 -2 3 -1 19 6 11 8 9 10 -7 12 -6 14 -10 16 24 26 -19 20 -3 -22 -8 -24 -16 -26 -17 -25 -13 -30
right_child=1 4 -4 -5 5 7 22 -9 13 -11 -12 28 -14 -15 15 17 -18 18 -20 -21 21 -23 23 27 25 -27 -28 -29 29 -31
leaf_value=0.0022637004204141436 0.019022885282520878 -0.00024228256814675948 -0.068313105219486317 -0.0018176197944255155 -0.0015128821590335675 -0.014918888870680999 0.025479969958261319 0.014158807137510807 0.0036662550235804711 -0.0014095200293230104 -0.052087961727465749 -0.00040277939849421134 -0.013239736901921645 0.0068834492488699236 -0.029497938816755429 -0.0011144023221041756 -0.0092231125248537649 0.0036662550235804711 -0.00026765514677006664 0.019133882595693069 -0.089676643618100405 0.0047458852210370472 0.017047485159526001 -0.034774915427457267 -0.039567553902836429 -0.12297993203945985 -0.0073849727407704156 0.0035680900824471675 0.022196038338083271 0.0012713566600634923
leaf_weight=13120.816865354776 3383.4354392290115 11994.404749557376 40.289454020559788 51264.745569556952 3539.7320339381695 132.98785382509232 929.95349228382111 1027.012041375041 10082.266122214496 61660.648594193161 163.53826000541449 21961.840058907866 1506.9235726892948 2137.9969763830304 150.30071327090263 7944.6845656111836 222.51367162913084 3593.4423655495048 32861.974725520238 502.53831273317337 36.772811025381088 14111.96582819894 630.40044640004635 89.262862019240856 41.810962595045567 31.427726730704308 3998.337456420064 321.51975473761559 2347.9458143413067 61771.032723847777
leaf_count=23938 3902 24966 209 112922 5816 206 1164 1174 20189 164460 428 43298 2819 2769 352 20810 335 6246 91516 538 122 27708 872 200 124 139 10730 570 3074 161187
internal_value=0.000535303 0.000943322 -0.00103009 -0.000985863 0.000692254 0.000453672 0.00141953 -0.000271216 -0.000391909 -0.00153974 -0.0284283 0.00109104 -0.00444124 0.000772715 0.000449061 -0.000270264 -0.0183433 -0.000102947 0.000916563 0.00263638 0.00231782 0.00448784 0.0165894 0.008615 -0.0458323 -0.0776785 -0.00321458 -0.00489195 0.00141548 0.00203826
internal_weight=311603 247177 64425.9 64385.6 243793 217148 93098.6 124049 123022 61957.2 296.526 91127.5 5046.66 61064.8 58926.8 48844.5 446.053 48398.4 36455.4 26645.7 26143.1 14148.7 1971.14 1041.18 223.539 73.2387 11943 410.783 86080.8 64119
internal_count=732783 595714 137069 136860 591812 538478 219000 319478 318304 165094 634 216194 8635 153210 150441 130252 950 129302 97762 53334 52796 27830 2806 1642 615 263 31540 770 207559 164261
is_linear=0
shrinkage=0.05


Tree=105
num_leaves=31
num_cat=0
split_feature=9 9 10 9 3 12 9 5 8 9 9 8 9 6 9 8 6 9 9 9 5 8 11 12 1 9 5 8 5 5
split_gain=68.136 499.567 102.983 112.453 59.2543 86.797 68.3155 60.2114 58.7754 56.0305 55.0848 52.4917 42.2394 49.2244 51.3491 42.3539 40.0427 37.4174 36.382 61.3916 32.9401 32.5859 30.0004 54.2921 40.1514 46.483 29.4004 128.104 23.7978 34.8342
threshold=1.0000000180025095e-35 11.500000000000002 7.5357143878936776 44.500000000000007 0.0090917046181857603 -0.072723474353551851 13.500000000000002 12130922.500000002 0.95346027612686168 21.500000000000004 52.500000000000007 0.82505142688751232 2.5000000000000004 3910147.0000000005 1.5000000000000002 0.83346664905548107 3910147.0000000005 79.500000000000014 12.500000000000002 21.500000000000004 12130922.500000002 0.60625335574150097 -0.049416434019803994 -0.04111917503178119 12.500000000000002 33.500000000000007 1289243.5000000002 0.28542743623256689 5320895.5000000009 10052930.500000002
decision_type=2 2 2 2 8 2 2 2 8 2 2 10 2 2 2 10 2 2 2 2 2 8 2 2 2 2 2 10 2 2
left_child=11 8 3 9 5 -4 7 16 12 21 -5 26 13 14 -2 -16 -7 -8 28 -20 -13 -3 23 -21 -24 -26 27 -1 -6 -30
right_child=1 2 4 10 18 6 17 -9 -10 -11 -12 20 -14 -15 15 -17 -18 -19 19 22 -22 -23 24 -25 25 -27 -28 -29 29 -31
leaf_value=-0.069857997055452453 0.0020808831400778499 0.0038016776041131135 -0.11085591938570701 0.026354358483169651 -0.0033519398582069308 -0.0038608474629812442 -0.0038608474629812442 -0.05903891342400245 0.025670159101623569 0.0025743553481633566 0.0098256804666362486 0.0023426588414702265 0.015473049386228045 0.019116915686876391 -0.1032785496257245 -0.010132337668818008 -0.04997213815760021 -0.05903891342400245 0.0025743553481633566 -0.0038608474629812442 0.013243110073552592 0.013393722384939136 0.0025743553481633566 -0.00036400646569844665 0.0015614117512030715 -2.2100586299925149e-05 -0.00093987845413158726 0.0021304875860795138 0.0025743553481633566 -0.0017768988463717763
leaf_weight=78.903178066015244 54.420177593827248 1676.294201053679 18.447609096765518 667.26507250219584 8254.93527148664 127.99341593682766 1538.988480463624 35.90496814250946 1961.2434324249625 11606.919186204672 2063.5962100476027 2589.2129187136889 1361.549272865057 62.027934893965721 29.894714400172234 20.538091421127319 65.08515365421772 24.546798694878817 1830.6920910030603 10124.728805713356 944.99588446319103 1879.8598167300224 24993.896996788681 3797.9231962263584 48577.474921122193 112087.35165642574 61033.335328869522 116.03753781318665 5092.265103071928 9867.9390758872032
leaf_count=304 81 2462 79 670 15175 271 5870 146 2014 17381 2629 4294 1646 64 111 34 209 191 2413 20134 1233 2395 40856 6646 140687 302268 131372 198 9818 21006
internal_value=0.000783948 0.00116132 0.000892946 0.00454435 0.000604362 -0.00839871 -0.00722191 -0.0326235 0.0199402 0.00286127 0.0138807 -0.000660088 0.0125637 -0.0110755 -0.0318662 -0.0671794 -0.0186215 -0.00386085 0.00067702 0.000893056 0.00526312 0.00887692 0.000671264 -0.00156715 0.000839139 0.000548468 -0.00100215 -0.02029 -0.00119721 -7.955e-06
internal_weight=312584 247822 244332 17893.9 226438 1810.97 1792.52 228.984 3489.67 15163.1 2730.86 64762.5 1528.43 166.881 104.853 50.4328 193.079 1563.54 224627 201412 3534.21 3556.15 199581 13922.7 185659 160665 61228.3 194.941 23215.1 14960.2
internal_count=732657 595256 591306 25537 565769 6766 6687 626 3950 22238 3299 137401 1936 290 226 145 480 6061 559003 513004 5527 4857 510591 26780 483811 442955 131874 502 45999 30824
is_linear=0
shrinkage=0.05


Tree=106
num_leaves=31
num_cat=0
split_feature=4 7 10 9 9 9 9 8 9 5 9 11 9 8 9 7 9 9 11 9 6 9 11 9 9 7 9 4 8 7
split_gain=80.8451 55.4066 48.6449 162.055 195.295 82.2502 145.277 74.7541 41.8829 39.0795 102.323 78.5633 38.5113 35.1968 80.5205 73.8251 31.8929 28.944 30.4972 33.6132 27.1513 43.0487 67.5961 51.0634 195.688 33.0534 31.1484 67.4904 46.77 40.1755
threshold=2149.9001464843755 7714069.5000000009 9.3452377319335955 1.0000000180025095e-35 14.500000000000002 23.500000000000004 33.500000000000007 0.60625335574150097 12.500000000000002 1289243.5000000002 20.500000000000004 -0.052248043939471238 44.500000000000007 0.24999500066041949 55.500000000000007 3211691.0000000005 23.500000000000004 53.500000000000007 0.18045505881309512 57.500000000000007 8681399.0000000019 67.500000000000014 -0.063008658587932573 104.50000000000001 94.500000000000014 3211691.0000000005 12.500000000000002 126500.00000000001 0.4800031185150147 3211691.0000000005
decision_type=8 10 2 2 2 2 2 8 2 2 2 2 2 10 2 8 2 2 2 2 2 2 2 2 2 8 2 10 8 10
left_child=-1 2 3 -2 7 -6 -7 -5 -3 10 -4 -12 -8 14 15 -13 -17 -14 -19 -20 -11 26 -23 24 -24 -25 27 28 -22 -30
right_child=1 8 9 4 5 6 12 -9 -10 20 11 13 17 -15 -16 16 -18 18 19 -21 21 22 23 25 -26 -27 -28 -29 29 -31
leaf_value=0.023454082297079362 0.00074705133823698268 0.00087918297486971539 -0.065469617447905346 0.0024459601845667625 0.00074705133823698268 0.012022496127965649 0.00074705133823698268 0.012022496127965649 0.0076059598041913305 0.00034646376709824938 -0.093885374512421155 -0.0067495466953285113 0.012022496127965649 0.00074705133823698268 -0.0067495466953285113 -0.014992607970272232 -0.048482384292353728 0.00074705133823698268 0.0049172057348297205 0.012022496127965649 -0.014874427706895375 -0.089772137311769543 -0.0054558832492721939 -0.043635727355120668 -0.047868132856807223 0.00074705133823698268 1.2703265293652969e-05 -0.087556722783891761 -0.0080261578908890387 0.00074705133823698268
leaf_weight=385.13441506773233 61393.212955862284 4425.5422681644559 73.460052981972694 2100.1990506649017 10100.791970804334 2492.9977961853147 6592.0753842517734 3569.7403954863548 4849.1978707686067 178037.68454878405 22.387972176074982 67.529062010347843 1323.6805330663919 575.02801461517811 175.13973396643996 74.026403404772282 140.07527686655521 2200.2230578884482 316.79949733614922 1293.2839995324612 818.28112438321114 22.245322972536087 2508.2632087897509 59.00282147526741 206.40403380990028 591.34402469918132 24865.491395264864 22.622382402420044 869.63033570349216 1727.3527187108994
leaf_count=471 131326 7369 284 3179 15966 3090 9983 4112 8986 439322 100 209 1727 1866 673 482 880 3388 538 1475 1914 94 7401 228 830 1531 79384 94 2185 3698
internal_value=0.000619292 0.00059091 0.000474082 0.00143762 0.00461505 0.00265512 0.00529523 0.0120225 0.00439709 5.64858e-05 -0.00921836 -0.00518199 0.00275597 -0.00307939 -0.0142461 -0.0350507 -0.0484824 0.00603493 0.00381547 0.00908736 0.000106441 -0.00124194 -0.00656717 -0.00596413 -0.00939264 0.000747051 -0.000604213 -0.00506365 -0.0044663 -0.00117789
internal_weight=311899 311514 302239 91383 29989.8 24319.9 14219.1 5669.94 9274.74 210856 1127.65 1054.19 11726.1 1031.8 456.77 281.631 214.102 5133.99 3810.31 1610.08 209728 31690.6 3387.26 3365.01 2714.67 650.347 28303.4 3437.89 3415.26 2596.98
internal_count=732785 732314 715959 174784 43458 36167 20201 7291 16355 541175 4494 4210 17111 4110 2244 1571 1362 7128 5401 2013 536681 97359 10084 9990 8231 1759 87275 7891 7797 5883
is_linear=0
shrinkage=0.05


Tree=107
num_leaves=31
num_cat=0
split_feature=6 7 4 9 9 9 8 6 3 6 8 9 8 11 8 9 11 12 9 5 12 11 0 9 9 9 1 7 10 6
split_gain=92.6393 86.2363 165.377 74.6592 74.5766 103.749 76.7036 135.973 71.1792 70.3625 68.483 62.7974 59.4624 55.1364 54.1543 88.9191 50.5689 50.4808 49.835 57.8569 101.216 56.7923 55.6229 49.5868 67.9111 48.9929 80.7995 55.8018 48.8089 48.6071
threshold=8681399.0000000019 1.0000000180025095e-35 198800.00000000003 11.500000000000002 91.500000000000014 121.50000000000001 0.95346027612686168 1885909.0000000002 0.052702000364661224 1885909.0000000002 0.56005865335464489 57.500000000000007 0.90019154548645031 -0.22840908914804456 0.48989796638488775 69.500000000000014 -0.020871212705969807 -0.0029897185740992423 78.500000000000014 5320895.5000000009 0.059870235621929176 -0.021418264135718342 0.033445190638303764 82.500000000000014 102.50000000000001 1.0000000180025095e-35 21.500000000000004 7714069.5000000009 16.062500000000004 3910147.0000000005
decision_type=2 10 8 2 2 2 8 2 10 2 10 2 10 2 10 2 2 2 2 2 2 2 2 2 2 2 2 10 2 2
left_child=1 4 3 -3 6 8 18 -8 -6 -5 16 -11 23 -4 -13 -16 -10 -12 -1 21 28 22 -20 -2 -25 27 -27 -15 -21 -7
right_child=12 2 13 9 5 29 7 -9 10 11 17 14 -14 25 15 -17 -18 -19 19 20 -22 -23 -24 24 -26 26 -28 -29 -30 -31
leaf_value=-0.00012048532992461008 -0.0013397030319956564 0.011953494876003501 -0.072523376462185804 0.054461753584017149 -0.031714978809949106 -0.0097960414233695271 0.0098387175852609164 0.0017201176635423553 -0.0092700105955198491 0.0028250463839607715 0.01993404761570379 0.0057905395936616727 0.01971281357840074 -0.0026513758097448559 0.027758688599762011 0.011288401884370018 0.011899810124481637 0.04213553726544006 -0.06647965891433022 -0.0069296992510587997 0.0017201176635423553 0.0017201176635423553 -0.014029590660554822 -0.016714677223531732 0.0025142188453307832 0.0028250463839607715 -0.00052848012973390104 0.0028250463839607715 -0.021822935427077975 0.040822363817052829
leaf_weight=151211.57278079912 46636.244255220518 3502.7835904881358 23.793018534779549 67.459255144000053 89.314508287236094 911.49965144693851 5943.8184781968594 7112.5631890743971 195.80012330412865 21278.616099074483 122.76234783232212 4245.3415305092931 325.42730193585157 16507.458275601268 988.10765992105007 532.86724379658699 2132.6494657322764 360.78951025009155 61.641569122672081 842.29843877255917 499.96912394464016 1747.5321096144617 79.987591698765755 1216.2652201410383 736.16355447843671 16969.728509381413 23552.805898472667 2548.7636589556932 1257.5384054705501 48.068438589572906
leaf_count=365911 129532 4820 71 55 313 2628 12058 25423 486 37845 318 7738 464 30813 1334 1021 5051 632 226 1826 794 4461 157 4003 2008 25736 57643 3793 5381 97
internal_value=0.000474224 0.000846051 0.0020988 0.0050856 0.000191293 0.00706041 3.40567e-05 0.00371488 0.0117722 0.00419749 0.013175 0.00406809 -0.00152371 0.000564491 0.00869568 0.0167863 0.00960287 0.0302652 -0.000274645 -0.00546518 -0.0103011 0.00119372 -0.0297793 -0.00166675 -0.00946927 0.000596113 0.00157933 -0.00149462 -0.0155795 -0.00718074
internal_weight=311750 262836 90217.7 30615.2 172618 3860.88 168757 13056.4 2901.32 27112.4 2812 27044.9 48914.1 59602.5 5766.32 1520.97 2328.45 483.552 155701 4488.97 2599.81 1889.16 141.629 48588.7 1952.43 59578.8 40522.5 19056.2 2099.84 959.568
internal_count=732638 596631 170869 52813 425762 9525 416237 37481 6800 47993 6487 47938 136007 118056 10093 2355 5537 950 378756 12845 8001 4844 383 135543 6011 117985 83379 34606 7207 2725
is_linear=0
shrinkage=0.05


Tree=108
num_leaves=31
num_cat=0
split_feature=5 9 11 4 9 6 1 9 4 7 12 4 6 9 9 9 12 2 7 4 9 9 11 4 7 7 11 11 12 2
split_gain=54.6828 45.7806 38.6517 37.8331 62.0477 30.2249 29.1968 63.4122 25.7535 23.0568 41.6531 94.6847 40.3364 87.4526 80.2255 55.5209 51.5829 59.5251 48.9237 92.4802 74.8232 69.8509 56.9106 50.0735 44.9905 41.4654 36.2999 36.2269 35.8583 35.2374
threshold=5320895.5000000009 231.50000000000003 0.18937674909830096 198800.00000000003 69.500000000000014 8681399.0000000019 21.500000000000004 12.500000000000002 78050.000000000015 7714069.5000000009 -0.040225563570857041 18850.000000000004 13897643.000000002 102.50000000000001 98.500000000000014 57.500000000000007 -0.16942908614873883 152.19678497314456 1.0000000180025095e-35 80100.000000000015 11.500000000000002 43.500000000000007 0.14833333343267444 159699.00000000003 3211691.0000000005 1.0000000180025095e-35 -0.065512266010045991 -0.17404401302337644 -0.028693893924355503 390.31552124023443
decision_type=2 2 2 10 2 2 2 2 8 10 2 10 2 2 2 2 2 2 10 8 2 2 2 8 10 10 2 2 2 2
left_child=2 9 3 6 5 -5 7 -1 -4 12 11 -11 18 14 15 16 17 24 -2 20 -20 27 23 -23 -14 -16 -17 -21 -15 -28
right_child=1 -3 8 4 -6 -7 -8 -9 -10 10 -12 -13 13 28 25 26 -18 -19 19 21 -22 22 -24 -25 -26 -27 29 -29 -30 -31
leaf_value=0.001246721030878235 -0.00033543343197092122 0.072553103848086858 0.0068769480209742596 -0.0090053187376834386 -0.075847663950012273 -0.070217949682874856 0.00044076544395008207 0.0027944917283520827 0.0027944917283520827 -0.0042650783295973705 0.0045733043179723154 -0.074673295191580891 -0.11775177769350419 -0.021502307129146768 0.027305008594428165 -0.043349328023642775 -0.0029283980393808653 -0.016646184463199237 0.01392265966096016 -0.054806561962926853 0.0034199947093961586 -0.0028146120654802468 0.0023493101825698848 -0.011042735927270852 -0.038611063183633672 -0.060088343224232177 0.003161529272302341 0.0011391083676702616 0.025328068777632967 0.025996988628183761
leaf_weight=33874.77603571862 114027.88982389681 19.757832296192646 5431.8489833250642 170.39196640998125 38.058114843443036 18.397859700024128 62102.179314536974 17423.184200718999 3998.2474159225821 305.06893288344145 4750.1029215753078 51.406136482954025 23.143680676817894 44.209098398685455 14.889167025685309 38.277351550757885 20184.624483000487 71.13660828769207 1934.4629934951663 26.97057843953371 13669.902582332492 680.21696354448795 947.10564067214727 3490.9952279664576 76.536883443593979 84.627139195799828 3075.6410670969635 24745.190638311207 382.75042349286377 176.83244197070599
leaf_count=60354 299115 33 7416 527 226 95 159499 26534 5967 529 8548 157 100 112 41 116 62384 93 2632 72 25273 1337 1434 10097 202 360 9017 49418 916 176
internal_value=0.000564215 2.97339e-05 0.00138432 0.00112899 -0.0191806 -0.00900532 0.00116996 0.00205268 0.00445999 2.1376e-05 0.00333469 -0.0131035 -7.07668e-05 -0.00197403 -0.00237803 -0.00218743 -0.00316159 -0.030364 0.000217658 0.00160387 0.00472362 -2.50002e-05 -0.00534132 -0.00797853 -0.0589405 -0.0467326 0.00383666 0.00107378 0.0204014 0.00441827
internal_weight=311879 188822 123057 113627 226.848 188.79 113400 51298 9430.1 188802 5106.58 356.475 183695 24172.7 23745.7 23646.2 20355.4 170.817 159523 45494.8 15604.4 29890.5 5118.32 4171.21 99.6806 99.5163 3290.75 24772.2 426.96 3252.47
internal_count=732780 472162 260618 247235 848 622 246387 86888 13383 472129 9234 686 462895 73517 72489 72088 62779 395 389378 90263 27905 62358 12868 11434 302 401 9309 49490 1028 9193
is_linear=0
shrinkage=0.05


Tree=109
num_leaves=31
num_cat=0
split_feature=7 7 9 12 8 6 8 9 3 9 9 4 4 8 9 9 9 8 9 11 3 8 0 4 9 7 9 6 4 9
split_gain=70.7285 60.2175 59.1475 56.7981 52.7224 42.545 48.4309 40.4464 48.2644 40.3081 339.886 74.6522 64.8579 54.066 38.0754 65.2862 37.0894 61.033 45.3246 144.53 65.8498 65.3319 46.2404 41.6729 37.955 36.6669 34.8631 33.6152 68.3153 42.076
threshold=3211691.0000000005 7714069.5000000009 150.50000000000003 -0.023367604240775105 0.01668212749063969 1237896.0000000002 0.4714436680078507 76.500000000000014 0.64834192395210277 1.0000000180025095e-35 11.500000000000002 197024.50000000003 49000.099609375007 0.44452822208404547 12.500000000000002 21.500000000000004 126.50000000000001 0.040300894528627403 89.500000000000014 -0.021418264135718342 0.10686470568180086 0.4167881458997727 0.0091326101683080214 62050.000000000007 112.50000000000001 3211691.0000000005 105.50000000000001 8681399.0000000019 64010.000000000007 44.500000000000007
decision_type=8 10 2 2 10 2 10 2 8 2 2 10 8 10 2 2 2 8 2 2 10 8 2 8 2 10 2 2 8 2
left_child=27 2 5 -4 -5 6 -2 14 -9 11 25 12 13 -7 -3 -16 18 -18 -12 20 -20 22 24 -23 -21 -11 -22 -1 -29 -30
right_child=1 7 3 4 -6 9 -8 8 -10 10 16 -13 -14 -15 15 -17 17 -19 19 21 26 23 -24 -25 -26 -27 -28 28 29 -31
leaf_value=0.0035002865950211079 0.0073168445398657305 0.001103529663098745 -0.041435716109813565 -0.008627825705374596 0.032151787051041901 -0.0010501648754490066 0.066990212892282561 -0.068334779943574814 -0.00096792612562846187 0.012178436498872363 -7.0172857806565856e-05 -0.066498949198182208 -0.0028370650804965293 0.0030363575960280077 0.036429735979869836 0.0063379535309735493 -0.064449888220996496 -0.0074315026650229573 -0.088025163013800589 -0.0097573729095772541 -0.0097573729095772541 0.02048372784863357 0.0075747115429695925 0.0081311402672015788 0.001521719493784145 0.023791998414713481 -0.041183075189325825 0.0074478177938448022 -0.00045502266455142856 -0.010636682114847995
leaf_weight=24930.512094259262 111.86477002501488 4469.3239666596055 34.232311367988586 57.705301858484745 328.82189451903105 10276.746556863189 47.222911491990089 39.728956140577793 73.4337337911129 1431.4165926724672 203940.44466388598 41.889232486486435 28782.072290897369 12434.90382656455 185.70962788164616 4611.4686734676361 49.093621775507927 587.93510068207979 36.578068390488625 1144.6541267745197 207.32673777639866 1110.0828514918685 1809.0096551850438 812.45592673867941 251.0290372222662 1307.420996196568 111.89841069281101 2597.7072225287557 8214.116121776402 1155.7462495192885
leaf_count=43058 227 7411 94 211 623 22443 32 130 159 1876 511149 227 69233 22512 150 8670 219 1656 159 3883 416 2168 3348 2231 634 1345 349 4897 19914 3290
internal_value=0.000399574 0.000123098 -1.63163e-05 0.0186709 0.0241801 -4.6185e-05 0.0256418 0.00405982 -0.025395 -6.1839e-05 0.000242013 -0.00131645 -0.00126085 0.000736735 0.00442492 0.00751757 1.37582e-05 -0.0120137 5.04578e-05 0.00453568 -0.0261922 0.00667742 0.00230287 0.0139594 -0.00453127 0.0177356 -0.0186031 0.00245474 0.000276455 -0.0017129
internal_weight=311193 274294 264915 420.76 386.527 264494 159.088 9379.66 113.163 264335 212799 51535.6 51493.7 22711.7 9266.5 4797.18 210061 637.029 209423 5483.03 355.803 5127.23 3204.69 1922.54 1395.68 2738.84 319.225 36898.1 11967.6 9369.86
internal_count=732714 661555 645035 928 834 644107 259 16520 289 643848 529433 114415 114188 44955 16231 8820 526212 1875 524337 13188 924 12264 7865 4399 4517 3221 765 71159 28101 23204
is_linear=0
shrinkage=0.05


Tree=110
num_leaves=31
num_cat=0
split_feature=16 6 9 7 6 4 9 9 9 4 9 9 9 12 3 3 6 8 9 12 9 5 3 3 10 7 9 12 2 9
split_gain=51.1966 187.661 97.6106 64.7135 94.3015 61.6714 55.9785 49.2896 44.254 59.4144 42.638 39.161 45.8307 37.7912 34.8248 33.5991 45.2557 49.06 32.3622 61.2985 49.0822 73.6285 41.9026 39.4124 33.5533 41.136 31.5246 31.2588 46.4754 27.9044
threshold=6.5000000000000009 3910147.0000000005 99.500000000000014 1.0000000180025095e-35 13897643.000000002 39610.000000000007 43.500000000000007 45.500000000000007 14.500000000000002 57040.000000000007 42.500000000000007 124.50000000000001 130.50000000000003 -0.079001326113939271 0.13163875043392184 0.017895999364554886 3910147.0000000005 0.28542743623256689 43.500000000000007 -0.097455322742462144 12.500000000000002 1289243.5000000002 0.095231425017118468 0.0058937692083418378 7.9444444179534921 7714069.5000000009 39.500000000000007 -0.029582916758954522 2.9631254673004155 83.500000000000014
decision_type=2 2 2 10 2 10 2 2 2 10 2 2 2 2 10 10 2 10 2 2 2 2 10 8 2 10 2 2 2 2
left_child=3 6 -3 5 -5 10 26 -8 9 -7 -1 13 -13 15 -14 -10 29 -18 20 22 21 -6 -20 -22 -21 27 -2 28 -26 -17
right_child=1 2 -4 4 18 8 7 -9 11 -11 -12 12 14 -15 -16 16 17 -19 19 24 23 -23 -24 -25 25 -27 -28 -29 -30 -31
leaf_value=0.0013632138712461207 0.014332696315451046 0.0017095513120045911 0.099290843639797413 0.0017095513120045911 -0.071120979118773672 -0.0010619568693744502 0.0017095513120045911 0.011686263591753489 -0.048562496765574642 -0.0070875603623190148 -0.00046661006897164795 -0.091757382622247016 -0.071150921157280278 -0.00052490567578181158 -0.0087208332445300983 -0.0033704605182940314 -0.027062533501360366 -0.0033704605182940314 -0.055885492116303115 0.0017095513120045911 -0.035468442043008801 -0.0020301848765823453 -0.016575243831991902 0.0017095513120045911 -0.016329832115790626 -0.016575243831991902 0.064553302632724588 -0.0018122765904402417 -0.0054002322378794172 -0.027062533501360366
leaf_weight=53790.247166998684 3675.3831803053617 8429.7488910108805 35.629786133766174 91375.527443692088 36.675199627876282 9121.0284896194935 492.22686902433634 1339.5804414600134 44.167829543352127 7417.5572857633233 22967.992606520653 16.877640776336193 21.657624647021294 64551.155834408477 423.70902549475431 2774.3325822129846 65.014845922589302 134.81189614534378 91.269648537039757 800.52068995684385 69.589353892952204 13275.015323884785 101.67615951597691 16204.290156759322 1159.0067851394415 435.42294543981552 29.691900603473186 11736.533937254921 582.31550951302052 34.770124480128288
leaf_count=114131 6919 32258 70 173527 176 19884 1668 2887 132 17072 60272 76 118 175660 1292 4755 245 238 281 1039 361 29563 187 45807 3157 1294 29 38676 1080 98
internal_value=0.000301971 0.00325633 0.00170955 0.000162773 0.000966781 -0.000514205 0.0112359 0.00407998 -0.00144524 -0.00376497 0.000512021 -0.000881506 -0.0153539 -0.0007821 -0.0120612 -0.00621602 -0.00556257 -0.0270625 -0.000933054 -0.00283263 2.41768e-05 -0.00223119 -0.0306872 0.00170955 -0.00246324 -0.00323438 0.0147698 -0.00274059 -0.00898819 -0.00391355
internal_weight=311233 14002.3 8465.38 297231 135868 161363 5536.88 1831.81 84605.1 16538.6 76758.2 68066.5 462.244 67604.3 445.367 3053.1 3008.93 199.827 44492.3 14906.7 29585.6 13311.7 192.946 16273.9 14713.8 13913.3 3705.08 13477.9 1741.32 2809.1
internal_count=732952 43831 32328 689121 295148 393973 11503 4555 219570 36956 174403 182614 1486 181128 1410 5468 5336 483 121621 45714 75907 29739 468 46168 45246 44207 6948 42913 4237 4853
is_linear=0
shrinkage=0.05


Tree=111
num_leaves=31
num_cat=0
split_feature=9 5 12 5 5 9 10 9 11 4 9 9 0 4 5 12 7 4 3 9 12 3 3 10 10 9 9 4 9 7
split_gain=59.4612 43.6945 57.0794 48.1748 97.105 89.4392 134.171 132.753 131.001 69.6495 61.1942 113.086 54.8896 50.3452 50.3159 49.9683 49.2264 79.5275 48.9902 57.323 52.3204 53.7291 47.8979 46.5613 46.0039 89.5326 53.0061 49.3992 44.2633 46.2193
threshold=153.00000000000003 1289243.5000000002 0.45565807819366461 10052930.500000002 12130922.500000002 65.500000000000014 18.267857551574711 59.500000000000007 -0.024623334407806393 80100.000000000015 22.500000000000004 30.500000000000004 0.10889327898621561 199700.00000000003 5320895.5000000009 -0.04111917503178119 3211691.0000000005 138500.00000000003 0.48041111230850225 44.500000000000007 -0.090006738901138292 0.25924760103225714 0.013957562390714886 13.211111068725588 12.775000095367433 132.50000000000003 44.500000000000007 64010.000000000007 23.500000000000004 7714069.5000000009
decision_type=2 2 2 2 2 2 2 2 2 10 2 2 2 8 2 2 10 10 10 2 2 8 8 2 2 2 2 8 2 8
left_child=1 2 -1 5 10 7 15 13 14 23 -5 -12 -11 -3 -8 -7 17 -10 20 -20 21 -13 -15 -9 26 -26 -6 -28 29 -24
right_child=-2 3 -4 4 24 6 8 9 16 12 11 18 -14 22 -16 -17 -18 -19 19 -21 -22 -23 28 -25 25 -27 27 -29 -30 -31
leaf_value=-0.0093892821998446067 0.018773592393432331 0.0019958852386864514 0.051419720813552117 -0.0037289647798050239 0.0014611911862935274 -0.0026736240701813979 -0.070814136713361328 0.032371691093418122 -0.0026736240701813979 -0.073263585332319872 0.011959025076839731 -0.039116819495788491 -0.0035560895091284283 -0.054029734377646903 -0.025037780276306355 0.002471121315470913 -0.011423820573925684 -0.025037780276306355 0.019502067443822838 0.0027205196693588837 -0.0016121837516900083 -0.010991387930044045 -0.0015906298016676779 0.0069527484690882282 -0.00034774276922733434 -0.080867039212263861 0.012870372956635054 0.00080062871277946648 0.0010901687612608849 0.0010901687612608849
leaf_weight=1530.1705495454371 441.59089862555265 101391.74411635473 37.623068548738956 25693.474393457174 35078.427837722003 1881.7063246294856 98.648205921053886 569.15202520042658 6463.8915750086308 35.897066235542297 1796.574555195868 210.52340281009674 22.408635199069977 38.714037533849478 120.82400807738304 12815.356160476804 2589.1292744390666 173.8511268235743 626.11269599944353 824.57176277786493 14710.396829180419 168.86076670885086 37967.677005268633 265.08519530296326 39062.775909082964 32.554585933685303 2040.741464689374 1119.2646677568555 18382.275701768696 5310.8143846169114
leaf_count=5369 968 215913 16 82140 58642 3850 391 564 23530 123 3499 547 16 174 440 25889 9556 955 1362 2225 47679 294 87582 506 100901 149 2670 1784 45344 9491
internal_value=0.000480514 0.000454424 -0.00786637 0.000496625 -0.000280041 0.000997664 -0.00184348 0.00141598 -0.00649207 0.020625 -0.00215435 5.2137e-05 -0.0314428 0.00131061 -0.0444969 0.00114482 -0.00557863 -0.00329589 -0.00124244 0.00752748 -0.00208644 -0.0203706 0.000184452 0.0243306 0.000787137 -0.000418924 0.00202018 0.00822054 0.000220242 -0.000816403
internal_weight=311501 311059 1567.79 309491 121364 188127 24143.4 163984 9446.34 892.543 44030.5 18337 58.3057 163091 219.472 14697.1 9226.87 6637.74 16540.5 1450.68 15089.8 379.384 61699.5 834.237 77333.8 39095.3 38238.4 3160.01 61660.8 43278.5
internal_count=732569 731601 5385 726216 301892 424324 64611 359713 34872 1209 137746 55606 139 358504 831 29739 34041 24485 52107 3587 48520 841 142591 1070 164146 101050 63096 4454 142417 97073
is_linear=0
shrinkage=0.05


Tree=112
num_leaves=31
num_cat=0
split_feature=12 6 16 6 11 12 4 3 6 4 4 8 10 8 5 5 4 5 7 11 12 5 5 5 3 5 12 3 3 11
split_gain=90.3792 68.5406 54.1285 231.558 47.5901 46.2016 44.0095 43.9356 51.2858 62.2544 40.429 37.6459 32.1105 63.4474 31.5781 31.1671 32.5523 31.0558 28.7334 27.2828 26.4266 26.0034 51.7303 25.7563 48.8575 24.1244 43.9593 43.3452 25.8884 24.0535
threshold=-0.31677702069282526 13897643.000000002 6.5000000000000009 1885909.0000000002 -0.021418264135718342 0.095594599843025221 70100.000000000015 0.013957562390714886 3910147.0000000005 196090.00000000003 32820.000000000007 0.90019154548645031 18.535714149475101 0.48393547534942633 16151869.500000002 13439690.500000002 196900.00000000003 10052930.500000002 1.0000000180025095e-35 0.030384115874767307 -0.036368066444993012 13439690.500000002 5320895.5000000009 1289243.5000000002 0.099720869213342681 5320895.5000000009 -0.086108740419149385 0.03636132366955281 0.10050348192453386 -0.024616437964141365
decision_type=2 2 2 2 2 2 8 10 2 8 10 10 2 8 2 2 10 2 10 2 2 2 2 2 10 2 2 8 10 2
left_child=6 2 5 4 -4 7 -1 8 9 10 17 14 -10 -14 15 16 23 -2 -9 -17 -15 22 -12 24 -3 27 -27 -25 -29 -28
right_child=1 11 3 -5 -6 -7 -8 18 12 -11 21 -13 13 20 -16 19 -18 -19 -20 -21 -22 -23 -24 25 -26 26 29 28 -30 -31
leaf_value=-0.02787261928815837 -6.2334897808161843e-06 -0.015020870951747527 0.0020366402423949155 0.0020366402423949155 0.014307715172208899 0.0020366402423949155 -0.11156557802280592 0.00021142604318001671 -6.2334897808161843e-06 -0.018803367083538428 -0.0023077216974144868 0.015623924314806701 -0.02787261928815837 -0.014900933078579343 -0.02787261928815837 1.3339699397106631e-05 -0.02787261928815837 -0.0023077216974144868 0.001100711977724524 0.0069784989415698807 -0.0017529502871737016 -0.0023077216974144868 -0.0093026899563837216 -0.011882335859026365 0.0069784989415698807 -0.015020870951747527 -0.0081794102812417138 -0.0013752584823404808 0.0030435857610816102 -0.0022340556532799427
leaf_weight=47.667333945631981 7409.9389035254717 134.64360854402184 643.26227723062038 7117.091907158494 4868.6633513942361 16455.831897340715 21.995622172951698 120463.15349527821 43286.571029290557 570.43868815712631 4761.4603740163147 314.94199734926224 78.773423347622156 75.775102406740189 24.056765370070934 7345.8641134630889 62.216089583933353 7538.3600422814488 25079.779849402606 1070.3023110255599 17210.607616625726 2908.6880874708295 4921.6716423034668 865.27841733209789 127.98513018339872 678.41724413633347 1930.8154460638762 16144.884344544262 4168.7654388844967 14230.63931607455
leaf_count=98 13045 901 1209 25658 9923 24491 86 309296 75763 1505 10127 472 367 217 121 20149 274 16643 45225 1634 45142 6014 14641 2144 290 1521 5291 43553 8812 47561
internal_value=0.000193129 0.000206086 0.000520231 0.00371392 0.0125929 0.000359359 -0.0559513 0.000164784 -0.000711942 -0.00248277 -0.00214338 -0.00155065 -6.23349e-06 -0.00216692 -0.00166693 -0.00162737 -0.00223212 -0.000384997 0.000699475 0.00112774 -0.00192925 -0.00423045 -0.0057019 -0.00216912 -0.0150209 -0.00205886 -0.00347124 -0.000935622 -0.000468213 -0.00294527
internal_weight=310559 310489 263390 12629 5511.93 250761 69.663 234305 88762.3 28110.6 27540.1 47098.8 60651.7 17365.2 46783.9 46759.8 38343.6 14948.3 145543 8416.17 17286.4 12591.8 9683.13 38281.4 262.629 38018.8 16839.9 21178.9 20313.6 16161.5
internal_count=732173 731989 599266 36790 11132 562476 184 537985 183464 61975 60470 132723 121489 45726 132251 132130 110347 29688 354521 21783 45359 30782 24768 110073 1191 108882 54373 54509 52365 52852
is_linear=0
shrinkage=0.05


Tree=113
num_leaves=31
num_cat=0
split_feature=9 3 10 7 5 9 6 8 7 0 8 5 5 10 0 8 0 9 8 4 10 9 9 4 6 16 8 4 5 9
split_gain=50.6397 59.774 58.4564 41.7429 40.9412 59.6228 66.1123 63.6333 49.0327 51.0162 52.4114 47.3022 67.5931 55.85 41.5211 50.8607 41.2702 40.3166 40.3561 37.6054 37.3344 40.6391 244.011 41.2746 36.8933 34.8697 34.6698 33.8919 36.3117 39.8147
threshold=111.50000000000001 0.11830328032374383 14.767857074737551 7714069.5000000009 1289243.5000000002 23.500000000000004 8681399.0000000019 0.24999500066041949 3211691.0000000005 0.15235813707113269 0.080018397420644774 5320895.5000000009 15089427.500000002 21.708333015441898 0.027334993705153469 0.53846231102943432 0.090593434870243086 103.50000000000001 0.94803845882415783 44050.000000000007 21.944444656372074 12.500000000000002 21.500000000000004 4005.099975585938 8681399.0000000019 6.5000000000000009 0.39987500011920935 7010.0000000000009 10052930.500000002 106.50000000000001
decision_type=2 8 2 10 2 2 2 10 10 2 8 2 2 2 2 8 2 2 10 10 2 2 2 8 2 2 10 8 2 2
left_child=3 2 -2 4 5 7 8 16 9 10 -7 20 17 -14 15 -8 24 18 -13 -12 21 23 26 -6 -1 -24 -23 -19 29 -29
right_child=1 -3 -4 -5 11 6 14 -9 -10 -11 19 12 13 -15 -16 -17 -18 27 -20 -21 -22 22 25 -25 -26 -27 -28 28 -30 -31
leaf_value=-0.015399672774380063 -0.012454711634337493 0.0092764603446869719 -0.073703677645901175 0.0036394016446110369 0.022223005237161766 -0.071098383380213501 -0.065386044914036157 0.016192489769222801 -0.065534455446142462 0.020284565560787924 -0.010400894233591841 -0.00096528989094875513 0.0018897083566299659 -0.0014168526335685905 0.029287456269210324 0.0067773224844423306 0.00089788605777373499 0.047049835494382179 0.011298270791112551 -0.041317830341520034 -0.00042356797649796595 0.018607098096678498 0.001785381834952077 0.00059354527150225428 -0.063571015602657002 0.01160619750118737 0.036655820197172784 -0.097595615836301899 0.0049045083248382484 -0.022518988082332932
leaf_weight=169.70464514940977 32.697512969374657 2242.7115891762078 47.369633335620165 9312.4929363057017 231.68770125508308 53.353518426418304 31.778277110308409 395.20684643089771 63.119243338704109 69.220693856477737 339.09802585840225 114183.40170161799 49883.659854989499 17163.026865795255 108.0593738630414 62.250731416046619 74.82526957988739 18.827479630708694 672.81097038835287 137.7716084625572 30667.608214667067 837.13709405064583 51274.259282529354 31603.088636346161 50.776767425239086 918.1445380449295 395.51286197453737 17.00257408618927 121.68224953114986 311.31151135638356
leaf_count=632 44 5255 246 16399 241 366 191 874 274 79 1194 315664 91378 50534 162 396 90 27 1134 720 88471 1073 97343 56575 380 1458 354 75 411 1031
internal_value=0.000398291 0.00775017 -0.0341859 0.000343006 0.000240607 -0.00784575 -0.0165795 0.00310684 -0.0241982 -0.0196421 -0.0249112 0.000282817 -0.000219178 0.00104326 0.00839123 -0.0157328 -0.0143967 -0.000953127 -0.000893256 -0.0194683 0.00107252 0.00161066 0.00247837 0.000593545 -0.0269653 0.00195858 0.0244483 -0.0155546 -0.0183706 -0.0269744
internal_weight=311490 2322.78 80.0671 309167 299854 1555.17 864.651 690.514 662.563 599.444 530.223 298299 182372 67046.7 202.088 94.029 295.307 115325 114856 476.87 115927 85259.8 53425.1 31834.8 220.481 52192.4 1232.65 468.824 449.996 328.314
internal_count=733071 5545 290 727526 711127 5358 3382 1976 2633 2359 2280 705769 460254 141912 749 587 1102 318342 316798 1914 245515 157044 100228 56816 1012 98801 1427 1544 1517 1106
is_linear=0
shrinkage=0.05


Tree=114
num_leaves=31
num_cat=0
split_feature=9 9 4 8 10 11 4 10 4 3 9 5 3 5 9 3 5 4 5 5 5 8 4 4 9 9 16 10 11 12
split_gain=53.91 384.496 65.1162 54.6848 54.5984 52.1882 54.7182 62.1089 40.323 34.2637 86.4451 30.53 50.8331 28.6791 28.6538 24.1323 23.9372 47.5023 31.3007 29.9619 27.5457 58.921 25.9582 24.1979 23.7618 52.6004 23.3428 29.698 27.3823 38.4757
threshold=1.0000000180025095e-35 11.500000000000002 197024.50000000003 0.28542743623256689 4.0833332538604745 -0.22840908914804456 30000.200195312504 5.9166667461395273 2149.9001464843755 0.064251437783241286 8.5000000000000018 1289243.5000000002 0.07426562532782556 15089427.500000002 7.5000000000000009 0.1956100016832352 5320895.5000000009 16920.000000000004 13439690.500000002 10052930.500000002 1289243.5000000002 0.31482119858264929 150200.00000000003 35620.000000000007 57.500000000000007 23.500000000000004 6.5000000000000009 9.5277776718139666 -0.033003883436322205 -0.019760101102292534
decision_type=2 2 10 8 2 2 8 2 8 10 2 2 10 2 2 8 2 8 2 2 2 10 10 8 2 2 2 2 2 2
left_child=2 3 8 9 15 6 -6 -8 -1 10 13 12 -7 -2 -11 -3 17 -10 19 23 21 -19 -20 -18 25 -14 27 -13 29 -29
right_child=1 4 -4 -5 5 11 7 -9 16 14 -12 26 24 -15 -16 -17 18 20 22 -21 -22 -23 -24 -25 -26 -27 -28 28 -30 -31
leaf_value=0.024280866780795253 -0.12692772827548035 0.002702596115214599 -0.064966418245393481 0.019372418773804273 -0.020877149179524518 -0.020877149179524518 -0.052590399902962416 -0.14896926728585502 0.0072586980081564174 0.0077466190502051965 -0.0114310599779207 0.0014565809873968256 0.002702596115214599 -0.03125070609223498 -0.0114310599779207 0.0082904496232872344 0.0025153071854748122 -0.032976379275353865 -1.9190811566399611e-05 -0.0046525548690954516 -0.0003283687829926559 0.0033819140798561475 -0.032976379275353865 -0.0025432253864470836 0.002702596115214599 -0.010873777518434487 0.002702596115214599 -0.0042211757050078158 0.00017121556632562556 -0.0009651714286980132
leaf_weight=155.51731112599373 21.435114115476608 2749.7717522904277 37.793527372181416 3059.7732158973813 30.690807938575745 385.47427745722234 20.436449781060219 19.894715964794159 2174.2241807132959 147.78874270617962 46.413451343774796 22241.926295399666 200.22164724767208 14.269306696951388 45.069425374269485 3050.2340791001916 3285.7875665575266 89.821811735630035 16770.724522724748 12362.642518013716 21221.794865489006 90.974095359444618 45.797682136297226 8414.2703477889299 297.86003053188324 403.19966158270836 7764.5247239619493 10805.387695625424 191809.81589371338 3428.6758046969771
leaf_count=167 94 4008 213 3435 36 1836 39 95 3091 173 57 33474 498 33 108 4056 5993 327 29848 39126 39106 158 124 19606 896 1547 24013 22142 492680 6364
internal_value=0.00025938 0.000596377 -0.00102575 0.017454 0.000365092 0.000247975 -0.0420153 -0.0843037 -0.00098634 -0.00387918 -0.0305258 0.000260976 -0.00741381 -0.0923763 0.00766363 0.00515722 -0.00104806 0.000220709 -0.00177978 -0.00293633 -0.00049487 -0.0198213 -0.000124733 -0.00112242 -0.000870406 -0.00812294 0.000302876 0.000210566 1.41874e-05 -0.00210156
internal_weight=311192 246543 64649.3 3334.75 243208 237408 71.022 40.3312 64611.6 274.976 82.1179 237337 1286.76 35.7044 192.858 5800.01 64456 23576.8 40879.2 24062.7 21402.6 180.796 16816.5 11700.1 901.281 603.421 236050 228286 206044 14234.1
internal_count=733343 595584 137759 3900 591684 583620 170 134 137546 465 184 583450 4777 127 281 8064 137379 42682 94697 64725 39591 485 29972 25599 2941 2045 578673 554660 521186 28506
is_linear=0
shrinkage=0.05


Tree=115
num_leaves=31
num_cat=0
split_feature=7 9 11 3 8 0 12 9 9 0 5 9 9 3 8 9 6 3 0 7 9 9 0 11 3 4 9 5 8 9
split_gain=92.1464 68.7367 117.02 79.5134 78.8925 60.8697 57.5499 43.2265 79.0607 87.9672 69.0038 59.247 233.404 58.1607 54.4181 49.4252 43.8726 78.5435 120.827 54.9743 65.4212 96.1141 91.7059 81.1277 79.0742 56.8584 67.7315 50.6773 46.587 115.319
threshold=3211691.0000000005 88.500000000000014 -0.012615652289241551 0.10686470568180086 0.4167881458997727 0.0076340327505022296 -0.31677702069282526 42.500000000000007 34.500000000000007 0.022814018651843074 16151869.500000002 1.0000000180025095e-35 11.500000000000002 0.36844848096370703 0.9333486557006837 21.500000000000004 8681399.0000000019 0.15820822119712832 0.014319890644401314 7714069.5000000009 44.500000000000007 55.500000000000007 0.017937581054866317 0.30356636643409735 0.029358250088989738 66050.000000000015 47.500000000000007 5320895.5000000009 0.42111454904079443 46.500000000000007
decision_type=8 2 2 10 8 2 2 2 2 2 2 2 2 8 10 2 2 8 2 10 2 2 2 2 8 8 2 2 10 2
left_child=-1 6 3 -3 5 -4 -2 8 11 13 16 -8 -13 -10 -14 -16 19 18 -18 20 27 22 25 24 -23 -22 -27 -9 29 -21
right_child=1 2 4 -5 -6 -7 7 10 9 -11 -12 12 14 -15 15 -17 17 -19 -20 28 21 23 -24 -25 -26 26 -28 -29 -30 -31
leaf_value=0.0028172343950147324 -0.043854657055975077 -0.050361429430473975 -0.0016339593517876638 -0.0057618796677019954 0.015230119187489639 0.0091067391629973248 -0.0010329560148080927 7.6248787918794275e-05 -0.0041627644508461488 0.016489251363400095 0.02498672571823736 0.01524604118505612 0.00051539438160803767 0.0090203776099223934 0.030498153482964981 0.0066840650342021475 -0.021905008492850597 -0.0017110562540624261 -0.0067949930035057522 0.017368244444701444 0.0044715336868871502 -0.021905008492850597 0.01136813102572035 0.011398311306902753 -0.00079155248062308305 -0.014287466860626492 -0.0011862749921235215 -0.0042052789021485544 0.033737661567693027 -0.021905008492850597
leaf_weight=36946.112455848604 72.677598901093006 111.57690338790417 1517.4963233806193 838.68208020925522 2214.9435185529292 2042.2312481179833 54928.432831376791 11420.596340276301 1658.7052697986364 1600.044369623065 255.44975747168064 2786.3176505938172 116929.26839013398 903.79153414070606 276.47455188632011 622.21467390656471 1146.0872417446226 9281.2508961930871 1240.1651652306318 543.18797434866428 3592.1860946342349 375.98841596953571 3588.563168540597 1359.9317819625139 36015.981564715505 1284.1156580448151 320.18699632585049 17501.401618238539 188.4274133220315 169.65946517139673
leaf_count=71057 173 418 5071 1945 4995 3758 120220 28726 3272 2046 508 3395 277116 1527 255 1173 4602 30622 2560 844 7727 1643 5266 1689 94508 3364 449 53787 187 405
internal_value=0.000472907 0.000157684 0.00514968 -0.0110934 0.0078255 0.00321221 3.24108e-05 4.46401e-05 0.000489727 0.0072986 -0.000861349 0.000328191 0.000948071 0.0015515 0.000609709 0.0128527 -0.000936924 -0.00379228 -0.0118789 -0.00050055 -0.000647313 0.000513309 0.00522312 -0.000582906 -0.00103123 0.000976794 -0.00684408 -0.00251472 0.0117613 0.00587418
internal_weight=311732 274786 6724.93 950.259 5774.67 3559.73 268061 267988 179705 4162.54 88283.2 175543 120614 2562.5 117828 898.689 88027.7 11667.5 2386.25 76360.2 75459 46537 8785.05 37751.9 36392 5196.49 1604.3 28922 901.275 712.847
internal_count=733308 662251 16187 2363 13824 8829 646064 645891 409004 6845 236887 402159 281939 4799 278544 1428 236379 37784 7162 198595 197159 114646 16806 97840 96151 11540 3813 82513 1436 1249
is_linear=0
shrinkage=0.05


Tree=116
num_leaves=31
num_cat=0
split_feature=7 12 6 0 16 6 4 3 7 6 10 6 12 8 4 4 8 10 3 12 6 10 12 0 10 12 6 12 12 12
split_gain=53.9644 52.992 43.4789 50.8264 43.3132 128.413 35.5959 30.7524 55.7039 29.0762 28.5426 23.0438 63.5895 61.2642 51.7643 22.4712 21.4279 50.3997 29.3195 18.3836 41.7942 17.6556 16.815 15.141 12.7891 42.2639 9.81118 25.3284 8.45408 8.41199
threshold=3211691.0000000005 0.36872987449169164 3910147.0000000005 0.044709488749504096 6.5000000000000009 1885909.0000000002 195300.00000000003 0.013957562390714886 3211691.0000000005 13897643.000000002 3.5227272510528569 1885909.0000000002 -0.072723474353551851 0.46156607568264013 196090.00000000003 17002.200195312504 1.0000000180025095e-35 9.3452377319335955 0.013957562390714886 -0.01471808413043618 3910147.0000000005 5.9166667461395273 -0.025937951169908043 0.066915426403284087 12.354166507720949 -0.13621868193149564 13897643.000000002 -0.067498289048671709 0.49392829835414892 -0.10579004511237143
decision_type=8 2 2 2 2 2 10 10 10 2 2 2 2 8 8 10 10 2 8 2 2 2 2 2 2 2 2 2 2 2
left_child=1 2 3 10 7 22 16 11 21 -8 -1 12 13 -2 15 -14 18 29 -4 20 -13 -9 23 -6 -22 -26 27 -27 -24 -18
right_child=4 -3 6 -5 5 -7 9 8 -10 -11 -12 19 14 -15 -16 -17 17 -19 -20 -21 24 -23 28 -25 25 26 -28 -29 -30 -31
leaf_value=-0.012387632902541801 -0.11910756244144448 0.018492397878539419 -0.02314588697865521 0.01028692465052816 0.0015427277498507802 0.0015427277498507802 -0.10031951694343594 0.0015427277498507802 0.0015427277498507802 -0.02314588697865521 -0.052706196483242762 -0.06431279998109779 -3.6339778476979181e-05 -0.028162511122580603 -0.028162511122580603 -0.0024484755161688736 0.0066602247893032835 0.0030335249280784081 0.0016901775283877736 -3.6339778476979181e-05 -0.001190125502675243 -3.6339778476979181e-05 0.01058960308581253 0.0070089622558405637 -0.063618562367605172 -0.020437474232763386 -0.0027709130264160133 -0.0044098876378096084 0.033496264669190728 0.01028692465052816
leaf_weight=65.250004157423973 21.524784535169601 496.70610395073891 98.856551039963961 54.861168056726456 556.27044603228569 8663.6170675456524 14.124384023249148 5285.7758953496814 33304.538754545152 18.371079862117767 92.660674005746841 25.126081764698029 6810.935531064868 33.371238082647324 103.93154417164624 20719.956288296729 132.6506666764617 6598.0658510886133 27555.804592438042 58107.081203674898 4658.9204532429576 127546.41149220616 4498.4221339896321 317.0135956928134 27.864284679293633 277.90907333791256 1602.5390877351165 2084.9516508877277 39.095775470137596 1664.2031948491931
leaf_count=123 94 538 239 58 1135 32981 62 7542 66229 52 295 79 11946 61 455 48372 245 12120 55259 142088 7949 323357 9602 405 90 609 4754 4426 30 2098
internal_value=0.000505787 0.002304 0.00208145 -0.0203497 0.000264918 0.00296646 0.00221485 0.000118999 0.000528575 -0.0485551 -0.0350622 -0.000601254 -0.00181394 -0.0546199 -0.0017051 -0.00156561 0.0022633 0.00447559 0.00159146 -9.84182e-05 -0.00234391 1.47276e-05 0.00957903 0.00321628 -0.00214913 -0.0043517 -0.00390338 -0.00631067 0.0108016 0.0102869
internal_weight=311477 36791.6 36294.8 212.772 274685 14074.4 36082.1 260611 166137 32.4955 157.911 94474.1 27689.7 54.896 27634.8 27530.9 36049.6 8394.92 27654.7 66784.4 8677.31 132832 5410.8 873.284 8652.18 3993.26 3965.4 2362.86 4537.52 1796.85
internal_count=733293 71089 70551 476 662204 44153 70075 618051 397128 114 418 220923 60928 155 60773 60318 69961 14463 55498 159995 17907 330899 11172 1540 17828 9879 9789 5035 9632 2343
is_linear=0
shrinkage=0.05


Tree=117
num_leaves=31
num_cat=0
split_feature=6 5 7 3 6 12 11 5 7 10 3 7 10 8 2 7 2 12 10 8 12 5 3 8 5 5 8 3 5 8
split_gain=32.5428 46.1318 28.1218 33.4634 26.1115 25.3426 25.1707 34.4524 28.0646 29.3245 26.5242 58.6839 66.002 36.0674 24.4491 21.3923 23.6599 43.3893 63.5232 73.1975 48.1223 33.3386 49.5273 20.6615 19.6318 19.2341 27.8987 23.9481 20.3991 19.2037
threshold=13897643.000000002 16151869.500000002 7714069.5000000009 0.058075461536645896 3910147.0000000005 -0.018707559444010254 -0.024951900355517861 5320895.5000000009 3211691.0000000005 18.038461685180668 0.13487647473812106 1.0000000180025095e-35 9.3452377319335955 0.5997946858406068 42.555532455444343 3211691.0000000005 12.74393939971924 -0.046699132770299905 12.535714149475099 0.46679636836051946 -0.053241055458784096 5320895.5000000009 0.051768040284514434 0.19986378401517871 13439690.500000002 5320895.5000000009 0.30010800063610082 0.042046222835779197 13439690.500000002 0.42111454904079443
decision_type=2 2 10 10 2 2 2 2 8 2 10 10 2 10 2 8 2 2 2 8 2 2 10 8 2 2 10 8 2 8
left_child=2 6 15 4 24 -5 7 -2 -9 14 -8 13 -13 -12 23 16 17 18 -1 20 -20 -21 -23 -10 -4 27 28 -19 -27 -6
right_child=1 -3 3 5 29 -7 10 8 9 -11 11 12 -14 -15 -16 -17 -18 25 19 21 -22 22 -24 -25 -26 26 -28 -29 -30 -31
leaf_value=-0.0017131343904344843 -0.0022957601999053609 -0.069246045837078982 -0.062754867131268197 0.007545023439315391 -0.014201430638046351 0.017684669317357123 -0.00085524086622946669 -0.0022957601999053609 -0.028931792973131667 -0.046706953514667297 0.0093729008310312039 0.014579446780683129 0.00069932814360825694 0.034750975955375567 -0.0022957601999053609 0.00055937567608373184 0.0077580276650709009 -0.0017131343904344843 -0.14301133330002166 -0.011671425218471941 -0.04741378867936117 -0.04741378867936117 -0.011671425218471941 -0.011557399689877656 -0.00041983342727716709 -0.0017131343904344843 0.004719225718520602 0.0045083936651338277 0.0016811115090434596 0.0033284584131818892
leaf_weight=1344.4868944585323 1821.9090600162745 22.483338721096516 24.649010702967644 116.71470386534929 158.72728717327118 852.56968624889851 34704.237965410575 569.6232233196497 183.64542804658413 58.416274674236774 640.46087120473385 856.15138150006533 6872.6878705993295 178.14886295795441 247.88570713251829 231991.77828200534 1717.8408794999123 421.63686144351959 17.257654666900635 239.37608972191811 29.243240848183632 152.64917215704918 34.000264018774033 1192.7488017827272 24.063516423106194 3365.1620894595981 1558.8821689486504 9803.4382813349366 6326.0848440676928 5650.9139852896333
leaf_count=2019 3487 119 77 227 310 1104 104091 1094 510 259 1762 1038 16380 365 444 544434 2250 780 81 393 69 423 30 3220 42 7017 2554 16724 11518 9236
internal_value=0.000576711 -0.000630254 0.000793323 0.00395998 0.00253391 0.0125561 -0.000594732 -0.00435079 -0.00906687 -0.0124448 -0.000240734 0.0022539 0.000903849 0.014967 -0.0111566 0.000709166 0.00209846 0.00168042 -0.00573455 -0.0216297 -0.0799019 -0.0149256 -0.033288 -0.0139999 -0.0331929 0.00230828 0.000881459 0.00387766 -0.000209982 0.0028448
internal_weight=311178 47348.4 263829 6827.64 5858.35 969.284 47325.9 4074.23 2252.32 1682.7 43251.7 8547.45 7728.84 818.61 1624.28 257002 25010.1 23292.2 1817.01 472.526 46.5009 426.026 186.649 1376.39 48.7125 21475.2 11250.1 10225.1 9691.25 5809.64
internal_count=732057 132769 599288 10996 9665 1331 132650 9014 5527 4433 123636 19545 17418 2127 4174 588292 43858 41608 3015 996 150 846 453 3730 119 38593 21089 17504 18535 9546
is_linear=0
shrinkage=0.05


Tree=118
num_leaves=31
num_cat=0
split_feature=9 9 9 9 1 12 9 9 4 11 3 3 11 9 11 12 3 6 11 6 8 4 9 9 3 4 9 9 4 0
split_gain=45.6769 48.114 33.2865 154.51 81.5334 121.208 66.6962 98.6619 55.8106 70.6836 62.1918 55.725 45.1112 44.4323 43.331 42.131 39.9416 39.4943 47.7779 38.8678 87.4603 47.7701 38.7163 318.513 62.6377 58.0232 41.5829 421.631 68.7201 59.1367
threshold=170.50000000000003 178.50000000000003 65.500000000000014 57.500000000000007 12.500000000000002 -0.091888528317213045 55.500000000000007 50.500000000000007 26040.000000000004 0.057116750627756126 0.56530186533927929 0.12627979367971423 0.11051777377724649 66.500000000000014 0.34218975901603704 -0.066662110388278947 0.0090917046181857603 3910147.0000000005 0.095914501696825041 3910147.0000000005 0.86544084548950206 2149.9001464843755 1.0000000180025095e-35 11.500000000000002 0.25647981464862829 197024.50000000003 12.500000000000002 21.500000000000004 8010.0000000000009 0.082843139767646803
decision_type=2 2 2 2 2 2 2 2 8 2 8 8 2 2 2 2 8 2 2 2 10 10 2 2 8 10 2 2 8 2
left_child=2 -2 3 6 -4 8 7 22 -6 10 -10 17 15 14 -13 -5 -8 18 -7 21 -21 -18 25 24 -24 -1 28 -28 -25 -30
right_child=1 -3 4 12 5 11 16 -9 9 -11 -12 13 -14 -15 -16 -17 19 -19 -20 20 -22 -23 23 26 -26 -27 27 -29 29 -31
leaf_value=-0.00058133234036008945 0.045758509799400993 -0.0016930214066131128 0.010527000836786661 -0.025448902511425005 -0.017717090780803312 -0.012933520724257167 -0.037147217014569467 0.019814269518332293 -0.12721634569114557 -0.033403298129246049 -0.060135225517556894 -0.0033422024906455076 0.02196951432886084 0.00088764012796909884 0.004452086376277831 0.0086880528001955365 0.017602153249099858 -0.0033422024906455076 -0.0033422024906455076 -0.0071107701426121371 0.045302978848275235 -0.0015528301119327671 0.0060254734547333724 0.012642660571868037 0.020931544817516887 -0.063287520490374713 0.019499138782147537 0.00047751224132209174 -0.0026406190984771161 0.0053618807096002105
leaf_weight=64564.659275397658 111.15325936675072 100.93601944297552 1435.1410329267383 91.006407953798771 65.380247041583061 2814.2892612852156 83.696485001593828 656.88012211024761 47.108075991272926 138.45878018438816 32.432004332542419 9998.5347327962518 667.46864750981331 19387.242554333061 416.90551049262285 3339.2045477703214 337.51002553105354 1568.1882056277245 771.99460899829865 5093.6475415229797 78.882984779775143 7879.679328456521 1029.7641678377986 848.11722662299871 2245.625585898757 34.912342950701714 2965.5373728200793 159243.1932984814 22339.665947049856 2572.7497356235981
leaf_count=137022 141 262 1858 192 87 10689 394 926 208 313 74 31613 763 48324 490 6120 657 3955 1409 13002 97 20393 1456 1145 2426 207 3861 395329 45297 3724
internal_value=0.00028365 0.0233709 0.000267742 0.000457046 -0.00114685 -0.00162283 0.000310749 0.000490875 -0.0340764 -0.0490895 -0.0868672 -0.00135781 0.0100909 -0.000527419 -0.00316107 0.00776807 -0.00311797 -0.00615699 -0.00957983 -0.00289974 -0.00629424 -0.000761973 0.000441108 0.000798584 0.0162517 -0.00061718 0.000529141 0.000825506 -0.00133693 -0.00181382
internal_weight=310960 212.089 310748 274072 36675.7 35240.5 269975 256501 283.379 217.999 79.5401 34957.2 4097.68 29802.7 10415.4 3430.21 13473.4 5154.47 3586.28 13389.7 5172.53 8217.19 255844 191245 3275.39 64599.6 187969 162209 25760.5 24912.4
internal_count=732434 403 732031 633011 99020 97162 625936 591393 682 595 282 96480 7075 80427 32103 6312 34543 16053 12098 34149 13099 21050 590467 453238 3882 137229 449356 399190 50166 49021
is_linear=0
shrinkage=0.05


Tree=119
num_leaves=31
num_cat=0
split_feature=7 12 5 5 7 16 4 8 12 7 2 4 3 5 6 6 6 1 6 10 3 5 3 8 6 4 8 4 7 12
split_gain=41.0772 48.3418 39.4797 68.9127 73.9048 42.6446 41.4197 91.4733 55.6178 44.6335 39.1979 55.0064 61.3647 38.1116 48.9632 47.344 37.0744 34.4705 32.536 31.4125 81.7854 28.7093 39.5132 28.3231 27.5857 32.1979 25.7507 35.0468 29.6295 29.2707
threshold=3211691.0000000005 0.39604739844799047 12130922.500000002 10052930.500000002 3211691.0000000005 6.5000000000000009 199700.00000000003 0.010600838810205461 0.043991031125187881 3211691.0000000005 18.194635391235355 134020.00000000003 0.05715166591107846 5320895.5000000009 8681399.0000000019 13897643.000000002 3910147.0000000005 7.5000000000000009 8681399.0000000019 9.2750000953674334 0.013957562390714886 5320895.5000000009 0.14054110646247867 0.49488030374050146 8681399.0000000019 24050.000000000004 0.61116281151771557 178300.00000000003 3211691.0000000005 0.027958904393017295
decision_type=8 2 2 2 10 2 8 8 2 10 2 10 10 2 2 2 2 2 2 2 8 2 10 10 2 8 10 10 10 2
left_child=1 10 3 5 -5 6 9 8 -8 -2 11 19 -13 16 -15 -16 23 -7 -11 -1 -21 -22 -23 -9 25 -6 27 -4 29 -28
right_child=2 -3 26 4 24 17 7 13 -10 18 -12 12 -14 14 15 -17 -18 -19 -20 20 21 22 -24 -25 -26 -27 28 -29 -30 -31
leaf_value=0.0031562614873659068 -0.00016999195989680064 0.01790590127317734 0.00061063521965164778 -0.0020386060025428042 0.022638653827214972 0.01664206431575916 -0.078916955271234324 -0.025749423071816515 -0.025749423071816515 0.0029179282457925202 0.0078901505204961465 -0.062185503320915339 -0.013614155988637414 -0.00093444519477513602 -0.025749423071816515 -0.0065209642505196647 -0.0005434043052090845 0.0031970237234256725 -4.6982244078820745e-05 -0.013614155988637414 0.0015709984065241133 -0.0031989627226042825 0.0015709984065241133 -0.0005434043052090845 -0.043566233666534802 -0.020767181319559354 0.0019450269501149814 -0.014708447411322011 0.0089871466947941386 0.012258767668319556
leaf_weight=12311.933601655066 90032.142484497279 448.64894573390484 57806.114973977208 43469.281295701861 47.586285308003426 598.7448600679636 67.927040642127395 169.21733766794205 26.23290753364563 15448.735038563609 2200.8048699051142 77.826087139546871 78.746730215847492 7054.3908246271312 81.555421821773052 5338.9720721766353 30737.567673929036 2316.3788579627872 10940.050138866529 123.3808198235929 10554.391368299723 8832.494166187942 1859.8419836163521 113.54609066992998 110.06781713664532 319.65249572694302 6498.3549626320601 373.78522105515003 1866.8768780604005 686.04289010167122
leaf_count=20683 210470 490 126515 135994 73 832 403 509 31 27487 2962 279 155 16930 313 21029 70860 4834 25399 534 21649 20712 3402 318 557 1080 13496 1134 3102 881
internal_value=5.49443e-05 0.0016309 -0.000154854 -0.000496939 -0.00225401 -2.29759e-05 -0.000132196 -0.00144685 -0.0501598 0.000360044 0.00142731 0.00100654 -0.0283731 -0.0013391 -0.00368087 -0.00725346 -0.000543404 0.00596805 0.00216827 0.00114479 -1.42647e-05 0.000374083 -0.00152064 -0.0186491 -0.0217807 -0.0150506 0.000897734 0.000511713 0.00337834 0.00194503
internal_weight=310591 36488.1 274103 206872 43946.6 162925 160010 43589.4 94.1599 116421 36039.4 33838.6 156.573 43495.2 12474.9 5420.53 31020.3 2915.12 26388.8 33682 21370.1 21246.7 10692.3 282.763 477.307 367.239 67231.2 58179.9 9051.27 7184.4
internal_count=733113 70866 662247 517119 137704 379415 373749 110393 434 263356 70376 67414 434 109959 38272 21342 71687 5666 52886 66980 46297 45763 24114 827 1710 1153 145128 127649 17479 14377
is_linear=0
shrinkage=0.05


Tree=120
num_leaves=31
num_cat=0
split_feature=9 9 11 9 11 8 5 10 5 9 3 8 9 5 10 5 16 5 9 7 11 5 8 3 9 10 3 7 10 11
split_gain=29.0438 50.0088 82.8073 30.5931 133.989 77.2123 56.5781 36.8941 33.96 29.5839 96.4716 95.951 68.9375 67.2061 59.2122 113.331 51.1864 67.989 58.0208 59.5733 50.7531 40.9889 44.57 68.1426 54.1846 43.7218 37.4722 44.213 35.024 34.2899
threshold=170.50000000000003 178.50000000000003 -1.0000000180025095e-35 125.50000000000001 -0.0055510462261736384 0.16675345599651339 10052930.500000002 11.045454502105715 5320895.5000000009 88.500000000000014 0.046083213761448867 0.4167881458997727 84.500000000000014 5320895.5000000009 18.038461685180668 15089427.500000002 6.5000000000000009 15089427.500000002 86.500000000000014 3211691.0000000005 0.089218374341726317 1289243.5000000002 0.24999500066041949 0.082482058554887785 23.500000000000004 20.612500190734867 0.16446904838085177 3211691.0000000005 19.22500038146973 -0.010152646806091068
decision_type=2 2 2 2 2 8 2 2 2 2 8 10 2 2 2 2 2 2 2 10 2 2 10 8 2 2 10 8 2 2
left_child=3 -2 -3 9 6 -6 7 -5 -7 12 -11 14 21 29 -12 -16 17 18 19 -14 -17 22 23 -1 -24 -25 28 -28 -19 -13
right_child=1 2 -4 4 5 8 -8 -9 -10 10 11 13 16 -15 15 20 -18 26 -20 -21 -22 -23 24 25 -26 -27 27 -29 -30 -31
leaf_value=-0.058923952954254677 0.042282672214653427 -0.09018962233779354 0.016658873953622231 -0.022571106482323789 -0.022571106482323789 0.022236217480983037 -0.022571106482323789 -0.080549176646459567 -0.0028353350121545608 -0.074908062892330957 0.0040005042805180439 0.007404673760135253 -0.10958238294925793 0.007404673760135253 -0.0027329821127957932 -0.035202293687933116 0.025614509915162082 -0.022903041520762044 -0.0027804826096718364 -0.0088169469910177635 -0.0027329821127957932 0.00055281538098511662 0.013956580882652678 -0.0086231293197314204 -0.0086231293197314204 -0.035048346800784766 0.0095634140469791837 -0.017199276146341407 -0.051005567445502366 0.029253895957408599
leaf_weight=84.011822680011392 108.69989842176437 20.898941196501255 85.253012415021658 17.914290308952332 181.18069814145565 290.61438137292862 68.944637224078178 99.534107141196728 250.10477849841118 36.500362848863006 3041.0528373122215 113.15879889577627 23.870429866015911 900.84161134064198 898.75443631783128 186.01066443324089 125.72716668993235 127.62618596851826 3650.8574759643525 34.767077967524529 28.648627310991287 298037.01269016229 384.9081654921174 483.52846859395504 422.29848124086857 98.775151539593935 48.260904014110565 498.84258882701397 155.62018762715161 707.72159317135811
leaf_count=495 142 95 180 27 609 576 186 471 731 202 6263 218 111 2064 3249 828 357 291 11089 67 24 696464 864 1420 1471 891 57 1483 757 1174
internal_value=0.000471696 0.0187639 -0.00565602 0.000458938 -0.00869391 0.00110265 -0.0462449 -0.068141 0.0106719 0.000485804 0.00398809 0.00450348 0.0004177 0.0144209 0.000388483 -0.00946647 -0.00561199 -0.00648768 -0.00358773 -0.0520984 -0.0352023 0.000511663 -0.00780136 -0.0173517 0.000105472 -0.0111727 -0.0194032 -0.0116889 -0.0341172 0.0249384
internal_weight=311212 214.852 106.152 310997 908.293 721.9 186.393 117.448 540.719 310089 5912.69 5876.19 304176 1721.72 4154.47 1113.41 4665.57 4539.84 3709.49 58.6375 214.659 299511 1473.52 666.315 807.207 582.304 830.35 547.103 283.246 820.88
internal_count=732856 417 275 732439 2600 1916 684 498 1307 729839 14022 13820 715817 3456 10364 4101 14212 13855 11267 178 852 701605 5141 2806 2335 2311 2588 1540 1048 1392
is_linear=0
shrinkage=0.05


Tree=121
num_leaves=31
num_cat=0
split_feature=4 9 8 12 5 12 10 9 12 0 9 10 6 12 11 8 5 16 10 9 9 4 10 9 9 6 11 12 5 4
split_gain=41.8848 39.6685 69.7714 137.737 56.0664 59.4182 67.2783 35.2426 117.963 130.919 73.6654 50.8903 56.1031 42.5283 42.3273 42.2685 36.1968 40.4518 91.6945 33.6317 237.319 55.5247 50.2681 68.0572 69.5001 60.2481 45.2071 44.4689 38.1209 110.242
threshold=2149.9001464843755 88.500000000000014 0.42319878935813909 -0.080518092960119234 15089427.500000002 -0.027209595777094361 19.612500190734867 77.500000000000014 -0.04111917503178119 0.046620300039649017 68.500000000000014 14.690476417541506 1885909.0000000002 -0.043343897908926003 0.06128389202058316 0.66650778055191051 1289243.5000000002 2.5000000000000004 12.464285850524904 1.0000000180025095e-35 11.500000000000002 197600.00000000003 4.9166667461395273 12.500000000000002 21.500000000000004 8681399.0000000019 -0.049416434019803994 -0.051857864484190934 16151869.500000002 35003.500000000007
decision_type=8 2 10 2 2 2 2 2 2 2 2 2 2 2 2 8 2 2 2 2 2 10 2 2 2 2 2 2 2 8
left_child=-1 7 3 -3 -5 -6 -7 10 9 13 16 12 -10 15 -11 -9 17 18 -2 21 -21 -18 -22 25 -25 28 27 -26 -24 -30
right_child=1 2 -4 4 5 6 -8 8 11 14 -12 -13 -14 -15 -16 -17 19 -19 -20 20 22 -23 23 24 26 -27 -28 -29 29 -31
leaf_value=0.017888630096307881 -0.017139434910786771 -0.1005617431049541 0.0091823865109777886 0.0039982007126352793 -0.049534903992586393 0.001636978481240229 -0.027866141226135083 -0.096781568308931087 0.0091823865109777886 -0.032633875636181524 0.0091823865109777886 -0.0029753444583840252 0.0011939975166508365 -0.032795208480715918 -0.011055575403490879 -0.053271462212778647 -0.00050017759281225879 -0.0043481938430036532 -0.075778044551660997 0.0091823865109777886 0.0050051815066200003 -0.062207255492989555 -0.00089421331510074968 0.0027111180851040091 -0.0041008644551798713 -0.0080337115311590931 0.00073447999204599213 -0.00065663286186474416 0.0027111180851040091 -0.11255560312434319
leaf_weight=343.74838472902775 102.53191205859184 31.282945849001408 2045.0857746824622 4076.678930208087 60.291012704372406 652.85193921625614 197.60076218657196 84.578743383288383 1579.1187540367246 234.45708483457565 1441.3102428019047 7556.8964725323021 832.96883644163609 89.959204450249672 329.73481511324644 38.774639323353767 64266.834695026278 1187.4426209777594 73.30059533379972 3268.5583229064941 6137.1327078267932 34.475793227553368 20521.018208891153 2506.1013031154871 11969.800248451531 3613.6720159873366 173833.70267581381 3967.2837987020612 59.433066308498383 27.620349854230881
leaf_count=453 190 119 4221 10245 192 1386 853 355 2300 575 2431 23450 1561 258 521 99 136571 4307 411 3893 8540 212 39421 3416 23292 8436 448173 6913 96 114
internal_value=0.000495494 0.000476143 0.00417971 0.000816002 0.00149194 -0.00971081 -0.00619738 0.00038999 -0.00242197 -0.0211541 0.000493138 -0.000957052 0.00536334 -0.0545348 -0.0110556 -0.0737477 0.000435474 -0.00768678 -0.0299307 0.000473682 0.000760851 -0.000535196 0.000543574 0.000417055 0.000731703 -0.00208054 0.000500808 -0.00204775 -0.00103596 -0.0336789
internal_weight=311164 310820 7063.79 5018.71 4987.42 910.744 850.453 303757 10746.5 777.504 293010 9968.98 2412.09 213.313 564.192 123.353 291569 1363.28 175.833 290206 225904 64301.3 222636 216499 192277 24221.7 189771 15937.1 20608.1 87.0534
internal_count=733004 732551 17016 12795 12676 2431 2239 715535 29119 1808 686416 27311 3861 712 1096 454 683985 4908 601 679077 542294 136783 538401 529861 481794 48067 478378 30205 39631 210
is_linear=0
shrinkage=0.05


Tree=122
num_leaves=31
num_cat=0
split_feature=7 5 5 5 16 7 1 12 8 0 12 12 10 11 15 11 10 6 11 6 4 0 8 11 11 8 12 10 12 5
split_gain=46.7937 42.7081 70.6263 46.0017 75.5701 58.5347 50.0984 45.9682 62.852 43.2944 39.6061 38.4307 58.4289 80.3426 38.4375 32.8751 32.373 34.5398 34.1235 30.0729 30.0335 29.585 28.8195 36.1944 28.6297 28.0881 27.3857 23.3356 37.8982 22.697
threshold=7714069.5000000009 5320895.5000000009 13439690.500000002 10052930.500000002 6.5000000000000009 3211691.0000000005 6.5000000000000009 -0.053670633584260934 0.16658333688974383 0.0091326101683080214 -0.17593795061111447 -0.11958907917141913 10.267857074737551 0.11566292867064477 1.0000000180025095e-35 -0.01316526625305414 3.1000000238418584 3910147.0000000005 0.12629869580268863 8681399.0000000019 50851.400390625007 0.69782608747482311 0.51002511382102977 -0.0090220384299755079 0.52484878897666942 0.44434815645217901 0.44115051627159124 4.0833332538604745 -0.20471097528934476 1289243.5000000002
decision_type=10 2 2 2 2 8 2 2 10 2 2 2 2 2 2 2 2 2 2 2 10 2 10 2 2 10 2 2 2 2
left_child=1 9 3 4 11 -5 -6 8 27 22 -2 12 20 -14 15 -13 17 -16 19 -18 -3 -9 23 25 -4 -1 -11 -7 -29 -28
right_child=10 2 24 5 6 7 -8 21 -10 26 -12 14 13 -15 16 -17 18 -19 -20 -21 -22 -23 -24 -25 -26 -27 29 28 -30 -31
leaf_value=-0.073370583917274149 -0.051190954565378061 -0.0053796873311266489 0.00082217959956964169 -0.067859605441816614 0.031709421323595131 -0.011135721326343259 0.0068829692980972293 -0.0018211027731049895 -0.0048018863897723559 0.0022801012003672576 0.0039985311929615968 -0.0053796873311266489 -0.093231582643257094 -0.021466151917047201 0.0017859764180004256 -0.0013785085615706145 -0.00022346433103143383 0.0056997128949990341 0.0017859764180004256 -0.0045695440599575416 -0.021466151917047201 0.040317236299567245 0.0014424345344728031 -8.2603905282622013e-05 0.0089477600438217439 -0.021756388115003248 0.044197172750836455 -0.073979633772651959 -0.01956705265080964 0.009380660460183262
leaf_weight=33.211315952241421 30.631356261670589 646.01824562996626 71652.319335918874 32.00410184264183 252.33219953626394 176.37181724607944 1020.1954248398542 42010.564355798066 2226.44657651335 31458.729266643524 9312.9074651896954 2050.3461209386587 45.454913899302483 117.27463275194168 5228.2454539835453 14126.994652912021 28873.979492560029 1371.2252763286233 6426.6919873207808 4614.8133531026542 133.27017748355865 39.698960401117802 15309.231029164046 70884.118093989789 1098.7250460758805 12.977540627121924 48.068845622241497 31.429462254047394 963.20056721568108 772.46773278713226
leaf_count=156 76 1001 153924 127 300 293 2242 134288 4276 53130 16415 5510 194 255 10346 41591 79636 2117 10127 12390 285 25 31585 167631 1375 23 27 104 2400 963
internal_value=0.000322216 0.000214264 -0.000264337 -0.00106145 -0.000207034 -0.00228079 0.0118479 -0.00223162 -0.00782437 0.000953799 0.00380668 -0.000448467 -0.0104617 -0.0375526 -0.000297679 -0.00239686 0.000432463 0.0036759 -0.000103952 -0.000822599 -0.00537969 -0.00177941 0.00036912 -0.000112055 0.000945139 -0.0434302 0.00251575 -0.0174696 -0.0214315 0.0115228
internal_weight=311000 301656 183138 110387 64906.8 45479.7 1272.53 45447.7 3397.45 118519 9343.54 63634.3 942.018 162.73 62692.3 16177.3 46515 6599.47 39915.5 33488.8 779.288 42050.3 86239.5 70930.3 72751 46.1889 32279.3 1171 994.63 820.537
internal_count=732812 716321 462806 307507 165994 141513 2542 141386 7073 253515 16491 163452 1735 449 161717 47101 114616 12463 102153 92026 1286 134313 199395 167810 155299 179 54120 2797 2504 990
is_linear=0
shrinkage=0.05


Tree=123
num_leaves=31
num_cat=0
split_feature=5 5 12 7 0 4 4 7 12 11 11 0 7 3 1 4 12 7 12 3 0 12 0 4 7 7 3 4 3 12
split_gain=27.9475 45.9947 42.9213 62.9933 50.8038 34.7337 33.0896 30.3036 29.5044 26.8532 26.823 26.3672 23.9185 35.0474 23.0153 21.7944 21.6599 21.5522 29.9747 24.0518 20.6326 19.9512 17.9423 17.7562 17.5926 15.5194 12.4323 11.2959 11.044 10.8403
threshold=5320895.5000000009 13439690.500000002 -0.20471097528934476 7714069.5000000009 0.2269697040319443 inf 8010.0000000000009 3211691.0000000005 -0.043343897908926003 0.5924707055091859 0.37702684104442602 0.0082305916585028189 3211691.0000000005 0.64834192395210277 12.500000000000002 196600.00000000003 -0.0008975089294835924 7714069.5000000009 -0.017661913298070427 0.44283500313758856 0.18138528615236285 -1.0000000180025095e-35 0.69782608747482311 2149.9001464843755 3211691.0000000005 7714069.5000000009 0.21974209696054461 29679.900390625004 0.16699798405170443 0.080915343016386046
decision_type=2 2 2 8 2 8 8 10 2 2 2 2 8 10 2 8 2 10 2 10 2 2 2 10 10 8 10 10 10 2
left_child=2 5 3 -1 10 12 7 -4 -7 -3 -5 15 13 16 -13 24 -2 22 -19 -20 -12 -9 23 -14 27 -10 29 -8 -23 -18
right_child=1 9 6 4 -6 8 11 21 25 -11 20 14 17 -15 -16 -17 26 18 19 -21 -22 28 -24 -25 -26 -27 -28 -29 -30 -31
leaf_value=-0.0086898707606281062 -0.0011730803905740444 0.0008119633278679605 0.0044203416268546328 -0.12018644059223199 -0.0086898707606281062 -0.0070270021333418671 0.0012397029924636985 0.0037527576022019283 -0.0029063567564476143 0.0097691232301196432 -0.084132839885619287 0.0037527576022019283 0.012769386215071329 0.032501574425023438 0.0012397029924636985 -0.00055381940212194554 0.0024286793059809931 -0.0011730803905740444 0.012595626017114695 0.05006285353230986 -0.040774609475060432 0.014490097571165412 0.025943522106534535 -0.00044193219776602222 0.0012397029924636985 -0.0011730803905740444 0.0130030308148327 0.00025081233548456829 0.031067101674381571 0.0084290634341126578
leaf_weight=176.60621135681868 593.06558658182621 74715.756758213043 2158.9056898280978 20.650837585330009 35.631570115685463 2828.2979591488838 9493.6107127852738 38.716480039060116 14892.165018938482 844.24674958735704 30.112043932080269 10090.357716716826 197.14294844120741 104.79280909150839 22152.180919967592 35380.497492389753 1405.3664902709424 41.536889389157295 358.17439866811037 47.154739700257778 22.93049181997776 81.570982649922371 62.664238393306732 80452.819697450846 10624.363571476191 11120.485556967556 486.0035093203187 31781.30825849995 232.68828382343054 162.36767638474703
leaf_count=251 1121 159239 3661 83 51 6510 19255 77 45091 1048 95 14225 273 124 40204 83003 2818 116 580 42 35 111 56 215416 21016 38588 853 77983 282 190
internal_value=0.000339993 -4.22416e-05 0.000928435 -0.0183537 -0.0494026 -0.000681925 0.000973914 0.00665102 -0.00217874 0.000912299 -0.0728593 0.000854495 -0.000167416 0.0044155 0.0020763 0.000403101 0.00327981 -0.000322899 0.0106029 0.0171789 -0.0507361 0.0201927 -0.000383651 -0.00040475 0.00105544 -0.0016511 0.00603044 0.000250812 0.0252274 0.0038551
internal_weight=310632 188312 122320 285.931 109.325 112752 122034 2511.88 28840.9 75560 73.6934 119522 83911.1 2751.6 32242.5 87279.8 2646.8 81159.5 446.866 405.329 53.0425 352.976 80712.6 80650 51899.3 26012.7 2053.74 41274.9 314.259 1567.73
internal_count=732397 472065 260332 515 264 311778 259817 4131 90189 160287 213 255686 221589 5106 54429 201257 4982 216483 738 622 130 470 215745 215689 118254 83679 3861 97238 393 3008
is_linear=0
shrinkage=0.05


Tree=124
num_leaves=31
num_cat=0
split_feature=5 9 10 9 3 1 9 9 4 12 4 4 9 9 3 5 9 9 3 9 12 11 9 0 4 10 9 9 9 5
split_gain=70.1358 71.3905 81.5883 108.565 86.1876 65.9396 53.7833 57.1251 55.1668 52.0545 55.579 51.4135 50.2634 114.417 125.951 59.1237 57.5199 54.8491 60.8958 46.8648 41.1843 36.5684 42.5053 63.2449 34.4756 33.7644 73.9994 58.0145 143.266 53.3472
threshold=5320895.5000000009 45.500000000000007 14.535714149475099 46.500000000000007 0.10234026983380319 11.500000000000002 122.50000000000001 54.500000000000007 160500.00000000003 -0.10883838310837744 50000.500000000007 54100.000000000007 43.500000000000007 34.500000000000007 0.32970714569091802 15089427.500000002 32.500000000000007 27.500000000000004 0.23240856826305392 39.500000000000007 -0.079001326113939271 0.44517259299755102 23.500000000000004 0.10403138399124147 15004.399902343752 11.949999809265138 12.500000000000002 1.5000000000000002 11.500000000000002 1289243.5000000002
decision_type=2 2 2 2 10 2 2 2 8 2 10 8 2 2 8 2 2 2 8 2 2 2 2 2 10 2 2 2 2 2
left_child=25 9 3 11 6 -5 7 8 -4 10 -2 -3 13 15 -15 16 17 -11 -19 -16 -9 22 23 -12 -21 27 29 -1 -29 -27
right_child=1 2 4 5 -6 -7 -8 20 -10 12 21 -13 -14 14 19 -17 -18 18 -20 24 -22 -23 -24 -25 -26 26 -28 28 -30 -31
leaf_value=0.0013450927902754119 -0.0037454813995652205 0.019507772993825723 -0.0039021101886364609 0.018242962377216284 0.001191650711772099 0.0019234829702388845 -0.065563794399049968 -0.077211916782524884 -0.029267891429086302 -0.0010483285897784154 -0.083114959629201277 0.0051719186048787566 -0.00308020549484498 0.00023028552136875285 0.014819354547614128 0.00072184723178185333 -0.0034504707707796894 -0.0034504707707796894 0.030046409655778233 0.042126864687847786 -0.0029850383898275008 -0.011020039618605612 -0.018752627328925089 -0.02678156639465424 0.010407415676406987 -0.044102652031614994 0.00096179300317613564 0.019518039770613744 0.0031582676340658833 -0.0036278803705365038
leaf_weight=23780.541822582483 4105.3913157433271 1514.971415668726 406.53367032110691 625.72966343909502 19103.400959759951 12111.32163707912 35.525607066228986 16.767251521348953 453.08820278942585 62374.397241922095 67.185769006609917 1067.3515020832419 21090.99115299806 1753.2608944922686 975.62151048332453 45901.993136104196 10086.166024707258 167.84573321789503 293.45684326440096 319.74799060076475 4619.744040125981 225.53427222371101 296.09842234104872 190.9449353069067 44.314458288252354 80.251776188611984 74238.336976351216 1466.0857921876013 15147.159908898175 8156.6106598675251
leaf_count=42912 7159 2059 1078 672 56655 21539 221 74 1530 169155 232 1803 66420 3282 1505 91586 28536 350 380 392 16663 405 577 407 89 291 179394 1587 21723 15049
internal_value=0.000114147 -0.000493394 0.00138189 0.00424686 -0.00039989 0.00235059 -0.00589467 -0.00548527 -0.0173088 -0.00100003 -0.00607433 0.0135909 -0.000826609 -0.000436704 0.00905417 -0.000683896 -0.00156876 -0.000921048 0.0162193 0.0205845 -0.00328664 -0.0182946 -0.0264852 -0.0419702 0.0358688 0.00104297 0.00046289 0.0022273 0.00460416 -0.00403284
internal_weight=310716 187847 39954.4 15319.4 24635.1 12737.1 5531.66 5496.13 859.622 147893 4885.15 2582.32 143008 121917 3092.94 118824 72921.9 62835.7 461.303 1339.68 4636.51 779.763 554.229 258.131 364.062 122869 82475.2 40393.8 16613.2 8236.86
internal_count=733725 472769 102294 26073 76221 22211 19566 19345 2608 370475 8780 3862 361695 295275 5268 290007 198421 169885 730 1986 16737 1621 1216 639 481 260956 194734 66222 23310 15340
is_linear=0
shrinkage=0.05


Tree=125
num_leaves=31
num_cat=0
split_feature=12 9 9 10 9 3 5 9 16 3 9 4 11 3 3 9 9 9 9 9 3 5 5 2 12 9 3 12 4 10
split_gain=42.7496 31.9648 254.662 69.6314 68.9156 54.5864 51.8922 49.5324 46.5925 64.9119 45.1211 42.8486 41.3426 39.4759 38.7969 34.9617 79.545 36.1111 31.6579 35.4257 49.9085 29.5721 26.1699 25.7417 70.5564 35.1236 26.3064 25.3834 25.0135 24.6396
threshold=-0.31677702069282526 1.0000000180025095e-35 11.500000000000002 7.5357143878936776 12.500000000000002 0.17396961152553561 10052930.500000002 21.500000000000004 6.5000000000000009 0.013957562390714886 103.50000000000001 59020.000000000007 -0.12690342962741849 0.0090917046181857603 0.23034642636775973 22.500000000000004 29.500000000000004 44.500000000000007 14.500000000000002 12.500000000000002 0.68622446060180675 16151869.500000002 1289243.5000000002 2.2991542816162114 -0.046699132770299905 23.500000000000004 0.0090917046181857603 -0.10753119364380835 96100.000000000015 3.1000000238418584
decision_type=2 2 2 2 2 8 2 2 2 10 2 8 2 10 8 2 2 2 2 2 8 2 2 2 2 2 8 2 10 2
left_child=29 11 14 5 6 -4 13 -6 9 10 12 -2 -9 -5 -3 18 27 -18 19 -7 -21 22 -13 24 25 -14 -26 -17 -8 -1
right_child=1 2 3 4 7 15 28 8 -10 -11 -12 21 23 -15 -16 16 17 -19 -20 20 -22 -23 -24 -25 26 -27 -28 -29 -30 -31
leaf_value=-0.016992129516484721 0.00087025808498423509 0.0062798328596631496 0.0017919251432807583 -0.0039634338778185034 0.0017919251432807583 0.0070866593754646511 -0.0047169366182461588 -0.016992129516484721 0.0017919251432807583 0.00055876027324933716 -0.016992129516484721 -0.016992129516484721 -0.009170085313977101 0.0016295095586306458 0.018257368856922387 0.003923954744316077 0.003923954744316077 0.011652323595751786 0.003923954744316077 0.003923954744316077 0.036218946586399313 -0.016992129516484721 -0.0015771934205769439 -0.0004942528695289182 -0.0046462306516237102 -0.0046462306516237102 -0.0012511774904560384 0.026651147420460521 -0.016992129516484721 -0.063278444419757565
leaf_weight=47.738407209515572 26468.954593271017 976.71757446229458 7388.4114149883389 4985.5007604509592 1824.7438521161675 1004.1466908603907 9356.3748633414507 94.686333805322647 6416.2884489819407 144820.29052398354 256.3197845350951 68.918575018644333 2597.4526935368776 8584.5877435803413 2215.846189070493 105.65516103804111 2407.9197681993246 1917.0914548262954 3594.9416392669082 63.150305606424809 273.16723292320967 179.68445587158203 37906.263745889068 5063.580916389823 1281.7358913756907 1862.7748890072107 37797.499343816191 716.92918199300766 350.50683501362801 39.496341988444328
leaf_count=80 52716 1374 11250 10075 2372 1396 20475 236 20474 361085 1056 240 5453 15368 2480 161 3455 2388 5586 120 237 423 84191 7958 5611 3801 110908 731 916 112
internal_value=0.000304141 0.000314081 0.000574088 0.000389526 0.000153697 0.00343015 -0.00242241 0.000450547 0.000231705 2.66953e-05 -0.00154727 -0.000675487 -0.00143168 -0.000425557 0.0145992 0.00605598 0.00901129 0.00629444 0.00392395 0.011818 0.0258191 -0.0017478 -0.00164771 -0.00134804 -0.0020081 -0.00796456 -0.0013279 0.0232461 -0.00521333 -0.0342983
internal_weight=310667 310580 245956 242764 225292 17471.4 23277 202015 200191 193774 48954 64623.8 48697.7 13570.1 3192.56 10083 5147.6 4325.01 4935.41 1340.46 336.318 38154.9 37975.2 48603 43539.5 4460.23 39079.2 822.584 9706.88 87.2347
internal_count=732728 732536 594966 591112 565788 25324 46834 518954 516582 496108 135023 137570 133967 25443 3854 14074 6735 5843 7339 1753 357 84854 84431 133731 125773 9254 116519 892 21391 192
is_linear=0
shrinkage=0.05


Tree=126
num_leaves=31
num_cat=0
split_feature=7 5 8 8 12 12 10 12 7 3 4 4 6 3 0 12 10 3 12 11 6 12 8 11 3 5 12 11 3 6
split_gain=54.5524 41.9729 45.5893 29.2499 29.6461 24.8614 29.243 22.4148 20.3953 23.2126 20.0023 19.9442 52.463 40.4691 18.5836 17.6107 16.465 14.1735 13.6411 13.2599 12.5816 25.0866 11.9324 11.881 29.8488 34.5856 25.234 11.4411 11.8975 11.0886
threshold=7714069.5000000009 5320895.5000000009 0.91771242022514354 0.95346027612686168 0.052671926096081741 -0.31677702069282526 3.1000000238418584 -0.17593795061111447 3211691.0000000005 0.013957562390714886 2149.9001464843755 197900.00000000003 8681399.0000000019 0.017895999364554886 0.0082305916585028189 0.3292758315801621 15.845237731933596 0.5436544418334962 -0.0029897185740992423 -1.0000000180025095e-35 3910147.0000000005 0.013896316289901735 0.57604345679283153 -0.049416434019803994 0.0025190354790538554 12130922.500000002 0.34924985468387609 -0.004535615909844636 0.36220137774944311 13897643.000000002
decision_type=10 2 10 10 2 2 2 2 8 10 10 10 2 10 2 2 2 10 2 2 2 2 10 2 10 2 2 2 8 2
left_child=1 2 11 5 17 6 -3 -2 9 20 -4 14 13 -13 27 22 -11 -5 -12 -19 21 -7 29 24 25 26 -10 -1 -29 -9
right_child=7 3 10 4 -6 8 -8 15 23 16 18 12 -14 -15 -16 -17 -18 19 -20 -21 -22 -23 -24 -25 -26 -27 -28 28 -30 -31
leaf_value=-0.0059558072892996264 -0.035328613612273095 -0.015423527393170667 0.034281981326491344 0.0048876916185526201 0.036633281825287113 -0.015423527393170667 -0.073041653890634717 0.0045996565649765245 -0.015423527393170667 0.0048876916185526201 0.0062460202155692202 -0.073096020434453707 -0.076098638208533076 -0.0059558072892996264 0.0019285912776391416 0.019890660224114898 0.0022372276865093702 0.0103448206352278 0.013503320435644825 0.021298743756720546 0.00035353197985964527 0.0022372276865093702 0.011913372404141524 -0.00034836308745230546 -0.0012084760313226827 -0.0040917062608721369 -0.0040917062608721369 2.1956414473505936e-05 0.0012148961086772339 0.00054883219233458301
leaf_weight=51.310271829366684 33.954987809062004 40.942567490041256 87.003405161201954 291.16061952710152 89.114481292665005 45.236458376049995 24.846846610307693 6523.0027682632208 1240.0438058674335 2812.3919442892075 88.263851091265678 20.512014649808407 27.211750792339444 216.37417773529887 31756.444892011583 174.41918707638979 2083.7006360888481 42.039988607168198 815.2188973762095 259.60849582403898 14092.119456123561 28.429399073123932 398.07556962221861 152351.09129279666 8262.2429430186749 1158.7724874466658 82.470081642270088 48195.213490216061 36903.169593542814 2280.3926514685154
leaf_count=214 76 64 84 521 70 160 80 10459 3507 4172 190 115 149 662 53736 182 4519 99 1231 401 29267 11 553 402379 15510 2041 113 110324 86336 5173
internal_value=0.000338338 0.000221152 0.000955657 -0.000253362 0.0100675 -0.000292096 -0.0305662 0.00408682 -0.000280826 0.00126666 0.0116268 0.000865253 -0.012808 -0.00595581 0.00089636 0.00423707 0.00423377 0.00596421 0.00937424 0.0158019 0.000240689 -0.0154235 0.00393608 -0.000461703 -0.00206859 -0.00697494 -0.0130856 0.000511355 0.000539295 0.00355071
internal_weight=310475 301065 118161 182904 681.924 182222 65.7894 9409.85 182156 19061.9 990.486 117170 264.098 236.886 116906 9375.89 4896.09 592.809 903.483 301.648 14165.8 73.6659 9201.47 163095 10743.5 2481.29 1322.51 85149.7 85098.4 8803.4
internal_count=732398 715955 253041 462914 1091 461823 144 16443 461679 38129 1505 251536 926 777 250610 16367 8691 1021 1421 500 29438 171 16185 423550 21171 5661 3620 196874 196660 15632
is_linear=0
shrinkage=0.05


Tree=127
num_leaves=31
num_cat=0
split_feature=9 3 11 8 4 5 5 16 9 4 11 5 5 7 6 9 16 6 5 9 9 5 8 9 4 5 9 9 4 11
split_gain=52.524 71.3561 66.919 63.9778 39.0335 59.8236 43.082 52.8655 39.4534 34.1091 33.49 32.6665 44.4286 32.5674 27.0084 26.3058 23.8836 98.2708 23.5925 22.5447 98.9517 29.4056 35.5956 42.1248 24.8692 23.6398 97.2867 57.9906 107.746 72.4519
threshold=88.500000000000014 0.046083213761448867 -0.022907647304236885 0.28001515567302709 64010.000000000007 12130922.500000002 5320895.5000000009 2.5000000000000004 110.50000000000001 2149.9001464843755 -0.0055510462261736384 15089427.500000002 5320895.5000000009 3211691.0000000005 1885909.0000000002 91.500000000000014 6.5000000000000009 1885909.0000000002 10052930.500000002 82.500000000000014 83.500000000000014 1289243.5000000002 0.24999500066041949 13.500000000000002 29679.900390625004 5320895.5000000009 65.500000000000014 73.500000000000014 44050.000000000007 0.055263157933950431
decision_type=2 8 2 10 10 2 2 2 2 8 2 2 2 10 2 2 2 2 2 2 2 2 10 2 10 2 2 2 10 2
left_child=9 -2 13 11 5 6 7 -5 -9 -1 -7 12 15 14 18 -4 19 -18 -3 21 -21 22 23 24 -11 26 -23 28 -28 -30
right_child=1 2 3 4 -6 10 -8 8 -10 16 -12 -13 -14 -15 -16 -17 17 -19 -20 20 -22 25 -24 -25 -26 -27 27 -29 29 -31
leaf_value=0.016161841514229419 -0.055701966494302424 -0.0077732368374302729 0.0066552971618826159 0.011133933332273858 0.0066552971618826159 0.011133933332273858 0.011133933332273858 0.037347667098383247 0.020287205147079601 -0.025855288851806338 0.036435719566054271 -0.0030257285384542574 0.0066552971618826159 -0.025378377773315326 -0.0030257285384542574 -0.0030257285384542574 0.0081692405315590324 0.0011437895619765789 -0.025378377773315326 -0.11281073921148897 -0.0028671377410121111 0.0011437895619765789 -0.00010500357887054564 -0.0092144497652696233 -0.073843680541943221 -0.00020215330321044124 -0.00088861052888758322 0.0011437895619765789 -0.018798605556513141 -0.0072828151685591924
leaf_weight=332.08146025985479 46.846017109230161 238.50468884408474 338.89120302349329 218.93589881062508 908.94015651196241 68.605849400162697 713.17255513370037 546.19010353833437 169.13593171536922 90.978128284215927 430.49611465632915 663.87469487637281 1301.5045471154153 125.73893273621798 101.85921289026737 1218.2641060054302 5212.2056200504303 8599.0598514974117 50.117200344800949 18.556873045861721 4700.849620366469 104875.48401263729 801.61853636056185 483.35398874245584 38.986486405134201 169410.61714868434 3631.4933553375304 2496.647244669497 2294.0631040632725 718.50104141235352
leaf_count=439 242 542 655 436 2201 158 1816 833 384 278 664 1779 3326 355 122 3310 10795 32805 176 87 13972 215650 2320 2277 184 413299 9509 5550 7625 1209
internal_value=0.000293902 0.00453188 0.00494521 0.00630644 0.0115985 0.0156126 0.0111339 0.0218734 0.0294405 0.000194225 0.0307542 0.00171208 0.00447164 -0.0123579 -0.00453195 -0.00229142 0.00017664 0.00220784 -0.0183704 7.97425e-05 -0.00334704 0.000136542 -0.00704846 -0.0160938 -0.0411517 0.000172461 0.000729075 -0.00421787 -0.00668953 -0.013677
internal_weight=310846 7141.08 7094.23 6578.01 3055.48 2146.54 1647.43 934.262 715.326 303704 499.102 3522.53 2858.66 516.22 390.481 1557.16 303372 13811.3 288.622 289561 4719.41 284842 1414.94 613.319 129.965 283427 114016 9140.7 6644.06 3012.56
internal_count=732998 16999 16757 15562 6492 4291 3469 1653 1217 715999 822 9070 7291 1195 840 3965 715560 43600 718 671960 14059 657901 5059 2739 462 652842 239543 23893 18343 8834
is_linear=0
shrinkage=0.05


Tree=128
num_leaves=31
num_cat=0
split_feature=7 3 4 7 6 6 5 8 5 11 7 12 10 3 5 5 8 5 11 5 8 3 5 12 11 10 12 0 10 6
split_gain=35.3967 46.5258 35.3876 78.6529 56.3862 36.7753 38.6714 33.2078 32.1016 36.3818 37.3342 66.3588 30.9311 24.1921 23.1266 35.0916 27.0826 22.9692 22.8487 33.9142 19.4705 17.4526 17.2389 16.9159 15.0172 35.0243 46.6424 14.503 12.8808 28.4872
threshold=7714069.5000000009 0.0058937692083418378 inf 3211691.0000000005 1885909.0000000002 8681399.0000000019 16151869.500000002 0.23075190186500552 5320895.5000000009 -0.16502403467893598 3211691.0000000005 -0.057476550340652459 2.5833333730697636 0.28500056266784674 15089427.500000002 5320895.5000000009 0.26474732160568243 13439690.500000002 -0.049416434019803994 10052930.500000002 0.51002511382102977 0.52564999461174022 5320895.5000000009 -0.035392384976148598 -0.11524075269699095 7.3541667461395273 0.26254855096340185 0.011173533275723459 9.7750000953674334 1885909.0000000002
decision_type=10 8 8 10 2 2 2 10 2 2 10 2 2 10 2 2 10 2 2 2 10 10 2 2 2 2 2 2 2 2
left_child=2 7 3 28 -5 24 8 -2 23 -10 11 17 13 -6 15 -14 27 -11 19 -12 -17 -3 -9 -7 25 -4 -27 -16 29 -1
right_child=1 21 5 4 12 6 -8 22 9 10 18 -13 14 -15 16 20 -18 -19 -20 -21 -22 -23 -24 -25 -26 26 -28 -29 -30 -31
leaf_value=0.00019833312055581701 -0.065320954286848407 0.0032823938146915536 -0.0059411720671679064 0.052531513234065519 0.0060696703374282703 -0.0060379785944623043 -0.069813308531863835 -0.038203083866296179 -0.056175994847594141 -0.030049882914025539 -0.02917574800048553 -0.00028897246332943013 0.0028119678195405256 0.033348103478164373 -0.00028897246332943013 -0.00028897246332943013 0.0042705611329702424 -0.013846598254500199 -0.0053714600329907471 -0.010770240020629419 0.0042705611329702424 0.023619073066540056 -0.0099019797188660118 -0.00028897246332943013 -0.00028897246332943013 -0.071383637199652294 -0.022017464907695267 0.0021828963241295506 -0.00028897246332943013 0.0045466718428141661
leaf_weight=41403.990223057568 34.674184359610081 9107.8356939926744 202.03480743616819 54.081811562180519 3606.0937339663506 1345.1540767922997 19.248678043484688 39.953869476914406 31.405586630105972 148.00507660210133 294.03096261620522 5347.5430031940341 13371.337088443339 81.277270346879959 2462.3216670695692 7225.4344788491726 4665.1709789372981 77.322796314954758 7735.7586717158556 227.75387871265411 2701.0584284514189 104.7943429350853 87.720401376485825 13104.631258644164 65467.632191449404 56.205198764801025 35.707654431462288 1440.634099714458 125127.54333390296 4141.496931143105
leaf_count=77533 117 16105 305 46 5786 2701 102 102 100 431 1127 17372 25810 61 5621 17240 8587 123 29400 472 5548 121 136 37331 144681 174 45 2288 326199 7045
internal_value=2.39716e-05 0.00304911 -7.04659e-05 0.000296067 0.00243352 -0.000874012 -0.00238221 -0.0233228 -0.00233143 -0.00405024 -0.00392377 -0.000761108 0.00235436 0.0066887 0.00185243 0.00103539 0.00407329 -0.0274042 -0.0060575 -0.016169 -0.000288972 0.0035188 -0.0110852 -0.000682233 -0.000288972 -0.0115934 -0.0380938 9.52315e-05 -0.000149891 0.000593914
internal_weight=309748 9374.98 300373 206280 35607.4 94092.4 28330.9 162.348 28311.6 13861.8 13830.4 5572.87 35553.3 3687.37 31866 23297.8 8568.13 225.328 8257.54 521.785 9926.49 9212.63 127.674 14449.8 65761.6 293.948 91.9129 3902.96 170673 45545.5
internal_count=732709 16581 716128 481764 70987 234364 89159 355 89057 49025 48925 17926 70941 5847 65094 48598 16496 554 30999 1599 22788 16226 238 40032 145205 524 219 7909 410777 84578
is_linear=0
shrinkage=0.05


Tree=129
num_leaves=31
num_cat=0
split_feature=7 3 11 12 1 10 4 5 8 8 3 10 3 5 6 4 7 8 3 5 3 5 5 10 10 12 8 12 7 6
split_gain=41.4914 31.9352 21.2142 38.541 40.6811 25.253 26.7687 27.3319 22.3839 17.323 17.1046 19.1312 16.9421 14.3395 13.8917 37.2519 15.9524 68.1452 29.4733 23.0171 19.5545 23.0386 19.4962 13.9025 12.7176 12.311 12.0764 11.3849 21.1335 10.5429
threshold=7714069.5000000009 0.34456743299961096 -0.049675324931740754 -0.044947260990738862 9.5000000000000018 17.690475463867191 39440.000000000007 5320895.5000000009 0.44004479050636297 0.42111454904079443 0.0025190354790538554 6.0714285373687753 0.084114030003547682 15089427.500000002 8681399.0000000019 4005.099975585938 3211691.0000000005 0.53846231102943432 0.15820822119712832 5320895.5000000009 0.22402242571115497 5320895.5000000009 15089427.500000002 19.22500038146973 12.535714149475099 -0.080750361084938035 0.28581193089485174 0.5394209921360017 3211691.0000000005 1885909.0000000002
decision_type=10 10 2 2 2 2 10 2 10 10 10 2 8 2 2 8 8 10 10 2 10 2 2 2 2 2 8 2 10 2
left_child=2 -2 3 4 -1 10 12 -8 -9 -3 11 -6 -7 -13 16 24 17 18 19 26 21 -19 23 -22 -16 -18 -4 -27 -29 -12
right_child=1 9 14 -5 5 6 7 8 -10 -11 29 13 -14 -15 15 -17 25 20 -20 -21 22 -23 -24 -25 -26 27 -28 28 -30 -31
leaf_value=-0.0019652931007009614 0.0030909807073782863 0.012464461536001659 -0.00057422616861258955 -0.00057422616861258955 -0.0055428307770198672 -0.022677021798683764 -0.022677021798683764 -0.078275769285687635 -0.022677021798683764 0.03177511731368933 -0.0055428307770198672 -0.010385224989312769 -0.010385224989312769 -0.007769373248194252 0.04120958661168625 -0.00057422616861258955 -0.00057422616861258955 0.0066756701714361022 0.0066756701714361022 -0.00057422616861258955 0.033114401994085191 0.014436920315066968 0.014436920315066968 0.014436920315066968 0.013591174958950406 0.00037770740444189265 0.0029517931423896572 0.0041089281592737283 0.022763018648156576 -0.0036165408425100384
leaf_weight=2418.0866944119334 9132.4807245954871 61.159676745533943 764.04580713063478 4772.1075278893113 755.18531256914139 21.799009069800377 66.146989718079567 45.639034256339073 24.651325553655624 169.8776962980628 5407.7163985073566 2345.3117475360632 364.03691252321005 797.44594962894917 70.711193554103374 43260.964140146971 6264.3258759304881 291.28993656486273 1757.9641459360719 10298.601161651313 292.57495407760143 646.01537901163101 105.69814482331276 68.240049004554749 43.40093632042408 209319.27455057763 8688.941809900105 339.9292746335268 170.4276362657547 2028.7967359721661
leaf_count=3571 16170 111 1344 8133 1253 90 146 202 76 169 10466 5424 911 1403 56 124139 10529 527 2744 19499 282 900 187 122 86 505885 14955 477 164 3509
internal_value=0.000280638 0.00355811 0.000178805 -0.0014362 -0.00335636 -0.00526779 -0.0159999 -0.0349688 -0.0580151 0.0218379 -0.00477053 -0.00746912 -0.0103852 -0.00999592 0.000287747 -0.000535452 0.000437145 0.00169154 0.000994381 0.000439953 0.012357 0.00816468 0.0207092 0.0280857 0.0277566 0.000304122 0.00229543 0.000395932 0.00784015 -0.00361654
internal_weight=310793 9363.52 301429 19046.9 14274.8 11856.7 522.273 136.437 70.2904 231.037 11334.5 3897.94 385.836 3142.76 282382 43375.1 239007 22913.4 21509.6 19751.6 1403.82 937.305 466.513 360.815 114.112 216094 9452.99 209830 510.357 7436.51
internal_count=733530 16450 717080 35184 27051 23480 1425 424 278 280 22055 8080 1001 6827 681896 124281 557615 40560 38542 35798 2018 1427 591 404 142 517055 16299 506526 641 13975
is_linear=0
shrinkage=0.05


Tree=130
num_leaves=31
num_cat=0
split_feature=9 11 9 3 12 16 10 9 3 9 3 5 8 3 8 8 9 11 9 12 5 9 10 9 6 9 5 5 11 10
split_gain=28.1852 114.442 86.4232 74.0845 63.9246 61.552 76.6792 73.2121 71.0794 47.0328 44.0659 39.7303 53.1996 54.179 33.5938 33.2837 31.2987 31.2858 29.7592 29.2469 26.4983 24.2301 22.5527 57.3251 36.3292 53.2595 25.9587 22.4401 37.0928 59.9588
threshold=55.500000000000007 0.33731061220169073 49.500000000000007 0.0090917046181857603 -1.0000000180025095e-35 6.5000000000000009 18.774999618530277 57.500000000000007 0.12838535755872729 78.500000000000014 0.078340969979763045 1289243.5000000002 0.24999500066041949 0.081684678792953505 0.5997946858406068 0.90672317147254955 41.500000000000007 0.10439202934503557 7.5000000000000009 -1.0000000180025095e-35 10052930.500000002 96.500000000000014 11.949999809265138 54.500000000000007 3910147.0000000005 51.500000000000007 5320895.5000000009 5320895.5000000009 -0.22840908914804456 4.0833332538604745
decision_type=2 2 2 8 2 2 2 2 8 2 10 2 10 8 10 10 2 2 2 2 2 2 2 2 2 2 2 2 2 2
left_child=2 3 11 4 -2 6 7 -5 -9 10 -8 12 13 -1 22 27 18 -18 -15 -12 -6 -10 -4 24 26 -26 -24 -13 29 -29
right_child=1 -3 14 5 20 -7 9 8 21 -11 19 15 -14 16 -16 -17 17 -19 -20 -21 -22 -23 23 -25 25 -27 -28 28 -30 -31
leaf_value=-0.057609274756352295 -0.076168155228459267 0.012455147204559636 0.020805026053973524 -0.0026311999774508406 -0.015826394831138658 0.0055348276571933171 -0.015195491611784679 -0.0026311999774508406 0.0019829038006323589 -0.0026311999774508406 -0.010405810915479086 0.00077449353658175539 0.0009099697303384818 -0.035641732834946482 0.039187031500861821 0.0049340919578356457 -0.035641732834946482 -0.0098425151185973624 -0.0098425151185973624 -0.0042828004323881832 -0.045997275029798959 -0.00032414808840924088 0.010833797013140044 0.010833797013140044 -0.0083847162822782637 -0.10257788450485389 -0.031293120483292226 -0.01662044555842139 -0.00017739992240301602 -0.090238601515024594
leaf_weight=81.635838884860277 54.798195689916611 1535.0582842901349 323.13841303437948 12873.459497988224 131.30001898668706 1358.6458513811231 1431.4806287363172 3308.4762063845992 18766.282823808491 4415.9669977761805 927.42921814322472 97897.905163761228 621.67044226825237 47.079837322235107 142.19678740948439 3741.0162624269724 72.157700076699257 38.646864399313927 293.37328789383173 6500.310479849577 31.173667879775167 2951.3302777037024 45.962563306093216 103.0459885597229 32.725837856531143 26.343738496303558 43.616636037826538 53.752582430839539 152066.09165187553 30.04008474946022
leaf_count=469 281 1868 368 33009 740 3601 6870 7523 37905 15704 2934 201423 1753 178 139 6474 561 64 986 24063 240 6472 69 167 75 113 125 79 378381 106
internal_value=4.1036e-05 -0.00099367 0.000260747 -0.00138549 -0.0303884 -0.00126439 -0.00156902 -0.000423461 0.00120217 -0.00483894 -0.00716705 0.000211924 -0.00903418 -0.020595 0.0175709 0.000254059 -0.0136742 -0.0356417 -0.00984252 -0.00561613 -0.0158264 0.0019829 0.0121063 0.000862568 -0.022637 -0.0523764 -0.00231094 0.000184001 -0.000195945 -0.0330635
internal_weight=309946 54285.7 255660 52750.7 217.272 52533.4 51174.7 37899.5 25026.1 13275.2 8859.22 254943 1154.56 532.894 717.03 253789 451.258 110.805 340.453 7427.74 162.474 21717.6 574.833 251.695 148.649 59.0696 89.5792 250048 152150 83.7927
internal_count=732740 141210 591530 139342 1261 138081 134480 84909 51900 49571 33867 590474 4011 2258 1056 586463 1789 625 1164 26997 980 44377 917 549 382 188 194 579989 378566 185
is_linear=0
shrinkage=0.05


Tree=131
num_leaves=31
num_cat=0
split_feature=9 9 12 4 9 6 9 12 4 5 16 6 9 9 5 5 12 9 4 1 12 10 5 9 9 5 9 5 9 10
split_gain=38.127 40.3197 94.141 37.0965 25.0484 36.7333 53.0988 21.0599 37.6386 19.2492 18.424 59.5889 36.7406 26.9999 22.605 37.396 27.7313 24.9002 67.2688 56.0293 41.3718 28.0539 39.977 28.8527 23.1432 23.1094 24.6078 21.9682 28.4835 21.8529
threshold=170.50000000000003 156.50000000000003 0.01758784614503384 2149.9001464843755 178.50000000000003 3910147.0000000005 231.50000000000003 -0.31677702069282526 40005.000000000007 5320895.5000000009 6.5000000000000009 3910147.0000000005 43.500000000000007 45.500000000000007 5320895.5000000009 15089427.500000002 -0.20471097528934476 32.500000000000007 199700.00000000003 12.500000000000002 -0.12109820172190665 19.154761314392093 10052930.500000002 34.500000000000007 113.50000000000001 10052930.500000002 1.5000000000000002 13439690.500000002 10.500000000000002 11.759615421295168
decision_type=2 2 2 8 2 2 2 2 8 2 2 2 2 2 2 2 2 2 8 2 2 2 2 2 2 2 2 2 2 2
left_child=1 3 -3 -1 -2 6 -6 8 -5 -10 14 12 -12 -14 16 17 -9 18 -16 -19 -21 23 -23 -22 -17 26 -20 -27 -29 -26
right_child=4 2 -4 7 5 -7 -8 10 9 -11 11 -13 13 -15 15 24 -18 19 25 20 21 22 -24 -25 29 27 -28 28 -30 -31
leaf_value=0.016841166861332201 0.038642923340746427 -0.08820489658594291 0.037317715693686047 -0.011237389940444462 -0.083956924728418675 0.023486996860340514 0.038883478732098686 -0.011237389940444462 -0.036594339484852155 -0.092939695209234577 0.0085846146510400265 0.0011830514382364862 0.0011830514382364862 0.0082229770246473322 0.0010320800368896828 0.00086351891287273375 0.00081697921545547704 0.0011830514382364862 -0.0046457671482161662 -0.011237389940444462 -0.0028157047523021555 -0.0066579980014433247 -0.0028157047523021555 -0.00052735224852284979 0.0011830514382364862 -0.011237389940444462 -0.00092359438651174938 -0.00092359438651174938 -0.010883936119651149 -0.011237389940444462
leaf_weight=338.48079166561365 104.31507956236601 36.526317596435547 22.929610431194305 56.506596930325031 20.835612438619137 77.05427148193121 12.787336602807043 268.33059497177601 17.33623593300581 22.467742525041103 3576.6020918488503 8435.0204139575362 526.05009704828262 1364.5598053559661 42523.59093465656 68005.918233178556 120183.40609308891 7244.0288577675819 5611.6554775983095 243.11529751121998 7836.9967488124967 6245.2867217436433 4456.7395691759884 24149.875230167061 65.205690436065197 306.00067124515772 7025.7398884743452 911.8664313107729 967.43655256181955 189.58540362864733
leaf_count=444 133 176 25 79 100 133 34 471 32 81 6913 32319 1727 2957 105072 143341 256485 11711 13707 623 23598 28765 19356 58524 60 1346 19843 1681 2706 683
internal_value=0.000352795 0.000338157 -0.0401571 0.000346168 0.0213042 0.00456634 -0.0376787 0.000328062 -0.0228102 -0.0619513 0.000335395 0.0021142 0.0066092 0.00118305 0.000251902 -0.000109652 0.000779534 -0.000690719 2.1021e-05 -0.00150414 -0.00223776 -0.00207861 -0.00429436 -0.00133705 0.000805623 -0.00287927 -0.00205759 -0.00762472 -0.00456646 -0.0112374
internal_weight=310846 310631 59.4559 310572 214.992 110.677 33.6229 310233 96.3106 39.804 310137 13902.2 5467.21 1890.61 296235 175783 120452 107522 57346.3 50176 42932 42688.9 10702 31986.9 68260.7 14822.7 12637.4 2185.3 1879.3 254.791
internal_count=733125 732725 201 732524 400 267 134 732080 192 113 731888 43916 11597 4684 687972 431016 256956 286932 144355 142577 130866 130243 48121 82122 144084 39283 33550 5733 4387 743
is_linear=0
shrinkage=0.05


Tree=132
num_leaves=31
num_cat=0
split_feature=7 9 9 9 8 5 5 9 9 4 0 8 5 9 9 4 10 9 7 10 8 7 9 12 11 16 9 8 11 9
split_gain=39.6802 55.5617 46.9157 40.3408 54.3504 43.0819 39.3513 45.5857 92.1722 121.085 51.9208 65.1997 48.9719 56.4254 58.1481 90.4887 87.6943 69.0698 62.4176 55.9223 52.7841 51.5763 72.4112 52.7314 90.5706 50.8336 49.081 54.1892 49.0609 47.3857
threshold=3211691.0000000005 153.00000000000003 22.500000000000004 43.500000000000007 0.047809524461627013 1289243.5000000002 5320895.5000000009 42.500000000000007 34.500000000000007 36009.800781250007 0.025751547887921337 0.32438437640666967 16151869.500000002 44.500000000000007 47.500000000000007 65007.000000000007 15.267857074737551 57.500000000000007 3211691.0000000005 13.887499809265138 0.72422280907630932 3211691.0000000005 134.50000000000003 0.095594599843025221 -0.052248043939471238 2.5000000000000004 64.500000000000014 0.12494444474577905 0.37281277775764471 36.500000000000007
decision_type=8 2 2 2 8 2 2 2 2 10 2 10 2 2 2 8 2 2 10 2 10 10 2 2 2 2 2 8 2 2
left_child=2 6 -1 4 -4 -5 -2 8 -8 -10 11 29 13 -9 15 16 -15 18 -16 26 -20 22 23 24 -21 -17 27 -19 -28 -11
right_child=1 -3 3 5 -6 -7 7 12 9 10 -12 -13 -14 14 17 25 -18 19 20 21 -22 -23 -24 -25 -26 -27 28 -29 -30 -31
leaf_value=0.00066316337544768806 0.0010681079134494285 0.018346031442077828 -0.012726520918015977 -0.05269685114492384 0.0088445652842236138 0.0024227577133523618 0.00019844435211888612 -0.0035562102240477081 0.019302398606313848 -0.019820894091369626 0.0084798956847627616 -0.0010119919167484886 0.021021201994446279 0.016779544696325137 -0.0024694110069072091 -0.030246052920110233 0.0016413370086400222 0.0015343915240842746 -0.014449247291387919 -0.062320810226268446 0.01966227573806742 0.0015343915240842746 -0.072645209802347205 0.0015343915240842746 -0.0038532619272915211 -0.0022806362586205013 0.0015343915240842746 0.019972015233313607 0.016947221704567222 -0.087602379703376768
leaf_weight=22392.751749962568 105318.11820469238 425.64866964891553 307.42291601747274 33.600111447274685 5267.6931920126081 8616.2908970564604 109785.71382169612 19927.041103728116 1453.2901957929134 390.54123516380787 424.68138952553272 320.23684591054916 242.22710720449686 1783.4765061810613 6101.1653889045119 181.83960295468569 2061.9771189689636 167.51691551506519 1965.1536340974271 64.653151154518127 118.64697422087193 4549.0112197045237 35.301812373101711 883.20577393472195 10865.780602578074 1403.5963332056999 4830.1851640492678 890.26719319820404 529.03854857385159 25.894205302000046
leaf_count=42973 227252 919 624 144 8835 18274 269134 63214 2133 902 596 594 515 2498 16599 490 4979 339 5393 247 191 12556 170 1501 37514 3468 8232 1211 586 116
internal_value=0.000543665 0.000337592 0.00208974 0.00433501 0.00765096 0.00219652 0.000309515 -0.000163234 0.000419494 0.00969383 -0.00234261 -0.0105039 -0.00132043 -0.0014172 -0.000247059 0.0045245 0.00866733 -0.00108323 -0.00502297 0.00033049 -0.01249 -0.0012181 -0.00308783 -0.00286772 -0.00421043 -0.00552216 0.00428688 0.0141192 0.00234168 -0.0244342
internal_weight=311362 274744 36617.8 14225 5575.12 8649.89 274319 169000 112400 2614.64 1161.35 736.672 56600.1 56357.9 36430.8 5430.89 3845.45 30999.9 8184.97 22815 2083.8 16398 11848.9 11813.6 10930.4 1585.44 6417.01 1057.78 5359.22 416.435
internal_count=732199 661349 70850 27877 9459 18418 660430 433178 273475 4341 2208 1612 159703 159188 95974 11435 7477 84539 22183 62356 5584 51988 39432 39262 37761 3958 10368 1550 8818 1018
is_linear=0
shrinkage=0.05


Tree=133
num_leaves=31
num_cat=0
split_feature=9 6 7 4 9 6 9 9 9 10 9 9 9 12 3 9 3 10 3 9 12 5 3 9 9 5 5 11 10 4
split_gain=31.387 28.1776 62.1464 108.354 61.5488 41.8694 40.1138 34.3498 29.8437 29.2786 57.5645 26.5978 126.427 45.8948 54.5474 42.3255 102.032 41.5832 43.3355 26.1202 47.1029 28.9343 25.8243 36.9767 59.1563 27.4689 25.3569 37.4116 36.1733 25.2581
threshold=170.50000000000003 8681399.0000000019 1.0000000180025095e-35 198800.00000000003 110.50000000000001 1885909.0000000002 10.500000000000002 44.500000000000007 147.50000000000003 21.585714340209964 1.0000000180025095e-35 102.50000000000001 98.500000000000014 -0.022943723015487191 0.38830666244030004 91.500000000000014 0.31188309192657476 13.887499809265138 0.59042680263519298 178.50000000000003 -0.0029897185740992423 13439690.500000002 0.29996180534362799 75.500000000000014 63.500000000000007 13439690.500000002 5320895.5000000009 0.073747340589761748 20.816666603088382 40005.000000000007
decision_type=2 2 10 8 2 2 2 2 2 2 2 2 2 2 10 2 10 2 8 2 2 2 10 2 2 2 2 2 2 8
left_child=1 2 -1 5 9 -4 -7 -8 -6 10 -5 12 15 14 -13 -3 -17 -14 -19 -2 21 -21 25 24 -24 -9 27 29 -28 -15
right_child=19 11 3 4 8 6 7 22 -10 -11 -12 13 17 26 -16 16 -18 18 -20 20 -22 -23 23 -25 -26 -27 28 -29 -30 -31
leaf_value=3.9465090767573669e-05 0.037493610780097775 -0.00076857026173700359 0.045819758020233747 -0.00012355497178366919 -0.080035329397620814 0.0091469464416827073 0.0022571661631178943 0.0022571661631178943 0.0022571661631178943 -0.001381647398561902 0.0022571661631178943 -0.066902258304991413 -0.0052022432158860595 0.012437715838477418 -0.0046049635877067219 -0.045551173703216971 0.0516140875205554 -0.077114730112169391 -0.029801946896272608 -0.09324860433873923 0.02347554483619646 -0.01254805196007637 0.0069570421186677476 0.0069570421186677476 0.024118981419564915 0.0069570421186677476 0.028764477241923034 0.02948039526466156 -0.0046049635877067219 -0.0046049635877067219
leaf_weight=172042.61075474322 102.24911858141422 47576.445181883872 58.021704956889153 19077.831981673837 33.226228661835194 3376.6383541151881 17751.610185507685 4139.3489389270544 13.185067020356653 15742.623123984784 24433.284549467266 41.717680387198925 61.559732869267464 54.157305747270584 53.124681562185287 34.671906024217606 102.8353024944663 86.554761925712228 57.054459996521473 15.590140216052532 74.273469347506762 14.702705770730972 1007.138976149261 928.64416482299566 894.12111400067806 2167.2391098812222 315.87054482847452 87.787898369133472 40.865743424743414 113.15752307698131
leaf_count=425282 140 132947 53 34496 160 4789 31612 7744 30 41526 41430 164 132 76 84 123 92 402 237 72 159 32 1642 1728 1267 3743 640 105 242 549
internal_value=0.00040327 0.000390227 0.000595625 0.00166322 0.000419983 0.00409435 0.00401133 0.00336577 -0.0559347 0.00046601 0.00113454 -0.000715046 -0.000857219 0.00890073 -0.0231359 -0.000687964 0.0268125 -0.0398324 -0.0544017 0.0197817 0.00208363 -0.0485716 0.00586472 0.00983222 0.0147622 0.00408186 0.013926 0.00185982 0.0224961 -0.00460496
internal_weight=310498 310291 261666 89622.9 59300.2 30322.8 30264.7 26888.1 46.4113 59253.7 43511.1 48625.8 47919.1 706.681 94.8424 47714 137.507 205.169 143.609 206.815 104.566 30.2928 9136.49 2829.9 1901.26 6306.59 611.839 255.103 356.736 167.315
internal_count=731698 731295 595502 170220 117642 52578 52525 47736 190 117452 75926 135793 133933 1860 248 133162 215 771 639 403 263 104 16124 4637 2909 11487 1612 730 882 625
is_linear=0
shrinkage=0.05


Tree=134
num_leaves=31
num_cat=0
split_feature=5 6 5 12 0 8 3 10 8 3 6 3 0 6 15 6 6 12 12 10 3 12 10 7 3 0 7 3 6 1
split_gain=28.1553 24.0444 23.4953 31.9942 65.1235 103.212 38.8148 29.9522 29.2902 26.307 24.1155 39.504 26.6077 23.1407 25.9817 40.5746 16.6145 30.3996 25.9031 24.4731 33.7563 49.2622 21.1418 24.6303 33.2456 20.0927 19.6992 22.0265 16.0386 20.7896
threshold=10052930.500000002 1237896.0000000002 12130922.500000002 -0.10883838310837744 0.090593434870243086 0.5501680076122285 0.078340969979763045 10.775000095367433 0.82505142688751232 0.086733855307102217 8681399.0000000019 0.0090917046181857603 0.0089687905274331587 1237896.0000000002 1.0000000180025095e-35 8681399.0000000019 13897643.000000002 -0.18495246767997739 0.5394209921360017 5.5357143878936776 0.038801250979304321 -0.20471097528934476 21.774999618530277 3211691.0000000005 0.046998459845781333 0.41042780876159674 3211691.0000000005 0.087612550705671324 3910147.0000000005 10.500000000000002
decision_type=2 2 2 2 2 8 10 2 10 10 2 8 2 2 2 2 2 2 2 2 10 2 2 8 10 2 8 10 2 2
left_child=1 -1 3 4 5 -2 -6 8 9 -4 -9 -12 -13 -5 15 28 17 19 22 -3 21 -21 23 24 -19 -25 27 -24 29 -15
right_child=2 16 7 13 6 -7 -8 10 -10 -11 11 12 -14 14 -16 -17 -18 18 -20 20 -22 -23 26 25 -26 -27 -28 -29 -30 -31
leaf_value=0.026706103096045958 -0.10915971387754964 -0.0051062153309936334 0.00037295476231550845 0.031009594546345828 -0.019321458636382613 -0.027422580082047867 -0.0050972350983354469 -0.00028305040105405652 0.0087614570594512931 0.0048977125818025127 -0.064449531971800339 -0.0056651725427733302 0.00037295476231550845 0.011706321018311809 -0.00057665651448274161 0.0039783219825875547 -0.00048563961571752162 0.0017377720928289028 0.013333571323067056 -0.10108880447947007 -0.01485193659238705 -0.036021248733757463 -0.0051062153309936334 0.0007278901288609804 0.0070253397640394821 0.0070253397640394821 5.494520457575925e-05 0.00035991942962731934 -0.0050972350983354469 -0.0034768151741762262
leaf_weight=85.444829896092415 43.413246542215347 344.4998687505722 21449.064036607742 53.812314257025719 482.38185267150402 49.786737814545631 756.41337318718433 45055.386823896319 1287.5361483544111 3571.1782689765096 24.699766010046005 4077.4305329471827 1470.0724031031132 317.33550376445055 33836.483337260783 1464.686331808567 35974.98333267495 10061.620926111937 405.93083173781633 33.896391063928604 152.84865291416645 22.627774074673653 3110.551665648818 101953.52160684019 2845.0753147602081 751.18691902607679 33039.624433621764 514.5986300855875 6299.7157021760941 765.0036378800869
leaf_count=116 180 519 36990 106 1179 94 1278 103874 1737 4930 185 13702 3067 807 100344 7333 99127 16601 468 121 270 29 7418 198719 4121 919 101600 940 24068 2498
internal_value=0.000112655 0.000493445 -0.000483043 -0.00140358 -0.00902896 -0.048889 -0.00595614 4.42711e-05 0.0014128 0.00103397 -0.000666889 -0.00376929 -0.00347599 -0.00116551 -0.00120753 -0.00361976 0.000481326 0.000708342 0.000750825 -0.0109633 -0.0245977 -0.0571906 0.000717108 0.00104888 0.00310742 0.000790135 -0.000329044 -0.00382682 -0.00509724 0.000988172
internal_weight=310301 189296 121004 44069 1332 93.2 1238.8 76935.4 26307.8 25020.2 50627.6 5572.2 5547.5 42737 42683.2 8846.74 189211 153236 152682 553.873 209.373 56.5242 152276 115611 12906.7 102705 36664.8 3625.15 7382.05 1082.34
internal_count=733340 430968 302372 137887 2731 274 2457 164485 43657 41920 120828 16954 16769 135156 135050 34706 430852 331725 330786 939 420 150 330318 220360 20722 199638 109958 8358 27373 3305
is_linear=0
shrinkage=0.05


Tree=135
num_leaves=31
num_cat=0
split_feature=9 9 8 4 9 7 4 9 9 11 0 9 8 9 9 5 16 12 11 12 9 4 9 7 4 9 9 4 12 11
split_gain=47.1571 183.095 53.2089 52.9706 42.0328 41.8903 37.6334 32.0298 84.9341 76.383 100.319 90.038 77.0901 51.5467 69.02 47.7159 44.1735 44.471 43.2387 42.5655 40.7182 37.3562 36.3909 32.1698 31.3858 30.1809 399.489 112.202 50.594 41.7971
threshold=1.0000000180025095e-35 11.500000000000002 0.95346027612686168 197024.50000000003 2.5000000000000004 3211691.0000000005 2149.9001464843755 82.500000000000014 88.500000000000014 -0.022907647304236885 0.035898379981517799 110.50000000000001 0.42319878935813909 118.50000000000001 113.50000000000001 1289243.5000000002 6.5000000000000009 -0.093419488519430147 0.095914501696825041 -0.033279221504926675 111.50000000000001 60000.900390625007 90.500000000000014 3211691.0000000005 49000.099609375007 12.500000000000002 21.500000000000004 8010.0000000000009 -0.20471097528934476 -0.10449608787894248
decision_type=2 2 8 10 2 10 8 2 2 2 2 2 8 2 2 2 2 2 2 2 2 8 2 10 8 2 2 8 2 2
left_child=3 2 4 6 5 -2 -1 25 15 10 11 19 20 14 21 -9 17 -17 -19 -10 22 -14 -11 -16 -8 27 28 -3 -27 -28
right_child=1 7 -4 -5 -6 -7 24 8 9 12 -12 -13 13 -15 23 16 -18 18 -20 -21 -22 -23 -24 -25 -26 26 29 -29 -30 -31
leaf_value=0.023690228296144727 -0.038482287172629782 0.016064889057658068 0.01825793870430386 -0.061120205555147855 0.0081347124836361716 0.011727449928790604 0.00048741597986113537 0.038933542765356752 -0.096005617475068084 0.0041067884429230187 -0.0074333397361973919 -0.091369264130698943 0.018430577120739283 0.0041067884429230187 0.019441950135746962 -0.073442561129947889 0.021168906112935138 -0.011384880317896123 -0.0006101139276705605 -0.025824006111496378 0.0041067884429230187 0.004266049931567195 -0.0074333397361973919 0.075860288590648264 -0.001814025093865333 -0.036880507052068641 -0.004939963954296793 -0.0017221018477248465 0.019665790560038324 0.00056364590662370579
leaf_weight=152.9130689650774 98.675316721200943 917.61506500840187 1769.4900369718671 34.567524030804634 1253.6658657602966 44.440353482961655 23172.925343364477 53.199350129812956 20.271465882658958 708.71663720533252 262.78272084146738 68.294673606753349 1035.0227312445641 489.86357609555125 44.630361795425415 24.368023626506329 125.76056118309498 3225.9496915582567 1308.8837754502892 132.86989293992519 1335.8999649640173 847.35521468520164 1867.2588155427948 62.16208216547966 41062.637800380588 38.326841697096825 3508.6268567591906 24710.70220118016 2938.3263275288045 199072.9513678439
leaf_count=160 229 1168 2008 225 1672 45 45880 142 86 1579 472 293 1982 1416 75 82 340 11446 2466 319 3259 2247 5178 61 91307 84 6129 48931 3831 500091
internal_value=0.000245548 0.000560957 0.0125031 -0.000958657 0.00519696 -0.0202946 -0.000924462 0.000405122 -0.00215693 0.00139289 -0.0177122 -0.0442147 0.00284551 0.00973999 0.0143183 -0.00730618 -0.00784764 -0.00865696 -0.00827661 -0.025824 -0.00152641 0.0120657 -0.00525679 0.053073 -0.000983793 0.00053384 0.00073556 -0.00108404 0.0189134 0.000468278
internal_weight=310389 245966 3166.27 64423 1396.78 143.116 64388.5 242800 11613.3 6875.13 484.219 221.436 6390.91 2479.03 1989.17 4738.16 4684.96 4559.2 4534.83 153.141 3911.88 1882.38 2575.98 106.792 64235.6 231187 205558 25628.3 2976.65 202582
internal_count=733203 595631 3954 137572 1946 274 137347 591677 31443 16967 1170 698 15797 5781 4365 14476 14334 13994 13912 405 10016 4229 6757 136 137187 560234 510135 50099 3915 506220
is_linear=0
shrinkage=0.05


Tree=136
num_leaves=31
num_cat=0
split_feature=6 7 8 5 6 8 1 6 8 3 8 1 11 5 10 5 11 2 4 10 11 5 5 3 3 1 8 8 1 10
split_gain=36.529 68.0196 65.291 49.9919 34.6141 36.4003 76.5039 32.2175 149.781 89.69 69.2088 43.8056 43.3548 32.3524 29.9908 28.0011 33.4166 27.4236 27.4559 27.651 32.0454 37.2808 35.1381 26.1217 24.9145 27.9253 24.0834 22.7373 20.4324 54.9797
threshold=13897643.000000002 1.0000000180025095e-35 0.45463122427463537 16151869.500000002 8681399.0000000019 0.15794736891984942 4.5000000000000009 3910147.0000000005 0.96026313304901134 0.40503749251365667 0.4584085494279862 6.5000000000000009 -0.10132575780153273 15089427.500000002 21.708333015441898 15089427.500000002 0.42622867226600653 4.5199182033538827 inf 17.038461685180668 -0.021418264135718342 5320895.5000000009 15089427.500000002 0.23690199851989749 0.013957562390714886 5.5000000000000009 0.84489440917968761 0.37263815104961401 21.500000000000004 18.612500190734867
decision_type=2 10 10 2 2 10 2 2 8 10 10 2 2 2 2 2 2 2 8 2 2 2 2 10 10 2 10 8 2 2
left_child=1 4 17 -2 7 6 -6 8 14 12 -11 13 27 -10 24 16 23 18 -3 -20 21 -21 -23 -4 -1 -26 -17 -9 -24 -30
right_child=3 2 15 -5 5 -7 -8 9 11 10 -12 -13 -14 -15 -16 26 -18 -19 19 20 -22 22 28 -25 25 -27 -28 -29 29 -31
leaf_value=-0.00080390784131672546 -0.0011502140197081916 0.0018890201731756491 0.0031161860493501394 -0.068927154798426926 0.0281445467659894 0.056031254233435503 -0.07425965030915424 -0.070226340412144428 0.010711514786468512 0.0051198131273278869 0.026113316052125364 0.0052857542245625501 -0.0032114147458006531 0.027766141590287903 -0.001625237467238246 0.0074145902679363029 0.022699594769521728 0.0031161860493501394 0.00086027152830012762 -0.006724790663911422 -0.0011091279215245887 -0.050430545379156588 -0.006724790663911422 0.0087967727161570169 0.0036306916731254843 0.00030903902940159649 0.020508639038044667 -0.020004733430162441 -0.019900501323557057 -0.086444821282917778
leaf_weight=26926.310529518872 47010.983858081512 18103.785976123065 4221.6791675016284 25.223044045269489 40.206010907888412 54.002191409468651 21.082922235131264 29.098406076431274 1034.7751053422689 275.08131356537342 525.32484086602926 4635.3921991735697 13622.222066603601 381.01547833532095 36641.486875168979 2963.4781687669456 216.83051405847073 7256.7172753363848 37857.479238197207 378.01572880148888 17317.567411996424 99.507313206791878 96.405924946069717 2059.8081752881408 1309.4505589045584 86722.535010762513 397.54241883009672 92.299251034855843 50.821219906210899 32.566268175840378
leaf_count=57294 132988 33171 7585 136 99 82 114 94 1851 717 888 10104 43109 426 126757 4834 219 10415 66515 763 45384 370 175 3302 1662 183279 486 236 114 133
internal_value=9.39644e-05 0.000323195 0.00142858 -0.00118949 -0.000260923 0.026892 0.000257839 -0.000279415 -7.1671e-05 -0.00253096 0.0137188 0.00764101 -0.00347917 0.0153339 -0.000379623 0.00527043 0.00335239 0.000961943 0.000661854 9.35544e-05 -0.00152117 -0.0123405 -0.0268633 0.00311619 1.74218e-05 0.00045643 0.00897463 -0.0329857 -0.0134086 -0.0330762
internal_weight=310399 263362 91052.2 47036.2 172310 115.291 61.2889 172195 157651 14544 800.406 6051.18 13743.6 1415.79 151600 9859.34 6498.32 81192.9 73936.1 55832.4 17974.9 657.316 279.301 6281.49 114958 88032 3361.02 121.398 179.793 83.3875
internal_count=733302 600178 173466 133124 426712 295 213 426417 381373 45044 1605 12381 43439 2277 368992 16426 11106 157040 146625 113454 46939 1555 792 10887 242235 184941 5320 330 422 247
is_linear=0
shrinkage=0.05


Tree=137
num_leaves=31
num_cat=0
split_feature=9 9 15 6 6 5 5 5 7 8 6 8 10 9 7 9 9 5 9 9 11 8 9 10 6 0 8 16 12 11
split_gain=37.4294 171.627 54.9214 138.248 67.6856 49.2478 79.3138 65.7479 40.4504 37.7409 33.4955 31.989 46.8859 39.7246 25.0945 24.6342 96.1187 61.7913 64.5024 86.6627 100.025 65.6367 60.6272 145.764 73.7206 73.2518 71.5334 60.3157 66.6316 73.5682
threshold=1.0000000180025095e-35 11.500000000000002 1.0000000180025095e-35 1885909.0000000002 1885909.0000000002 5320895.5000000009 12130922.500000002 15089427.500000002 7714069.5000000009 1.0000000180025095e-35 3910147.0000000005 0.57133930921554577 4.0833332538604745 8.5000000000000018 7714069.5000000009 57.500000000000007 65.500000000000014 10052930.500000002 69.500000000000014 77.500000000000014 -0.038565447553992264 0.010600838810205461 63.500000000000007 14.690476417541506 13897643.000000002 0.015209345612674953 0.92959439754486095 6.5000000000000009 0.095594599843025221 -0.052248043939471238
decision_type=2 2 2 2 2 2 2 2 8 10 2 8 2 2 8 2 2 2 2 2 2 8 2 2 2 2 8 2 2 2
left_child=2 11 4 -4 -1 -5 10 8 -8 -9 -7 12 -2 14 -14 -3 22 18 -18 20 -20 -22 23 26 25 -25 -17 28 29 -19
right_child=1 15 3 5 -6 6 7 9 -10 -11 -12 -13 13 -15 -16 16 17 27 19 -21 21 -23 -24 24 -26 -27 -28 -29 -30 -31
leaf_value=0.010618286145913411 0.0082008394551758308 5.4395646865474803e-05 -0.00097533554959425045 0.00079890039622382671 -0.0027541995052125412 0.059804650976018683 -0.077494175644811883 -0.021187568510753808 -0.014602433718284411 0.0079123117874659987 0.016159554266087499 0.014627596472677314 -0.0031222747948083766 -0.0031222747948083766 -0.048068646043050785 0.0051127846964438735 -0.0036391721339652512 -0.034081450169678527 -0.073988776389008512 0.00035578967640396107 -0.027745561772255008 0.02150024142056451 0.024395083787073765 -0.082713666119716034 -0.013410532462993896 -0.013410532462993896 0.02340220315399847 0.020551779261060471 0.01165610233948018 0.0019737124162594591
leaf_weight=973.33818471431732 325.98544723540545 201384.97042538412 25955.531595677137 1782.6486953496933 31810.919798880816 43.194070860743523 32.320066973567009 119.20065461099148 105.63260105252266 1390.370196223259 2152.4263322874904 2491.6244506984949 33.730535238981247 145.84195709973574 95.840344816446304 2684.5696588680148 11273.35338412039 141.39771208912134 28.210400551557541 12359.65551114548 45.618756107985973 915.93214350193739 531.83887580782175 94.7340107858181 59.939760282635689 39.548397600650787 666.16037241369486 494.3077083453536 1170.8353448063135 10596.726528512314
leaf_count=1682 405 485227 54589 2947 71859 57 108 247 224 2035 3867 2951 47 216 244 4787 32725 369 94 31807 131 1367 734 368 127 83 1035 1484 1689 29649
internal_value=0.000150114 0.00043141 -0.000923124 0.000564964 -0.00235656 0.00766922 0.010854 0.00255687 -0.0302338 0.0055895 0.0170718 0.0121312 0.00177408 -0.0144454 -0.0351425 0.000282077 0.00139755 0.000595028 -0.000854692 0.00149695 0.0157177 0.0184977 0.00868232 0.00631256 -0.0355818 -0.0588281 0.0087607 0.00347266 0.00276043 0.00149269
internal_weight=309946 245581 64365.6 31581.3 32784.3 5625.79 3843.14 1647.52 137.953 1509.57 2195.62 3093.02 601.398 275.413 129.571 242488 41102.8 37026 24622.8 13349.4 989.761 961.551 4076.79 3544.95 194.222 134.282 3350.73 12403.3 11909 10738.1
internal_count=733154 595539 137615 64074 73541 9485 6538 2614 332 2282 3924 3863 912 507 291 591676 106449 99315 66124 33399 1592 1498 7134 6400 578 451 5822 33191 31707 30018
is_linear=0
shrinkage=0.05


Tree=138
num_leaves=31
num_cat=0
split_feature=5 12 10 6 4 6 3 1 12 4 4 3 11 0 3 1 4 10 3 11 12 0 0 0 3 4 1 11 5 3
split_gain=16.1132 36.4881 43.6076 30.0434 99.3668 30.1288 51.8166 24.9461 24.9183 58.227 24.8858 22.4737 22.4471 31.6134 18.6366 54.581 35.9261 16.9731 36.8714 26.5162 15.5377 14.2641 14.0273 13.0692 22.4769 21.5307 19.3344 12.1605 10.4435 51.4317
threshold=5320895.5000000009 -0.24093615263700482 5.0625000000000009 1885909.0000000002 99288.000000000015 13897643.000000002 0.042046222835779197 11.500000000000002 -0.045547308400273316 38060.000000000007 54100.000000000007 0.38830666244030004 -0.049416434019803994 0.009828069247305395 0.017895999364554886 9.5000000000000018 30000.200195312504 9.5277776718139666 0.14162807911634448 -1.0000000180025095e-35 -0.0044642856810241929 0.065346792340278639 0.86007702350616466 1.0000000180025095e-35 0.28146463632583624 inf 21.500000000000004 -0.049675324931740754 16151869.500000002 0.18746507167816165
decision_type=2 2 2 2 10 2 8 2 2 10 8 10 2 2 8 2 10 2 10 2 2 2 2 2 8 8 2 2 2 10
left_child=1 2 -1 4 14 8 7 -7 9 27 -4 23 -6 -14 16 20 -3 18 21 -20 -16 -8 28 25 -25 -10 -27 -5 -2 -30
right_child=22 3 10 5 12 6 17 -9 11 -11 -12 -13 13 -15 15 -17 -18 -19 19 -21 -22 -23 -24 24 -26 26 -28 -29 29 -31
leaf_value=-0.012723939370012328 -0.0001576073802170687 -0.00053100539661926399 -0.0383464666343174 -0.0038609499447219866 -0.012723939370012328 -0.0054984395578074876 0.00096749748545145876 -0.012723939370012328 0.0031817162146523734 -0.012723939370012328 -0.1045459320793662 0.0098000531444187838 -0.0096347409396213349 -0.0038466086425812031 0.0043497166383097176 0.00032798970047746953 -0.0038466086425812031 -0.00058971126977225036 0.0093128376612511866 0.026379781238612118 0.011096864793665111 0.0068615588169019612 0.037837567453039817 0.0031817162146523734 0.0060454762272576339 0.0021092276014974204 0.0003561843358641844 0.0003561843358641844 -0.0092674534730864244 0.017840076494154849
leaf_weight=78.603590451180935 186243.22757430375 4455.4283210337162 27.923378147184849 1773.3780959770083 123.2566632181406 609.68560014665127 4792.208368062973 379.46250778343529 8422.3687687367201 567.1672792956233 20.407598972320557 1021.9262714013457 2563.3435945212841 1158.9525821879506 575.22775607556105 43333.213108249009 4447.4632089920342 14454.157291226089 92.611287981271744 310.76909577101469 1639.7861148864031 1075.4922357276082 22.255666553974152 1782.0287891253829 4012.7838419377804 12532.485706359148 10618.333530925214 1408.0729061961174 1043.4684842228889 208.24301750957966
leaf_count=117 469344 7455 58 2971 337 1157 9770 1315 14581 1042 76 1585 7624 2146 832 97246 9725 42112 167 294 2072 1473 14 2889 5873 20628 25331 1973 2382 373
internal_value=0.000107881 0.00055443 -0.0260304 0.000582482 -0.000238184 0.00133172 -0.000181268 -0.0113497 0.00211135 -0.00177892 -0.063969 0.00249129 -0.00800374 -0.00654554 0.000310524 0.000719494 -0.0017815 0.000352808 0.00252471 0.0171091 0.00837144 0.0015166 -0.000183309 0.0022909 0.00447335 0.00189008 0.00103674 0.000356184 -0.000188225 -0.0047364
internal_weight=309794 122277 126.935 122150 58296.7 63852.9 21714.4 989.148 42138.5 3748.62 48.331 38389.9 3845.55 3722.3 54451.1 45548.2 8902.89 20725.2 6271.08 403.38 2215.01 5867.7 187517 37368 5794.81 31573.2 23150.8 3181.45 187495 1251.71
internal_count=732962 260849 251 260598 127437 133161 56288 2472 76873 5986 134 70887 10107 9770 117330 100150 17180 53816 11704 461 2904 11243 472113 69302 8762 60540 45959 4944 472099 2755
is_linear=0
shrinkage=0.05


Tree=139
num_leaves=31
num_cat=0
split_feature=7 9 9 12 8 9 9 6 3 4 9 11 9 3 11 8 9 3 9 9 8 8 11 9 9 0 8 3 9 11
split_gain=56.4793 72.8988 44.5334 85.9392 69.536 59.455 76.3815 64.974 61.9583 60.2622 91.9291 54.5758 48.3659 51.2393 54.5243 74.6727 41.2788 44.9907 40.6057 70.3612 69.9868 47.0985 37.5725 37.3179 36.4835 63.5135 34.7855 42.2323 40.5894 34.8444
threshold=1.0000000180025095e-35 177.00000000000003 91.500000000000014 -0.020619116723537442 0.16658333688974383 57.500000000000007 65.500000000000014 13897643.000000002 0.8671717941761018 24850.000000000004 67.500000000000014 -0.065512266010045991 66.500000000000014 0.27498221397399908 -0.033730158582329743 0.28542743623256689 112.50000000000001 0.14054110646247867 55.500000000000007 54.500000000000007 0.86544084548950206 0.091024167835712447 0.44553253054618841 104.50000000000001 153.00000000000003 1.0000000180025095e-35 0.010600838810205461 0.13366881757974627 70.500000000000014 -0.012615652289241551
decision_type=10 2 2 2 10 2 2 2 8 8 2 2 2 10 2 10 2 10 2 2 10 8 2 2 2 2 10 8 2 2
left_child=1 24 5 4 23 18 8 9 -7 10 -8 -9 13 14 15 -11 22 -18 19 -2 21 -20 -5 -4 -1 -26 27 -13 -28 -30
right_child=2 -3 3 16 -6 6 7 11 -10 12 -12 26 -14 -15 -16 -17 17 -19 20 -21 -22 -23 -24 -25 25 -27 28 -29 29 -31
leaf_value=-0.00049222896397784182 0.00078926509801768732 -0.068998259457544273 -0.098125806095286941 -0.010472600490815935 -0.016055095388271677 0.0056438257313909598 0.041213472891194293 -0.050646985699432913 0.024972496563251248 -0.079903831699968106 0.013150949716978722 -0.025978852540472747 0.0083670847687406964 0.013150949716978722 -0.0019279565039974581 -0.020136306604915506 -0.016055095388271677 0.015368427620613925 -0.018135369339457121 0.041226394446601512 0.04592468935522484 -0.0027745366599427248 0.042727088301809144 -0.039114612337188749 -0.031467026619162647 0.036882447545759402 -0.0020192826866756034 -0.0047249738059524874 -0.0020192826866756034 0.012964135135213592
leaf_weight=174279.04118570872 116269.40507125296 36.81480161100626 40.459609515964985 883.4712371788919 193.66926951706409 943.21764655411243 342.50875156372786 54.784425459802151 739.9780088737607 60.527342960238457 199.11033565551043 63.712824169546366 3384.5151244401932 371.26947126537561 2069.2536602914333 45.647859126329422 119.33841416984797 472.95513199269772 567.56506454199553 105.67576428502798 67.381057985126972 4039.0714275464416 32.53618723154068 87.165453709661961 42.399469934403896 146.54313248768449 1306.9043745100498 1779.7188530117273 156.83155612647533 1067.8849524278194
leaf_count=437378 250140 158 180 2413 397 1567 399 182 1102 226 409 296 6088 633 4867 67 501 850 1457 107 79 9810 18 289 195 234 3480 7014 405 2433
internal_value=0.000111102 -0.00048355 0.000877125 -0.00686653 -0.0302604 0.000983245 0.00425369 0.00272188 0.0141608 0.00591432 0.0218496 -0.00194345 0.00445229 -0.000752885 -0.00373892 -0.0383447 -0.00184975 0.00841988 0.000643141 0.000826692 -0.00392536 -0.00467413 -0.008494 -0.0590477 -0.000468302 0.0213756 -0.00131072 -0.00653179 0.00249322 0.00915133
internal_weight=309969 174505 135465 1829.6 321.294 133635 12585.9 10902.7 1683.2 6472.83 541.619 4429.84 5931.21 2546.7 2175.43 106.175 1508.3 592.294 121049 116375 4674.02 4606.64 916.007 127.625 174468 188.943 4375.05 1843.43 2531.62 1224.72
internal_count=733374 437965 295409 4648 866 290761 29168 26499 2669 12689 808 13810 11881 5793 5160 293 3782 1351 261593 250247 11346 11267 2431 469 437807 429 13628 7310 6318 2838
is_linear=0
shrinkage=0.05


Tree=140
num_leaves=31
num_cat=0
split_feature=3 7 9 9 10 6 9 9 8 11 9 9 12 8 9 10 9 10 8 7 12 9 8 6 10 7 6 12 12 9
split_gain=26.1001 77.2026 60.8825 53.2244 41.8336 36.9721 35.7239 37.4911 40.105 37.8674 29.6126 29.8493 34.6797 29.4322 27.296 26.7872 26.1278 23.6098 21.5753 21.1613 18.3294 17.1372 24.7264 23.4129 17.129 16.5065 19.8303 18.1569 16.0188 15.7568
threshold=0.013957562390714886 1.0000000180025095e-35 118.50000000000001 147.50000000000003 5.0625000000000009 1885909.0000000002 142.50000000000003 22.500000000000004 0.52732190489768993 0.52134993672370922 57.500000000000007 67.500000000000014 -0.054528366774320595 0.097182542085647597 1.5000000000000002 21.585714340209964 154.50000000000003 18.937500000000004 0.44452822208404547 3211691.0000000005 -0.0032029857393354173 19.500000000000004 0.60625335574150097 3910147.0000000005 7.9444444179534921 7714069.5000000009 8681399.0000000019 0.19682645797729495 0.3292758315801621 89.500000000000014
decision_type=10 10 2 2 2 2 2 2 10 2 2 2 2 10 2 2 2 2 8 10 2 2 10 2 2 10 2 2 2 2
left_child=2 4 15 -4 14 -3 7 8 19 10 25 12 -12 -8 -2 18 -15 -14 -1 -7 -21 22 -16 -24 -13 27 -27 -9 -11 -6
right_child=1 5 3 -5 29 6 13 9 -10 28 11 24 17 16 21 -17 -18 -19 -20 20 -22 -23 23 -25 -26 26 -28 -29 -30 -31
leaf_value=-0.00083606286575382274 0.027623398710736432 0.042301117254084128 -0.062594010883169043 0.00015146419250256114 0.00015146419250256114 0.00015146419250256114 0.00015146419250256114 0.00015146419250256114 0.0093214788738638209 0.011765825052327254 0.00015146419250256114 0.011765825052327254 0.011755982189367778 0.050250646517121259 0.0039271532599893418 -0.0017326980624266424 0.016101239707245418 0.00428807381391257 0.00015146419250256114 0.00015146419250256114 0.0055156188078287812 0.0024601640234233942 0.013368936379973724 0.047220057981721235 0.00047116027734103076 0.011765825052327254 0.00015146419250256114 0.0096956838996142009 0.033488930866995802 0.0024601640234233942
leaf_weight=17676.31632181257 125.39089792966843 56.265270531177521 71.44762028940022 50.223796777427197 123275.5667639412 1874.7029152587056 27.551950298249722 18714.3443396613 3378.350827626884 79.14797955006361 163.68201843649149 285.14277857542038 2244.8963940963149 93.73354160785675 1077.4745458588004 25680.656570963562 84.320073135197163 1624.6073396801949 92414.244067929685 972.12595417350531 5614.9874862618744 3250.1117998808622 503.43491585925221 55.43649896979332 5197.3428042978048 590.15183433890343 202.68603160977364 515.61634393781424 133.97226642072201 4416.2603035345674
leaf_count=39232 136 52 391 148 313104 3418 82 37891 5583 108 381 339 3593 113 1572 89648 144 4174 191391 1618 10602 4691 602 35 11097 798 429 712 101 10999
internal_value=0.00020901 0.000613512 -0.000310584 -0.0353764 0.000151464 0.00249701 0.00244141 0.00233802 0.00471743 0.00139084 0.00123853 0.00353467 0.00679856 0.0231321 0.00476886 -0.000278639 0.032051 0.00842468 6.05723e-05 0.00287751 0.00434366 0.00417133 0.00836731 0.0168832 0.00113198 0.000151464 0.0073569 0.000151464 0.0222931 0.000151464
internal_weight=310450 174557 135893 121.671 132704 41853.6 41797.4 41591.8 11840.2 29751.6 29538.5 9515.67 4033.19 205.606 5011.85 135771 178.054 3869.5 110091 8461.82 6587.11 4886.46 1636.35 558.871 5482.49 20022.8 792.838 19230 213.12 127692
internal_count=733184 412374 320810 539 331139 81235 81183 80844 21221 59623 59414 19584 8148 339 7036 320271 257 7767 230623 15638 12220 6900 2209 637 11436 39830 1227 38603 209 324103
is_linear=0
shrinkage=0.05


Tree=141
num_leaves=31
num_cat=0
split_feature=6 5 12 4 5 11 10 8 4 11 12 1 9 9 10 9 9 12 12 8 5 3 6 4 4 9 9 9 9 10
split_gain=26.608 42.4775 41.6754 66.1633 52.7857 82.6322 41.177 39.901 35.2265 32.1812 31.3753 30.3914 42.0611 35.6977 246.892 45.2805 36.5073 46.6871 37.8315 36.148 31.2669 36.2833 34.765 30.0421 27.5522 19.5747 52.4392 49.1045 30.8875 25.1257
threshold=13897643.000000002 16151869.500000002 -0.10883838310837744 80100.000000000015 15089427.500000002 0.073747340589761748 3.5227272510528569 0.12513667345047 120200.00000000001 -0.16502403467893598 -0.13621868193149564 21.500000000000004 22.500000000000004 33.500000000000007 9.3452377319335955 25.500000000000004 57.500000000000007 -0.054528366774320595 0.45565807819366461 0.96026313304901134 10052930.500000002 0.64834192395210277 3910147.0000000005 3822.0000000000005 37980.000000000007 98.500000000000014 88.500000000000014 102.50000000000001 82.500000000000014 20.816666603088382
decision_type=2 2 2 10 2 2 2 8 10 2 2 2 2 2 2 2 2 2 2 8 2 8 2 8 10 2 2 2 2 2
left_child=2 9 3 7 5 6 -5 24 -7 10 -2 12 -4 14 -14 20 18 -18 -15 -19 -16 22 -22 -11 -1 26 28 -27 -25 -29
right_child=1 -3 11 4 -6 8 -8 -9 -10 23 -12 -13 13 16 15 -17 17 19 -20 -21 21 -23 -24 25 -26 27 -28 29 -30 -31
leaf_value=-0.0073524735623547617 -0.071062622329863545 -0.067176923123281607 0.00033900134155828997 -0.059932978331191447 -0.014382022172229815 -0.014382022172229815 -0.12656959136497489 -0.001644836316405447 -0.059932978331191447 0.028726832257548719 -0.013318934787943312 -0.00021674747751741395 0.021056577107851752 0.00032810923689661722 0.00032810923689661722 0.011009584066694894 0.00032810923689661722 0.0065271000218939338 0.020733667106981366 0.021332910866696926 0.0065176397528442266 0.011009584066694894 0.00032810923689661722 -0.00087391245366591562 -0.014382022172229815 -0.013318934787943312 0.013849110413089193 0.0050088050685925837 -0.011298462332732261 -0.013318934787943312
leaf_weight=362.39992228150368 27.680209338665009 22.29415325075388 93652.721081830561 14.45792719721794 105.03756682574749 120.20156443119049 38.99832858145237 5832.5790529176593 28.652728788554668 82.984092682600021 102.68862611055374 130500.11978260241 1912.0915910825133 18493.648483365774 4134.8896395266056 443.94972778111696 363.39237193763256 2803.1020855382085 225.90924037247896 482.22433126345277 1718.0028715133667 738.2602946460247 557.71278817951679 44735.428809672594 443.18458273261786 190.27333028893918 348.12251410260797 617.61738596111536 720.06091647595167 81.341885898262262
leaf_count=560 93 124 180910 24 147 226 173 9450 95 96 201 357041 2168 29805 7396 582 704 3958 229 530 3103 1091 1195 126314 959 758 700 1482 2546 452
internal_value=1.81218e-05 -0.00107859 0.000213841 -0.0036072 -0.026211 -0.0437041 -0.0959462 -0.00255306 -0.0239198 -0.00104431 -0.0256633 0.000317526 0.000872966 0.00244179 0.00500846 0.000962591 0.00135079 0.00592466 0.00045874 0.00871197 0.000328109 0.00546004 0.0020257 -0.000974597 -0.0130601 -0.00102861 -0.00088577 -0.00836774 -0.00103954 0.00106189
internal_weight=309900 46928.5 262972 6945.51 307.348 202.311 53.4563 6638.16 148.854 46906.2 130.369 256026 125526 31873.2 9504.91 7592.82 22368.3 3648.72 18719.6 3285.33 7148.87 3013.98 2275.72 46775.8 805.585 46692.8 45803.6 889.233 45455.5 698.959
internal_count=733112 132766 600346 11634 665 518 197 10969 321 132642 294 588712 231671 50761 15535 13367 35226 5192 30034 4488 12785 5389 4298 132348 1519 132252 129560 2692 128860 1934
is_linear=0
shrinkage=0.05


Tree=142
num_leaves=31
num_cat=0
split_feature=8 12 9 9 3 5 10 5 11 9 10 5 9 12 3 9 4 5 5 9 9 12 5 4 3 5 12 7 10 12
split_gain=34.2378 26.3686 44.3075 23.9404 63.3427 49.0292 54.9848 76.3421 31.4079 30.8055 66.2153 83.2103 90.6577 102.844 78.6093 43.8139 113.215 42.8624 42.3636 40.5943 74.4293 52.1702 41.6931 59.7538 39.6547 83.1407 31.2593 29.9397 33.9047 51.9937
threshold=0.94803845882415783 -0.0029897185740992423 69.500000000000014 126.50000000000001 0.13054899871349337 10052930.500000002 11.949999809265138 5320895.5000000009 -0.017406204715371128 56.500000000000007 15.845237731933596 10052930.500000002 86.500000000000014 -0.044408369809389107 0.035088999196887023 79.500000000000014 98200.000000000015 5320895.5000000009 1289243.5000000002 43.500000000000007 34.500000000000007 -0.13091206550598142 16151869.500000002 36009.800781250007 0.0058937692083418378 15089427.500000002 -0.074646510183811174 7714069.5000000009 18.937500000000004 -0.0021793566411361094
decision_type=10 2 2 2 8 2 2 2 2 2 2 2 2 2 8 2 8 2 2 2 2 2 2 8 10 2 2 10 2 2
left_child=3 -2 -3 9 -5 6 -6 8 -8 17 -11 12 15 -14 -13 26 -17 18 -1 20 22 -22 -19 -24 25 -21 -12 28 -27 -30
right_child=1 2 -4 4 5 -7 7 -9 -10 10 11 14 13 -15 -16 16 -18 19 -20 24 21 -23 23 -25 -26 27 -28 -29 29 -31
leaf_value=-0.0085198827294726606 0.0043485145195890397 0.010980323746245977 0.055961691808637082 -0.075207376657183522 0.0043485145195890397 0.0043485145195890397 -0.040205428265447957 -0.040205428265447957 -0.0085456343757346932 0.0037747828581316568 -0.049921204109084148 -0.066527706860109004 -0.063296757379907295 0.0017193108680876791 0.0017193108680876791 -0.0084216686762125133 -0.081742783735996527 -0.00030117945029915636 0.00081685451088955472 -0.0033810625991573511 -0.073914432215994641 0.0043485145195890397 0.0021176500066386241 -0.022576190017934959 -0.0012650021175538725 -0.0097122652902029878 -0.0047274024054584857 -0.0033810625991573511 -0.080186968483228718 -0.019485742242705176
leaf_weight=1227.2385580744594 145.23983339220285 982.0038641244173 56.173380590975285 31.392660537734628 164.83185406774282 326.24994345754385 20.2919682264328 148.47282095253468 360.63916347920895 17026.076655469835 36.434074997901917 50.678023213520646 60.884423196315765 4585.9585203155875 8137.7809851244092 254.53463067859411 64.571997597813606 121666.29612795077 104280.95537882298 4202.9681714661419 27.532072894275188 3179.3323004096746 473.2108173891902 505.23417304456234 29413.551669836044 1407.310752119869 9869.1237706542015 193.86041238158941 34.870494812726974 977.61855783686042
leaf_count=4344 309 1570 57 180 214 791 91 636 1032 29470 123 353 231 14206 25209 636 294 294128 215190 14926 86 5327 892 1314 80267 3249 32982 377 151 4083
internal_value=0.000124216 0.00860538 0.0135171 9.16503e-05 -0.00743146 -0.00520348 -0.0132612 -0.0214398 -0.00865331 0.000117418 0.00141002 -0.000336161 -0.00281254 0.00171931 0.00171931 -0.00549404 -0.0236751 -7.62269e-05 0.000708093 -0.000586787 -0.000162214 0.00434851 -0.000383941 -0.0106534 -0.00206153 -0.00549712 -0.00490368 -0.0129281 -0.0147546 -0.0217303
internal_weight=309911 1183.42 1038.18 308728 1051.88 1020.49 694.236 529.404 380.931 307676 40086 23060 14871.5 4646.84 8188.46 10224.7 319.107 267590 105508 162082 125852 3206.86 122645 978.445 36230.2 6816.63 9905.56 2613.66 2419.8 1012.49
internal_count=732718 1936 1627 730782 2944 2764 1973 1759 1123 727838 103504 74034 48472 14437 25562 34035 930 624334 219534 404800 301747 5413 296334 2206 103053 22786 33105 7860 7483 4234
is_linear=0
shrinkage=0.05


Tree=143
num_leaves=31
num_cat=0
split_feature=5 10 3 5 4 9 9 9 10 9 4 8 3 4 6 9 0 5 10 9 9 9 3 4 11 10 12 10 8 5
split_gain=46.0865 56.4222 69.9086 32.7587 110.393 48.7668 40.8697 160.761 60.9346 49.8532 54.202 48.1485 38.504 38.0251 31.5561 44.9975 46.4298 28.0303 27.3049 24.9326 137.243 108.979 86.5667 61.8094 53.2888 76.602 52.9888 84.3699 52.1926 57.3459
threshold=1289243.5000000002 7.5357143878936776 0.07426562532782556 5320895.5000000009 198800.00000000003 33.500000000000007 12.500000000000002 21.500000000000004 11.949999809265138 1.5000000000000002 15004.399902343752 0.020153569057583812 0.16182011365890506 2149.9001464843755 13897643.000000002 23.500000000000004 0.15235813707113269 12130922.500000002 17.774999618530277 43.500000000000007 35.500000000000007 45.500000000000007 0.063455916941165938 51900.000000000007 -0.067965365946292863 12.035714149475099 -0.015413943212479351 18.937500000000004 0.047809524461627013 10052930.500000002
decision_type=2 2 8 2 10 2 2 2 2 2 8 8 8 8 2 2 2 2 2 2 2 2 8 10 2 2 2 2 8 2
left_child=1 -1 -3 4 6 -6 8 11 9 10 -2 -8 -11 -9 15 -4 -17 19 -7 20 26 -21 23 -22 25 -23 27 28 29 -5
right_child=3 2 14 17 5 18 7 13 -10 12 -12 -13 -14 -15 -16 16 -18 -19 -20 21 22 24 -24 -25 -26 -27 -28 -29 -30 -31
leaf_value=0.0080074460536556698 0.0081070456321162675 -0.049306627689795747 -0.0029772700756045991 -0.0098214054906663253 -0.082439738877950752 -0.016964914984664316 -0.016964914984664316 0.041990211470666589 -0.0041765737423071136 -0.0014023622364359343 -0.0005891415300142835 0.02134253407439542 0.013052430957931847 0.0013694222416082468 -0.0029772700756045991 -0.028866994387143526 -0.0029772700756045991 0.00069655152926740389 -0.059058585437121551 -0.0053382306706639161 -0.017367667193055516 -0.0090649813041580353 0.014117918988647105 -0.099566691606678179 0.0006207953561118305 -0.059030599060201833 0.0001498349130563515 -0.05627392052286323 -0.0024352257804697271 -0.029868038138035593
leaf_weight=391.81527649611235 1954.4122113063931 122.6964764688164 204.45900708436966 404.6574778854847 41.463387787342072 128.87897717952728 26.663379453122616 55.653018157929182 8101.750734642148 690.52323217689991 21298.177618920803 1201.0331816673279 1380.0855911895633 85975.068212989718 228.14920737966895 523.01311806216836 57.168004788458347 77207.893646132201 39.832717737182975 12797.395664792508 24.933599680662155 269.92480444908142 2081.2194726392627 29.194118678569794 24503.387881509028 88.309918724000454 61564.803637623787 74.259584739804268 8607.0302503183484 236.02501685917377
leaf_count=729 2713 696 609 752 222 342 72 49 15012 1035 39207 1415 1636 192880 1007 2305 57 164428 319 43969 43 498 3410 126 67893 313 173197 312 16698 649
internal_value=0.000335581 -0.00832283 -0.013962 0.000378461 0.00102049 -0.0350136 0.00108382 0.00165329 -0.000402837 0.000804744 0.000142419 0.019604 0.00823523 0.00139668 -0.00959135 -0.015497 -0.0231031 -3.4643e-05 -0.0225287 -0.000544706 -5.77635e-06 -0.00158965 0.0124775 -0.0488533 0.000340182 -0.0187508 -0.000382155 -0.00389484 -0.00346216 -0.0172076
internal_weight=310310 1527.3 1135.49 308783 120894 210.175 120683 87258.4 33424.9 25323.2 23252.6 1227.7 2070.61 86030.7 1012.79 784.64 580.181 187889 168.712 110681 73022.1 37659 2135.35 54.1277 24861.6 358.235 70886.8 9321.97 9247.71 640.682
internal_count=732593 5403 4674 727190 254902 883 254019 194416 59603 44591 41920 1487 2671 192929 3978 2971 2362 472288 661 307860 195187 112673 3579 169 68704 811 191608 18411 18099 1401
is_linear=0
shrinkage=0.05


Tree=144
num_leaves=31
num_cat=0
split_feature=8 5 6 5 7 0 4 6 7 5 16 4 11 4 0 7 12 12 0 10 4 3 12 4 10 3 10 4 3 11
split_gain=33.0547 16.8602 39.5773 35.8686 51.8117 85.0949 27.4434 28.9559 25.6801 24.6073 24.4799 22.379 22.1097 94.5852 119.387 48.2112 23.5607 20.7556 155.061 60.2276 76.5807 37.3058 20.5532 64.8869 80.9127 28.9036 18.9254 36.2807 20.533 18.4473
threshold=0.96026313304901134 13439690.500000002 1237896.0000000002 10052930.500000002 1.0000000180025095e-35 0.012579114176332952 7820.0000000000009 8681399.0000000019 3211691.0000000005 15089427.500000002 6.5000000000000009 8010.0000000000009 -0.033003883436322205 60000.900390625007 0.066915426403284087 7714069.5000000009 -0.018707559444010254 -0.010719696991145609 0.014319890644401314 17.354166984558109 35003.500000000007 0.20992828905582431 -0.18495246767997739 53730.000000000007 4.9166667461395273 0.094467259943485274 11.759615421295168 39610.000000000007 0.013957562390714886 0.26242439448833471
decision_type=10 2 2 2 10 2 10 2 10 2 2 8 2 10 2 10 2 2 2 2 10 10 2 10 2 10 2 8 8 2
left_child=1 3 -3 10 11 6 7 -6 9 -4 22 -5 13 15 -15 -10 -17 18 21 -20 -21 -11 23 -1 -25 -26 27 -24 -28 -19
right_child=-2 2 8 4 5 -7 -8 -9 12 17 -12 -13 -14 14 -16 16 -18 29 19 20 -22 -23 26 24 25 -27 28 -29 -30 -31
leaf_value=-0.0043501369123610124 0.011746090306840852 -0.06028231898934399 0.0055233258627830767 0.0033581292745723454 -0.012147444409970152 0.0058272385860548724 -0.052114001303202297 -0.036910240805935059 -0.0029475045233862077 -0.083389090107598207 0.0045554809534273741 -0.0016391198327581566 -0.00022126354152238019 -0.099478444691515525 -0.025684240337815203 -0.025684240337815203 -0.0029475045233862077 0.0012145503146477972 -7.4910289320074923e-06 -0.0067763816496623887 -0.027004315446194027 -0.030040429249805309 0.002243559355824641 -0.027358795964338236 -0.14966754595856857 -0.06994058091867543 -0.0043501369123610124 0.00013721793801613785 -0.00031816523288352125 0.0058272385860548724
leaf_weight=610.10524491965771 588.83773352950811 24.719480633735657 3211.5830949954689 2363.2743782624602 223.60105035454035 167.56286849081516 102.55246638506651 54.775358483195305 1737.1981223523617 58.655519708991051 2905.4051634296775 42476.618459999561 26366.945066411048 64.590544492006302 54.960311740636826 101.08304556459188 40.470126032829285 34718.893416516483 6126.2981279343367 411.54290144145489 414.9913567379117 79.407247051596642 17901.833274330944 48.577665284276009 20.643963158130646 11.489723503589628 1625.7626847578213 44495.586715228856 120550.54501723871 1766.4536814764142
leaf_count=959 889 80 6901 4693 818 294 386 381 3056 251 5653 134563 56771 246 75 270 45 77585 10232 887 1271 242 28439 77 99 27 5888 80788 308483 2356
internal_value=-6.90028e-05 -9.16131e-05 0.000559646 -0.000301244 -0.00156284 -0.0168092 -0.0301221 -0.0217065 0.000581262 0.00130089 3.07906e-06 -0.0013756 -0.000605758 -0.00567375 -0.048421 -0.0029475 -0.0256842 0.000989458 -0.0014855 -0.000436098 -0.0135453 -0.0535725 -6.83622e-05 -0.00866418 -0.0503675 -0.112522 -3.60966e-05 0.000672355 -0.00039792 0.00147052
internal_weight=309325 308736 75177.8 233558 45388.4 548.492 380.929 278.376 75153.1 46787.8 188170 44839.9 28365.2 1998.3 119.551 1878.75 141.553 43576.2 7090.9 6952.83 826.534 138.063 185265 690.817 80.7114 32.1337 184574 62397.4 122176 36485.3
internal_count=732705 731816 160268 571548 141135 1879 1585 1199 160188 99725 430413 139256 60463 3692 321 3371 315 92824 12883 12390 2158 493 424760 1162 203 126 423598 109227 314371 79941
is_linear=0
shrinkage=0.05


Tree=145
num_leaves=31
num_cat=0
split_feature=7 0 11 1 12 12 3 4 2 3 1 12 1 12 16 3 3 12 10 4 7 1 12 10 10 0 1 11 12 7
split_gain=32.8661 37.0588 35.2028 34.2721 45.864 27.7743 22.1955 26.5141 20.5022 15.9312 53.0172 24.8378 20.9735 14.5989 10.6623 10.2265 7.95906 13.465 7.75892 7.08692 6.31831 14.2227 12.9173 11.2676 6.70961 6.10494 5.87644 4.49128 4.34847 3.85534
threshold=3211691.0000000005 1.0000000180025095e-35 -0.10449608787894248 9.5000000000000018 -0.056045996025204652 -0.14823232591152188 0.087612550705671324 36820.000000000007 9.0326337814331072 0.013957562390714886 4.5000000000000009 -0.01471808413043618 21.500000000000004 0.36872987449169164 6.5000000000000009 0.19906643033027652 0.10785613209009172 -0.046699132770299905 12.354166507720949 92034.601562500015 3211691.0000000005 21.500000000000004 0.2785984873771668 14.535714149475099 9.0357141494750994 0.082843139767646803 1.0000000180025095e-35 -0.11524075269699095 -0.10579004511237143 7714069.5000000009
decision_type=8 2 2 2 2 2 8 10 2 10 2 2 2 2 2 10 8 2 2 10 10 2 2 2 2 2 2 2 2 10
left_child=1 15 3 -2 5 -5 7 -7 -6 11 26 18 -13 16 -14 -1 -3 -18 -4 -9 21 -12 24 -23 28 -8 -11 -19 -22 -26
right_child=2 13 9 4 8 6 25 19 -10 10 20 12 14 -15 -16 -17 17 27 -20 -21 22 23 -24 -25 29 -27 -28 -29 -30 -31
leaf_value=0.00039905988661127442 -0.0025400336488538098 0.002553140420484433 -0.0013460902070781739 -0.067931760371337233 -0.011699773627047272 -0.019556837015718427 -0.019556837015718427 -0.031330571282593422 -0.0060286439287331878 0.026932805651510024 0.00093189816840317987 -6.4636550174503041e-06 -0.0013460902070781739 0.013277325461939686 -0.00067627693104781216 0.002553140420484433 0.0036411725632214593 0.0051727560830220481 -0.0025400336488538098 -0.042008410600215484 0.0017963118579660685 0.00046271725669286479 0.006289591112425043 -6.4636550174503041e-06 0.00040907337160796785 -0.011699773627047272 0.011146172612508038 0.0073824509638778964 0.0035492521759206558 0.0017963118579660685
leaf_weight=25829.98318618536 1037.1170601770282 832.43234898895025 5266.8879258334637 24.701112851500511 698.94135281443596 91.170855388045311 32.892674535512924 197.24293838441372 417.08259783685207 62.610708653926849 44601.209856875241 69147.144395440817 23852.874639129266 439.1566620990634 3962.5639030635357 1668.9257511049509 3125.1651346310973 58.810493938624859 4807.2232037037611 19.275945425033569 572.799774736166 11266.632083147764 488.70400302112103 74475.871554415673 27443.234482254833 734.35582755506039 869.81849984824657 4499.2433328963816 2517.8007273525 1297.6381460651755
leaf_count=53719 1565 1401 9208 81 1428 154 88 469 453 70 78005 144985 80788 518 15409 3012 5000 140 12349 83 881 19959 609 229249 58273 1430 1092 7079 3565 2143
internal_value=0.00020108 0.00161143 1.33547e-05 -0.00515559 -0.00951725 -0.0173709 -0.0160851 -0.0274139 -0.00602864 7.55186e-05 0.000385818 -0.000398745 -0.000152147 0.00440472 -0.00134609 0.000701559 0.00394415 0.0047292 -0.00254003 -0.0394146 0.000317593 0.000162413 0.000943367 -6.46366e-06 0.000808913 -0.0116998 0.0122616 0.00670434 0.00302187 0.000570753
internal_weight=310340 36453.7 273886 3252.78 2215.66 1099.64 1074.94 307.69 1116.02 270633 163596 107037 96962.6 8954.81 27815.4 27498.9 8515.65 7683.22 10074.1 216.519 162664 130344 32320.2 85742.5 31831.5 767.249 932.429 4558.05 3090.6 28740.9
internal_count=733205 70869 662336 5751 4186 2305 2224 706 1881 656585 393846 262739 241182 14138 96197 56731 13620 12219 21557 552 392684 327213 65471 249208 64862 1518 1162 7219 4446 60416
is_linear=0
shrinkage=0.05


Tree=146
num_leaves=31
num_cat=0
split_feature=9 3 9 15 11 6 9 9 9 5 0 7 9 8 9 5 9 11 5 9 9 0 12 9 9 9 5 9 9 9
split_gain=34.2759 69.591 34.8809 29.0401 97.9121 87.1474 47.5822 46.9613 153.009 74.0929 46.2545 42.2609 38.9903 72.1435 32.0274 47.9315 91.5866 90.0217 55.7706 45.2088 43.9131 36.982 30.0192 29.101 28.7489 28.5119 47.3538 109.261 47.1826 41.1145
threshold=153.00000000000003 0.13366881757974627 191.50000000000003 1.0000000180025095e-35 -0.22840908914804456 1885909.0000000002 88.500000000000014 1.0000000180025095e-35 11.500000000000002 5320895.5000000009 0.06042351387441159 1.0000000180025095e-35 144.50000000000003 0.60625335574150097 11.500000000000002 15089427.500000002 71.500000000000014 -0.052344877272844308 12130922.500000002 23.500000000000004 12.500000000000002 0.027334993705153469 -0.0057714751455932847 1.5000000000000002 21.500000000000004 43.500000000000007 15089427.500000002 44.500000000000007 39.500000000000007 41.500000000000007
decision_type=2 10 2 2 2 2 2 2 2 2 2 10 2 10 2 2 2 2 2 2 2 2 2 2 2 2 2 2 2 2
left_child=3 -2 -3 4 -1 6 11 9 -9 -7 -8 14 -5 -14 23 17 21 -16 20 -20 -19 22 -17 -6 -23 28 -27 -28 -10 -30
right_child=1 2 -4 12 5 7 10 8 25 -11 -12 -13 13 -15 15 16 -18 18 19 -21 -22 24 -24 -25 -26 26 27 -29 29 -31
leaf_value=-0.083443758116988509 -0.051766999506701841 0.025483865809070496 -0.015746964968441926 0.00054166452966651103 0.011327733457218249 0.00053783481483905046 -0.041957580559191548 0.015338691469639893 8.5203883140532401e-05 -0.0043799904747237146 0.021368837979152257 -0.04040302468993974 -0.093856391512189954 0.033092990437784561 -0.041957580559191548 -0.041957580559191548 0.041117176663426791 -0.011213438651358515 0.069027774514265269 0.0040111762448711693 0.0094641040270697103 0.04507574902473839 -0.015326521574375574 0.036530812761436791 -0.002563793181965012 -0.00088626001278930818 -0.016771002703241153 0.0014703752100090205 0.039897553123784651 0.0046068791458229947
leaf_weight=33.568248577415943 34.694571167230606 353.79464939981699 42.794106483459473 207623.37316946499 969.87781965732574 12864.408417657018 56.054600447416306 1575.5900484398007 45246.760502133518 18924.49642406404 30.551024742424488 45.974908903241158 26.932022258639336 16.916812971234322 81.376111671328545 21.082985609769821 91.312000185251236 280.97757986187935 66.108697041869164 44.443787194788456 2801.49850936234 34.968257762491703 499.47344109416008 128.6680900156498 219.67877764254808 13839.632996693254 1624.5469821542501 1656.7337615415454 135.11725990474224 208.83967182040215
leaf_count=113 172 670 138 483531 1628 23663 217 1871 111086 48015 35 133 122 16 205 87 130 605 63 95 6292 18 1327 93 358 42031 5343 4102 171 372
internal_value=0.000212425 0.0142656 0.0202731 0.000192728 -0.000500493 -0.000471403 0.00572485 -0.000817975 -4.06235e-05 -0.00238992 -0.0306246 0.00633182 0.000531489 -0.0455724 0.00675717 0.00473938 -0.00570804 0.00750591 0.00884097 0.0434258 0.00757323 -0.0113152 -0.0189305 0.0143407 0.00427838 -0.000427496 -0.0021671 -0.00756556 0.000225855 0.0186207
internal_weight=309580 431.283 396.589 309149 101482 101448 5372.05 96076.1 64287.2 31788.9 86.6056 5285.44 207667 43.8488 5239.47 4140.92 866.515 3274.4 3193.03 110.552 3082.48 775.203 520.556 1098.55 254.647 62711.6 17120.9 3281.28 45590.7 343.957
internal_count=732702 980 808 731722 248053 247940 11286 236654 164976 71678 252 11034 483669 138 10901 9180 1920 7260 7055 158 6897 1790 1414 1721 376 163105 51476 9445 111629 543
is_linear=0
shrinkage=0.05


Tree=147
num_leaves=31
num_cat=0
split_feature=5 5 12 1 3 3 8 3 1 11 7 16 8 11 8 3 16 1 5 7 15 11 0 12 10 12 12 4 11 10
split_gain=26.3068 47.5561 41.6979 40.4764 72.7406 39.3333 58.0832 35.2634 32.516 30.6549 24.8735 23.3575 21.5273 19.9645 21.4578 17.6033 18.3852 15.9184 16.7956 15.3524 18.2828 47.5129 63.8159 30.3204 25.1762 28.3198 20.6373 45.5846 20.0063 19.4009
threshold=10052930.500000002 13439690.500000002 -0.043046252802014344 17.500000000000004 0.056269008666276939 0.40503749251365667 0.81675708293914806 0.18597416579723361 9.5000000000000018 -0.11660353466868399 3211691.0000000005 6.5000000000000009 0.18103912472724917 0.1423851624131203 0.70010000467300426 0.0090917046181857603 2.5000000000000004 8.5000000000000018 5320895.5000000009 7714069.5000000009 1.0000000180025095e-35 -0.049675324931740754 0.066915426403284087 -0.059050325304269784 6.0714285373687753 -0.037060717120766633 -0.20471097528934476 61020.000000000007 0.12629869580268863 9.0357141494750994
decision_type=2 2 2 2 8 8 10 10 2 2 10 2 10 2 8 8 2 2 2 10 2 2 2 2 2 2 2 10 2 2
left_child=11 2 3 12 -5 -4 -7 -6 13 10 -10 19 -2 14 -3 16 -11 18 -13 20 21 22 23 -1 -25 -26 27 -22 29 -28
right_child=1 8 5 4 7 6 -8 -9 9 15 -12 17 -14 -15 -16 -17 -18 -19 -20 -21 26 -23 -24 24 25 -27 28 -29 -30 -31
leaf_value=-0.044932758903610197 -0.0086684726575547554 0.000828787861668236 -0.0022198318970004503 -0.080688684129901239 -0.021027842305661119 0.00021501958597439669 0.013593558998628134 -0.0086684726575547554 -0.013100659590973418 -0.013100659590973418 -0.060763382576282977 0.0074230726342620597 -0.0036627949150329479 0.0080510033953082559 0.003136866382272078 -0.00021763339269551367 -0.0054102791312672423 0.0029407369654512678 0.021721654731933219 0.0026328156102109973 -0.0054450067745262145 -5.7596400738061796e-05 -0.0029290803468423696 -0.0074498418230802754 -0.018583431375744777 -0.010893985822666631 0.0014415867595277687 -0.061401100430434202 0.0024426150145856686 8.3551968094073209e-05
leaf_weight=65.956629261374474 1410.3468417972326 6533.7680705860257 28995.403543073684 37.327739089727402 645.7529049217701 10525.584519632161 877.04548267275095 616.99195043742657 81.111028417944908 100.96378843486309 33.975569859147072 364.8194068223238 2282.7547135949135 1276.7414321750402 12108.053112544119 54690.877127729356 308.13996870815754 2285.9464902877808 266.11336091160774 6342.0017951130867 305.27876064181328 53026.420221351087 1522.3815633058548 350.50575924664736 1585.6163206398487 337.43146535754204 23255.788867600262 38.546836718916893 14097.795561507344 85262.871249169111
leaf_count=185 3223 11771 89987 164 1897 38922 1681 1399 140 456 97 552 4196 1599 20335 124873 1156 4765 340 11483 481 130421 2516 558 3877 714 40221 108 21639 212889
internal_value=8.06222e-05 -0.000496667 -0.00177444 -0.0060841 -0.0136742 -0.00124149 0.00124625 -0.0115687 0.000275312 -0.000349442 -0.0259062 0.00044855 -0.00366279 0.00200702 0.00159226 -0.000295124 -0.0106029 0.00488666 0.0119054 0.000378971 0.000293494 -0.000447651 -0.00580056 -0.0119706 -0.0109757 -0.0143381 0.000636391 -0.0115608 0.000670781 0.000440559
internal_weight=309632 120525 45391.2 4993.17 1300.07 40398 11402.6 1262.74 75133.6 55215.1 115.087 189107 3693.1 19918.6 18641.8 55100 409.104 2916.88 630.933 186191 179849 56888.3 3861.89 2339.51 2273.55 1923.05 122960 343.826 122616 108519
internal_count=732645 301896 141469 10879 3460 130590 40603 3296 160427 126722 237 430749 7419 33705 32106 126485 1612 5657 892 425092 413609 138271 7850 5334 5149 4591 275338 589 274749 253110
is_linear=0
shrinkage=0.05


Tree=148
num_leaves=31
num_cat=0
split_feature=5 5 3 5 3 7 12 6 12 4 11 6 4 11 11 6 0 7 7 4 3 12 4 12 0 3 3 4 11 6
split_gain=20.6953 54.2095 47.1161 43.9592 56.8706 53.9097 67.244 42.6919 37.565 33.0779 31.4577 30.3644 49.9798 30.2624 30.2494 28.4616 26.2271 23.8639 53.5896 31.8635 27.0851 23.4232 34.779 35.0146 54.4707 22.1493 21.7637 21.3569 58.6866 21.2015
threshold=13439690.500000002 10052930.500000002 0.20257303118705752 15089427.500000002 0.090072538703680052 7714069.5000000009 0.2137585058808327 8681399.0000000019 -0.10883838310837744 6406.3000488281259 0.0096320346929132956 3910147.0000000005 39440.000000000007 0.65707877278327953 -0.029649860225617882 1237896.0000000002 0.13574938476085666 3211691.0000000005 7714069.5000000009 80100.000000000015 0.0209591668099165 -0.17248234897851941 54100.000000000007 -0.23311688005924222 0.2485294118523598 0.46649394929409033 0.64834192395210277 40005.000000000007 0.19793689250946048 13897643.000000002
decision_type=2 2 10 2 8 8 2 2 2 8 2 2 10 2 2 2 2 10 10 10 10 2 10 2 2 10 10 10 2 2
left_child=1 15 8 4 17 6 7 -6 16 -7 -9 13 14 -4 -13 -1 27 -2 19 20 -19 22 -17 24 -24 -11 -16 -3 -29 -10
right_child=3 2 11 -5 5 9 -8 10 29 25 -12 12 -14 -15 26 21 -18 18 -20 -21 -22 -23 23 -25 -26 -27 -28 28 -30 -31
leaf_value=0.027631176956460269 -0.0019128891758607891 -0.012960213339250343 -0.00058419060104555995 0.00048834831180633899 0.001275062424304794 0.045593127787108653 0.045078634524081118 0.0073910879566645412 -0.0019046681835072907 0.011000396191112585 0.023480811278306517 0.004473982739471135 -0.00058419060104555995 0.033211024443129344 0.010451962527028402 -0.0040026016496377895 -0.0070157009185759364 -0.057350063617502917 0.001275062424304794 -0.087984602938953424 -0.010759901583713535 0.00028171847122358693 -0.11578603823814218 -0.018828073988170425 -0.042359483190305879 0.029209113494014474 0.025473646617607777 -0.065068051331444346 -0.022219490865105468 -0.0068973780919881211
leaf_weight=92.920573145151138 986.29488313570619 413.62421287596226 6591.2928916439414 69736.243673643097 1656.5895340591669 79.108940713107586 91.089468024671078 1011.43127630651 32095.437286384404 1539.7752353027463 144.47125444561243 182.13470987975597 1089.5577960833907 64.24794215708971 1871.6165040582418 694.78960903733969 423.52107189595699 32.119754545390606 30.00414851307869 25.117901865392923 82.756581872701645 187873.01929458603 29.192174777388573 64.164342403411865 20.107374295592308 149.90372378379107 276.53171572834253 88.824058771133423 131.36289325356483 2275.657084453851
leaf_count=123 2256 958 18863 147439 3588 80 70 2895 102332 3191 163 441 3016 50 4297 1113 748 110 16 113 198 428925 116 110 25 260 467 308 296 10156
internal_value=0.000117564 -0.000114512 -0.00166361 0.000837069 0.00500769 0.0074641 0.00326819 0.00188299 -0.00252158 0.0143405 0.0109227 0.00135319 0.00518109 -0.000584191 0.00953216 0.000258909 -0.0117958 -0.00491398 -0.0221009 -0.0387929 -0.0267155 0.000245136 -0.00823784 -0.0336535 -0.0658909 0.0128251 0.0124076 -0.0189047 -0.0314788 -0.00223561
internal_weight=309843 234278 45503.8 75564.9 5828.66 4672.37 2903.58 2812.49 35428.4 1768.79 1155.9 10075.4 3419.84 6655.54 2330.28 188774 1057.33 1156.29 169.998 139.994 114.876 188681 808.254 113.464 49.2995 1689.68 2148.15 633.811 220.187 34371.1
internal_count=732723 572344 141932 160379 12940 10247 6716 6646 114798 3531 3058 27134 8221 18913 5205 430412 2310 2693 437 421 308 430289 1364 251 141 3451 4764 1562 604 112488
is_linear=0
shrinkage=0.05


Tree=149
num_leaves=31
num_cat=0
split_feature=9 9 4 7 5 5 12 6 3 0 9 3 10 9 9 10 3 9 9 10 3 9 4 7 9 4 5 9 6 3
split_gain=48.5251 113.763 48.1848 30.8539 42.7836 60.8366 55.6827 54.8472 79.1107 54.7443 51.0373 40.805 40.3755 63.1212 35.5161 33.2552 32.3444 32.2597 27.4171 27.3719 27.3693 30.129 50.4233 26.4451 24.7336 105.537 23.7616 22.8876 26.1446 38.7344
threshold=1.0000000180025095e-35 11.500000000000002 197024.50000000003 7714069.5000000009 5320895.5000000009 15089427.500000002 -0.052015691995620721 13897643.000000002 0.095231425017118468 0.10403138399124147 12.500000000000002 0.11068189144134523 15.612500190734865 24.500000000000004 35.500000000000007 10.949999809265138 0.16837699711322787 32.500000000000007 25.500000000000004 4.9166667461395273 0.36844848096370703 43.500000000000007 37980.000000000007 1.0000000180025095e-35 46.500000000000007 71055.500000000015 13439690.500000002 19.500000000000004 13897643.000000002 0.045086666941642768
decision_type=2 2 10 10 2 2 2 2 8 2 2 10 2 2 2 2 8 2 2 2 8 2 10 10 2 8 2 2 2 10
left_child=2 23 26 19 7 24 9 10 -9 18 11 -5 13 -10 -15 -12 -8 -14 -7 -3 21 22 -17 -2 27 -26 -1 28 29 -6
right_child=1 3 -4 4 5 6 16 8 12 -11 15 -13 17 14 -16 20 -18 -19 -20 -21 -22 -23 -24 -25 25 -27 -28 -29 -30 -31
leaf_value=-0.0018476116186595772 0.0044319541915391614 0.0033505848396580087 -0.060130200785688218 -0.02534116627682307 -0.029740147934111189 -0.10048574005725359 -0.013347021677877725 -0.094189350909976474 -0.010401302488008525 -0.015327569301629335 0.020036996560801969 0.035366260427725761 -0.010401302488008525 0.049458999328891806 0.0056974079916599207 -0.0040007483669378969 0.0065002305113598243 -0.038458777863981261 -0.041070633408449575 -5.1502797545220759e-05 0.0060752910483933761 -0.0040007483669378969 -0.074907129367137615 0.013938712579800137 0.024729512657096071 -0.067386742548197362 0.00033974142380665639 0.020059030022029415 0.021779124339072295 0.020272601216217469
leaf_weight=47074.9117872715 1271.3252110406756 6065.9820113070309 32.790943957865238 215.0021506100893 92.949583023786545 30.73105289041996 241.57316898182034 26.725394323468208 173.77786142379045 40.320972084999084 361.14961683750153 29.948859065771103 152.28408652544022 73.349640175700188 122.11117850244045 55.437749192118645 1305.9276479259133 160.02122704684734 33.10405869781971 230400.77163917758 1042.8243342489004 101.37328207492828 42.124419115483761 1729.1939236819744 93.718375526368618 44.068234831094742 16862.614917248487 1107.104171320796 114.47687013447285 63.568063706159592
leaf_count=107143 1829 8644 222 438 205 109 476 117 372 42 372 21 470 53 210 90 2304 610 74 572651 1811 157 134 2037 134 168 29857 1939 184 71
internal_value=-7.64324e-05 0.000243531 -0.00130279 0.000123613 0.00375036 0.0076318 0.000989861 -0.00106171 -0.0128716 -0.0340439 0.00347396 -0.0176925 -0.00941667 0.00178562 0.0224542 0.00672656 0.00338874 -0.0225882 -0.0668137 3.57971e-05 0.00282939 -0.0140768 -0.035013 0.00991632 0.0148578 -0.00527461 -0.00127074 0.0168754 0.0038176 -0.00942847
internal_weight=309161 245191 63970.3 242190 5723.67 3167.54 1651.66 2556.13 708.269 104.156 1847.86 244.951 681.544 369.239 195.461 1602.91 1547.5 312.305 63.8351 236467 1241.76 198.935 97.5622 3000.52 1515.89 137.787 63937.5 1378.1 270.995 156.518
internal_count=732944 595722 137222 591856 10561 5706 3005 4855 1832 225 3023 459 1715 635 263 2564 2780 1080 183 581295 2192 381 224 3866 2701 302 137000 2399 460 276
is_linear=0
shrinkage=0.05


Tree=150
num_leaves=31
num_cat=0
split_feature=7 6 11 4 7 4 6 10 12 5 5 12 5 10 11 12 7 12 12 3 5 10 12 5 4 4 3 3 12 11
split_gain=24.7162 32.6939 30.5149 26.4756 23.5823 22.9178 43.7362 27.6959 36.7928 22.2717 59.6563 19.4158 15.3991 34.7279 19.4177 15.5725 14.8014 27.5969 14.4164 12.9771 12.9565 20.7949 14.4867 11.5088 67.6668 66.9878 33.116 27.1926 21.692 18.1675
threshold=1.0000000180025095e-35 8681399.0000000019 -0.12690342962741849 inf 3211691.0000000005 2149.9001464843755 1885909.0000000002 5.5357143878936776 -0.20471097528934476 10052930.500000002 5320895.5000000009 0.49392829835414892 10052930.500000002 21.354166984558109 -0.067965365946292863 -0.055306212976574891 3211691.0000000005 -0.095060903578996644 -0.03797215782105922 0.32042481005191809 13439690.500000002 17.408332824707035 -0.010719696991145609 5320895.5000000009 6816.0000000000009 194500.00000000003 0.093583878129720702 0.0209591668099165 0.14249817281961444 -1.0000000180025095e-35
decision_type=10 2 2 8 10 10 2 2 2 2 2 2 2 2 2 2 10 2 2 10 2 2 2 2 8 10 10 8 2 2
left_child=5 2 4 18 -2 6 11 -7 9 10 -9 -1 13 -10 15 -14 -5 -18 -4 -20 -16 -22 -23 24 -3 26 27 -26 29 -28
right_child=1 23 3 16 -6 7 -8 8 12 -11 -12 -13 14 -15 20 -17 17 -19 19 -21 21 22 -24 -25 25 -27 28 -29 -30 -31
leaf_value=0.0050073367746152246 -0.040374503744320847 0.037907276985893704 0.0014734933738402602 0.0014734933738402602 -0.0071345313200541927 0.00054441845310409436 0.00054441845310409436 -0.1067268426851193 -0.00014883920619787892 -0.012033570458086755 -0.012723591347363991 0.037309377046282892 -0.012033570458086755 -0.0021923149903437431 -0.00210976895945961 -0.004592895804102104 -0.0066193754440158105 0.00025013490294901547 0.0025583374450854177 0.0058440172303355978 -0.00014883920619787892 -0.004592895804102104 -0.0016183671207720019 0.0002524322860022827 -0.012196536447538837 -0.075881346499186875 -2.8291861083344812e-05 -0.0020205193512861774 0.01746875847740709 0.0039638798806499757
leaf_weight=5519.503634929657 66.559576280415058 107.2969116345048 3079.3871394991875 18159.818282678723 246.45155921578407 32230.586867831647 8527.0134328305721 23.47192956507206 52858.283201437443 105.37948097288609 51.965191587805748 44.969068340957165 639.4625987559557 21463.984746994451 25938.535005845129 511.66986222565174 1221.8552143275738 39554.277686551213 23400.375223889947 3448.0922543145716 14676.981850579381 826.95621261000633 11278.086708378047 23210.516867255792 681.16723953001201 28.254942651838064 799.57429364323616 16890.554574683309 223.84902349859476 3548.8933658897877
leaf_count=11548 150 118 4969 32497 410 64055 32812 89 110553 185 96 31 1323 71965 80585 881 2087 82579 42014 5844 27626 2245 34115 66555 1745 163 1745 45912 278 7773
internal_value=5.50067e-05 0.000564026 0.00112044 0.00117548 -0.0144142 -0.000337379 0.00159585 -0.000507018 -0.000842097 -0.023257 -0.0439734 0.0052817 -0.000810118 -0.000343545 -0.00145377 -0.00787246 0.000560443 2.00636e-05 0.00238654 0.00298071 -0.00131333 -0.000541877 -0.00230191 -0.000526746 -0.00133843 -0.00153175 -0.00143004 -0.00241634 0.00235975 0.0015743
internal_weight=309364 134667 89176.8 88863.8 313.011 174697 14091.5 160605 128375 180.817 75.4371 5564.47 128194 74322.3 53871.7 1151.13 58936 40776.1 29927.9 26848.5 52720.6 26782 12105 45490.1 22279.6 22172.3 22144 17571.7 4572.32 4348.47
internal_count=732948 294839 170550 169990 560 438109 44391 393718 329663 370 185 11579 329293 182518 146775 2204 117163 84666 52827 47858 144571 63986 36360 124289 57734 57616 57453 47657 9796 9518
is_linear=0
shrinkage=0.05


Tree=151
num_leaves=31
num_cat=0
split_feature=12 10 9 9 12 10 12 9 9 8 7 3 6 6 12 9 8 8 7 12 9 9 10 9 3 9 5 8 3 3
split_gain=46.7787 54.0652 33.5899 174.122 64.3899 56.5999 38.6155 42.6443 239.162 63.5369 61.8164 45.6454 47.4021 38.214 42.6976 54.3903 46.8273 44.1822 35.5859 43.3768 35.2266 50.2982 39.1053 38.4506 58.8451 44.8681 31.5694 29.0172 27.6543 27.6495
threshold=-0.31677702069282526 3.1000000238418584 43.500000000000007 34.500000000000007 0.34924985468387609 19.612500190734867 -0.015413943212479351 24.500000000000004 33.500000000000007 0.24452438205480578 3211691.0000000005 0.1956100016832352 13897643.000000002 1885909.0000000002 0.080915343016386046 36.500000000000007 0.062622431665658965 0.52384921908378612 3211691.0000000005 -0.059050325304269784 44.500000000000007 55.500000000000007 15.267857074737551 57.500000000000007 0.12838535755872729 65.500000000000014 5320895.5000000009 0.42834821343421942 0.032394221052527435 0.11448944732546808
decision_type=2 2 2 2 2 2 2 2 2 8 10 10 2 2 2 2 8 8 10 2 2 2 2 2 8 2 2 10 8 10
left_child=1 -1 3 6 5 20 -2 -8 9 -9 -10 12 -11 14 15 16 -5 -17 19 27 -4 22 -22 -23 -25 -26 -27 -15 -7 -24
right_child=2 -3 4 13 -6 28 7 8 10 11 -12 -13 -14 18 -16 17 -18 -19 -20 -21 21 23 29 24 25 26 -28 -29 -30 -31
leaf_value=-0.018601465712326289 -0.001512060617086537 -0.089607717557717681 -0.0010929375838791614 -0.015895331127301886 0.013597014084753892 -0.013900905374355458 0.00035062106279231385 0.00092198506207394218 0.0032979950320046608 0.012782135135092382 -0.00043124948223292994 0.036106012778517403 0.026939875590979375 -0.018601465712326289 0.020644364477474537 -0.018601465712326289 0.0091148419345125336 0.010068831182147299 0.0091439402629111526 0.02364477275526326 0.00650754238461153 -0.0010929375838791614 -0.0010929375838791614 -0.0010929375838791614 0.00650754238461153 0.00060385175580493099 0.0032097472418853891 0.0025216535214684851 -0.0021822886407897074 0.0037373219119056877
leaf_weight=49.372402191162109 23363.227210581303 30.745551407337189 15934.206386722624 208.4103761613369 805.05499615520239 510.0819677002728 155258.58478109166 349.86266645044088 15059.788377102464 652.32643390446901 6353.0661462172866 545.16232362389565 266.07267889380455 31.146217405796051 388.41031759977341 276.69101809710264 1702.1666163429618 147.32958780229092 1628.0179723203182 969.8384000658989 5473.036956705153 13454.777001369745 1952.9688422679901 4080.0028910785913 3415.5798817873001 8614.7480991147459 14207.139645125717 32.189275562763214 30130.301932916045 3953.8943967595696
leaf_count=78 41146 109 32167 433 939 3055 355833 618 37625 992 15864 548 325 102 435 700 2706 254 2584 1308 8604 34431 5032 9783 5893 18212 31749 20 112071 8627
internal_value=0.000259872 -0.0374728 0.000269873 0.000636106 -0.000470337 -0.000581929 0.000399349 0.000649562 0.00264766 0.020072 0.00117028 0.0246423 0.0177737 0.00950844 0.00533825 0.00277626 0.0063729 -0.0133835 0.0137683 0.0210233 0.000192392 0.000837383 0.00379846 6.74253e-05 0.00116859 0.00230064 0.00148113 -0.0186015 -0.00237827 0.000967101
internal_weight=309844 80.118 309764 207232 102532 101727 201848 178485 23226.3 1813.42 21412.9 1463.56 918.399 5384.2 2723.01 2334.6 1910.58 424.021 2661.19 1033.17 71086.4 55152.1 11379.9 43772.2 30317.5 26237.5 22821.9 63.3355 30640.4 5906.86
internal_count=732243 187 732056 461493 270563 269624 452951 411805 55972 2483 53489 1865 1317 8542 4528 4093 3139 954 4014 1430 154498 122331 22263 100068 65637 55854 49961 122 115126 13659
is_linear=0
shrinkage=0.05


Tree=152
num_leaves=31
num_cat=0
split_feature=7 7 16 6 1 3 11 4 8 3 10 3 8 10 11 10 10 4 12 6 3 12 7 4 4 10 12 6 10 12
split_gain=45.8068 37.0329 38.7895 36.4893 37.359 32.7448 24.1539 20.2345 18.9568 17.5265 19.4604 16.8177 18.0905 16.2727 14.6136 15.2267 14.273 13.8452 13.7325 12.0436 32.2354 27.31 11.7482 11.7471 11.7198 20.6235 9.12394 8.9886 8.95292 11.5409
threshold=7714069.5000000009 3211691.0000000005 6.5000000000000009 3910147.0000000005 7.5000000000000009 0.013957562390714886 -0.049675324931740754 56050.000000000007 0.81675708293914806 0.19906643033027652 4.9166667461395273 0.0058937692083418378 0.32859666645526892 5.0625000000000009 -0.021418264135718342 16.211111068725589 21.585714340209964 62050.000000000007 -0.24093615263700482 13897643.000000002 0.64834192395210277 -0.053241055458784096 3211691.0000000005 50000.500000000007 170200.00000000003 11.354166507720949 -0.017661913298070427 1885909.0000000002 15.845237731933596 -0.024169836193323132
decision_type=10 8 2 2 2 10 2 10 10 10 2 8 10 2 2 2 2 10 2 2 8 2 10 8 8 2 2 2 2 2
left_child=1 9 5 4 -4 6 17 16 11 18 -11 12 -2 -7 -6 -16 -8 -3 -1 21 -21 -13 -15 -22 26 -26 -23 -9 29 -12
right_child=8 2 3 -5 14 13 7 27 -10 10 28 19 -14 22 15 -17 -18 -19 -20 20 23 24 -24 -25 25 -27 -28 -29 -30 -31
leaf_value=-0.028662977633332927 -0.035727176462406474 -0.0048530172043228124 0.013123861799204994 0.00089428804283005225 0.00089428804283005225 0.00089428804283005225 -0.0006500171244155881 -0.0031264871715294008 0.022599498196380852 0.0292248822393847 0.0052481003610266447 -0.00476331520266515 -0.00476331520266515 -0.00042047923574393514 0.0081949936389833448 0.002931374378809489 -0.0019865642914026166 -0.033773391292637699 0.001098564378949294 -0.00476331520266515 0.012887870049912859 0.0072720171556411792 0.00035149245224554279 0.0027945970944691432 0.0069717532959574008 0.0007088174648508163 0.012887870049912859 -0.0019865642914026166 0.0031257077675213929 0.010834534377549002
leaf_weight=36.806902185082436 56.378954224288464 3703.5906737037003 1245.6772738471627 8443.227542065084 573.36394411325455 5868.9910073056817 61557.142190150917 4686.5029251165688 125.42117315530777 79.798104893416166 366.27435995638371 291.80571272969246 99.927815437316895 127258.03907448426 1798.8057564944029 1822.6353398561478 14985.67182921432 39.916876494884491 33614.016624996439 315.03708478063345 24.939770579338074 72.251261509954929 30459.969191260636 1999.1404809877276 3142.8012016266584 2259.2856021672487 950.91079341992736 1174.9621509248391 1201.5377531349659 1142.3100757673383
leaf_count=76 154 7608 2078 32311 1164 8292 128867 12202 136 68 599 501 164 323965 2881 5395 55713 107 66278 765 11 145 62616 4550 4511 4204 1313 2432 2436 1585
internal_value=-6.41463e-06 -0.000113749 -0.000320274 0.00225186 0.00552719 -0.000463286 -0.00125223 -0.00107371 0.00344191 0.00138022 0.00518711 0.00317624 -0.0129846 -4.78026e-05 0.00326613 0.00496846 -0.000846641 -0.00517926 0.00106431 0.00345798 0.000367672 0.0045337 -0.000191303 0.00361634 0.00528599 0.00435367 0.0101904 -0.00312649 0.0044583 0.00737049
internal_weight=309397 300059 263618 13883.7 5440.48 249735 86147.8 82404.3 9337.9 36440.7 2789.92 9212.48 156.307 163587 4194.81 3621.44 76542.8 3743.51 33650.8 9056.17 2339.12 6717.05 157718 2024.08 6425.25 5402.09 1023.16 5861.47 2710.12 1508.58
internal_count=733127 716673 645631 43829 11518 601802 206929 199214 16454 71042 4688 16318 318 394873 9440 8276 184580 7715 66354 16000 5326 10674 386581 4561 10173 8715 1458 14634 4620 2184
is_linear=0
shrinkage=0.05


Tree=153
num_leaves=31
num_cat=0
split_feature=9 9 9 6 9 4 7 9 12 10 9 9 10 9 9 9 3 5 7 6 9 12 3 3 9 5 3 4 4 6
split_gain=17.5634 77.5677 34.4925 34.2863 25.9206 24.8425 23.9018 20.0818 15.7913 29.2433 15.5961 201.088 42.4007 41.6162 50.4594 31.3876 30.6338 33.9019 24.4249 57.8721 23.7627 24.1621 27.3501 23.8698 23.526 35.2254 29.9271 21.5483 21.0906 19.3875
threshold=170.50000000000003 156.50000000000003 178.50000000000003 13897643.000000002 153.00000000000003 114030.00000000001 3211691.0000000005 216.00000000000003 -0.31677702069282526 3.1000000238418584 1.0000000180025095e-35 11.500000000000002 5.5357143878936776 12.500000000000002 21.500000000000004 23.500000000000004 0.0090917046181857603 5320895.5000000009 7714069.5000000009 8681399.0000000019 33.500000000000007 -0.10753119364380835 0.19720250368118289 0.096082195639610304 16.500000000000004 10052930.500000002 0.1907056346535683 37980.000000000007 8010.0000000000009 3910147.0000000005
decision_type=2 2 2 2 2 8 10 2 2 2 2 2 2 2 2 2 8 2 8 2 2 2 8 10 2 2 10 8 10 2
left_child=1 4 -2 -3 8 6 7 -4 9 -1 29 28 15 16 -15 24 -14 18 19 -18 21 -17 -23 -22 25 26 -13 -19 -12 -10
right_child=2 3 5 -5 -6 -7 -8 -9 10 -11 11 12 13 14 -16 20 17 27 -20 -21 23 22 -24 -25 -26 -27 -28 -29 -30 -31
leaf_value=-0.01011679381988911 0.034529047123196113 -0.093115124848732897 -0.023277914374474046 -0.013502018094412857 0.021193367134017805 -0.053161106240574275 0.027765585504358405 0.035249901660877929 -0.0018351676513647928 -0.055207254795407272 0.015676945297468034 0.0015273230004371383 -0.01011679381988911 0.0015273230004371383 -0.00019996045857491454 0.0015273230004371383 0.0015273230004371383 0.0015273230004371383 -0.0060415344636900424 -0.0060415344636900424 0.0015273230004371383 0.01133381638691993 0.029599059486822329 0.0089311357135775614 0.0015273230004371383 0.014310131722712499 0.026618254265754943 -0.0019893670900300734 0.0071739183430397178 -7.3837243850104813e-05
leaf_weight=57.830614522099495 102.83924622088671 29.777411289513111 15.436970926821234 24.908619217574596 140.66396570950747 20.321959804743528 48.477308623492718 13.231190301477907 26872.910108819604 38.914738282561302 2010.6778779402375 854.46138805150986 250.95099620521069 2406.3904648050666 205936.87663976569 104.14003503322601 3135.8217033371329 5485.3831382542849 3692.355380371213 1468.7044314369559 1020.5218302235007 142.97067867219448 344.93905402719975 1768.2560468390584 3648.6462409310043 908.82789789885283 118.31362168863416 9754.9591777175665 1152.437078140676 37318.821234643459
leaf_count=84 142 143 75 65 355 91 65 38 56858 112 2328 1336 656 3328 527255 167 4989 10507 7135 3308 1524 205 308 2242 5719 1160 108 21062 1584 80311
internal_value=-0.000115357 -0.000125008 0.0146121 -0.0586084 -0.000114266 -0.00667437 0.00660528 -0.0232779 -0.000124118 -0.0201159 -0.000117717 6.4584e-05 -9.98262e-05 -0.000229768 -3.54229e-06 0.00328441 -0.00221095 -0.00196628 -0.00453771 -0.00187672 0.00712485 0.0162087 0.0211403 0.00518613 0.00152732 0.00720693 0.00152732 -0.000565968 0.0125855 -0.000811226
internal_weight=308890 308689 200.307 54.686 308635 97.4674 77.1455 28.6682 308494 96.7454 308397 244206 241043 232131 208343 8911.08 23788.2 23537.2 8296.88 4604.53 3380.83 592.05 487.91 2788.78 5530.25 1881.6 972.775 15240.3 3163.11 64191.7
internal_count=733260 732849 411 208 732641 269 178 113 732286 196 732090 594921 591009 578240 530583 12769 47657 47001 15432 8297 4446 680 513 3766 8323 2604 1444 31569 3912 137169
is_linear=0
shrinkage=0.05


Tree=154
num_leaves=31
num_cat=0
split_feature=7 4 9 6 9 9 12 1 9 9 3 8 3 9 12 10 6 4 6 8 8 4 7 5 11 5 12 6 11 12
split_gain=17.4493 34.8562 88.1574 46.3015 25.7941 23.3322 20.8849 18.0484 66.2389 32.9169 68.6318 28.2158 23.4033 22.2813 120.021 43.3511 46.3519 45.2305 40.715 34.472 27.8142 22.9728 17.987 22.7223 33.1469 21.4838 21.0373 19.8 18.1781 18.107
threshold=3211691.0000000005 inf 22.500000000000004 1885909.0000000002 23.500000000000004 142.50000000000003 -0.0074984540697187177 9.5000000000000018 1.0000000180025095e-35 15.500000000000002 0.24904768168926242 0.22230862081050876 0.03994718752801419 22.500000000000004 -0.015413943212479351 18.937500000000004 1885909.0000000002 70100.000000000015 8681399.0000000019 0.52384921908378612 0.16658333688974383 39440.000000000007 7714069.5000000009 15089427.500000002 -0.10132575780153273 10052930.500000002 0.2137585058808327 13897643.000000002 0.38344155251979833 -0.0098285484127700311
decision_type=10 8 2 2 2 2 2 2 2 2 8 10 10 2 2 2 2 10 2 8 10 10 10 2 2 2 2 2 2 2
left_child=7 2 -2 -4 22 -5 -7 8 12 10 11 -10 -1 14 15 17 -17 20 19 21 -9 -16 23 25 -25 29 -27 -26 -29 -3
right_child=1 4 3 5 -6 6 -8 13 9 -11 -12 -13 -14 -15 18 16 -18 -19 -20 -21 -22 -23 -24 24 27 26 -28 28 -30 -31
leaf_value=0.00071751611543079932 0.0043103835071286482 -0.0069540510997004694 0.054365572150072664 -0.00013220685601159234 -0.00013220685601159234 -0.00013220685601159234 0.029399596067209766 -0.0092269755008418785 0.00071751611543079932 0.0026022967709761484 0.017224418309219273 0.0081981669806090503 0.033705106532306482 0.00060951328314353954 -0.00018942328898616264 -0.019604777582987537 -0.087122486756734507 -0.019604777582987537 -0.0032639254267445312 0.00071751611543079932 -0.0032639254267445312 -0.002509223081516361 -0.00013220685601159234 -0.024956953648835902 -0.00013220685601159234 -0.010964584001661082 -0.00013220685601159234 -0.0076616371467904164 -0.00013220685601159234 -0.0022733580069750456
leaf_weight=42213.061741955578 12933.400788027793 2273.3798766210675 43.561955139040947 23645.913136393763 18610.423452567309 39.30133892595768 152.68538355082273 2544.7852190434933 601.15107506513596 4516.2791762240231 1487.1334953084588 1481.3285432159901 54.350235342979431 104359.06608878076 11564.66421366483 121.9805474281311 29.670948833227158 447.64760947227478 3465.8174832575023 20288.432952832431 3827.2927387282252 14682.264410354197 5864.8936191722751 132.86010310053825 8435.568758353591 1414.9013860821724 54.106116242706776 1678.1084793359041 106.27281768620014 22549.49428511411
leaf_count=92953 23209 4552 29 50255 51708 89 226 5180 1053 6419 1720 2048 56 262056 29061 329 133 1059 10954 48126 6943 40740 10461 285 16591 4153 43 5038 106 57471
internal_value=0.000177984 -0.00037386 0.000841517 -0.000132207 -0.00110593 -0.000132207 0.0205144 0.000433293 0.00125967 0.00544032 0.00902752 0.00316307 0.000717516 0.000175359 -0.000619895 -0.00676496 -0.0330384 -0.0061712 0.000237113 0.000654977 -0.0050791 -0.00109636 -0.00182929 -0.00226951 -0.000285292 -0.00305075 -0.00892261 -0.000132207 -0.00541234 -0.00270256
internal_weight=309620 97934.9 36814.9 23881.5 61120 23837.9 191.987 211685 50353.3 8085.89 3569.61 2082.48 42267.4 161332 56972.6 6971.38 151.651 6819.73 50001.2 46535.4 6372.08 26246.9 42509.6 36644.7 10352.8 26291.9 1469.01 10220 1784.38 24822.9
internal_count=733046 224216 73808 50599 150408 50570 315 508830 104249 11240 4821 3101 93009 404581 142525 13644 462 13182 128881 117927 12123 69801 98700 88239 22020 66219 4196 21735 5144 62023
is_linear=0
shrinkage=0.05


Tree=155
num_leaves=31
num_cat=0
split_feature=9 5 4 6 9 5 0 5 9 9 5 9 4 9 0 9 4 5 5 4 12 9 0 12 12 4 9 12 9 9
split_gain=22.3054 25.6446 22.6912 12.6883 67.7659 189.327 93.4672 65.774 49.7934 86.7652 59.497 45.9957 60.5624 55.2252 44.9603 36.5194 33.7717 33.5129 51.3764 43.1346 70.0194 40.9149 51.5039 32.6921 30.7536 28.4123 27.2633 34.4698 26.4617 64.0437
threshold=170.50000000000003 5320895.5000000009 80100.000000000015 13897643.000000002 45.500000000000007 5320895.5000000009 0.034602491185069091 1289243.5000000002 12.500000000000002 20.500000000000004 1289243.5000000002 56.500000000000007 30000.200195312504 65.500000000000014 0.034602491185069091 90.500000000000014 130100.00000000001 15089427.500000002 13439690.500000002 43401.400390625007 -0.027276050299406048 73.500000000000014 0.014815627597272398 0.3292758315801621 -0.051857864484190934 21900.000000000004 57.500000000000007 0.0095408679917454737 110.50000000000001 125.50000000000001
decision_type=2 2 8 2 2 2 2 2 2 2 2 2 10 2 2 2 10 2 2 8 2 2 2 2 2 8 2 2 2 2
left_child=3 2 -2 -1 8 6 16 -8 10 -10 -5 12 -7 -13 -14 23 -6 18 28 -19 -21 22 -22 26 -11 -12 27 -9 -15 -30
right_child=1 -3 -4 4 5 11 7 15 9 24 25 13 14 17 -16 -17 -18 19 -20 20 21 -23 -24 -25 -26 -27 -28 -29 29 -31
leaf_value=0.00037003374950955883 0.013883929401365139 0.028945774656343039 -0.042385227318870483 -0.067301177515290286 -0.016924391720202919 0.0036724208123139739 0.049893889668366206 -0.0095910477812426575 0.023882977258372327 -0.0028943772183324117 0.0085541199637222797 0.020170003129077484 -0.02196479155510812 0.0020402421790868086 -0.0048972127897543866 0.015611662338740853 -0.051809254207125267 0.011682060274159535 0.035355900221481787 -0.06792912198926096 -0.038102284196773653 -0.0011838426713063053 -0.0011838426713063053 0.041120065967455988 0.0022692106338199603 -0.0021697655787007862 -0.0095910477812426575 0.015823987281027088 0.045193059250404469 -0.017586013474230711
leaf_weight=262507.17735331133 45.616904653608799 138.02823788672686 26.814427852630615 32.633345440030098 2646.2855302728713 1065.8156437650323 57.699154503643513 202.19198187440634 438.80955808609724 3400.8675293922424 644.89606330543756 496.2944923043251 635.33530074730515 2320.3231889680028 359.5325860902667 198.067014567554 69.796362477354705 226.88045385479927 130.95692245662212 52.53501520305872 99.354002878069878 313.27308969572186 99.099680438637733 31.077977381646633 18901.226612614468 13683.655138015747 560.17351657897234 198.0303448215127 108.78069986402988 62.771554034203291
leaf_count=599441 82 231 97 175 9397 3130 60 408 587 7125 1026 853 2097 7137 652 289 327 479 270 195 556 893 224 23 61832 33279 1256 252 188 198
internal_value=0.000245645 0.0164409 -0.00752635 0.000234528 -0.000521706 -0.00418893 -0.0126583 -0.00132379 0.000460385 0.00191594 -0.00184443 0.00143509 -0.0046072 0.00462006 -0.0134668 -0.0038877 -0.0178583 0.00234906 0.00506941 -0.00665964 -0.0140497 -0.00827545 -0.0264658 -0.00780668 0.00148162 -0.00168598 -0.00947209 0.00344527 0.00345067 0.022284
internal_weight=309754 210.46 72.4313 309544 47036.4 9934.27 3963.32 1247.24 37102.1 22740.9 14361.2 5970.95 2060.68 3910.27 994.868 1189.54 2716.08 3413.97 2622.83 791.142 564.262 511.727 198.454 991.474 22302.1 14328.6 960.396 400.222 2491.88 171.552
internal_count=732759 410 179 732349 132908 28884 12012 2288 104024 69544 34480 16872 5879 10993 2749 2228 9724 10140 7793 2347 1868 1673 780 1939 68957 34305 1916 660 7523 386
is_linear=0
shrinkage=0.05


Tree=156
num_leaves=31
num_cat=0
split_feature=6 9 9 8 12 9 3 11 9 11 9 11 4 8 4 8 16 9 6 9 9 9 9 8 6 9 4 8 9 3
split_gain=23.0272 57.3354 85.2569 63.7528 51.1782 39.3582 45.5187 39.3187 38.4912 104.831 72.7915 110.126 69.357 61.5592 53.0459 48.3009 39.2465 34.5839 32.0534 104.012 43.3883 29.5551 33.7998 29.1564 24.5984 24.5024 22.675 22.6594 19.9689 23.5797
threshold=1885909.0000000002 112.50000000000001 96.500000000000014 0.45011143386363989 -0.044408369809389107 126.50000000000001 0.14054110646247867 -0.01316526625305414 114.50000000000001 -0.017406204715371128 111.50000000000001 -0.0075013528112322083 132600.00000000003 0.30567033588886267 64010.000000000007 0.055568549782037742 6.5000000000000009 175.50000000000003 13897643.000000002 104.50000000000001 110.50000000000001 46.500000000000007 30.500000000000004 0.44434815645217901 1237896.0000000002 137.50000000000003 94050.000000000015 0.36377695202827459 89.500000000000014 0.052702000364661224
decision_type=2 2 2 8 2 2 10 2 2 2 2 2 8 10 8 10 2 2 2 2 2 2 2 10 2 2 10 8 2 10
left_child=8 2 -2 18 -3 7 -7 -6 10 17 16 13 15 -12 23 -11 28 -10 26 -20 -21 22 24 -13 -18 -8 -4 -16 -1 -30
right_child=1 4 3 -5 5 6 25 -9 9 12 11 14 -14 -15 27 -17 21 -19 19 20 -22 -23 -24 -25 -26 -27 -28 -29 29 -31
leaf_value=-0.00070458264561251054 0.00042535784535729763 -0.041194916581048541 -0.013186569699017162 -0.0011400606225433233 -0.012514272422129947 -0.012514272422129947 0.0011112767106994119 0.035336838130166984 -0.089406546492278735 -0.019242427696271401 -0.087513938350772841 0.036102604651285446 -0.037275832284227824 0.0017635560586894833 0.0017635560586894833 0.0036275298936972026 0.047614144713732771 -0.037275832284227824 -0.078939581623047581 -0.013186569699017162 -0.083583851267172771 0.010908679378532703 0.0015957950344812179 0.078798771055017536 0.0065675551122117599 0.024634030207761004 -0.058263147305052387 0.029750134421879439 -0.046764370786356493 0.0015957950344812179
leaf_weight=146502.50847351179 150768.9504816886 38.985926367342472 292.76463945955038 533.46304530650377 40.700723953545094 81.465865441597998 143.08408135175705 298.4568442851305 56.884297199547291 77.883307129144669 28.213460773229599 117.50734046846628 76.321688212454319 44.94280381500721 65.253346174955368 740.15099091082811 35.054594874382019 12.363706439733503 95.685858234763145 129.37395403441042 19.978426471352577 1140.5159508138895 1317.2385716512799 64.970295608043671 2737.9072074964643 236.86671478673816 26.407106056809425 41.1760373711586 31.692966258153319 2964.3120149038732
leaf_count=357867 347817 105 666 1472 118 360 327 501 247 329 120 196 317 95 181 1897 54 20 437 326 89 2431 3364 76 5201 370 88 61 152 7036
internal_value=-4.019e-05 0.000396313 0.000324188 -0.0135474 0.0134112 0.0161664 0.0066126 0.0290491 -0.000467326 -0.0104192 -0.00040536 0.0219258 -0.00575579 -0.0322425 0.0357696 -0.00120902 -0.000457897 -0.0687959 -0.0252331 -0.0387917 -0.0131866 0.00379846 0.00181148 0.0519939 0.00712039 0.0147368 -0.014647 0.00750641 -0.000606869 0.0015958
internal_weight=308761 152706 151867 1097.67 839.56 800.574 461.417 339.158 156055 963.604 155091 362.063 894.356 73.1563 288.907 818.034 154729 69.248 564.21 245.038 149.352 5230.72 4090.2 182.478 2772.96 379.951 319.172 106.429 149499 2996
internal_count=732320 352676 350895 3078 1781 1676 1057 619 379644 2810 376834 729 2543 215 514 2226 376105 267 1606 852 415 11050 8619 272 5255 697 754 242 365055 7188
is_linear=0
shrinkage=0.05


Tree=157
num_leaves=31
num_cat=0
split_feature=7 9 9 3 11 0 12 9 3 9 11 12 0 4 9 9 3 7 0 9 9 7 7 3 6 11 12 9 4 9
split_gain=47.1008 56.3677 35.6625 62.995 54.5781 47.8385 31.506 28.5632 74.1998 49.9165 36.9467 28.5391 34.0716 32.1434 26.2385 126.851 92.5866 58.6585 99.9999 52.4119 44.886 97.4132 68.5609 70.7135 62.6091 79.3774 61.2068 57.8758 78.1303 55.487
threshold=3211691.0000000005 170.50000000000003 96.500000000000014 0.052702000364661224 -0.021418264135718342 0.035898379981517799 0.36872987449169164 22.500000000000004 0.042046222835779197 37.500000000000007 0.10509692505002023 -0.043046252802014344 0.0082305916585028189 52059.400390625007 33.500000000000007 24.500000000000004 0.1956100016832352 7714069.5000000009 0.032362798228859908 26.500000000000004 56.500000000000007 7714069.5000000009 3211691.0000000005 0.051768040284514434 13897643.000000002 -0.054132396355271332 -0.04111917503178119 77.500000000000014 24850.000000000004 69.500000000000014
decision_type=8 2 2 8 2 2 2 2 8 2 2 2 2 8 2 2 8 8 2 2 2 8 10 8 2 2 2 2 8 2
left_child=6 2 14 -4 5 -5 7 -1 9 10 -9 -6 13 -13 15 -2 17 -17 19 -19 21 -16 23 29 27 -26 -25 28 -24 -22
right_child=1 -3 3 4 11 -7 -8 8 -10 -11 -12 12 -14 -15 20 16 -18 18 -20 -21 22 -23 24 26 25 -27 -28 -29 -30 -31
leaf_value=0.00030542086865885734 1.3767856889212202e-05 0.025865194243353807 -0.072200401088636665 -0.038179287490111007 -0.013280286606951533 -0.013280286606951533 0.014625470013851772 -0.074647935718089684 0.0036400612228887942 -0.011206479915758896 -0.011206479915758896 -0.0024043946344547099 0.002200300076552962 -0.0074586212025348408 -0.0040373418513209745 0.010040856358145379 0.021553022493945008 -0.013899592467931439 0.0089640808271649313 -0.051507736478848931 -0.010183931067944792 -0.00032434863443375598 0.030888697257852461 -0.0091642832697666002 -0.051770087187232632 0.00036497703428778653 0.00039323024872018681 5.5577188254774332e-05 0.0083352385338140347 -0.050306529686528934
leaf_weight=22052.10419151932 147586.22408736683 203.40386813879013 32.275838332250714 154.24684282392263 209.90806123614311 169.85121002048254 456.00670141726732 63.78083785995841 13846.54117384553 132.47779626399279 15.404291331768034 801.98700912296772 2409.0009355545044 917.55500220134854 25190.482957338914 212.59151300042868 1185.8760001175106 47.651641190052032 256.44972620904446 173.32703730463982 357.20227087661624 59119.438859088346 426.06397238373756 1820.8605397418141 72.321016795933247 4134.6637893859297 20668.960167840123 1866.0771340616047 3770.9897608160973 112.21828360855579
leaf_count=42598 339215 354 207 550 483 357 525 254 27250 379 18 2345 5019 3676 64842 260 1517 73 348 535 1440 153205 536 3802 256 12427 57734 3812 7210 565
internal_value=-9.10784e-05 -0.000317659 -0.000337451 -0.00465649 -0.00415817 -0.0238865 0.00159366 0.00142829 0.00318935 -0.026053 -0.0572534 -0.00267407 -0.00163696 -0.00700909 -0.000261473 0.000178077 0.0130913 -0.00147131 -0.012266 -0.0367633 -0.000820395 -0.0014338 0.000735941 -0.000783093 0.00413129 -0.000555435 -0.000381328 0.00738235 0.0106384 -0.0199483
internal_weight=308466 271900 271696 4694.82 4662.55 324.098 36566.3 36110.3 14058.2 211.663 79.1851 4338.45 4128.54 1719.54 267001 149462 1875.9 690.02 477.428 220.979 117539 84309.9 33229.4 22959.2 10270.1 4206.98 22489.8 6063.13 4197.05 469.421
internal_count=731792 660768 660414 12637 12430 907 71024 70499 27901 651 272 11523 11040 6021 647777 341948 2733 1216 956 608 305829 218047 87782 63541 24241 12683 61536 11558 7746 2005
is_linear=0
shrinkage=0.05


Tree=158
num_leaves=31
num_cat=0
split_feature=9 11 0 8 5 5 9 5 7 5 4 4 9 9 9 8 5 5 11 7 6 5 16 11 9 9 5 9 6 10
split_gain=27.9285 54.7345 90.0541 40.7547 50.1749 48.6617 38.7469 37.7612 58.6123 33.8489 48.6691 28.2042 39.53 21.1024 157.499 77.9468 118.469 58.1475 49.1333 46.1709 36.1238 36.1145 48.5919 39.4452 34.2163 77.4748 33.789 30.399 27.628 38.5405
threshold=89.500000000000014 -0.031805556267499917 0.035898379981517799 0.26010203361511236 15089427.500000002 5320895.5000000009 131.50000000000003 5320895.5000000009 3211691.0000000005 12130922.500000002 50851.400390625007 64010.000000000007 95.500000000000014 33.500000000000007 25.500000000000004 0.11771241948008539 10052930.500000002 16151869.500000002 0.52484878897666942 3211691.0000000005 8681399.0000000019 1289243.5000000002 2.5000000000000004 -0.012615652289241551 34.500000000000007 43.500000000000007 5320895.5000000009 26.500000000000004 3910147.0000000005 20.44999980926514
decision_type=2 2 2 10 2 2 2 2 10 2 10 10 2 2 2 8 2 2 2 10 2 2 2 2 2 2 2 2 2 2
left_child=13 2 6 4 7 11 -2 8 -3 -7 -11 12 -5 14 -1 16 -16 18 20 -18 21 22 -15 -24 -23 -26 28 -17 29 -27
right_child=1 3 -4 5 -6 9 -8 -9 -10 10 -12 -13 -14 17 15 27 19 -19 -20 -21 -22 24 23 -25 25 26 -28 -29 -30 -31
leaf_value=0.00026389545120782988 -0.092224855430818972 -0.0071265041754971729 -0.0071265041754971729 0.036692462407545895 -0.0071265041754971729 0.0042379660747320592 -0.037186809277556292 0.0042379660747320592 0.0042379660747320592 0.025708628509392196 0.0042379660747320592 0.0051840977737106385 0.013880853883308198 -0.068389918596279603 0.0011088073602584486 0.035349341957737909 -0.1161915069905658 0.019318235500803155 0.010153870160657087 -0.0081037465579016903 -0.0025312684783244926 -0.0018370210229954665 -0.034011228012243558 -0.0018626126626230444 0.004794525489947429 0.0016804178402628689 -0.00086955165239839495 0.015155239238175406 0.0034436742534824879 -0.0028683876532530094
leaf_weight=172022.34909624793 52.4210274964571 931.00859523192048 207.45020177587867 255.69347089529037 635.47904404066503 1062.533043731004 17.753429248929024 1291.0305834300816 570.13839671760798 457.97907384485006 280.34523946419358 496.6546203866601 742.22849763184786 34.486908286809921 153.07381179183722 210.5332997366786 31.751621425151825 370.14359915629029 1076.2057248912752 14.41672148555517 19728.054365349002 23128.39773491025 119.61948212981224 444.02421925961971 4185.5475777536631 14685.659786209464 48214.644460389391 1616.3645134456456 9778.5457813292742 6816.1486376039684
leaf_count=385236 224 2636 419 324 1792 2853 49 3349 1343 781 674 1113 1441 148 245 209 143 735 1314 24 59658 53015 439 1822 6677 29451 132564 2293 18745 23421
internal_value=0.000140584 0.0032623 -0.0184157 0.00416268 0.000344798 0.00813113 -0.0672471 0.00352452 -0.00374787 0.00423797 0.0152844 0.0149481 0.0197875 6.83487e-05 0.000427214 0.0142793 -0.0153009 -0.000417413 -0.00047469 -0.0841775 -0.000564819 -0.00020359 -0.0124349 -0.0087815 -0.000134863 0.000335627 -3.92661e-05 0.0175185 0.00124049 0.000238298
internal_weight=309631 7000.72 277.625 6723.09 3427.66 3295.43 70.1745 2792.18 1501.15 1800.86 738.324 1494.58 997.922 302630 174048 2026.14 199.242 128581 128211 46.1683 127135 107407 598.131 563.644 106809 83680.5 79495 1826.9 31280.4 21501.8
internal_count=733137 16998 692 16306 9120 7186 273 7328 3979 4308 1455 2878 1765 716139 388150 2914 412 327989 327254 167 325940 266282 2409 2261 263873 210858 204181 2502 71617 52872
is_linear=0
shrinkage=0.05


Tree=159
num_leaves=31
num_cat=0
split_feature=9 9 6 4 12 5 5 8 6 11 9 8 9 9 3 5 10 9 9 8 4 8 4 6 12 9 5 4 9 9
split_gain=19.108 247.611 76.8405 61.1947 50.7188 48.7358 89.1791 78.568 67.4163 47.0509 68.4059 42.2682 41.1783 54.9181 42.9222 40.4261 33.2604 39.7755 32.6308 41.4021 29.8871 27.8962 26.3467 32.5653 28.3192 26.2593 25.9041 25.834 23.3715 21.7924
threshold=12.500000000000002 21.500000000000004 13897643.000000002 27005.600585937504 0.26254855096340185 10052930.500000002 12130922.500000002 0.020153569057583812 3910147.0000000005 0.55988904833793651 15.500000000000002 0.83346664905548107 15.500000000000002 18.500000000000004 0.19906643033027652 1289243.5000000002 11.949999809265138 1.0000000180025095e-35 16.500000000000004 0.64007574319839489 27670.000000000004 0.92505285143852245 58060.000000000007 3910147.0000000005 -0.058297257870435708 14.500000000000002 5320895.5000000009 2149.9001464843755 2.5000000000000004 20.500000000000004
decision_type=2 2 2 8 2 2 2 8 2 2 2 10 2 2 8 2 2 2 2 10 10 10 8 2 2 2 2 10 2 2
left_child=2 5 4 21 11 7 8 -2 9 10 -7 16 -8 14 -14 -5 17 -1 19 20 25 28 -20 -24 -25 -9 -13 -28 -4 -15
right_child=1 -3 3 15 -6 6 12 18 -10 -11 -12 26 13 29 -16 -17 -18 -19 22 -21 -22 -23 23 24 -26 -27 27 -29 -30 -31
leaf_value=-0.000448154750484408 -0.041577488677009618 -0.00015739672513334432 0.0018582239083053673 -0.063741664440301479 0.027378967528590637 -0.019577486125081818 0.030510344492590415 0.020823149563753127 0.003867645590010166 0.01932260268718634 -0.088259027590964517 0.010549612064695166 -0.071331172662590189 0.027100755788725107 -0.0046316198644227539 -0.0049404408454624613 -0.0023699921472230493 0.0020145057052321008 0.034292839134517306 0.036590612586509946 -0.010081089630606147 0.037413522467706489 -0.010081089630606147 -0.0087368955214226374 0.026663288700039273 0.0015371785583550277 0.01355341867655893 0.0020145057052321008 0.015257527202514668 8.7337046575600562e-05
leaf_weight=51190.897694341838 49.135476119816303 213040.92336788028 376.75462362170219 27.310180187225342 164.18903070688248 35.587327845394611 275.10157911479473 218.39483842253685 164.0430219322443 22.765223652124405 68.423581644892693 1270.463083229959 30.899090349674225 195.01378082484007 91.567122504115105 13127.483748540282 18753.388152182102 4347.6364664584398 550.10571067780256 131.5165980681777 136.46851035952568 75.418400302529335 61.122791990637779 61.543270565569401 481.07435853034258 121.25222613662481 160.31154602020979 2815.4678744152188 393.63703567534685 120.23741699010134
leaf_count=107153 119 538090 719 155 154 72 264 231 311 23 263 1645 92 207 153 32808 37193 5997 564 101 249 60 116 106 593 215 162 4735 605 193
internal_value=-0.00022055 3.73062e-05 -0.000820945 -0.00423369 -0.00021375 0.0147661 0.00591239 0.0196619 -0.0173436 -0.0444239 -0.0584776 -0.00027213 0.0154225 0.00584421 -0.0223362 -0.00507219 -0.00054949 6.52927e-05 0.0214153 0.0119788 0.00505569 0.00878863 0.0263554 0.0190337 0.0229744 0.0131554 0.0045785 0.00202385 0.00589675 0.0168633
internal_weight=308558 215855 92703 14000.6 78702.4 2814.25 1003.64 1810.61 290.819 126.776 104.011 78538.2 712.819 437.717 122.466 13154.8 74291.9 55538.5 1761.48 607.632 476.116 845.81 1153.85 603.74 542.618 339.647 4246.24 2975.78 770.392 315.251
internal_count=733348 541962 191386 34347 157039 3872 1578 2294 669 358 335 156885 909 645 245 32963 150343 113150 2175 796 695 1384 1379 815 699 446 6542 4897 1324 400
is_linear=0
shrinkage=0.05


Tree=160
num_leaves=31
num_cat=0
split_feature=7 9 4 9 8 10 9 9 9 5 12 9 9 8 10 8 9 9 9 10 11 10 4 4 9 11 9 8 9 9
split_gain=35.8953 31.8516 75.5893 54.3255 29.6244 26.9598 31.3721 57.0752 31.1281 25.6795 52.4588 52.1564 61.6067 49.0932 40.3046 36.9599 32.2447 24.8736 24.1064 22.0613 21.73 23.3266 19.3968 19.8753 17.9469 36.3952 24.7533 19.7075 17.871 17.7267
threshold=3211691.0000000005 1.0000000180025095e-35 80100.000000000015 10.500000000000002 1.0000000180025095e-35 6.9583332538604745 110.50000000000001 130.50000000000003 13.500000000000002 1289243.5000000002 0.45565807819366461 79.500000000000014 56.500000000000007 0.79789990186691295 13.267857074737551 0.24999500066041949 43.500000000000007 51.500000000000007 21.500000000000004 12.949999809265138 -0.11524075269699095 20.708333015441898 53020.000000000007 55900.000000000007 23.500000000000004 -1.0000000180025095e-35 55.500000000000007 0.24999500066041949 23.500000000000004 133.50000000000003
decision_type=8 2 10 2 10 2 2 2 2 2 2 2 2 10 2 10 2 2 2 2 2 2 8 10 2 2 2 8 2 2
left_child=1 2 4 -3 -1 18 8 -8 -7 10 11 12 15 14 -14 24 28 -18 -5 -9 -10 -22 -13 -24 -2 -26 27 -27 -17 -21
right_child=9 3 -4 5 -6 6 7 19 20 -11 -12 22 13 -15 -16 16 17 -19 -20 29 21 -23 23 -25 25 26 -28 -29 -30 -31
leaf_value=-0.0015554454934317394 -0.009757135018837064 0.02019217569575666 -0.079172435765335419 0.018611266181551598 0.0083390414863451345 -0.0026988400272705782 -0.090750639104085318 0.0050650605933041225 -0.027038146917366907 -7.7393520002823051e-05 0.047597023503204869 0.019375617505725959 -0.016154198463348521 0.019375617505725959 -0.069188286074183855 0.0021407450126162872 0.019375617505725959 -0.009757135018837064 0.0050650605933041225 -0.017053229166965458 0.0039075566334446322 0.00054075705964826235 -0.0030586141034492755 -0.066554133105894905 -0.072775494103709398 -0.045891754210493518 -0.009757135018837064 -0.009757135018837064 -0.009757135018837064 -0.077800284131058911
leaf_weight=8610.036783516407 210.88112488761544 421.60979023575783 28.777513384819031 424.47914436459541 827.35075981914997 3283.5814841091633 23.815575055778027 23.341892823576927 60.006677761673927 271372.7984100366 40.560082100331783 75.077056251466274 37.607194803655148 10.213288009166716 93.95733261667192 326.33960705250502 165.91892366111279 40.12618488445878 1197.0126570239663 12.732811797410251 13315.410619191825 8384.3883391935378 11.0992788374424 13.670936044305561 38.447850406169891 82.441935930401087 24.149124309420586 47.097821809351444 107.66690044850111 13.972419269382952
leaf_count=15949 915 440 97 465 1185 5910 112 17 124 657207 20 165 69 28 641 830 520 162 1644 34 23409 21633 29 90 205 515 107 301 369 75
internal_value=8.60734e-05 0.00155571 -0.000941713 0.00242615 -0.000686439 0.00214453 0.00174074 -0.0303655 0.00183785 -0.000111327 -0.00704921 -0.00884579 -0.0118325 -0.042527 -0.051684 -0.00758701 -0.000106833 0.0160894 0.00838938 0.000752612 0.00252263 0.00260686 0.0193756 -0.0254928 -0.0194074 -0.0304061 -0.019008 -0.0336985 -0.00783457 -0.0391715
internal_weight=309325 36626.5 9466.17 27160.4 9437.39 26738.7 25117.2 73.8627 25043.4 272698 1325.25 1284.69 1184.85 141.778 131.565 1043.07 640.052 206.045 1621.49 50.0471 21759.8 21699.8 99.8473 24.7702 403.018 192.137 153.689 129.54 434.007 26.7052
internal_count=733267 71094 17231 53863 17134 53423 51314 238 51076 662173 4966 4946 4662 738 710 3924 1881 682 2109 126 45166 45042 284 119 2043 1128 923 816 1199 109
is_linear=0
shrinkage=0.05


Tree=161
num_leaves=31
num_cat=0
split_feature=7 12 9 11 3 9 6 9 6 16 3 9 4 9 11 0 3 9 16 9 9 9 3 4 3 9 3 6 12 9
split_gain=19.0005 29.4124 19.7077 78.9865 56.0121 30.3041 71.535 70.2568 38.4973 69.6297 44.5568 37.2407 53.7716 52.3906 40.5929 34.962 34.6583 32.0531 27.5819 23.2535 22.532 22.5497 22.0037 19.9008 19.8283 19.5525 38.1009 45.1829 39.4042 27.6514
threshold=3211691.0000000005 0.36872987449169164 91.500000000000014 -0.022907647304236885 0.25924760103225714 103.50000000000001 1885909.0000000002 102.50000000000001 1885909.0000000002 6.5000000000000009 0.10234026983380319 111.50000000000001 78050.000000000015 113.50000000000001 -1.0000000180025095e-35 0.009828069247305395 0.39620284736156469 92.500000000000014 2.5000000000000004 96.500000000000014 104.50000000000001 142.50000000000003 0.32970714569091802 2149.9001464843755 0.17979500442743304 66.500000000000014 0.023499614559113983 8681399.0000000019 -0.043046252802014344 79.500000000000014
decision_type=8 2 2 2 10 2 2 2 2 2 10 2 8 2 2 2 10 2 2 2 2 2 10 8 8 2 10 2 2 2
left_child=1 25 23 4 20 6 15 16 11 10 -10 -7 13 14 -13 19 -8 -18 -6 -5 -4 -22 -21 -2 -17 -1 28 -28 -27 -30
right_child=2 -3 3 5 18 8 7 -9 9 -11 -12 12 -14 -15 -16 24 17 -19 -20 22 21 -23 -24 -25 -26 26 27 -29 29 -31
leaf_value=0.0014046558052903178 0.012515300482438691 0.013914612947676014 -0.027118666066939648 0.014811822468255227 -0.027118666066939648 -0.0075161301498805101 -0.0075161301498805101 0.071102030639563593 -0.0075161301498805101 0.084643246289318491 0.011929934891638374 0.0014812339160340986 -0.0075161301498805101 0.0037825186250068895 0.043435430504195099 0.014811822468255227 0.051923890078712148 0.0031369409987678804 -0.0075161301498805101 -0.0075161301498805101 -0.082159532141627425 -0.027118666066939648 0.012946132047005725 3.7983579186025805e-05 0.02747099311216929 -0.072015478813820408 0.0075420780651142862 -0.0074638522584526594 -0.027710986459943732 -0.0074638522584526594
leaf_weight=34486.546310979873 317.95462623983622 456.47914053499699 58.835638180375099 154.25595453381538 45.72468177229166 790.57864902727306 331.76420935988426 26.821083404123783 202.28476331289858 27.669583708047867 919.66597256809473 28.410416275262833 388.61573584005237 669.86967637762427 167.9836139306426 134.49090704321861 41.029034614562988 153.14894144237041 183.82884086668491 244.70766230672598 52.096463572233915 12.605834253132342 184.46389172971249 267417.32663221844 625.77073229849339 27.708346769213676 571.63514307886362 356.57875598222017 193.11666443943977 249.39100585132837
leaf_count=67437 438 530 158 267 142 2437 1054 22 833 57 1808 90 1168 1734 266 282 43 300 383 857 240 29 470 647552 923 96 841 855 545 699
internal_value=0.000256356 0.00133039 0.000113467 0.00309096 -0.0197117 0.00467942 0.00968286 -0.00544367 0.0017054 0.00901806 0.00700569 -0.00240937 0.00328417 0.0104786 0.0330495 0.0159044 -0.00751613 0.01379 -0.00751613 0.00666486 -0.0467212 -0.0669903 -0.000220271 5.28947e-05 0.0229588 0.00116954 -0.00462227 0.0012575 -0.0161852 -0.012381
internal_weight=309521 36341.5 273180 5444.62 353.091 5091.53 1896.45 552.763 3195.08 1149.62 1121.95 2045.46 1254.88 866.264 196.394 1343.69 525.942 194.178 229.554 583.428 123.538 64.7023 429.172 267735 760.262 35885 1398.43 928.214 470.216 442.508
internal_count=732556 71003 661553 13563 952 12611 4218 1419 8393 2698 2641 5695 3258 2090 356 2799 1397 343 525 1594 427 269 1327 647990 1205 70473 3036 1696 1340 1244
is_linear=0
shrinkage=0.05


Tree=162
num_leaves=31
num_cat=0
split_feature=9 9 10 9 12 11 7 4 10 9 4 1 3 6 11 7 3 10 3 9 7 9 9 9 0 3 11 7 4 6
split_gain=28.3844 65.9585 52.6248 100.972 47.2754 59.9894 44.9347 83.2528 44.2307 42.0149 39.1537 38.1581 37.9274 32.7057 35.464 31.9009 31.9134 27.8989 25.9266 29.966 25.9152 24.9502 31.2387 28.8064 23.3092 22.6153 20.4733 20.2917 25.861 60.8199
threshold=65.500000000000014 57.500000000000007 14.535714149475099 63.500000000000007 -0.054600955918431275 -0.0080830627121031267 3211691.0000000005 36009.800781250007 15.354166507720949 59.500000000000007 60000.900390625007 18.500000000000004 0.21756809204816821 1885909.0000000002 0.27999413013458258 7714069.5000000009 0.38144773244857794 13.348484516143801 0.24904768168926242 96.500000000000014 3211691.0000000005 99.500000000000014 121.50000000000001 77.500000000000014 0.50568181276321422 0.36220137774944311 -0.024864718317985531 3211691.0000000005 198800.00000000003 3910147.0000000005
decision_type=2 2 2 2 2 2 10 8 2 2 8 2 8 2 2 8 10 2 8 2 10 2 2 2 2 8 2 10 8 2
left_child=1 27 9 10 5 6 17 -8 13 -3 15 -11 -7 14 18 -4 -17 -2 -6 26 21 23 -23 -10 -15 -13 -20 -1 29 -29
right_child=4 2 3 -5 8 12 7 -9 20 11 -12 25 -14 24 -16 16 -18 -19 19 -21 -22 22 -24 -25 -26 -27 -28 28 -30 -31
leaf_value=0.00034941078407179455 -0.017699975257291528 0.0054689103092940144 -0.00086774771765358173 -0.00086774771765358173 -0.00021144519880208283 -0.017699975257291528 -0.017699975257291528 -0.10486300536062235 -0.0019503993116326069 0.024411978017362494 -0.07005135067459442 -0.00086774771765358173 -0.005037380422799189 -0.00021144519880208283 0.012719146602114848 -0.04618042140562395 -0.00086774771765358173 -0.05515404457579734 0.0027546202771867572 0.0027546202771867572 -0.00021144519880208283 -0.00021144519880208283 -0.005037380422799189 -0.005037380422799189 0.044312164796264694 0.012144446795520873 0.0076245605147248182 0.023683959813821983 -0.0011896281152850383 0.00041508276740249457
leaf_weight=182194.94704752974 163.6921803355217 2769.4298431500793 52.982711777091026 232.92327426373959 2606.4293240532279 513.20630573481321 27.258670672774315 46.194246478378773 9131.7145607341081 627.4620720371604 66.960341900587082 82.260542571544647 1040.1887487098575 4177.5087345764041 1004.2885414585471 33.660378009080887 35.389551386237144 48.195309847593307 446.49743414670229 516.36566814780235 6493.4218991585076 1822.3814070802182 617.55417647212744 5614.1815885771066 34.266440235078335 129.50479925423861 2085.0181190818548 281.61972263455391 57836.085677156225 28507.747118804604
leaf_count=430758 304 5033 95 437 4756 1166 42 216 31637 707 254 187 1924 7613 1218 145 90 177 897 1035 19016 5160 2274 18639 18 154 3129 364 140220 56029
internal_value=-2.98529e-05 0.000145087 0.00649227 -0.0101818 -0.00134154 -0.00914925 -0.0301403 -0.0633723 -0.00092551 0.00844633 -0.0397809 0.0182354 -0.00525964 0.00171469 0.00407012 -0.0223095 -0.0447436 -0.0181352 0.00252997 0.00572069 -0.00213758 -0.00319155 -0.000211445 -0.00402979 -0.000211445 -0.000123084 0.00762456 4.98727e-05 -0.000580124 0.00064433
internal_weight=309239 272851 4030.57 421.916 36388.4 1838.74 285.34 73.4529 34549.6 3608.66 188.993 839.227 1553.4 10870.4 6658.6 122.033 69.0499 211.887 5654.31 3047.88 23679.3 17185.8 2439.94 14745.9 4211.78 211.765 2531.52 268820 86625.5 28789.4
internal_count=733694 634473 7102 1021 99221 3829 739 258 95392 6081 584 1048 3090 18666 11035 330 235 481 9817 5061 76726 57710 7434 50276 7631 341 4026 627371 196613 56393
is_linear=0
shrinkage=0.05


Tree=163
num_leaves=31
num_cat=0
split_feature=6 4 8 1 5 5 5 9 9 7 3 8 5 6 9 12 9 10 9 3 10 9 9 7 9 8 6 12 12 10
split_gain=20.5833 50.9581 47.519 61.3564 51.0436 47.8536 40.7621 40.3383 38.4163 45.7088 33.3558 33.7167 32.9333 36.4922 32.6782 39.3721 44.4537 28.693 25.3842 68.4887 34.2278 32.9271 38.5315 71.8977 41.1925 33.6747 24.735 23.6755 23.4506 24.3928
threshold=1885909.0000000002 2149.9001464843755 0.20693664997816089 5.5000000000000009 10052930.500000002 5320895.5000000009 10052930.500000002 11.500000000000002 101.50000000000001 3211691.0000000005 1.0000000180025095e-35 0.44452822208404547 12130922.500000002 13897643.000000002 69.500000000000014 -0.025937951169908043 88.500000000000014 5.9166667461395273 43.500000000000007 0.079201109707355513 15.436508178710939 66.500000000000014 65.500000000000014 3211691.0000000005 57.500000000000007 0.027888889424502853 3910147.0000000005 -0.075058858841657625 -0.019639249891042706 11.045454502105715
decision_type=2 10 10 2 2 2 2 2 2 10 10 10 2 2 2 2 2 2 2 8 2 2 2 10 2 10 2 2 2 2
left_child=1 7 5 4 -4 8 18 -1 -2 -10 11 -3 13 26 -9 -16 -17 -12 -7 20 -20 22 24 -24 25 27 -6 -21 29 -11
right_child=2 10 3 -5 12 6 -8 14 9 28 17 -13 -14 -15 15 16 -18 -19 19 21 -22 -23 23 -25 -26 -27 -28 -29 -30 -31
leaf_value=0.012211795193542613 0.00091475755429327457 -0.0041550821571849327 0.0044061032240321754 0.0011962526807851545 0.069327583849767477 -0.0017359290529869384 -0.00012797705503334795 0.0018043070104529588 -0.072662585298752649 -0.023755113242318229 0.0018043070104529588 -0.0012889341627812948 0.0086230710648336952 0.0044061032240321754 0.0018043070104529588 0.036617760721024066 0.012873939034851548 -0.00047508129023380013 -0.019839037550443955 -0.019839037550443955 -0.057159070301181683 0.00091475755429327457 0.00091475755429327457 -0.019839037550443955 0.00091475755429327457 0.00091475755429327457 0.023837382075884088 -0.0081891789835989558 -0.0036032804554685968 -0.079452322330713962
leaf_weight=1232.9659533426166 51226.209632980637 13314.159389235079 2146.7779518328607 31374.182902011089 30.020711600780487 16358.446590650827 43069.827895957977 3920.128881201148 30.931060243397951 17.410607233643532 5043.8833054229617 12144.676845259964 1304.3069493323565 83.90264268219471 42.423369720578194 275.64670591056347 90.102877885103226 119934.57216667198 95.879948802292347 148.68809814751148 91.745806388556957 1259.783122420311 194.78464706987143 478.10086923092604 318.92110006511211 708.4519435018301 656.11086002737284 2729.398828394711 225.56409118324518 23.659815043210983
leaf_count=1922 109734 30641 3523 64983 32 42572 108361 8859 148 25 7134 23691 1874 234 125 482 240 306494 227 414 442 3409 449 2097 515 1615 1180 9890 679 114
internal_value=-5.45721e-05 -0.000458427 0.00035835 0.00195793 0.00761595 -0.000128412 -0.00102754 0.00424081 0.000914758 -0.0170378 -0.000632199 -0.00228172 0.0134854 0.0216776 0.0019656 0.0159275 0.0239436 -0.000296152 -0.00275823 -0.00553203 -0.0351083 -0.00456981 -0.00659032 -0.0176247 -0.00468112 -0.00700954 0.0260235 -0.00945211 -0.010092 -0.0439069
internal_weight=308572 155999 152573 35595.3 4221.12 116978 65454 5561.27 51523.8 297.566 150437 25458.8 2074.34 770.034 4328.3 408.173 365.75 124978 22384.2 6025.75 187.626 5838.13 4578.35 672.886 3905.46 3586.54 686.132 2878.09 266.635 41.0704
internal_count=732105 379588 352517 71826 6843 280691 169991 11628 110700 966 367960 54332 3320 1446 9706 847 722 313628 61630 19058 669 18389 14980 2546 12434 11919 1212 10304 818 139
is_linear=0
shrinkage=0.05


Tree=164
num_leaves=31
num_cat=0
split_feature=7 6 0 3 5 3 0 4 15 6 6 11 5 7 5 11 0 11 5 7 12 6 5 11 7 6 5 5 0 11
split_gain=8.61352 17.847 49.8317 18.0137 20.6312 13.9075 10.9249 16.739 9.54047 20.8847 17.209 43.1352 20.3728 44.2921 30.0122 33.1049 23.9147 64.9785 18.3427 13.3921 32.5281 17.6902 26.8879 20.0476 11.9929 31.2542 60.9441 42.0056 33.3221 25.0827
threshold=3211691.0000000005 3910147.0000000005 0.028915830887854103 0.78759616613388073 15089427.500000002 0.34456743299961096 0.0089687905274331587 170200.00000000003 1.0000000180025095e-35 1237896.0000000002 3910147.0000000005 0.52779263257980358 12130922.500000002 7714069.5000000009 10052930.500000002 -0.077029220759868608 0.14093536138534549 -0.050655398517847054 15089427.500000002 3211691.0000000005 -0.052015691995620721 8681399.0000000019 12130922.500000002 -0.0090220384299755079 7714069.5000000009 3910147.0000000005 5320895.5000000009 15089427.500000002 0.059114735573530204 0.30342836678028112
decision_type=8 2 2 8 2 10 2 10 2 2 2 2 2 10 2 2 2 2 2 10 2 2 2 2 8 2 2 2 2 2
left_child=1 2 3 -1 -5 6 7 -3 10 -10 11 12 13 14 15 -2 17 -16 -14 20 -12 23 -23 -22 25 26 -11 28 -28 -27
right_child=8 5 -4 4 -6 -7 -8 -9 9 24 19 -13 18 -15 16 -17 -18 -19 -20 -21 21 22 -24 -25 -26 29 27 -29 -30 -31
leaf_value=-0.062230214199183509 -0.038224076003044831 8.3336800812464779e-05 0.019705266431155988 -0.036049847297545276 -0.0051074148766244026 0.0064056912478356849 0.0021114041847832797 -0.028833129580269373 0.028127458991808092 0.039850253688780875 -0.016527642917713744 0.029676530722711189 0.015465274179258368 -0.062620522694310801 -0.097550523842997242 0.0031033566044406701 0.015465274179258368 -0.0075079896521125719 0.0040943773186285686 -0.00066105128010374126 -0.0093078864987649629 0.0051648256300194295 -0.0093078864987649629 -0.0023867267064414527 -0.00022714749118500058 0.00037872821408952876 -0.093359410257313202 0.011118375959495733 0.0016383213098917849 0.0070051976857128523
leaf_weight=32.054003924131393 47.277891218662262 26587.291009904817 74.289619438350201 80.33502796292305 37.043892681598663 1031.9103622958064 8246.06030703336 48.141580261290073 63.801757141947746 142.02354430407286 408.46095104515553 134.755784496665 149.6609567925334 26.58011619746685 18.476157441735268 2931.244481086731 69.720016822218895 979.60023806989193 1380.7242894470692 60914.50356324017 354.79797668755054 1326.9444111138582 52.337772063910961 6128.8559551537037 162156.56228378974 33305.935129868798 19.366282865405083 83.441009849309921 16.133049316704273 1490.0669620670378
leaf_count=104 111 55209 85 216 62 1700 13356 151 87 133 1073 113 239 83 78 5871 78 3188 2607 149678 1116 6785 234 23038 396525 68491 82 133 24 2015
internal_value=-0.000122591 0.000602683 -0.0134128 -0.0299201 -0.0202021 0.000690735 0.00052131 2.89115e-05 -0.000218881 -3.64554e-05 -0.000699202 0.00193162 0.00125402 -0.000594669 -0.000156488 0.00242216 -0.00734048 -0.00936659 0.00616838 -0.000917442 -0.00280501 -0.00208813 0.00305062 -0.00318191 -4.5852e-05 0.000792698 0.0179656 -0.00839315 -0.0524019 0.000662879
internal_weight=308338 36137.1 223.723 149.433 117.379 35913.4 34881.5 26635.4 272201 197277 74923.9 5738.04 5603.28 4072.9 4046.32 2978.52 1067.8 998.076 1530.39 69185.9 8271.4 7862.94 1379.28 6483.65 197214 35057 260.964 118.94 35.4993 34796
internal_count=732665 70883 467 382 278 70416 68716 55360 661782 467490 194292 12368 12255 9409 9326 5982 3344 3266 2846 181924 32246 31173 7019 24154 467403 70878 372 239 106 70506
is_linear=0
shrinkage=0.05


Tree=165
num_leaves=31
num_cat=0
split_feature=5 3 0 7 3 11 6 0 11 6 6 7 6 6 16 6 5 7 6 3 15 6 7 7 11 5 5 5 0 11
split_gain=14.5752 46.3057 44.2928 25.8996 13.5999 11.4756 38.9677 9.70629 7.75923 17.2191 12.5262 9.39227 15.5172 7.53749 7.38132 39.9966 15.6401 8.90317 38.4268 34.2801 17.8189 8.51837 6.96572 10.2087 17.7836 8.44345 7.99946 13.0741 7.53066 7.7962
threshold=1289243.5000000002 0.075064375996589675 0.012579114176332952 7714069.5000000009 0.34456743299961096 -0.22840908914804456 3910147.0000000005 0.81534090638160717 -0.012438224628567694 13897643.000000002 1885909.0000000002 3211691.0000000005 8681399.0000000019 13897643.000000002 6.5000000000000009 3910147.0000000005 10052930.500000002 1.0000000180025095e-35 13897643.000000002 0.1545624062418938 1.0000000180025095e-35 1885909.0000000002 7714069.5000000009 3211691.0000000005 -0.10132575780153273 5320895.5000000009 15089427.500000002 12130922.500000002 0.022814018651843074 -1.0000000180025095e-35
decision_type=2 10 2 8 10 2 2 2 2 2 2 10 2 2 2 2 2 10 2 10 2 2 10 10 2 2 2 2 2 2
left_child=1 8 -3 -4 -5 6 -2 14 9 10 -1 12 -10 -8 17 16 -16 18 -7 -20 21 -19 23 25 -25 -23 27 -26 29 -27
right_child=5 2 3 4 -6 7 13 -9 11 -11 -12 -13 -14 -15 15 -17 -18 20 19 -21 -22 22 -24 24 26 28 -28 -29 -30 -31
leaf_value=-0.031108826521032876 -0.006571249475798401 -0.0066811264973519677 0.032267040830168903 0.0032423541690511128 0.024805378027391252 -0.00015443513222133793 -0.064124701981050344 0.023876646892918796 -0.0066811264973519677 -0.021718099028726952 -0.088946379365521133 -0.021718099028726952 -0.021718099028726952 -0.024806988123915713 0.0024829646210151953 0.00061511947080017621 0.0078673467017626592 -0.006571249475798401 -0.006571249475798401 0.00061511947080017621 0.00061511947080017621 0.00061511947080017621 0.00061511947080017621 -0.006571249475798401 -0.00075624626996490224 -0.006571249475798401 0.00042786925474186459 -0.0035893276105219956 0.00061511947080017621 -0.0010727399518884711
leaf_weight=28.011254072189331 102.73544966429472 418.33824237808585 126.48812989145517 259.79698874801397 76.005021467804909 158391.84345157072 32.617949612438679 40.842400766909122 333.48085584491491 36.770148441195488 15.562202394008635 152.38731795549393 24.565390691161156 24.893495365977287 2874.1284509375691 8347.9671712517738 2543.667862854898 52.137892797589302 584.7500024959445 775.69866226613522 46239.57745372504 13160.328093446791 7427.9249574542046 772.03854158520699 37157.498441945761 311.98003596812487 13772.995650991797 1679.5519374236465 2628.9250614568591 10442.574390843511
leaf_count=100 143 1961 173 607 151 386003 93 38 1085 123 72 906 155 55 5629 32426 5866 140 2184 2088 89972 25403 13555 1501 98215 766 31129 4570 4326 23274
internal_value=4.84439e-05 -0.00491265 0.00235472 0.0131658 0.00582245 7.22253e-05 -0.0132217 7.92459e-05 -0.015717 -0.0300902 -0.0547623 -0.013346 -0.00877227 -0.0485119 7.59262e-05 0.00120741 0.00501291 2.2831e-05 -0.000229091 -0.00657125 0.000323963 -0.000184426 -0.000163393 -0.000323119 -0.00072158 0.000478219 -0.000607406 -0.000974554 -0.000655394 -0.0013237
internal_weight=308836 1471.41 880.628 462.29 335.802 307365 160.247 307204 590.777 80.3436 43.5735 510.434 358.046 57.5114 307164 13765.8 5417.8 293398 159752 1360.45 133646 87406 87353.8 79925.9 53382.1 26543.8 52610 38837.1 13383.5 10754.6
internal_count=732709 5333 2892 931 758 727376 291 727085 2441 295 172 2146 1240 148 727047 43921 11495 683126 390275 4272 292851 202879 202739 189184 135415 53769 133914 102785 28366 24040
is_linear=0
shrinkage=0.05


Tree=166
num_leaves=31
num_cat=0
split_feature=7 9 0 9 5 9 12 8 12 9 9 8 12 8 0 9 10 15 9 9 12 9 9 9 5 7 9 9 5 7
split_gain=30.109 16.4406 66.4022 50.7035 29.3427 27.5704 68.8208 24.0659 15.7243 16.6647 28.1483 55.427 35.1679 21.4562 25.5498 28.8115 19.399 15.6601 59.9528 106.15 75.0342 60.4057 106.649 69.8487 44.8672 42.648 71.9028 45.4313 45.2052 36.46
threshold=3211691.0000000005 170.50000000000003 1.0000000180025095e-35 178.50000000000003 13439690.500000002 154.50000000000003 0.01758784614503384 0.75033333897590648 0.39604739844799047 22.500000000000004 43.500000000000007 0.047809524461627013 -0.10753119364380835 0.53846231102943432 1.0000000180025095e-35 96.500000000000014 7.6833331584930429 1.0000000180025095e-35 66.500000000000014 72.500000000000014 -0.064708407968282686 43.500000000000007 38.500000000000007 36.500000000000007 5320895.5000000009 3211691.0000000005 22.500000000000004 56.500000000000007 1289243.5000000002 3211691.0000000005
decision_type=8 2 2 2 2 2 2 8 2 2 2 8 2 10 2 2 2 2 2 2 2 2 2 2 2 10 2 2 2 10
left_child=8 5 -3 -4 -5 17 7 -7 9 -1 11 -11 16 14 15 -14 -12 18 21 -20 -21 22 23 -2 -23 -19 28 -28 -27 -22
right_child=1 2 3 4 -6 6 -8 -9 -10 10 12 -13 13 -15 -16 -17 -18 25 19 20 29 24 -24 -25 -26 26 27 -29 -30 -31
leaf_value=0.00016464876791167705 -0.00075055164920259816 -0.046628404860586503 0.049994605061147106 -0.009609156069264331 0.039854744643115558 -0.083400455827362469 0.027892939221000113 -0.018271136560445912 0.011055832147845356 -0.015312267041349473 -0.014399607511631777 0.0060366547659677196 -0.0018406426722749562 0.0060366547659677196 0.003046075405418455 -0.014399607511631777 -0.052550452756291159 -0.00052514014248123948 0.024218761310605519 -0.067219140197620417 0.014492226569528859 -0.0014186336292060851 0.027270245880733981 -0.075257271857349359 -0.007528665312591297 -0.046000092339709475 -0.001813923929321404 0.0028189136179657135 0.0045338444400451119 -0.0024960987639180872
leaf_weight=22122.927286509424 59802.48139911145 35.200149275362492 97.161584667861462 37.428039573132992 28.33436257392168 38.596806384623051 31.401669874787331 11.663076795637606 392.40351074188948 310.72784681618214 45.850497230887413 5106.2535852156579 3994.0573265887797 750.68932164460421 3605.5485443547368 57.696694429963827 46.877029426395893 160090.52820820175 637.97260720282793 38.19065273553133 425.15099370479584 5934.1031558811665 338.55611469596624 29.47306676954031 6086.4710811078548 42.422189243137836 15857.397204328328 7939.6662854375318 12908.806221824139 1210.275130584836
leaf_count=42875 148379 141 85 115 34 187 38 31 479 651 71 8768 10480 1263 6258 257 123 393377 1180 138 1047 16890 482 103 21921 169 33261 16934 23018 3963
internal_value=-0.00022347 -0.00040451 0.0139214 0.0274101 -0.00644845 -0.00041507 -0.0291138 -0.0644352 0.0011262 0.00101748 0.00237288 0.005189 0.000577533 0.000918633 5.5496e-05 -0.0026688 -0.0297178 -0.000406218 -0.00102363 0.00689931 0.000276214 -0.00127751 -0.000630984 -0.000789768 -0.00451311 -0.000172524 0.00136356 -0.000268114 0.00436124 0.00193255
internal_weight=308054 271621 198.124 162.924 65.7624 271423 81.6616 50.2599 36433 36040.6 13917.7 5416.98 8500.72 8407.99 7657.3 4051.75 92.7275 271341 74502.7 2311.59 1673.62 72191.1 60170.5 59832 12020.6 196839 36748.3 23797.1 12951.2 1635.43
internal_count=732718 661493 375 234 149 661118 256 218 71225 70746 27871 9419 18452 18258 16995 10737 194 660862 194103 6328 5148 187775 148964 148482 38811 466759 73382 50195 23187 5010
is_linear=0
shrinkage=0.05


Tree=167
num_leaves=31
num_cat=0
split_feature=7 9 9 5 9 4 9 9 4 9 9 6 4 9 6 5 5 8 11 4 9 4 9 5 4 7 12 6 8 6
split_gain=41.724 23.4745 40.9591 37.1458 42.3899 19.1977 18.7452 74.2837 117.527 76.0625 66.005 91.7271 59.3939 58.6643 49.0584 67.6268 61.2946 44.1121 43.2643 85.6013 40.4584 56.5749 38.7587 85.7924 83.4953 56.9778 90.5785 54.6656 74.7182 64.9952
threshold=7714069.5000000009 76.500000000000014 66.500000000000014 15089427.500000002 89.500000000000014 50000.500000000007 55.500000000000007 45.500000000000007 50851.400390625007 47.500000000000007 57.500000000000007 3910147.0000000005 181000.00000000003 65.500000000000014 13897643.000000002 15089427.500000002 15089427.500000002 0.86544084548950206 0.17341297864913943 32013.600585937504 56.500000000000007 17650.000000000004 66.500000000000014 10052930.500000002 57650.000000000007 3211691.0000000005 -0.0073870457708835593 13897643.000000002 0.40629123151302343 1885909.0000000002
decision_type=10 2 2 2 2 8 2 2 8 2 2 2 10 2 2 2 2 10 2 10 2 10 2 2 8 8 2 2 10 2
left_child=6 2 -2 4 5 -3 7 -1 -9 12 11 18 14 -12 16 -16 -10 20 -8 -20 -13 -22 23 25 27 26 -15 28 -25 -30
right_child=1 3 -4 -5 -6 -7 10 8 9 -11 13 17 -14 22 15 -17 -18 -19 19 -21 21 -23 -24 24 -26 -27 -28 -29 29 -31
leaf_value=0.00017826570696520387 0.0035297949032383259 -0.020216528790999371 0.036963799234858034 0.0178433023870401 0.0024205320366723964 -0.093823415409410749 -0.0016864272756998856 0.0093483423414673691 0.001746146418197112 0.0042135012969890945 0.0061356051982820337 -0.009261556871122234 -0.060747432242245242 -0.020655454202188964 -0.022833234704220058 0.0042135012969890945 -0.014972815316258792 0.030997858351313003 0.030855083786825943 0.0044604488252736356 -0.0064245497786880063 -0.12842956391949509 0.00096672928594236066 0.0010564369269860268 -0.0055646228445444699 -0.0067569713929108641 0.018581029167253158 0.031405971142206009 0.008495797079999208 0.033491444904380815
leaf_weight=235593.45640946552 9128.3681525066495 14.429987646639345 90.559405073523521 44.621378123760223 35.104963950812817 28.148201838135719 7440.2159617543221 5727.0633509233594 2893.584008730948 1036.9370252117515 3935.6813731752336 4839.0564614124596 44.447672858834267 201.03520958870649 632.58349435776472 140.45306668430567 674.25547114759684 65.692893102765083 348.17701601982117 441.61616551876068 21.806711792945862 15.15130329877138 22861.96540949028 1806.9483564868569 1899.6238178834319 7726.7145485486835 532.86552641540766 223.63407528586686 790.30763580650091 360.41192336380482
leaf_count=555268 16019 33 96 74 78 129 20106 10273 5898 1574 7001 12854 160 500 2002 307 1507 95 329 729 42 71 57091 5412 6313 24957 1166 513 2242 616
internal_value=0.000285426 0.00357591 0.00386617 -0.0180128 -0.0385395 -0.0709038 0.000183032 0.000367012 0.00435461 -0.00092134 -0.000665295 -0.00373813 -0.00450135 0.000338194 -0.00389771 -0.0152999 -0.00142005 -0.00912131 -0.000504366 0.0106073 -0.00967431 -0.0604672 -0.000288882 -0.00240854 0.00272638 -0.00549217 0.00780617 0.0076775 0.00586334 0.0159352
internal_weight=309595 9341.23 9218.93 122.305 77.6832 42.5782 300254 246743 11149.3 5422.26 53510.9 13171.7 4385.32 40339.2 4340.88 773.037 3567.84 4941.71 8230.01 789.793 4876.01 36.958 36403.5 13541.5 5080.93 8460.62 733.901 3181.3 2957.67 1150.72
internal_count=733455 16429 16115 314 240 162 717026 576989 21721 11448 140037 34226 9874 105811 9714 2309 7405 13062 21164 1058 12967 113 98810 41719 15096 26623 1666 8783 8270 2858
is_linear=0
shrinkage=0.05


Tree=168
num_leaves=31
num_cat=0
split_feature=15 6 9 10 9 7 9 9 10 11 7 6 9 3 9 8 9 6 9 9 9 8 11 9 3 6 7 10 6 0
split_gain=30.1361 51.0989 43.6234 52.3793 36.6768 76.2827 36.4129 62.1477 75.9285 42.8379 40.1656 33.7374 98.4189 63.0772 88.7495 58.4833 58.4144 37.9741 34.9584 88.3816 57.8622 52.0376 51.6985 38.4576 37.9854 83.5642 29.6678 29.6606 29.3491 49.7751
threshold=1.0000000180025095e-35 3910147.0000000005 77.500000000000014 19.366666793823246 66.500000000000014 3211691.0000000005 65.500000000000014 56.500000000000007 14.845237731933596 0.34218975901603704 3211691.0000000005 1885909.0000000002 9.5000000000000018 0.0090917046181857603 13.500000000000002 0.32859666645526892 37.500000000000007 3910147.0000000005 23.500000000000004 24.500000000000004 33.500000000000007 0.24452438205480578 -0.10449608787894248 12.500000000000002 0.20257303118705752 8681399.0000000019 3211691.0000000005 5.0625000000000009 13897643.000000002 0.041960094124078758
decision_type=2 2 2 2 2 8 2 2 2 2 8 2 2 10 2 10 2 2 2 2 2 10 2 2 10 2 10 2 2 2
left_child=1 -1 4 -4 6 -6 7 -3 -9 -8 -10 26 17 14 -14 16 -16 -13 22 -20 21 -21 -15 -24 -25 -26 -2 -22 -7 -30
right_child=11 2 3 -5 5 28 9 8 10 -11 -12 12 13 18 15 -17 -18 -19 19 20 27 -23 23 24 25 -27 -28 -29 29 -31
leaf_value=0.0039985014478770564 0.0001893245989353399 -0.00066984468651598388 -0.0031997058787732106 -0.023359980417679192 -0.02461467573151796 0.028106516854498838 -0.010386917605732932 0.018662862923208651 -0.012749853492884034 0.017897758903103439 -0.08379127489207723 0.039682919075947454 -0.062753608419129844 -0.0073415332849640262 -0.020331041211686031 -0.0073415332849640262 -0.071742040085720299 0.0072195842516753414 -0.0073415332849640262 -0.0073415332849640262 0.011563329288309047 0.026415912588155545 0.00047449081322506405 0.0044701838629790042 0.009225190753511114 0.032536921369647719 0.036982130471553576 0.00043318391563531211 -0.017127318557117868 0.03212413639010351
leaf_weight=6038.1373134478927 151880.52344512381 90642.024614565074 1121.7856666110456 450.46398038417101 120.50115990638733 337.52374516427517 1548.0814334079623 661.85028936713934 21.844772785902023 144.70698990672827 28.120878040790558 89.608303993940353 83.278393939137459 304.70130863785744 147.39072298444808 258.71392112597823 67.404365129768848 5847.9101235046983 2058.5178439244628 150.08959803730249 607.84986340254545 398.04035098105669 5474.5115154236555 7233.1060896962881 793.41934347897768 433.88411032408476 52.80958491563797 32389.994486171752 117.20394031703472 88.097358658909798
leaf_count=12806 369219 221220 2831 2399 323 495 6122 1038 37 163 128 108 290 612 499 721 492 9679 4004 273 740 431 9912 15295 1423 648 46 70680 482 123
internal_value=0.000246048 -0.000461216 -0.000743912 -0.00899815 -0.000605234 0.0110925 -0.000688864 -0.00055413 0.0141415 -0.00795075 -0.0441626 0.000590121 0.00163514 0.000917712 -0.015788 -0.00734153 -0.0333205 0.00772271 0.00110495 0.000267488 0.000907056 0.0169893 0.0031986 0.00374019 0.00585273 0.0139802 0.0002026 0.0006389 0.0190804 0.00411312
internal_weight=309592 101320 95282.2 1572.25 93710 663.326 93046.6 91353.8 711.816 1692.79 49.9657 208272 56338.4 50400.9 556.787 473.509 214.795 5937.52 49844.1 35604.5 33546 548.13 14239.6 13934.9 8460.41 1227.3 151933 32997.8 542.825 205.301
internal_count=733239 248167 235361 5230 230131 1423 228708 222423 1203 6285 165 485072 115807 106020 2002 1712 991 9787 104018 76128 72124 704 27890 27278 17366 2071 369265 71420 1100 605
is_linear=0
shrinkage=0.05


Tree=169
num_leaves=31
num_cat=0
split_feature=9 9 11 10 16 5 10 5 3 9 12 5 9 7 3 5 3 11 9 3 9 12 11 7 12 4 3 5 9 9
split_gain=36.1044 42.3281 88.0426 79.9009 36.1892 35.5514 31.7442 39.1369 58.7895 46.8462 29.3459 27.7881 25.4289 47.021 49.0362 29.6718 21.7473 20.7902 20.4845 42.6787 28.3663 18.8876 26.6076 17.1487 29.6218 17.1304 16.4262 15.6605 14.8097 33.6157
threshold=82.500000000000014 86.500000000000014 0.2023827210068703 12.035714149475099 6.5000000000000009 5320895.5000000009 21.774999618530277 5320895.5000000009 0.10327889770269395 108.50000000000001 -0.023367604240775105 12130922.500000002 81.500000000000014 3211691.0000000005 0.78759616613388073 15089427.500000002 0.45432285964488989 -0.012615652289241551 96.500000000000014 0.14987573772668841 150.50000000000003 -0.31677702069282526 0.20959808677434924 7714069.5000000009 -0.079001326113939271 3004.200073242188 0.24145799875259402 15089427.500000002 18.500000000000004 21.500000000000004
decision_type=2 2 2 2 2 2 2 2 8 2 2 2 2 10 8 2 8 2 2 8 2 2 2 10 2 10 8 2 2 2
left_child=12 2 3 -2 6 -6 10 -8 -9 16 -3 -11 21 14 15 -14 -10 -7 19 -12 25 22 26 -23 -25 -20 -1 -21 -26 -30
right_child=1 4 -4 -5 5 17 7 8 9 11 18 -13 13 -15 -16 -17 -18 -19 20 27 -22 23 -24 24 28 -27 -28 -29 29 -31
leaf_value=-0.086699021811662808 -0.013333947663427187 -0.0049476246208708715 0.022638526899716457 -0.090536432053319071 0.0065294369381178261 0.0065294369381178261 -0.0049476246208708715 -0.061381668524249582 -0.014947478074547016 -0.012580324563981568 -0.0024371378477442609 -0.037022315204563692 -0.0082941689571902639 -0.038395462345525135 0.063019406687778584 0.035794898442029995 -0.0049476246208708715 0.035453535617199071 0.0065294369381178261 0.0065294369381178261 0.0065294369381178261 8.7788969134572554e-05 -0.010709275065871111 -0.010709275065871111 0.00076241580611408912 -0.0024371378477442609 -0.031713092360513784 0.0016774782787585089 0.039000440217344154 0.00429058637647136
leaf_weight=18.743285976350307 68.472559295594692 1872.8611645549536 61.683535635471344 59.873124107718468 50.813937738537788 23.433316051959991 975.24126962292939 64.391160002909601 574.24099253863096 121.84499570354819 489.04551861435175 78.631336566060781 86.065112605690956 30.714469574391842 60.265520289540291 39.35838395357132 191.99815375357866 194.26181294769049 313.38912459462881 2486.5122371986508 318.69807178527117 287779.91561037675 55.519759729504585 275.37909331917763 4445.6634927019477 3158.9103584066033 23.77404061704874 522.13139986246824 68.931014694273472 4353.0489710867405
leaf_count=65 126 4332 63 274 150 70 3761 473 2704 622 1362 449 183 92 38 37 851 460 896 5244 675 684237 85 491 7373 8020 50 1131 53 8376
internal_value=5.38279e-05 -0.00267928 -0.0259605 -0.0493064 -0.00228796 0.0157841 -0.00272521 -0.00841839 -0.0158183 -0.012663 -0.00147686 -0.0340616 0.000160751 0.0172155 0.0267251 0.00857039 -0.0069902 0.0291215 7.33489e-05 0.00283222 -0.00243714 0.000148209 -0.0215741 0.000155526 0.0022871 -0.00243714 -0.0527169 0.00579209 0.0028009 0.00484904
internal_weight=308864 11626.4 190.029 128.346 11436.4 268.509 11167.9 2006.35 1031.11 966.715 9161.55 200.476 297237 216.403 185.689 125.423 766.239 217.695 7288.69 3497.69 3791 297021 98.0371 296923 9143.02 3472.3 42.5173 3008.64 8867.64 4421.98
internal_count=732743 31663 463 400 31200 680 30520 8860 5099 4626 21660 1071 701080 350 258 220 3555 530 17328 7737 9591 700730 200 700530 16293 8916 115 6375 15802 8429
is_linear=0
shrinkage=0.05


Tree=170
num_leaves=31
num_cat=0
split_feature=12 5 5 9 8 3 16 3 11 9 11 9 8 9 3 3 9 7 7 11 3 9 9 5 9 7 6 3 7 6
split_gain=23.7885 21.9637 26.2457 104.88 37.2122 44.1988 36.7345 27.9893 26.5494 20.9282 43.407 22.6485 46.8935 63.2407 34.1831 28.032 20.3434 60.6681 51.7161 62.6068 45.6172 19.7923 123.279 31.9539 64.4112 44.1987 58.233 117.77 59.2079 58.3243
threshold=-0.31677702069282526 12130922.500000002 16151869.500000002 40.500000000000007 0.53846231102943432 0.21555858105421069 6.5000000000000009 0.64834192395210277 0.10968709737062456 113.50000000000001 0.036641413345932967 44.500000000000007 0.4167881458997727 84.500000000000014 0.28146463632583624 0.035088999196887023 27.500000000000004 7714069.5000000009 7714069.5000000009 -0.024616437964141365 0.12740166485309604 43.500000000000007 38.500000000000007 5320895.5000000009 45.500000000000007 3211691.0000000005 3910147.0000000005 0.15095166116952899 7714069.5000000009 8681399.0000000019
decision_type=2 2 2 2 10 8 2 10 2 2 2 2 10 2 10 8 2 8 8 2 8 2 2 2 2 8 2 8 8 2
left_child=-1 21 6 7 5 8 9 -4 -5 11 -11 16 13 15 -15 -13 17 -3 -18 20 -20 22 -2 -23 25 -25 -27 -28 -29 -30
right_child=1 2 3 4 -6 -7 -8 -9 -10 10 -12 12 -14 14 -16 -17 18 -19 19 -21 -22 23 -24 24 -26 26 27 28 29 -31
leaf_value=-0.025394893308635938 -2.090379982113838e-05 0.0025875184087456446 -0.012691219797744211 -0.012691219797744211 0.056285660898525505 0.033781070911151199 0.0079312515005143282 0.034157567099252328 0.010544925556703496 -0.012691219797744211 0.0043099917405868575 -0.012691219797744211 0.0043099917405868575 -0.012691219797744211 0.0016263749383355428 0.0022468134493848785 -0.0044676436775368976 -0.0011561607649466211 -0.012691219797744211 0.0031242497430763318 -0.002364741485506746 8.2897407974942325e-05 0.016656929758329612 -0.012691219797744211 -0.00044518879014315631 -0.0066811485922903951 -0.012691219797744211 -0.00036250079778200075 0.0074989355703264987 0.031585993497688765
leaf_weight=90.15492607653141 151365.84018081054 23786.24014858529 930.20399486273527 62.010354772210121 58.925684317946434 99.250727865844965 1791.181528493762 30.89802572876215 31.426998928189278 221.28214799612761 147.73473370820284 81.627436697483063 3972.4427752718329 900.34041011612862 480.21168942004442 8568.2231959551573 6897.2072269190103 19852.382283106446 633.14515520632267 7638.6674260385334 929.5726723074913 41347.84323053807 1114.1974283531308 738.00479824095964 24687.218928778544 7594.95651537925 1153.1913548074663 1850.5269131809473 1039.6456008404493 330.29893651604652
leaf_count=192 352491 46108 2199 214 81 186 3412 27 27 791 209 369 8145 2786 1112 19307 16709 40144 1491 19195 1728 101008 1690 2184 68825 26999 3737 6724 3262 1090
internal_value=4.86233e-06 1.24537e-05 0.000743182 -0.00654835 0.022178 0.0112765 0.000859854 -0.0126912 -0.0126912 0.000688732 -0.0111568 0.000748311 0.00255805 0.000313263 -0.00961651 0.00189995 0.000324024 0.000884443 -0.00119503 0.0012585 -0.00785373 -0.00023125 0.000101181 -0.000874975 -0.00193408 -0.00482627 -0.00403509 0.00056081 0.00547272 0.013344
internal_weight=308425 308335 77113 1212.72 251.614 192.688 75900.3 961.102 93.4374 74109.1 369.017 73740.1 14002.8 10030.4 1380.55 8649.85 59737.2 43638.6 16098.6 9201.39 1562.72 231222 152480 78741.7 37393.8 12706.6 11968.6 4373.66 3220.47 1369.94
internal_count=732442 732250 164240 2734 508 427 161506 2226 241 158094 1000 157094 31719 23574 3898 19676 125375 86252 39123 22414 3219 568010 354181 213829 112821 43996 41812 14813 11076 4352
is_linear=0
shrinkage=0.05


Tree=171
num_leaves=31
num_cat=0
split_feature=9 9 4 11 1 8 9 9 9 12 9 9 12 4 1 5 4 1 12 12 5 10 8 6 5 9 9 4 11 10
split_gain=17.5258 111.136 44.625 36.0443 35.3675 24.702 26.7024 23.0222 116.819 57.9959 54.2402 85.1137 48.5323 71.1208 39.9238 30.8107 130.885 58.8348 29.9202 29.6109 29.4771 69.9823 27.0972 59.1692 56.0557 23.7879 89.5069 40.6656 23.1143 45.7628
threshold=1.0000000180025095e-35 11.500000000000002 197024.50000000003 -1.0000000180025095e-35 5.5000000000000009 0.95346027612686168 2.5000000000000004 33.500000000000007 23.500000000000004 -0.23311688005924222 34.500000000000007 42.500000000000007 -0.01131237158551812 67500.000000000015 10.500000000000002 5320895.5000000009 95550.000000000015 7.5000000000000009 -0.058297257870435708 0.34924985468387609 1289243.5000000002 8.9375000000000018 0.14276190847158435 3910147.0000000005 10052930.500000002 12.500000000000002 21.500000000000004 9613.2001953125018 -0.13311087340116498 6.5357143878936776
decision_type=2 2 10 2 2 8 2 2 2 2 2 2 2 10 2 2 10 2 2 2 2 2 10 2 2 2 2 8 2 2
left_child=2 3 -1 -2 -3 6 -5 8 12 -9 -11 -12 13 14 -6 16 -15 -18 -16 28 21 -10 23 24 -17 27 -27 -14 29 -13
right_child=1 4 -4 5 7 -7 -8 9 20 10 11 19 25 15 18 22 17 -19 -20 -21 -22 -23 -24 -25 -26 26 -28 -29 -30 -31
leaf_value=-0.00071363106459352362 -0.03686450293686911 0.0079915563522233325 -0.058931318878617349 -0.01326556976665412 -0.0011418269370054406 0.014424035743829203 0.0077746134425088487 -0.073000582129016653 0.0040046492766666912 -0.0023822160586069088 0.0040046492766666912 -0.011230259596876662 0.0040046492766666912 -0.012497843865819716 -0.0085447591849838848 -0.020470969264756608 -0.053137236421446937 -0.12954393702888056 -0.0028098087142361663 0.0040046492766666912 0.0040046492766666912 -0.082589957241604672 -0.0085447591849838848 -0.019497018968569289 -0.10759345005514123 0.0040046492766666912 0.00031019159707383528 -0.0011418269370054406 -0.00030827456291527118 -0.036700306983509748
leaf_weight=64435.492799475789 39.092659763991833 1396.7356948554516 30.933240041136742 148.11328664422035 4046.3907238692045 1650.6194814294577 1189.911700643599 25.513567604124546 20.889139145612717 27475.643821306527 4715.4164345264435 74.915228866040707 967.97873888164759 256.90180043131113 2958.4553041309118 36.826925128698349 18.023784816265106 41.593666553497314 6447.9890017956495 787.71970817446709 12377.753055490553 33.853410378098488 575.79912203550339 66.695747137069702 37.518710851669312 2245.0090634152293 52734.10385222733 22386.90665192157 101707.38863394782 44.333199888467789
leaf_count=137635 85 1806 221 267 5988 1954 1591 79 17 65408 7599 94 1345 483 5541 90 30 182 12570 933 20630 149 1125 123 161 3092 148389 45189 270354 148
internal_value=-1.00303e-05 0.000183331 -0.000743393 0.00970003 6.3929e-05 0.0103334 0.00527302 1.77422e-05 0.000571902 -0.000414852 -0.000400032 0.000107428 -5.84432e-05 -0.00271689 -0.00174476 -0.0153448 -0.0282997 -0.0937766 -0.00447779 -0.000233295 0.00400465 -0.0366672 -0.00956172 -0.0304493 -0.0661044 0.000433237 0.00100111 -0.000903562 -0.00033429 -0.0221522
internal_weight=308975 244508 64466.4 3027.74 241480 2988.64 1338.02 240084 105253 134831 134805 107330 92820.2 14486.2 13452.8 1033.36 316.519 59.6175 9406.44 102614 12432.5 54.7425 716.841 141.041 74.3456 78334 54979.1 23354.9 101827 119.248
internal_count=733278 595422 137856 3897 591525 3812 1858 589719 245104 344615 344536 279128 224308 26293 24099 2194 695 212 18111 271529 20796 166 1499 374 251 198015 151481 46534 270596 242
is_linear=0
shrinkage=0.05


Tree=172
num_leaves=31
num_cat=0
split_feature=3 10 10 4 7 7 9 6 9 9 9 9 9 6 8 9 9 10 9 6 9 9 7 4 4 9 8 10 9 9
split_gain=21.5654 23.2854 22.9666 22.574 19.4843 17.5281 16.3945 15.9043 16.8568 15.0336 14.9314 14.2043 13.9412 11.9797 9.79678 8.61377 12.3927 26.6369 8.56483 12.1602 8.15244 14.8069 18.7747 18.1813 12.5704 10.996 31.3996 12.2208 16.7793 24.863
threshold=0.013957562390714886 5.0625000000000009 21.585714340209964 56050.000000000007 3211691.0000000005 7714069.5000000009 1.0000000180025095e-35 13897643.000000002 86.500000000000014 43.500000000000007 65.500000000000014 43.500000000000007 89.500000000000014 1885909.0000000002 0.27426196634769445 67.500000000000014 57.500000000000007 18.937500000000004 1.0000000180025095e-35 13897643.000000002 23.500000000000004 24.500000000000004 7714069.5000000009 57987.701171875007 31950.000000000004 20.500000000000004 0.23915284872055056 3.5227272510528569 2.5000000000000004 6.5000000000000009
decision_type=10 2 2 10 10 8 2 2 2 2 2 2 2 2 10 2 2 2 2 2 2 2 8 10 10 2 10 2 2 2
left_child=2 6 18 5 10 7 -2 9 -9 -4 11 13 15 -5 -14 16 -3 -18 19 -1 25 24 23 -23 -22 26 -8 28 -28 -30
right_child=1 12 3 4 -6 -7 20 8 -10 -11 -12 -13 14 -15 -16 -17 17 -19 -20 -21 21 22 -24 -25 -26 -27 27 -29 29 -31
leaf_value=-0.00018094059470390489 0.028121428040288634 0.00020980181960264912 -0.0027388983525762794 -0.019008199440889603 -0.0090894570036814375 -0.0010189620831673918 0.001794519849247862 -0.0010189620831673918 -0.0090894570036814375 -0.0066611773863193462 -0.0090894570036814375 -0.056904817420313739 -7.8902232377445897e-05 -0.066129921630891333 0.001794519849247862 -7.8902232377445897e-05 0.001794519849247862 -7.8902232377445897e-05 -7.8902232377445897e-05 -0.0010189620831673918 0.033144220534498413 0.017920181590220928 0.001794519849247862 0.001794519849247862 0.0064152979928371549 0.001794519849247862 0.010023934418189813 0.0059798018607631759 0.031890784727631724 0.012261361662182306
leaf_weight=54190.339997053146 64.150617480278015 132745.29087942466 11557.850791044533 139.05517838522792 46.469976673834026 4351.9813251812011 532.17994065582752 6154.4142078720033 53.751032466068864 3098.3370980843902 17.475625706836581 42.600690342485905 2887.9357921555638 13.542307503521441 3275.2595715522766 13487.522784311324 8758.4751907289028 6202.3726176954806 45351.701401529834 9916.4909768030047 84.527460016310215 399.61624465882778 1296.6800477951765 143.42272742092609 91.911624565720558 2049.3226292058825 136.53836910426617 639.69611067324877 241.24278060346842 493.41076692193747
leaf_count=111839 72 314610 29996 764 198 16952 888 30528 617 10220 179 353 7470 75 7187 34228 16541 23396 93680 25184 67 433 1844 215 122 3173 232 891 202 619
internal_value=-2.61796e-05 0.000342475 -0.000500279 -0.00185236 -0.0164782 -0.00170076 0.00335782 -0.00265051 -0.00101896 -0.00356887 -0.0262384 -0.0316788 0.00023122 -0.0239914 0.00179452 0.000135121 0.000363567 0.00172769 -0.000185567 -0.000673395 0.00308864 0.00568972 0.0043505 0.0121966 0.0194484 0.00180504 0.00546133 0.0101651 0.0140681 0.0187763
internal_weight=308464 173530 134934 25475.5 259.144 25216.3 6172.7 20864.4 6208.17 14656.2 212.674 195.198 167357 152.597 6163.2 161194 147706 14960.8 109459 64106.8 6108.55 2016.16 1839.72 543.039 176.439 4092.39 2043.07 1510.89 871.192 734.654
internal_count=732775 412190 320585 89882 1569 88313 8758 71361 31145 40216 1371 1192 403432 839 14657 388775 354547 39937 230703 137023 8686 2681 2492 648 189 6005 2832 1944 1053 821
is_linear=0
shrinkage=0.05


Tree=173
num_leaves=31
num_cat=0
split_feature=9 9 8 12 5 6 8 3 9 9 10 3 5 7 9 9 16 6 5 10 3 6 10 11 3 10 12 10 9 9
split_gain=20.0177 129.549 190.871 49.3482 44.3489 41.9239 79.9153 61.6254 47.1124 69.3214 52.2521 41.2432 31.2341 26.8601 23.2052 103.406 59.1376 22.78 42.3979 70.3327 97.6833 50.8379 39.9326 63.4336 64.1755 52.0412 32.4932 44.2205 31.1936 47.6137
threshold=33.500000000000007 25.500000000000004 0.06243600137531758 0.34924985468387609 10052930.500000002 13897643.000000002 0.4643321037292481 0.19385655969381335 32.500000000000007 26.500000000000004 10.535714149475099 0.055457500740885741 5320895.5000000009 3211691.0000000005 34.500000000000007 43.500000000000007 2.5000000000000004 3910147.0000000005 15089427.500000002 21.708333015441898 0.0209591668099165 8681399.0000000019 12.683333396911623 -0.041742425411939614 0.15820822119712832 16.612500190734867 -0.17221083492040631 5.0625000000000009 85.500000000000014 57.500000000000007
decision_type=2 2 8 2 2 2 8 10 2 2 2 10 2 10 2 2 2 2 2 2 10 2 2 2 10 2 2 2 2 2
left_child=1 -1 4 14 -3 7 -7 8 9 -4 11 -11 -9 -8 16 -16 -2 22 26 28 21 -21 -17 24 25 -24 27 -19 29 -20
right_child=3 2 5 -5 -6 6 13 12 -10 10 -12 -13 -14 -15 15 17 -18 18 19 20 -22 -23 23 -25 -26 -27 -28 -29 -30 -31
leaf_value=0.00043121804939278509 -0.006253792807698411 -0.033866718550416196 0.015017608897940075 0.011661056867436789 -0.11248484629095044 -0.020497446153498688 0.057074466607264611 0.037743039573983783 0.015017608897940075 -0.0085900329034603144 -0.020497446153498688 0.015017608897940075 0.015017608897940075 0.027718037467308988 0.0056758623596096774 0.0017469227305856997 -0.00045148849800102827 -0.018532049096871693 -0.0020041165591312537 -0.01553163880620519 -0.0047304767231477959 -0.041285076198025947 -0.017856495101507764 -0.0012702949686414875 -0.0067495162198469676 -0.055596040014035356 0.0014299596396366377 -0.090111485930508786 -0.0047304767231477959 0.0056758623596096774
leaf_weight=171914.45937933214 5472.5854870229959 64.487921357154846 117.34822393208742 864.54128562286496 24.576433546841145 41.064186342060566 134.04858125001192 273.4433300755918 276.57969980686903 105.00900767743587 237.18711568415165 196.11707019805908 332.47657003998756 201.61974260210991 5136.7927724421024 11100.206948123872 22196.651698186994 25.363874092698097 3422.7613076083362 818.63169434666634 1368.3173727914691 250.40923953615129 488.15159259736538 47222.644467419013 756.85477072000504 111.59855155646801 33231.490030777641 23.680805869400501 610.62626579031348 2035.5275223962963
leaf_count=385023 11573 155 115 1039 111 112 112 221 338 205 585 222 480 260 8412 17495 54066 31 6975 2942 3439 1775 1203 142430 1654 420 86285 85 1426 3606
internal_value=0.000223923 0.00057863 0.0132117 -0.00023258 -0.0575546 0.0165597 0.031485 0.012868 0.00478002 -0.00311143 -0.0118454 0.00331738 0.0252552 0.0397101 -0.000309332 2.55523e-05 -0.00159947 -0.000331685 0.00056362 -0.00258626 -0.0097567 -0.0216299 -0.000958565 -0.00157681 -0.0122287 -0.0250403 0.00136881 -0.0384941 0.00029575 0.00177939
internal_weight=309055 173918 2003.96 135137 89.0644 1914.89 376.733 1538.16 932.241 655.661 538.313 301.126 605.92 335.668 134272 106603 27669.2 101466 41786.8 8506.27 2437.36 1069.04 59679.5 48579.2 1356.6 599.75 33280.5 49.0447 6068.92 5458.29
internal_count=732795 387939 2916 344856 266 2650 484 2166 1465 1127 1012 427 701 372 343817 278178 65639 269766 106564 20163 8156 4717 163202 145707 3277 1623 86401 116 12007 10581
is_linear=0
shrinkage=0.05


Tree=174
num_leaves=31
num_cat=0
split_feature=9 9 4 8 3 9 9 3 9 9 9 4 4 12 5 9 6 9 8 3 9 5 9 11 9 4 3 8 3 6
split_gain=30.7432 110.981 42.1064 34.9328 43.5503 55.3808 35.8458 38.1971 28.8819 26.6185 280.315 46.006 43.6661 34.3491 33.8238 33.8395 31.39 29.5483 46.0959 24.8079 26.891 24.0006 22.9656 86.1304 55.813 49.7506 28.3808 22.2493 21.5453 20.7646
threshold=2.5000000000000004 11.500000000000002 197024.50000000003 0.29138357937335974 0.069241665303707137 7.5000000000000009 3.5000000000000004 0.2542185783386231 170.50000000000003 12.500000000000002 21.500000000000004 51040.000000000007 50851.400390625007 0.3292758315801621 10052930.500000002 15.500000000000002 3910147.0000000005 20.500000000000004 0.44004479050636297 0.048953261226415641 20.500000000000004 5320895.5000000009 132.50000000000003 -0.014844877179712055 135.50000000000003 132600.00000000003 0.97879487276077282 0.9333486557006837 0.59042680263519298 1237896.0000000002
decision_type=2 2 10 8 10 2 2 8 2 2 2 10 8 2 2 2 2 2 8 10 2 2 2 2 2 8 10 10 10 2
left_child=2 3 -1 4 5 -2 -5 -8 9 12 11 14 13 27 16 -16 17 18 -11 20 21 -13 29 -24 28 26 -26 -3 -25 -12
right_child=1 8 -4 6 -6 -7 7 -9 -10 10 22 19 -14 -15 15 -17 -18 -19 -20 -21 -22 -23 23 24 25 -27 -28 -29 -30 -31
leaf_value=-0.00074885821511065838 -0.091626721656346888 0.00040897369682128479 -0.058437536154988638 0.027090887588964521 0.002551225114643973 -0.017544641708404803 0.002551225114643973 0.013875246866128725 0.018116258476060743 0.0086120402268089064 0.022252847004845713 -0.018309607492547907 -0.0032327840877964934 0.032718398015358849 0.025658917411245753 0.0086120402268089064 0.016919828883838802 0.046578778980559649 0.036038778911088594 0.0060480765420738748 -0.010039121418050433 -0.093484869881647406 -0.08527938577288717 -0.044935053051240417 0.001420739617347855 -0.043768207326621518 0.036516932510922466 0.016702189040152967 0.014649471044583333 0.00030665737175535388
leaf_weight=64457.014204367995 29.399058222770691 12246.400622017682 29.646495290100574 352.98015182465315 166.8704742193222 50.947483286261559 465.93614615499973 1611.2625468485057 226.23114290460944 161.25913014262915 105.83672375977039 24.047842837870121 13017.974832780659 82.258178852498531 298.7774231955409 566.09107950329781 988.54111114144325 210.07321047782898 286.53851340338588 264.91495157778263 32.262760430574417 18.944993279874325 33.789029635488987 36.460291817784309 267.26945310458541 49.414365231990814 71.490759797394276 208.33154851198196 15.277496218681334 212428.06235391088
leaf_count=137627 104 23144 220 343 235 85 725 1898 426 256 171 46 26562 66 342 962 1312 175 257 403 49 72 152 185 711 225 79 241 45 535557
internal_value=0.000193851 0.000450158 -0.000777191 0.0105702 -0.00728901 -0.0376405 0.0123915 0.00986991 0.000337941 0.000321131 0.000501781 0.0160693 -0.00120472 0.000901338 0.018405 0.010363 0.0226119 0.0310877 0.0236456 -0.00118094 -0.0261263 -0.054119 0.000293236 -0.0106806 -0.00459072 0.00209113 0.00899817 0.00068598 -0.0449351 0.000317795
internal_weight=308804 244318 64486.7 2677.4 247.217 80.3465 2430.18 2077.2 241640 241414 215859 2851.45 25555 12537 2511.28 864.869 1646.41 657.871 447.798 340.171 75.2556 42.9928 213008 473.701 439.912 388.175 338.76 12454.7 51.7378 212534
internal_count=732675 594828 137847 3390 424 189 2966 2623 591438 591012 540999 3874 50013 23451 3304 1304 2000 688 513 570 167 118 537125 1397 1245 1015 790 23385 230 535728
is_linear=0
shrinkage=0.05


Tree=175
num_leaves=31
num_cat=0
split_feature=9 9 12 5 6 12 3 9 3 9 9 3 7 9 9 15 6 5 6 3 3 9 3 0 9 7 5 7 6 3
split_gain=51.48 91.8836 39.2509 27.0082 89.662 73.4384 38.7956 25.7534 93.7833 79.4529 56.4232 51.3284 40.3459 25.5569 120.091 38.0431 164.625 96.2231 45.8303 36.6174 36.5076 25.8938 29.1975 23.8592 23.6062 21.1317 21.0293 31.7396 21.3704 20.9664
threshold=55.500000000000007 50.500000000000007 -0.074646510183811174 1289243.5000000002 13897643.000000002 -0.027276050299406048 0.078340969979763045 89.500000000000014 0.11733920499682428 98.500000000000014 109.50000000000001 0.095231425017118468 3211691.0000000005 1.0000000180025095e-35 11.500000000000002 1.0000000180025095e-35 1885909.0000000002 1289243.5000000002 1885909.0000000002 0.03994718752801419 0.25647981464862829 2.5000000000000004 0.099720869213342681 0.52506268024444591 51.500000000000007 7714069.5000000009 16151869.500000002 1.0000000180025095e-35 13897643.000000002 0.34456743299961096
decision_type=2 2 2 2 2 2 10 2 8 2 2 10 8 2 2 2 2 2 2 10 8 2 10 2 2 10 2 10 2 10
left_child=1 13 -3 4 5 -2 -7 23 9 -9 -11 -12 -10 15 20 17 19 -1 -19 -17 21 22 -15 -5 -4 -20 27 28 -18 -8
right_child=3 2 24 7 -6 6 29 8 12 10 11 -13 -14 14 -16 16 26 18 25 -21 -22 -23 -24 -25 -26 -27 -28 -29 -30 -31
leaf_value=-0.080210179447978258 -0.068585204947419154 -0.033662906698209136 0.042651613269971987 -0.002032269854796482 0.050759871017005569 -0.030871354261743263 0.0028876179374981463 -0.071563037547260552 -0.010427478396137472 -0.010427478396137472 -0.075867923832970433 -0.01236475127618346 0.003621821274705974 -0.054147063663417955 0.00031071039231029066 -0.0012369599429934511 0.019178319096847654 0.0088397277380950264 -0.0025551242790299274 0.037105995791378299 0.014136926075614085 0.0053519476135227761 -0.0011527254883238901 0.030568839881551041 0.017062199421068926 0.0017086173413876507 -0.023582571832564139 0.00674141290400558 -0.0025484200293804595 0.035668157375043426
leaf_weight=37.1618262976408 35.287616118788719 32.062585256993771 109.16001421958208 46336.186497009359 104.37555801123381 16.882385535165668 150.75362086668611 67.583402637392282 309.88117210566998 162.74909774214029 61.10126362927258 66.079018384218216 6119.4766735881567 38.32660761475563 186535.06988659129 25844.551034197211 898.30866308510303 982.04652139544487 28331.83001691103 60.41898749768734 2045.6977869719267 901.01201250404119 73.36804224550724 54.197173573076725 516.99623826146126 3236.7039009481668 49.6725844591856 4660.7441729307175 128.95147667825222 70.396198943257332
leaf_count=177 147 71 110 122841 276 117 658 280 790 380 359 218 14788 102 449174 54710 1781 1682 65919 56 2412 1259 112 44 758 5368 114 7260 342 199
internal_value=-6.8195e-05 0.000228331 0.018857 -0.00147718 0.0118112 -0.00332326 0.0068425 -0.001572 0.00130446 -0.0235483 -0.0119423 -0.0435759 0.00269332 0.000179875 0.000471897 -0.000682096 0.000552781 -0.00188112 -0.00178677 -0.00114467 0.0102962 0.00252529 -0.0199697 -0.00199287 0.0216449 -0.00211788 0.00821433 0.0085002 0.0164513 0.0135484
internal_weight=308037 254482 658.219 53554.9 377.695 273.32 238.032 53177.3 6786.87 357.513 289.929 127.18 6429.36 253824 189593 64230.4 31642.6 32587.7 32550.6 25905 3058.4 1012.71 111.695 46390.4 626.156 31568.5 5737.68 5688 1027.26 221.15
internal_count=732504 591407 939 141097 1397 1121 974 139700 16815 1237 957 577 15578 590468 453059 137409 64263 73146 72969 54766 3885 1473 214 122885 868 71287 9497 9383 2123 857
is_linear=0
shrinkage=0.05


Tree=176
num_leaves=31
num_cat=0
split_feature=9 9 6 9 0 4 3 4 5 9 5 4 12 6 5 9 9 8 12 5 8 3 5 3 4 0 5 3 12 5
split_gain=37.5016 71.8299 36.4049 65.4918 47.1241 56.5713 37.0167 36.4668 33.6892 32.7419 32.434 96.3364 37.8348 32.1266 33.2124 30.5644 77.2052 58.4399 57.8167 40.409 40.951 37.8398 32.8837 29.0909 27.6935 30.5713 27.5845 57.1685 25.9389 25.6168
threshold=34.500000000000007 43.500000000000007 13897643.000000002 38.500000000000007 0.027334993705153469 53730.000000000007 0.1907056346535683 22850.000000000004 15089427.500000002 35.500000000000007 12130922.500000002 50000.500000000007 -1.0000000180025095e-35 13897643.000000002 16151869.500000002 33.500000000000007 25.500000000000004 0.11771241948008539 -0.17593795061111447 1289243.5000000002 0.74998226761817943 0.0058937692083418378 5320895.5000000009 0.15575250238180163 7010.0000000000009 0.11726508662104608 5320895.5000000009 0.68622446060180675 0.34924985468387609 5320895.5000000009
decision_type=2 2 2 2 2 10 8 8 2 2 2 10 2 2 2 2 2 10 2 2 10 8 2 10 8 2 2 10 2 2
left_child=13 2 7 4 5 -4 -5 9 23 -2 -9 12 -12 15 29 16 -1 -18 -17 20 -20 22 -21 -7 26 -26 27 -23 -3 -15
right_child=1 28 3 6 -6 8 -8 10 -10 -11 11 -13 -14 14 -16 18 17 -19 19 21 -22 24 -24 -25 25 -27 -28 -29 -30 -31
leaf_value=0.00011771428259268243 0.059843933261787496 0.00050215319963239913 0.0062730758896179786 -0.013310938481029811 0.025796724768749037 -0.096185536436737981 0.041590046852305218 0.0051054353459884707 -0.015596467454956034 0.012947476179532558 -0.017810246354408928 -0.038894078554364719 0.0089342880381465938 -0.0002171912878051976 -0.065315385349365984 -0.074654548872336107 -0.0030965830956009854 0.017237892450222055 -0.038135940495874793 -0.038135940495874793 0.05094713530364238 0.0046255395994314642 -0.013660950620436299 -0.028073893516478429 -0.0021488553420069929 0.0041521434502890461 0.0046255395994314642 0.05050460789403937 0.0097821619417634963 -0.0031417676130694747
leaf_weight=145541.25612603128 38.291555911302567 101909.67181741726 396.3185211122036 33.911208026111126 223.68751545250416 28.045197710394859 255.44380547851324 2935.8947737216949 22.85130250453949 530.97887554764748 89.055127702653408 174.15793775767088 495.92364876717329 14224.252949722111 18.569418393075466 25.12836991995573 509.96173177659512 1144.4329241961241 87.374011367559433 62.862338274717331 11.579246446490286 44.146118983626366 91.369083940982819 37.881775245070457 20644.013937778771 2121.1102682575583 308.11324689537287 107.09284092485905 756.61169985309243 15808.269828094169
leaf_count=314805 20 269658 764 69 262 115 303 4831 31 748 184 424 743 34584 103 79 892 1519 391 244 22 107 302 93 49123 2972 638 86 939 47826
internal_value=0.000111216 0.000862831 0.00655907 0.0151466 0.00692134 -0.00185265 0.0351087 0.00454286 -0.037466 0.0163004 0.00272361 -0.00647712 0.00327359 -0.000292879 -0.00180033 -2.74773e-05 0.000239877 0.0109737 -0.00170177 -0.00161733 -0.0331836 -0.0014809 -0.0260061 -0.0590274 -0.0013158 -0.00156145 0.0108125 0.0284068 0.000570733 -0.00175671
internal_weight=308678 107929 5262.44 998.139 708.784 485.097 289.355 4264.3 88.7783 569.27 3695.03 759.137 584.979 200750 30051.1 170698 147196 1654.39 23502.8 23477.7 98.9533 23378.7 154.231 65.927 23224.5 22765.1 459.352 151.239 102666 30032.5
internal_count=732877 279184 8587 1637 1265 1003 372 6950 239 768 6182 1351 927 453693 82513 371180 317216 2411 53964 53885 413 53472 546 208 52926 52095 831 193 270597 82410
is_linear=0
shrinkage=0.05


Tree=177
num_leaves=31
num_cat=0
split_feature=5 9 9 7 0 7 9 9 3 9 0 7 9 0 5 9 9 5 9 9 3 9 9 9 3 3 7 3 11 9
split_gain=38.8112 42.6945 28.7355 54.0207 24.5823 22.1302 48.0843 56.4919 22.9686 16.023 131.999 26.9372 23.4401 39.1448 18.7471 14.7173 14.4991 14.4659 40.8146 49.6382 41.1262 16.6256 13.8537 61.7122 99.0274 48.2009 34.8769 23.2015 13.1581 12.9841
threshold=5320895.5000000009 231.50000000000003 156.50000000000003 3211691.0000000005 0.0082305916585028189 3211691.0000000005 23.500000000000004 53.500000000000007 0.45432285964488989 153.00000000000003 1.0000000180025095e-35 1.0000000180025095e-35 132.50000000000003 1.0000000180025095e-35 12130922.500000002 16.500000000000004 188.50000000000003 1289243.5000000002 23.500000000000004 33.500000000000007 inf 43.500000000000007 35.500000000000007 33.500000000000007 0.14864273369312289 0.0040080321487039336 3211691.0000000005 0.017895999364554886 -0.004535615909844636 141.50000000000003
decision_type=2 2 2 10 2 8 2 2 8 2 2 10 2 2 2 2 2 2 2 2 8 2 2 2 8 10 10 10 2 2
left_child=2 9 4 -4 17 6 15 8 -8 12 -11 14 -2 -14 -12 -6 -13 18 -1 -20 21 -21 23 -19 25 -25 27 -27 -24 -15
right_child=1 -3 3 -5 5 -7 7 -9 -10 10 11 16 13 29 -16 -17 -18 22 19 20 -22 -23 28 24 -26 26 -28 -29 -30 -31
leaf_value=0.0010826323249537612 -0.0004612683447403866 0.068836321159520417 -0.071607029316077167 0.0082416542860955632 0.018653520164509937 0.0013866328736677879 0.0048669701370803089 0.0010826323249537612 0.017424041958230514 -0.071536491274417691 0.021351211289680653 -0.017982927638238801 -0.066772842308964547 -0.025899801074390213 0.06165281254083893 0.0010826323249537612 0.029527554336463282 0.00051529907628662826 -0.078535212885870009 -0.045140873882113491 0.0010826323249537612 -0.016518616035627497 -0.02355926465471998 -0.069940550784775318 0.00023876642540731843 -0.040378185829970187 -0.021253621396094217 -0.0071518909658731013 0.0010826323249537612 0.008425634591295297
leaf_weight=514.12743101269007 186127.85013297014 20.229651071131229 37.050656478852034 45.492191135883331 197.32103536278009 28702.415751677006 489.61159315705299 891.58126037940383 1441.7801810950041 36.383254796266556 55.656378574669361 34.27504076063633 32.857530154287815 44.988470159471035 65.92425337433815 1171.8529564738274 26.841558888554573 56829.778516806662 30.05019923299551 68.490922853350639 65.574861623346806 198.40239386446774 56.590481869876385 32.967753291130066 4633.8802907466888 44.232262939214706 624.65034638345242 2202.183745265007 23654.32461110875 64.927942588925362
leaf_count=1715 471026 33 164 91 211 49292 685 1589 1855 203 104 85 178 117 66 1962 31 116123 135 370 396 1264 212 162 10553 161 1598 5412 66416 135
internal_value=7.90635e-07 -0.0004527 0.000694454 -0.0284458 0.000714661 0.00188248 0.00527514 0.00936816 0.0142491 -0.000460954 0.0129918 0.0304176 -0.000476916 -0.0205881 0.0438479 0.00108263 0.00315748 0.000282782 -0.00610105 -0.019025 -0.0132088 -0.0241449 0.000346458 -4.8594e-05 -0.0042989 -0.0115347 -0.0108158 -0.00789711 0.00108263 -0.00583544
internal_weight=308442 186510 121932 82.5428 121850 32894.6 4192.15 2822.97 1931.39 186490 219.08 182.697 186271 142.774 121.581 1369.17 61.1166 88955.3 876.646 362.518 332.468 266.893 88078.6 64367.7 7537.91 2904.03 2871.07 2246.42 23710.9 109.916
internal_count=732344 471978 260366 255 260111 55594 6302 4129 2540 471945 489 286 471456 430 170 2173 116 204517 3880 2165 2030 1634 200637 134009 17886 7333 7171 5573 66628 252
is_linear=0
shrinkage=0.05


end of trees

feature_importances:
agg_dpd_count=1130
declared_income_type_code=598
monthly_income=510
debt_to_income=468
current_clean_streak_24m=447
declared_education_code=399
declared_employment_code=392
declared_income_gap=360
dpd_late_autocorr_lag2_24m=327
dpd_late_autocorr_lag1_24m=260
pct_dpd_payments_24m=160
longest_clean_streak_24m=117
avg_overdue_amount_24m=110
n_features_missing=40
declared_provided=22

parameters:
[boosting: gbdt]
[objective: binary]
[metric: auc]
[tree_learner: serial]
[device_type: cpu]
[data_sample_strategy: bagging]
[data: ]
[valid: ]
[num_iterations: 3000]
[learning_rate: 0.05]
[num_leaves: 31]
[num_threads: 0]
[seed: 42]
[deterministic: 0]
[force_col_wise: 0]
[force_row_wise: 0]
[histogram_pool_size: -1]
[max_depth: -1]
[min_data_in_leaf: 50]
[min_sum_hessian_in_leaf: 0.001]
[bagging_fraction: 0.8]
[pos_bagging_fraction: 1]
[neg_bagging_fraction: 1]
[bagging_freq: 1]
[bagging_seed: 400]
[bagging_by_query: 0]
[feature_fraction: 0.8]
[feature_fraction_bynode: 1]
[feature_fraction_seed: 30056]
[extra_trees: 0]
[extra_seed: 12879]
[early_stopping_round: 0]
[early_stopping_min_delta: 0]
[first_metric_only: 0]
[max_delta_step: 0]
[lambda_l1: 0]
[lambda_l2: 2]
[linear_lambda: 0]
[min_gain_to_split: 0]
[drop_rate: 0.1]
[max_drop: 50]
[skip_drop: 0.5]
[xgboost_dart_mode: 0]
[uniform_drop: 0]
[drop_seed: 17869]
[top_rate: 0.2]
[other_rate: 0.1]
[min_data_per_group: 100]
[max_cat_threshold: 32]
[cat_l2: 10]
[cat_smooth: 10]
[max_cat_to_onehot: 4]
[top_k: 20]
[monotone_constraints: 1,-1,1,1,-1,0,0,0,1,0,-1,1,1,-1,1,0,1]
[monotone_constraints_method: basic]
[monotone_penalty: 0]
[feature_contri: ]
[forcedsplits_filename: ]
[refit_decay_rate: 0.9]
[cegb_tradeoff: 1]
[cegb_penalty_split: 0]
[cegb_penalty_feature_lazy: ]
[cegb_penalty_feature_coupled: ]
[path_smooth: 0]
[interaction_constraints: ]
[verbosity: -1]
[saved_feature_importance_type: 0]
[use_quantized_grad: 0]
[num_grad_quant_bins: 4]
[quant_train_renew_leaf: 0]
[stochastic_rounding: 1]
[linear_tree: 0]
[max_bin: 255]
[max_bin_by_feature: ]
[min_data_in_bin: 3]
[bin_construct_sample_cnt: 200000]
[data_random_seed: 175]
[is_enable_sparse: 1]
[enable_bundle: 1]
[use_missing: 1]
[zero_as_missing: 0]
[feature_pre_filter: 1]
[pre_partition: 0]
[two_round: 0]
[header: 0]
[label_column: ]
[weight_column: ]
[group_column: ]
[ignore_column: ]
[categorical_feature: ]
[forcedbins_filename: ]
[precise_float_parser: 0]
[parser_config_file: ]
[objective_seed: 16083]
[num_class: 1]
[is_unbalance: 0]
[scale_pos_weight: 31.972]
[sigmoid: 1]
[boost_from_average: 1]
[reg_sqrt: 0]
[alpha: 0.9]
[fair_c: 1]
[poisson_max_delta_step: 0.7]
[tweedie_variance_power: 1.5]
[lambdarank_truncation_level: 30]
[lambdarank_norm: 1]
[label_gain: ]
[lambdarank_position_bias_regularization: 0]
[eval_at: ]
[multi_error_top_k: 1]
[auc_mu_weights: ]
[num_machines: 1]
[local_listen_port: 12400]
[time_out: 120]
[machine_list_filename: ]
[machines: ]
[gpu_platform_id: -1]
[gpu_device_id: -1]
[gpu_use_dp: 0]
[num_gpu: 1]

end of parameters

pandas_categorical:null
