tree
version=v4
num_class=1
num_tree_per_iteration=1
label_index=0
max_feature_idx=15
objective=binary sigmoid:1
feature_names=pct_dpd_payments_24m longest_clean_streak_24m pct_overdue_payments_24m debt_to_income monthly_income declared_income_type_code declared_employment_code declared_income_gap agg_dpd_count current_clean_streak_24m dpd_late_autocorr_lag1_24m dpd_late_autocorr_lag2_24m income_detected thin_file declared_provided n_features_missing
monotone_constraints=1 -1 1 1 -1 0 0 1 0 -1 1 1 -1 1 0 1
feature_infos=[0:0.9375] [0:22] [0:0.7804877758026123] [0:11.891450881958008] [200:200000] [218884:16566093] [1487881:10492638] [0:0.99500000476837158] [0:363] [0:22] [-0.66666668653488159:0.85742038488388062] [-0.46666666865348816:0.72979795932769775] [0:1] [0:1] [0:1] [2:7]
tree_sizes=3425 3428 3425 3431 3445 3457 3438 3471 3480 3483 3490 3465 3498 3482 3485 3502 3486 3476 3497 3493 3482 3474 3495 3486 3497 3493 3494 3502 3495 3495 3502 3507 3496 3504 3490 3508 3494 3509 3482 3511 3523 3534 3511 3536 3540 3526 3512 3525 3525 3511 3528 3529 3535 3504 3547 3525 3505 3512 3521 3514 3541 3544 3537 3513 3548 3537 3526 3555 3564 3527 3536 3535 3581 3549 3553 3489 3556 3514 3545 3548 3538 3525 3532 3530 3527 3507 3515 3573 3555 3550 3566 3523 3548 3536 3533 3518 3566 3515 3539 3528 3545 3545 3539 3567 3534 3522 3539 3472 3502 3541 3511 3560 3551 3511 3528 3539 3503 3519 3559 3545 3495 3494 3518 3558 3546 3554 3550 3501 3557 3510 3511 3506 3511 3582

Tree=0
num_leaves=31
num_cat=0
split_feature=9 0 5 5 5 5 9 2 9 0 0 4 1 9 9 0 3 0 5 9 11 3 2 5 3 9 4 4 9 4
split_gain=687111 174045 41996.1 73201.2 30652.8 35824.8 28313.5 12947.6 11731.5 10236.6 7089.59 6418.11 4913.78 4644.14 3413.34 3216.39 2479.39 2478.59 2453.03 2393.22 2372.83 1978.36 1630.16 1341.88 1249.16 1231.8 1198.48 1149.98 1147.52 1091.28
threshold=16.937500000000004 0.045663053169846542 5320895.5000000009 12130922.500000002 5320895.5000000009 12130922.500000002 11.354166507720949 0.045628037303686149 21.816666603088382 0.017937581054866317 0.014815627597272398 53730.000000000007 21.500000000000004 15.062500000000002 18.366666793823246 0.019704911857843403 0.0090917046181857603 0.060790836811065681 5320895.5000000009 17.612500190734867 0.15856517106294635 0.017895999364554886 0.16100230067968371 1289243.5000000002 0.013957562390714886 18.038461685180668 31417.700195312504 159699.00000000003 14.062500000000002 10564.399902343752
decision_type=2 2 2 2 2 2 2 2 2 2 2 8 2 2 2 2 8 2 2 2 2 10 2 2 10 2 10 10 2 8
left_child=1 2 12 29 8 9 7 18 15 14 16 -10 21 -5 -6 25 -7 -11 -3 -18 -8 26 -9 -13 -16 -2 -1 -21 -14 -4
right_child=4 6 3 13 5 10 20 22 11 17 -12 23 28 -15 24 -17 19 -19 -20 27 -22 -23 -24 -25 -26 -27 -28 -29 -30 -31
leaf_value=-2.4738590204579469 -2.7518504283760126 -2.229454553234667 -2.5218106221951548 -2.4694616390917687 -2.9964395088550355 -3.2863547568713534 -2.4403417633286812 -2.1881536065250393 -2.8182100395883221 -2.9187453236075389 -2.7110609226951672 -3.2778396299353965 -2.5269116284483779 -2.6702688907553958 -3.1484641720347031 -2.7110609226951672 -2.7978008582074971 -2.7110609226951672 -2.3329666267045797 -2.896333704911807 -2.3329666267045797 -2.4403417633286812 -2.0724465142470634 -2.9363199854407473 -3.0831023444488452 -2.8182100395883221 -2.5269116284483779 -3.0832729582062108 -2.6290749350334863 -2.7110609226951672
leaf_weight=3303.9649999551475 1192.0031881406903 979.37269278615713 457.77919439598918 4184.8387262355536 1028.095698222518 40.138253012672067 1651.0243585295975 1282.2330370210111 1752.5189720932394 426.12131434306502 374.02961824089289 31.933984097093344 349.54491434246302 362.7472939863801 1071.3698947224766 534.3999335244298 633.70014093071222 130.4281422290951 1604.2373220138252 2952.565995240584 637.04744591377676 1668.5898336209357 1016.5855670589954 2459.0277691334486 3038.1170881409198 750.08422895148396 680.90240906924009 37.578852232545614 853.85010437481105 6300.2391796242446
leaf_count=45570 22847 8834 6708 57373 24583 1179 23217 10553 35681 9534 6338 931 4886 6357 28780 8601 12566 2205 18405 64903 6950 20810 6073 55957 77785 15904 10888 1061 14322 123264
internal_value=-2.66691 -2.5035 -2.5861 -2.64583 -2.91862 -2.97562 -2.29459 -2.22559 -2.83625 -3.05671 -2.86153 -2.88758 -2.48787 -2.48512 -3.07909 -2.74884 -2.88454 -2.85224 -2.30643 -2.88019 -2.44034 -2.46715 -2.13582 -2.94054 -3.09998 -2.79194 -2.49313 -2.90038 -2.58667 -2.71106
internal_weight=41785.1 25333 18162.5 11305.6 16452.1 9732.14 7170.5 4882.43 6719.97 5694.13 4038.01 4243.48 6856.85 4547.59 5137.58 2476.49 3663.98 556.549 2583.61 3623.84 2288.07 5653.46 2298.82 2490.96 4109.49 1942.09 3984.87 2990.14 1203.4 6758.02
internal_count=733065 364210 290178 193702 368855 228934 74032 43865 139921 142887 86047 92569 96476 63730 131148 47352 79709 11739 27239 78530 30167 77268 16626 56888 106565 38751 56458 65964 19208 129972
is_linear=0
shrinkage=1


Tree=1
num_leaves=31
num_cat=0
split_feature=9 8 6 8 8 9 4 9 6 8 4 5 4 5 4 11 1 10 8 5 6 5 5 5 4 8 5 4 4 8
split_gain=22004.7 9046.45 7076.64 6342.99 8596.55 5815.87 3954.97 3880.44 2783.78 1667.44 1577.67 1374.87 1161.02 1430.32 1143.96 1073.47 936.399 901.209 772.826 843.132 738.589 687.505 2184.43 1556.55 940.124 559.301 474.785 581.734 461.089 460.222
threshold=18.535714149475101 43.500000000000007 3211691.0000000005 1.0000000180025095e-35 11.500000000000002 15.267857074737551 16034.600097656252 21.774999618530277 1.0000000180025095e-35 12.500000000000002 124200.00000000001 10052930.500000002 196600.00000000003 5320895.5000000009 8010.0000000000009 -0.054528366774320595 21.500000000000004 0.16662679612636569 65.500000000000014 12130922.500000002 1.0000000180025095e-35 5320895.5000000009 15089427.500000002 10052930.500000002 29020.000000000004 1.0000000180025095e-35 12130922.500000002 194500.00000000003 190500.00000000003 15.500000000000002
decision_type=2 2 8 2 2 2 8 2 10 2 8 2 8 2 8 2 2 2 2 2 10 2 2 2 8 2 2 8 8 2
left_child=2 21 10 6 -5 9 11 20 18 14 -1 -4 -10 -14 -6 -11 29 -7 19 -9 -3 -2 23 -23 -25 -12 27 -26 -22 -17
right_child=1 7 3 4 5 17 -8 8 12 15 25 -13 13 -15 -16 16 -18 -19 -20 -21 28 22 -24 24 26 -27 -28 -29 -30 -31
leaf_value=0.4399319502739566 0.33164430723933425 0.29281569898465637 0.44093905848998616 0.50658907228083072 0.45370236001774367 0.33164430723933425 0.33164430723933425 0.22060221067656266 0.27894557693796634 0.35650685849959829 0.36964538122783441 0.36560511481433694 0.25426586247110772 0.16655899014910586 0.35166786505161429 0.46740647802909641 0.36967023379364905 0.35166786505161429 0.19043929426196748 0.27894557693796634 0.33164430723933425 0.3191720304578668 0.33164430723933425 0.31754667511866397 0.23552593844510206 0.4031341148699083 0.27250040570478973 0.15159932551467314 0.27894557693796634 0.38833579521897388
leaf_weight=2353.1848341077566 4395.8208557739854 2311.1026154607534 1109.1569219045341 1055.7419523186982 303.42634277790785 9075.7569175176322 13441.830496136099 2210.3623260781169 1039.113337174058 5371.5656798258424 2499.7534224241972 1144.5024690926075 796.81544995307922 589.58451436832547 6343.1455860175192 234.08061065524817 5258.799808435142 1061.2789563536644 1419.0996625497937 712.84564166888595 730.86831364780664 1577.880292288959 2499.6509958729148 395.88012505695224 720.40175274014473 3858.7654845155776 268.22775783389807 312.33452370390296 475.0018432661891 15614.075755305588
leaf_count=11166 52179 31511 5379 3422 1158 97470 107233 36345 13015 23472 15807 7450 11654 10678 42910 824 32415 6767 23704 9829 8195 27114 30904 6407 13149 19313 3629 6642 6281 66868
internal_value=0.347673 0.302043 0.361245 0.355077 0.364905 0.361424 0.331644 0.268696 0.246341 0.371691 0.40365 0.399566 0.278946 0.229586 0.351668 0.37752 0.382834 0.331644 0.221549 0.236511 0.31155 0.331644 0.312547 0.282893 0.248822 0.390089 0.227454 0.210486 0.331644 0.389563
internal_weight=89180.1 20455 68725.1 60013.4 44317.9 43262.1 15695.5 10284.8 6767.82 33125.1 8711.7 2253.66 2425.51 1386.4 6646.57 26478.5 21107 10137 4342.31 2923.21 3516.97 10170.2 5774.38 3274.72 1696.84 6358.52 1300.96 1032.74 1205.87 15848.2
internal_count=732890 291236 441654 395368 275306 271884 120062 151212 105225 167647 46286 12829 35347 22332 44068 123579 100107 104237 69878 46174 45987 140024 87845 56941 29827 35120 23420 19791 14476 67692
is_linear=0
shrinkage=0.05


Tree=2
num_leaves=31
num_cat=0
split_feature=1 8 5 5 8 3 0 5 8 8 7 8 3 10 9 8 3 10 4 5 5 9 10 7 5 5 5 5 4 3
split_gain=9348.6 5760.91 3747.87 4561.56 2876.05 2166.32 1721.22 1697.58 1682.63 1402.49 1141.35 1037.09 973.954 713.741 616.8 745.855 959.657 508.092 466.862 414.98 368.958 327.711 311.44 444.021 292.98 593.665 288.439 281.156 273.314 259.785
threshold=21.500000000000004 1.0000000180025095e-35 5320895.5000000009 12130922.500000002 11.500000000000002 0.013957562390714886 1.0000000180025095e-35 1289243.5000000002 12.500000000000002 21.500000000000004 0.82013070583343517 43.500000000000007 0.0090917046181857603 -0.049675324931740754 21.708333015441898 43.500000000000007 0.03994718752801419 0.16314934939146045 9613.2001953125018 10052930.500000002 15089427.500000002 14.22499990463257 0.07330589741468431 0.24999500066041949 15089427.500000002 10052930.500000002 12130922.500000002 10052930.500000002 56050.000000000007 0.18901041895151141
decision_type=2 2 2 2 2 10 2 2 2 2 10 2 8 2 2 2 10 2 8 2 2 2 2 8 2 2 2 2 10 8
left_child=1 10 7 5 29 19 11 22 18 -10 -1 -7 -9 -11 -5 -16 -17 21 -6 28 -20 -8 23 -2 25 -15 27 -12 -4 -3
right_child=2 4 3 14 8 6 17 12 9 13 26 -13 -14 24 15 16 -18 -19 20 -21 -22 -23 -24 -25 -26 -27 -28 -29 -30 -31
leaf_value=0.24163076426045973 0.0061280915874510344 0.28961589968095536 0.17350164662951117 0.24163076426045973 0.29567503394194999 0.21110548927673278 0.22984692305242085 0.133951109909694 0.31643797018081904 0.25208086467140672 0.30042531971766373 0.18394724046240044 0.24163076426045973 0.27412105820538668 0.23279033683644224 0.13562928449337353 0.21754429724596297 0.24163076426045973 0.24163076426045973 0.12916767712743887 0.26300947939244723 0.21110548927673278 0.2406010560015521 0.14449117021721619 0.28292346800704266 0.26178190061891032 0.32747599347206691 0.26604645136715099 0.032999366716724918 0.33931721447113916
leaf_weight=23095.524056524038 79.252636387944221 459.40364598482847 2382.5625776350498 6435.0493622496724 501.9144239127636 3927.4052266553044 1386.4506106078625 244.85907972604036 1598.9386546723545 6463.8888501487672 791.50539467483759 3860.9470339082181 20170.558478407562 16110.161916468292 3621.9049468971789 480.94608080759645 1566.8420750945807 1307.2720736302435 7507.8321315795183 813.23576234281063 2376.706963442266 2312.210301682353 52.293247856199741 215.92559787258506 5261.6598178818822 3226.0814601778984 452.57320727407932 341.02196572721004 36.189475283026695 1443.0723394826055
leaf_count=131702 1054 1198 28870 41020 1428 48874 7319 2544 3921 26589 2520 51178 157749 45997 34648 6625 16999 5513 39192 12236 9439 20074 258 2444 13733 13139 1300 1958 558 2759
internal_value=0.244136 0.255929 0.227332 0.215315 0.266923 0.197731 0.207013 0.241631 0.264225 0.269879 0.241631 0.192134 0.241631 0.267462 0.238559 0.22395 0.198457 0.230077 0.246396 0.160881 0.243835 0.218063 0.128907 0.107633 0.271483 0.268341 0.290462 0.27512 0.171428 0.327632
internal_weight=118524 69630.3 48893.9 28131 44949.7 16026.3 12794.3 20762.9 43047.2 32660.7 24680.6 7788.35 20415.4 31061.8 12104.7 5669.69 2047.79 5005.93 10386.5 3231.99 9884.54 3698.66 347.471 295.178 24597.9 19336.2 1585.1 1132.53 2418.75 1902.48
internal_count=732838 294875 437963 273914 157395 174622 132958 164049 153438 103379 137480 100052 160293 99458 99292 58272 23624 32906 50059 41664 48631 27393 3756 3498 72869 59136 5778 4478 29428 3957
is_linear=0
shrinkage=0.05


Tree=3
num_leaves=31
num_cat=0
split_feature=9 6 10 4 8 4 6 3 1 8 8 6 8 3 5 3 8 6 8 6 4 3 5 5 4 5 3 7 6 7
split_gain=6240.9 3608.65 3833.92 3810.08 3236.96 1725.55 1326.24 1240.27 1198.98 997.473 811.146 710.565 678.301 725.37 510.988 670.736 471.257 422.373 318.695 311.111 839.337 679.562 412.353 291.179 287.194 287.049 264.969 395.557 243.114 241.061
threshold=21.774999618530277 1.0000000180025095e-35 0.082257445901632323 198800.00000000003 43.500000000000007 31950.000000000004 1.0000000180025095e-35 0.0209591668099165 21.500000000000004 1.0000000180025095e-35 65.500000000000014 7714069.5000000009 65.500000000000014 0.079201109707355513 5320895.5000000009 0.28146463632583624 11.500000000000002 7714069.5000000009 42.500000000000007 1.0000000180025095e-35 38060.000000000007 0.0040080321487039336 5320895.5000000009 5320895.5000000009 98200.000000000015 13439690.500000002 0.070036113262176528 0.4167881458997727 7714069.5000000009 0.55564939975738536
decision_type=2 10 2 8 2 8 10 10 2 2 2 10 2 8 2 10 2 10 2 10 8 8 2 2 10 2 10 8 10 8
left_child=1 2 5 16 19 18 12 10 9 11 23 -5 26 -14 -4 25 -3 -18 -1 20 -2 -22 -23 -8 -15 -16 27 -6 -25 -24
right_child=4 3 14 8 6 -7 7 -9 -10 -11 -12 -13 13 24 15 -17 17 -19 -20 -21 21 22 29 28 -26 -27 -28 -29 -30 -31
leaf_value=0.19507571619945729 0.18123392425766405 0.243651885930951 0.22255738706096528 0.19018160457409539 0.073344871822780863 0.18123392425766405 0.16005345328058873 0.18123392425766405 0.18123392425766405 0.20794199401280464 0.067836067916469497 0.20853713588524539 0.00014532612840551773 0.12041969294674369 0.19507571619945729 0.22549098227515363 0.21765328177407617 0.25968029490114852 0.18815482022856067 0.18123392425766405 -0.022932227674933692 0.16771120194606703 0.13179523570117968 0.10998135985527456 0.057655618079635346 0.21029442761732575 0.14821660175839207 0.13160137254740431 0.16005345328058873 0.16548380889804756
leaf_weight=14469.078800164163 4007.5028902553022 2497.5576861426234 4954.6784643158317 11117.548535585403 362.77910660207272 31905.711742792279 1048.8053399696946 1527.4123602621257 5553.3395739905536 15198.1227517277 340.17356642335653 1518.3073402866721 148.14541830867529 1722.3031288906932 5544.305702470243 2501.0822677761316 15904.765724934638 678.22917642444372 3118.7581550367177 7484.222733002156 52.972429890185595 1480.922334574163 1743.7704190611839 605.2360005415976 110.34089836478233 2408.2409917116165 3521.6560293659568 412.079480946064 43.472689460963011 837.59922998398542
leaf_count=58510 33873 7496 10563 49008 4436 177355 9716 12695 33719 42275 4303 5403 2134 20042 16632 5811 57311 1933 18773 62254 765 11296 18717 8295 1486 5287 36773 4844 407 10359
internal_value=0.190046 0.194922 0.187002 0.20471 0.167546 0.181234 0.144998 0.169469 0.194472 0.199129 0.138873 0.190182 0.13105 0.106572 0.208918 0.202411 0.222602 0.219403 0.195076 0.181234 0.17102 0.154188 0.156508 0.153012 0.115166 0.195098 0.14228 0.114986 0.123626 0.142846
internal_weight=142819 117370 64901.9 52467.9 25449.4 49493.5 9842.4 3565.1 33387.3 27834 2037.69 12635.9 6277.3 1980.79 15408.3 10453.6 19080.6 16583 17587.8 15607 8122.77 4115.26 4062.29 1697.51 1832.64 7952.55 4296.51 774.859 648.709 2581.37
internal_count=732471 490076 292931 197145 242395 254638 105131 35416 130405 96686 22721 54411 69715 23662 38293 27730 66740 59244 77283 137264 75010 41137 40372 18418 21528 21919 46053 9280 8702 29076
is_linear=0
shrinkage=0.05


Tree=4
num_leaves=31
num_cat=0
split_feature=2 6 5 5 9 3 14 6 6 1 9 5 3 3 5 5 5 7 5 5 7 5 7 5 5 9 10 9 7 3
split_gain=5269.5 4977.15 3895.6 6275.8 3910.36 2299.85 1997.93 2331.65 2639.96 2026.78 951.675 832.041 576.004 565.941 479.4 706.224 421.456 408.749 346.931 841.034 284.693 247.814 219.26 211.815 643.761 275.243 202.755 197.772 192.858 181.715
threshold=0.016530054621398452 1.0000000180025095e-35 10052930.500000002 12130922.500000002 15.062500000000002 0.017895999364554886 1.0000000180025095e-35 3211691.0000000005 7714069.5000000009 21.500000000000004 16.535714149475101 5320895.5000000009 0.013957562390714886 0.20257303118705752 5320895.5000000009 13439690.500000002 1289243.5000000002 0.2942016869783402 15089427.500000002 5320895.5000000009 0.84489440917968761 1289243.5000000002 0.69240385293960582 5320895.5000000009 13439690.500000002 18.038461685180668 -0.010152646806091068 18.683333396911625 0.5004003942012788 0.33931532502174383
decision_type=2 10 2 2 2 10 2 10 10 2 2 2 8 10 2 2 2 10 2 2 10 2 8 2 2 2 2 2 8 10
left_child=1 2 4 5 -1 17 7 -3 9 18 -5 12 -6 -7 -2 29 -14 -4 19 -9 -15 -11 27 25 -25 -23 -12 -13 -18 -16
right_child=14 6 3 10 11 13 -8 8 -10 21 26 22 16 20 15 -17 28 -19 -20 -21 -22 23 -24 24 -26 -27 -28 -29 -30 -31
leaf_value=0.16445636155614096 0.18500318582504116 0.16445636155614096 0.082612041563646488 0.16324609739640039 0.064227494512555341 0.1178721131611724 0.16445636155614096 0.15502216817935333 0.16445636155614096 0.0085916172185792321 0.10351268554596167 0.12717781015457907 0.10490264804892482 0.13672732975749813 0.16445636155614096 0.18492892960296917 0.14164828834331772 0.10783563402363097 0.16167652395808407 0.13460396016340564 0.16445636155614096 0.13460396016340564 0.14452756046954524 0.088617470376294971 0.12771040890056712 0.11817244696906067 0.1408081745796321 0.10616769085402566 0.15058787551519082 0.18037961967289512
leaf_weight=21547.759630672634 10487.207938916981 12723.989086639136 5402.3595822937787 10122.950295165181 226.12934026867151 6567.5142833143473 21131.895423226058 7614.1290247514844 3606.3049775138497 50.043215308338404 417.21141678839922 2252.4314498603344 230.57968664541841 3035.2527520731091 9697.4245692044497 6303.9418346583843 8413.5218854174018 2335.4962972961366 4245.7457241788507 3210.6441009193659 419.30628891289234 1577.1890391111374 847.49131501093507 1770.5442727543414 2694.9747416526079 3670.3672307729721 6027.7820636108518 2479.4275945015252 3334.9919686466455 2022.489563934505
leaf_count=69873 17473 51096 39911 32024 2126 49052 82197 24704 12912 606 2619 16832 2151 21188 23814 10693 53958 12908 13329 16257 1851 7566 7281 18351 19174 28641 43803 26695 19739 3870
internal_value=0.156722 0.152614 0.143797 0.131459 0.154558 0.110781 0.163033 0.153244 0.144738 0.137751 0.153609 0.136719 0.144081 0.126611 0.176299 0.171215 0.145578 0.0902511 0.149279 0.144388 0.143147 0.119929 0.120569 0.1205 0.112257 0.12747 0.138427 0.116218 0.147075 0.164456
internal_weight=164467 135956 73660.2 34327.9 39332.3 17759.9 62295.8 41163.9 28439.9 24833.6 16567.9 17784.6 12205.2 10022.1 28511.1 18023.9 11979.1 7737.86 15070.5 10824.8 3454.56 9763.12 5579.35 9713.08 4465.52 5247.56 6444.99 4731.86 11748.5 11719.9
internal_count=732694 676844 402011 203356 198655 124910 274833 192636 141540 128628 78446 128782 77974 72091 55850 38377 75848 52819 54290 40961 23039 74338 50808 73732 37525 36207 46422 43527 73697 27684
is_linear=0
shrinkage=0.05


Tree=5
num_leaves=31
num_cat=0
split_feature=9 8 6 9 2 8 6 8 5 5 9 3 4 3 7 8 3 4 3 5 5 7 2 5 4 4 4 3 7 8
split_gain=4600.12 2941.19 2757.41 1629.71 925.582 1049.09 730.857 588.313 534.224 617.752 449.468 427.644 384.153 357.61 494.388 299.021 265.095 226.841 190.945 177.107 222.049 149.748 147.802 144.572 142.964 141.677 137.127 133.86 160.225 120.39
threshold=15.267857074737551 1.0000000180025095e-35 1.0000000180025095e-35 10.267857074737551 1.0000000180025095e-35 41.500000000000007 7714069.5000000009 10.500000000000002 10052930.500000002 15089427.500000002 21.708333015441898 0.013957562390714886 45977.000000000007 0.0090917046181857603 0.32859666645526892 65.500000000000014 0.054519793018698699 17002.200195312504 0.0040080321487039336 12130922.500000002 10052930.500000002 0.78268364071846019 0.0099504948593676108 5320895.5000000009 56050.000000000007 57987.701171875007 112009.69921875001 0.032394221052527435 0.23441237956285479 87.500000000000014
decision_type=2 2 10 2 2 2 10 2 2 2 2 10 10 10 8 2 8 8 10 2 2 8 2 2 10 10 10 8 10 2
left_child=1 6 4 7 5 12 17 21 11 -10 25 22 -2 14 -4 27 -17 -1 24 20 -9 -3 -5 -20 -14 -7 29 28 -12 -18
right_child=2 3 13 8 -6 10 -8 19 9 -11 15 -13 18 -15 -16 16 26 -19 23 -21 -22 -23 -24 -25 -26 -27 -28 -29 -30 -31
leaf_value=0.15038769783512423 0.12165275157351765 0.15674083257845986 0.0010107981362925235 0.13170702027854214 0.13170702027854214 0.11487572774138116 0.16483710017412267 0.15314476039230074 0.13170702027854214 0.1439655528024473 -0.020977100612577446 0.14678746787792449 0.065027804477465798 0.13170702027854214 0.12297095322803389 -0.011976314368338271 0.077425205209306902 0.13170702027854214 0.11491632981956 0.15915313190197472 0.14678746787792449 0.18540842267722937 0.14049194759481193 0.10154619425844098 -0.051576078905401536 0.10222703240748424 0.035229252751288166 0.10219027863835786 0.07842406655612523 0.10222703240748424
leaf_weight=5133.6632926911116 10489.440927837044 745.78735810518265 83.556317243725061 7014.429112508893 3009.0776347890496 6429.0897084102035 2134.4136948883533 20365.471416667104 6686.1117912530899 10569.010515004396 49.044522192329168 21214.719226919115 28.749057106673717 10587.210350237787 16196.73634980619 76.268080659210682 1639.910291519016 30646.832947030663 2266.2636553421617 7416.4363533854485 3498.8146850839257 1840.9485581666231 1879.9765263646841 3166.7045089155436 34.226626243442297 3637.2360717728734 87.402612172067165 5231.8047888092697 110.92788186296821 643.42703272774816
leaf_count=13407 69692 1302 784 22761 11704 37535 5708 31511 27506 25845 638 56822 288 50357 104359 1026 15820 118255 13035 10561 8439 2154 3773 24760 463 22111 1038 44419 1142 5780
internal_value=0.134231 0.14004 0.123374 0.145592 0.114165 0.111598 0.131707 0.154006 0.139568 0.132447 0.103241 0.143641 0.120946 0.131707 0.122345 0.0941686 0.0794848 0.131707 0.10818 0.152071 0.149857 0.177271 0.134196 0.109184 0.0208717 0.110285 0.0824348 0.100801 0.0546579 0.0848748
internal_weight=182914 119147 63767.1 81231.7 36899.6 33890.5 37914.9 33867.5 47364.2 17255.1 17905.1 30109.1 15985.4 26867.5 16280.3 7838.79 2447.01 35780.5 5495.94 31280.7 23864.3 2586.74 8894.41 5432.97 62.9757 10066.3 2370.74 5391.78 159.972 2283.34
internal_count=732995 328044 404951 190674 249451 237747 137370 53967 136707 53351 129509 83356 108238 155500 105143 69863 23664 131662 38546 50511 39950 3456 26534 37795 751 59646 22638 46199 1780 21600
is_linear=0
shrinkage=0.05


Tree=6
num_leaves=31
num_cat=0
split_feature=0 6 4 5 5 8 9 1 4 1 6 6 5 5 8 7 9 8 9 5 4 5 5 7 7 4 5 5 8 8
split_gain=4665.75 3359.8 2220.65 1281.29 2656.16 1224.73 1079.65 1068.18 771.506 1242.58 947.338 740.37 693.504 721.979 373.346 281.758 262.887 246.827 426.031 193.223 185.446 176.426 273.219 139.137 136.366 117.854 116.798 110.443 192.083 182.799
threshold=0.022814018651843074 1.0000000180025095e-35 38060.000000000007 10052930.500000002 12130922.500000002 1.0000000180025095e-35 17.22500038146973 21.500000000000004 198800.00000000003 21.500000000000004 3211691.0000000005 7714069.5000000009 5320895.5000000009 13439690.500000002 65.500000000000014 0.25721864402294164 5.0625000000000009 58.500000000000007 18.366666793823246 5320895.5000000009 159699.00000000003 10052930.500000002 12130922.500000002 0.55564939975738536 0.33337777853012091 85080.000000000015 13439690.500000002 5320895.5000000009 43.500000000000007 49.500000000000007
decision_type=2 10 8 2 2 2 2 2 8 2 10 10 2 2 2 10 2 2 2 2 10 2 2 8 8 10 2 2 2 2
left_child=1 2 7 6 5 15 -4 21 -3 -10 -11 17 25 16 24 -5 -14 27 -19 -9 23 -1 -23 -16 -8 -2 -20 -12 -29 -30
right_child=12 8 3 4 -6 -7 14 19 9 10 11 -13 13 -15 20 -17 -18 18 26 -21 -22 22 -24 -25 -26 -27 -28 28 29 -31
leaf_value=0.11976777757672533 0.13559836113142959 0.11976777757672533 0.10527555182065647 0.043323620565716564 0.10527555182065647 0.08406280832701131 0.085541555868770672 0.1125216646986909 0.11637278252161375 0.10895390108306371 0.094445549729965883 0.10895390108306371 0.13333116310098067 0.1329998340302872 0.066963924759443516 0.076520861135633667 0.11976777757672533 0.10152094569293929 0.019312309777940812 0.10527555182065647 -0.010243073531472427 0.1125216646986909 0.11976777757672533 0.09616421216019902 0.09616421216019902 0.12041867476216789 0.067307539326324758 0.089861275483574907 0.056106893057248135 0.10321239410694479
leaf_weight=9006.8906744047999 22873.785946562886 20421.372488558292 13050.559416361153 3444.4066109508276 9018.6739718280733 6587.2826121971011 3525.981417812407 5452.4971264302731 26087.77615185082 4575.7590692527592 5382.747483626008 1001.4436915814877 3940.1828559190035 14019.140983842313 1903.4702302664518 789.41320843994617 20570.312755316496 396.25456703454256 402.85995564237237 9230.706543289125 70.196592655032873 4455.3765154182911 4456.7520501688123 260.20942963287234 2435.7990727722645 1530.226815700531 134.67419889569283 3333.2376062422991 965.47580194473267 266.0991391018033
leaf_count=22500 39246 70216 47251 20346 40627 48604 24748 26797 74353 23928 31958 4870 5580 25410 15038 4049 54447 1819 3801 62173 708 18873 10698 1824 16069 3248 1098 22774 8350 1519
internal_value=0.116727 0.111532 0.10427 0.0965208 0.0873527 0.0705698 0.105073 0.11403 0.119768 0.112978 0.101535 0.0922955 0.128004 0.123783 0.0870529 0.0495466 0.119768 0.0871528 0.0622861 0.105276 0.0694661 0.119768 0.112522 0.0720592 0.0936171 0.134656 0.0330941 0.089474 0.0835729 0.0664355
internal_weight=199590 136656 73688.2 41086 19839.8 10821.1 21246.2 32602.2 62967.7 42546.3 16458.6 11882.8 62933.6 38529.6 8195.66 4233.82 24510.5 10881.3 933.789 14683.2 2233.88 17919 8912.13 2163.68 5961.78 24404 537.534 9947.56 4564.81 1231.57
internal_count=732922 604991 360305 219264 113626 72999 105638 141041 244686 174470 100117 76189 127931 85437 58387 24395 60027 71319 6718 88970 17570 52071 29571 16862 40817 42494 4899 64601 32643 9869
is_linear=0
shrinkage=0.05


Tree=7
num_leaves=31
num_cat=0
split_feature=0 6 5 5 9 4 8 9 2 3 4 1 6 6 9 9 8 5 5 5 4 8 5 9 8 5 4 4 8 3
split_gain=3916.11 3000.52 1955.03 2577.19 1865.23 1137.1 913.707 715.033 646.876 538.544 512.146 994.009 848.141 615.896 487.499 368.099 314.507 284.597 308.309 250.413 228.547 224.371 201.822 201.229 386.436 186.818 257.19 182.523 150.349 181.166
threshold=0.022814018651843074 1.0000000180025095e-35 10052930.500000002 12130922.500000002 15.062500000000002 79690.000000000015 34.500000000000007 14.690476417541506 0.023392613045871261 0.20257303118705752 198800.00000000003 21.500000000000004 3211691.0000000005 7714069.5000000009 10.535714149475099 20.366666793823246 1.0000000180025095e-35 5320895.5000000009 13439690.500000002 1289243.5000000002 29020.000000000004 44.500000000000007 1289243.5000000002 18.366666793823246 57.500000000000007 5320895.5000000009 140100.00000000003 197600.00000000003 65.500000000000014 0.051768040284514434
decision_type=2 10 2 2 2 8 2 2 2 10 8 2 10 10 2 2 2 2 2 2 10 2 2 2 2 2 10 10 2 10
left_child=1 2 4 5 -1 9 19 -5 14 -4 -3 -12 -13 23 -2 -8 -7 -10 -19 -6 -9 -11 -17 -14 -25 26 -24 -18 -22 -30
right_child=8 10 3 7 6 16 15 20 17 21 11 12 13 -15 -16 22 27 18 -20 -21 28 -23 25 24 -26 -27 -28 -29 29 -31
leaf_value=0.10621936351252997 0.11374601001287261 0.10621936351252997 0.07340029865830415 0.10621936351252997 0.016255111324593365 0.042364701758877112 0.087604120472861133 0.096773867316670537 0.1249550667270049 0.10621936351252997 0.10353653884040784 0.097210665651982955 0.089157415562633402 0.097210665651982955 0.10621936351252997 -0.012215398035480681 0.066154469182762785 0.11374601001287261 0.12447938628459476 0.097587861451144328 0.085897265816888113 0.084840382415975746 0.078618765571024748 0.076638990254135869 0.033280986637471331 0.056505871468303284 -0.027237817804505252 -0.053482343156229878 -0.052916760522981367 0.069225050131647314
leaf_weight=19629.935327008367 15915.145968273282 21934.245833650231 10044.451128471643 9217.9755359739065 107.5445137694478 3211.0213238745928 6214.0290042683482 2518.9384682551026 11867.577920384705 2220.7136078551412 27976.852761782706 4969.1293484792113 2961.577394515276 1070.3711930513382 19137.78862349689 73.73314480856061 2661.7950115501881 12949.768274046481 7189.3274887502193 9670.4482798203826 5051.4695906713605 1277.5847178846598 3632.9590139985085 8157.2230983898044 553.0640853382647 1629.6952704377472 57.306103751063347 30.547979272902012 29.743972979485989 1230.2891445532441
leaf_count=52081 28209 70090 56488 22516 790 18204 31628 12624 14345 11461 74143 23816 13575 4873 54187 751 20035 22225 8801 49879 27616 8299 23682 53059 4879 15541 576 307 332 7630
internal_value=0.103511 0.0989144 0.0922496 0.0839808 0.0998041 0.0713344 0.0889564 0.0975973 0.113524 0.0793239 0.106219 0.100854 0.0908848 0.0822614 0.108791 0.0792672 0.052985 0.118701 0.115003 0.0975879 0.0873284 0.0962805 0.0696334 0.0777817 0.0738942 0.070772 0.0770382 0.0656104 0.0819996 0.0662625
internal_weight=213192 146133 78510.2 37494.5 41015.7 19446.1 21385.7 18048.4 67059.6 13542.7 67622.5 45688.2 17711.4 12742.2 35052.9 11607.7 5903.36 32006.7 20139.1 9777.99 8830.44 3498.3 5393.69 11671.9 8710.29 5319.96 3690.27 2692.34 6311.5 1260.03
internal_count=732642 604875 360440 185512 174928 114794 122847 70718 127767 76248 244435 174345 100202 76386 82396 72178 38546 45371 31026 50669 48202 19760 40550 71513 57938 39799 24258 20342 35578 7962
is_linear=0
shrinkage=0.05


Tree=8
num_leaves=31
num_cat=0
split_feature=1 8 9 6 10 5 5 5 6 5 5 6 3 3 10 8 11 9 4 3 7 4 8 8 7 8 8 8 9 8
split_gain=3500.75 2028.23 1141.58 987.155 1117.33 744.908 1026.29 687.817 459.596 454.986 701.311 342.726 321.097 299.772 271.03 266.743 249.277 240.25 223.926 215.276 203.199 200.785 235.918 174.554 169.639 163.774 147.256 143.106 128.381 116.331
threshold=21.500000000000004 1.0000000180025095e-35 7.5357143878936776 3211691.0000000005 0.073747340589761748 5320895.5000000009 12130922.500000002 1289243.5000000002 7714069.5000000009 10052930.500000002 15089427.500000002 7714069.5000000009 0.090949106961488738 0.0090917046181857603 -0.049416434019803994 43.500000000000007 -0.051857864484190934 13.690476417541506 17650.000000000004 0.017895999364554886 0.24999500066041949 98200.000000000015 77.500000000000014 33.500000000000007 0.49488030374050146 12.500000000000002 49.500000000000007 11.500000000000002 15.062500000000002 17.500000000000004
decision_type=2 2 2 8 2 2 2 2 10 2 2 10 10 8 2 2 2 2 8 8 8 8 2 2 10 2 2 2 2 2
left_child=1 8 16 -2 5 7 11 20 18 14 -11 12 15 24 -4 -7 -3 -14 -1 26 -5 -15 -23 -19 -9 27 -8 -16 -17 -18
right_child=3 2 9 4 -6 6 19 13 -10 10 -12 -13 17 21 25 28 29 23 -20 -21 -22 22 -24 -25 -26 -27 -28 -29 -30 -31
leaf_value=0.10531297489976502 0.091586222967107528 0.10548666899621031 0.091912937380589407 -0.030948698218219058 0.091586222967107528 0.066298581527053368 0.053617717908690216 0.0097915701431971827 0.11440694131862084 0.091586222967107528 0.10319994986974937 0.086047859013557146 0.086047859013557146 0.086047859013557146 0.10548666899621031 0.066298581527053368 0.12392414342819864 0.078121544906960577 0.091586222967107528 0.085663109754657962 0.044369945590057344 0.080724669722292655 0.061526418492346663 0.067311891998478562 0.061526418492346663 0.10548666899621031 -0.055207030651046346 0.09798657285490156 0.043220722237656592 0.11328816412811149
leaf_weight=6323.4824096411467 9473.6968727186322 8679.7863853871822 5529.3621461391449 119.67146849632263 10708.260185860097 5205.9590025320649 199.43551508337259 234.92654318362474 2676.287725046277 8529.1784103661776 13563.711170904338 332.36451229453087 1574.6531481444836 20693.806122288108 801.84213100373745 619.0024391412735 3727.0831547528505 2495.1980115249753 37890.354503527284 18161.168399907649 340.27795263007283 9234.8931517228484 806.80425563454628 11203.704038605094 99.784981034696102 22121.640498057008 35.079083543270826 9907.8452094495296 2474.0545027405024 11373.77949655056
leaf_count=13424 35835 13030 12503 1021 25221 39167 1421 1754 5683 27229 24843 1397 4509 84432 837 2387 4162 16205 118051 83053 2234 45107 4024 69235 513 38075 342 25148 20207 11077
internal_value=0.09263 0.0979137 0.102664 0.0852588 0.0829889 0.0805095 0.076153 0.0860479 0.0915862 0.0989974 0.0932296 0.0693022 0.0681218 0.0860479 0.102314 0.0601549 0.111976 0.0724423 0.0915862 0.085047 0.0247241 0.0860479 0.0782443 0.0701952 0.037005 0.10406 0.0370103 0.0986648 0.0484231 0.115929
internal_weight=225137 131124 84234.2 94012.7 84539 73830.8 42300.6 31530.2 46890.1 60453.6 22092.9 23904.9 23572.6 31070.2 38360.7 8299.02 23780.6 15273.6 44213.8 18395.7 459.949 30735.5 10041.7 13698.9 334.712 32831.3 234.515 10709.7 3093.06 15100.9
internal_count=732126 294062 156904 438064 402229 377008 237923 139085 137158 128635 52072 153107 151710 135830 76563 61761 28269 89949 131475 84816 3255 133563 49131 85440 2267 64060 1763 25985 22594 15239
is_linear=0
shrinkage=0.05


Tree=9
num_leaves=31
num_cat=0
split_feature=0 6 4 9 8 4 8 4 9 8 9 2 1 6 6 8 8 3 9 6 6 3 8 8 3 8 3 7 9 8
split_gain=3547.01 2096.6 1603.69 641.768 533.054 532.673 927.585 426.773 687.98 596.909 213.609 213.507 210.542 265.267 247.351 209.217 197.724 150.853 150.7 190.758 160.591 145.109 123.1 117.589 99.2996 60.4193 103.267 51.7857 49.5466 205.632
threshold=0.015209345612674953 1.0000000180025095e-35 26040.000000000004 12.354166507720949 43.500000000000007 198800.00000000003 43.500000000000007 197600.00000000003 15.436508178710939 1.0000000180025095e-35 5.5357143878936776 0.022857889533042911 21.500000000000004 3211691.0000000005 7714069.5000000009 33.500000000000007 22.500000000000004 0.0058937692083418378 15.211111068725588 3211691.0000000005 7714069.5000000009 1.0000000180025095e-35 114.50000000000001 95.500000000000014 0.1907056346535683 30.500000000000004 0.1921707093715668 0.044971911236643798 19.154761314392093 57.500000000000007
decision_type=2 10 8 2 2 8 2 8 2 2 2 2 2 10 10 2 2 10 2 10 10 8 2 2 10 2 10 8 2 2
left_child=1 2 4 10 -1 -3 12 8 17 21 24 -5 -7 -14 -15 -10 -12 -4 -8 23 22 -9 28 -20 -2 -18 -27 -11 -21 -30
right_child=3 5 7 11 -6 6 18 9 15 27 16 -13 13 14 -16 -17 25 -19 19 20 -22 -23 -24 -25 -26 26 -28 -29 29 -31
leaf_value=0.086235996740549603 0.099384655155507387 0.086235996740549603 0.072043064068696039 0.086235996740549603 0.077950387111890784 0.083621738798536918 0.083621738798536918 -0.060127375159531198 0.072000569061669295 -0.029023143299510251 0.09153856490517874 0.09153856490517874 0.080397562859326532 0.067302579825989986 0.080397562859326532 0.065586142346109932 0.098112190354038953 0.077950387111890784 0.071390489666822154 0.059530968594623312 0.071390489666822154 0.045645406475002863 -0.054556494133746136 -0.05437185963428777 0.11046234468469596 0.092396544099856107 0.098112190354038953 0.065586142346109932 0.052892074915713044 0.018047336428651053
leaf_weight=19538.57659932971 9503.0596197247505 23081.520714253187 11192.221211507916 21973.851786188781 3237.630581215024 30707.88414876163 530.75926065444946 31.044196933507919 8837.6654894724488 53.92470371723175 12790.031085312366 8713.6079974323511 3747.4119686707854 8411.4405373036861 857.02682764828205 18582.974904932082 2054.4088719636202 14341.051604032516 1375.9710145741701 1050.8363018706441 246.86927542835474 4172.8095584213734 26.651986606419086 18.626088716089725 2847.6330129355192 14481.853014007211 9095.0026808083057 3770.6801934838295 1879.8225844427943 512.94639912247658
leaf_count=56562 10642 66243 35546 63753 18010 73519 1394 185 47874 413 20176 17295 15626 44336 3412 107433 2501 39956 6880 5065 1189 19176 224 138 2282 22668 12786 20160 13156 4369
internal_value=0.0842114 0.0797961 0.0744013 0.0926759 0.0857353 0.086031 0.0810075 0.0701655 0.0717994 0.0593728 0.0961423 0.0869349 0.0834736 0.0771734 0.071042 0.066281 0.0942681 0.0777202 0.061875 0.0591592 0.0530419 0.0448361 0.0495006 0.0713905 0.101956 0.0971158 0.0952309 0.0655861 0.0503372 0.0462532
internal_weight=237666 156206 83758.6 81459.4 22776.2 72447.8 49366.2 60982.4 52953.9 8028.46 50772 30687.5 43723.8 13015.9 9268.47 27420.6 38421.3 25533.3 5642.48 5111.72 3717.13 4203.85 3470.26 1394.6 12350.7 25631.3 23576.9 3824.6 3443.61 2392.77
internal_count=732969 580866 345315 152103 74572 235551 169308 270743 230809 39934 71055 81048 136893 63374 47748 155307 58131 75502 32415 31021 24003 19361 22814 7018 12924 37955 35454 20573 22590 17525
is_linear=0
shrinkage=0.05


Tree=10
num_leaves=31
num_cat=0
split_feature=2 6 5 5 1 4 6 6 1 8 4 5 1 1 5 5 11 8 4 8 7 4 5 5 4 8 3 3 4 7
split_gain=3035.85 2056.21 1637.99 2675.91 1507.47 955.778 828.397 1205.88 819.215 790.96 568.131 501.022 452.167 443.051 394.747 359.676 295.876 285.179 264.198 257.309 255.799 185.946 179.395 174.225 162.355 153.729 147.967 144.486 141.296 130.204
threshold=0.018019480630755428 1.0000000180025095e-35 10052930.500000002 12130922.500000002 21.500000000000004 198800.00000000003 3211691.0000000005 7714069.5000000009 21.500000000000004 1.0000000180025095e-35 181000.00000000003 5320895.5000000009 17.500000000000004 21.500000000000004 15089427.500000002 1289243.5000000002 0.049307929351925857 1.0000000180025095e-35 47865.000000000007 23.500000000000004 0.47834612429142004 39610.000000000007 5320895.5000000009 5320895.5000000009 194500.00000000003 9.5000000000000018 0.0058937692083418378 0.17115274071693423 33020.000000000007 0.94803845882415783
decision_type=2 10 2 2 2 8 10 10 2 2 8 2 2 2 2 2 2 2 10 2 8 10 2 2 10 2 8 10 10 8
left_child=1 2 4 9 21 -3 -7 8 14 10 -4 15 19 28 17 20 22 -8 -17 25 -6 -1 -2 -19 -20 -11 -15 -14 -5 -13
right_child=16 5 3 13 11 6 7 -9 -10 12 -12 29 27 26 -16 18 -18 23 24 -21 -22 -23 -24 -25 -26 -27 -28 -29 -30 -31
leaf_value=0.081681044196422595 0.088505084059629369 0.081681044196422595 0.049706586187782245 0.081681044196422595 -0.010156005033390867 0.078320939205109283 0.06420219619634436 0.078320939205109283 0.056608410986520641 0.081681044196422595 0.023243145246577612 0.057210192155206521 0.046409539807807931 0.0011926669519633493 0.078320939205109283 0.074599142566352181 0.092912720779536689 0.078320939205109283 0.066516557201394461 0.080823863986055955 0.074599142566352181 0.074930309713972465 0.081681044196422595 0.06420219619634436 0.0022884135306421986 0.059496052296985708 0.068414692930233834 0.05820675525050522 0.074625821151006827 0.074599142566352181
leaf_weight=15820.647661805153 5957.4096692353487 32594.272655159235 5181.8703832030296 6996.8581421077251 226.87679808586836 19605.473363228142 8424.1918319910765 5830.226496219635 14657.924613006413 186.82675415277481 3341.5088721215725 10038.610953483731 6267.7180329561234 82.472512125968933 6603.8423013538122 11195.58553801477 23153.612587228417 5315.7012404352427 9571.286980882287 2451.6399060487747 140.48632566258311 12796.099991090596 10803.097073115408 2413.6514250040054 99.559277646243572 4526.3575393110514 12518.767755590379 4538.276123650372 5690.6872839927673 362.24336490780115
leaf_count=30397 7963 82021 19940 13082 1642 51178 24334 13054 74792 270 17232 54284 42554 760 13334 40650 26461 9972 39629 6440 684 30022 19249 6623 565 15097 52145 24180 12676 1663
internal_value=0.0765785 0.0741466 0.0695468 0.0630166 0.0751568 0.0795444 0.0749608 0.0702848 0.0658494 0.0519034 0.0393397 0.0675172 0.0578572 0.0746544 0.071796 0.0719328 0.0892155 0.0672836 0.0727967 0.0676181 0.0227364 0.081681 0.0840974 0.0748381 0.065856 0.0607176 0.067975 0.051374 0.0812766 0.0584906
internal_weight=247394 207480 112034 51783 60251.4 95445.3 62851 43245.5 37415.3 26494.2 8523.38 31634.6 17970.8 25288.8 22757.4 21233.8 39914.1 16153.5 20866.4 7164.82 367.363 28616.7 16760.5 7729.35 9670.85 4713.18 12601.2 10806 12687.5 10400.9
internal_count=732893 679220 403912 204376 199536 275308 193287 142109 129055 125713 37172 139117 88541 78663 54263 83170 53673 40929 80844 21807 2326 60419 27212 16595 40194 15367 52905 66734 25758 55947
is_linear=0
shrinkage=0.05


Tree=11
num_leaves=31
num_cat=0
split_feature=0 6 5 5 9 8 10 4 4 1 6 6 4 7 9 8 2 3 4 8 3 3 8 9 5 5 9 8 3 8
split_gain=2912.57 1945 1343.7 2095.95 1489.44 673.887 590.881 572.307 561.363 698.128 438.898 483.072 408.674 320.557 291.153 214.37 193.101 185.314 249.827 176.635 161.599 161.051 142.439 192.161 178.095 133.597 118.947 163.773 123.361 106.245
threshold=0.036429991945624358 1.0000000180025095e-35 10052930.500000002 12130922.500000002 16.267857551574711 34.500000000000007 0.17341297864913943 97002.000000000015 inf 21.500000000000004 3211691.0000000005 7714069.5000000009 20820.799804687504 0.81675708293914806 9.5277776718139666 13.500000000000002 0.075853470712900176 0.0090917046181857603 30000.200195312504 118.50000000000001 0.1632376238703728 0.064251437783241286 43.500000000000007 20.585714340209964 5320895.5000000009 5320895.5000000009 16.763889312744144 65.500000000000014 0.051768040284514434 42.500000000000007
decision_type=2 10 2 2 2 2 2 8 8 2 10 10 10 10 2 2 2 8 10 2 10 10 2 2 2 2 2 2 10 2
left_child=1 2 4 7 -1 17 14 13 -3 -10 -11 19 -5 21 -2 -9 25 18 -6 22 -18 -4 -12 -24 -25 -8 -14 -28 -29 -7
right_child=6 8 3 12 5 29 16 15 9 10 11 -13 26 -15 -16 -17 20 -19 -20 -21 -22 -23 23 24 -26 -27 27 28 -30 -31
leaf_value=0.073157614154590031 0.079296697508608266 0.073157614154590031 0.041946259261569724 0.073157614154590031 0.040828867197126383 -0.056498050278139936 0.083830444837117268 0.026398516560428575 0.070642078690373117 0.065756418926840282 0.055651449553990956 0.065756418926840282 0.06667877881567004 0.072894093642067379 0.073157614154590031 0.041946259261569724 0.08417451310730073 0.065890122970728757 -0.042058128376675552 -0.057112896288806607 0.094648282112314797 0.052341238702081572 0.054556208905617166 0.044768443883499404 0.017638055776635873 0.079296697508608266 0.061634760992058106 -0.05376631767839888 0.045559329076012553 0.050600871221038429
leaf_weight=28328.570277735591 16327.564058050513 28974.281667388976 5825.5277985483408 6606.7127174288034 85.873754993081093 21.644645571708679 6418.7818762809038 4250.268959030509 34355.643611699343 6362.5019668191671 9257.170984774828 1410.5205362215638 8428.3101303577423 1491.8885035663843 20246.701255068183 2178.7334913685918 11535.941937029362 11837.522806949914 107.23047651350498 35.676420047879219 5714.9952240735292 10466.75504911691 2621.8292874768376 1512.0818052589893 925.91230069845915 10302.405752301216 6446.167391397059 30.297170095145702 1566.0777672752738 12433.202739555389
leaf_count=64889 22916 74206 25050 16757 395 144 8417 20672 75747 24272 44723 4890 19601 4479 43413 15076 11624 49062 930 275 4637 52707 10582 8710 7925 17860 28477 316 7947 66161
internal_value=0.0704764 0.0671859 0.0624512 0.0563211 0.0679378 0.0586226 0.0791293 0.0460365 0.0727307 0.0681265 0.0608708 0.0555755 0.0671069 0.0506615 0.0746984 0.033231 0.083895 0.0658901 0.0157676 0.0516649 0.0876549 0.0486169 0.0519439 0.0451416 0.0349807 0.080006 0.0624821 0.0580686 0.0436093 0.0504057
internal_weight=256107 185560 100105 47290.7 52814 24485.5 70546.4 24213.2 85455.6 56481.3 22125.7 15763.2 23077.6 17784.2 36574.3 6429 33972.1 12030.6 193.104 14352.7 17250.9 16292.3 14317 5059.82 2437.99 16721.2 16470.9 8042.54 1596.37 12454.8
internal_count=732860 623993 372663 191082 181581 116692 108867 117984 251330 177124 101377 77105 73098 82236 66329 35748 42538 50387 1325 72215 16261 77757 71940 27217 16635 26277 56341 36740 8263 66305
is_linear=0
shrinkage=0.05


Tree=12
num_leaves=31
num_cat=0
split_feature=9 8 9 5 5 8 6 8 9 11 7 2 6 11 9 5 7 7 5 6 10 6 4 6 8 9 5 8 7 4
split_gain=3011.48 1538.06 1612.41 735.89 1015.31 661.292 394.234 366.343 352.977 321.113 260.921 250.052 243.412 220.307 191.069 170.345 160.83 145.75 145.97 161.315 107.125 103.578 148.376 91.2489 90.6242 198.077 88.2555 88.1577 75.9697 68.6667
threshold=15.267857074737551 1.0000000180025095e-35 11.949999809265138 5320895.5000000009 12130922.500000002 11.500000000000002 7714069.5000000009 55.500000000000007 19.2613639831543 -0.044947260990738862 0.82505142688751232 0.012422839645296337 7714069.5000000009 0.084302932024002089 7.9444444179534921 1289243.5000000002 0.52384921908378612 0.81675708293914806 10052930.500000002 1.0000000180025095e-35 -0.058981515467166894 1.0000000180025095e-35 39440.000000000007 1.0000000180025095e-35 43.500000000000007 19.612500190734867 5320895.5000000009 123.50000000000001 0.60625335574150097 197900.00000000003
decision_type=2 2 2 2 2 2 10 2 2 2 10 2 10 2 2 2 10 10 2 10 2 10 10 10 2 2 2 2 8 10
left_child=1 6 5 7 12 28 10 15 23 -7 -1 16 13 17 -11 -2 26 18 20 -20 -5 22 -6 -9 -22 -26 -4 -23 -3 -10
right_child=3 2 11 4 21 9 -8 8 29 14 -12 -13 -14 -15 -16 -17 -18 -19 19 -21 24 27 -24 -25 25 -27 -28 -29 -30 -31
leaf_value=0.063409673865777422 0.024164500887693091 0.08362160928108664 0.066027215653614538 -0.06226312054844893 0.063409673865777422 0.072423817064360616 0.082056540338446185 0.054933110195318081 0.042569259148882835 0.084305779346044524 0.080793461379237749 0.072423817064360616 0.063409673865777422 0.063409673865777422 0.076414572393898303 0.063409673865777422 0.06864475744145164 0.054694068567172321 0.040979650488627985 -0.02480903891262895 0.049864897194885849 0.063409673865777422 0.053034322820371377 0.063409673865777422 0.049864897194885849 0.034995944360069302 0.063409673865777422 -0.019788933054045471 0.10121832994536101 -0.052711881959390208
leaf_weight=48032.507366329432 394.66593507677317 846.09700052440166 15891.420524090528 20.369314461946487 6014.8695480115712 19824.125453263521 3181.8384589850903 3792.7574435323477 3936.8791475817561 14434.252759635448 3411.7670106291771 10194.439282387495 396.22275625169277 1381.3341039717197 17331.650150835514 31090.324455864727 8695.2541112154722 1183.1999588757753 10312.714515440166 92.794924408197403 7196.6020421087742 11577.337181732059 6803.22053444013 2827.3100274950266 5427.711478382349 3517.5022578760982 22355.298714712262 36.5915407538414 3304.0284605324268 17.394888155162334
leaf_count=126118 2363 1047 31093 106 22549 29487 5695 13258 19138 12976 5533 16598 1419 3393 22935 110089 17793 5338 62282 669 37145 41833 28661 8031 23175 25165 55868 193 2837 146
internal_value=0.0649173 0.068966 0.0723511 0.0578534 0.0539807 0.0784079 0.0634097 0.062819 0.0539893 0.0768544 0.0634097 0.0664398 0.0477331 0.0469701 0.0800054 0.0634097 0.0648657 0.0459785 0.0450357 0.0403883 0.0480225 0.0615271 0.0581579 0.061062 0.0481693 0.0442913 0.0634097 0.0634097 0.0976728 0.0421237
internal_weight=263522 167503 112877 96019.8 53960.5 55740.2 54626.1 42059.3 10574.3 51590 51444.3 57136.4 29528.5 29132.2 31765.9 31485 46942 27750.9 26567.7 10405.5 16162.2 24432 12818.1 6620.07 16141.8 8945.21 38246.7 11613.9 4150.13 3954.27
internal_count=732933 327980 190634 404953 251928 69282 137346 153025 40573 65398 131651 121352 158692 157273 35911 112452 104754 153880 148542 62951 85591 93236 51210 21289 85485 48340 86961 42026 3884 19284
is_linear=0
shrinkage=0.05


Tree=13
num_leaves=31
num_cat=0
split_feature=2 9 5 5 8 9 1 5 5 5 5 8 5 7 5 3 7 7 8 3 10 5 5 8 5 7 3 3 7 9
split_gain=2907.92 1848.37 865.316 1115.15 561.589 604.124 321.655 214.852 373.123 179.891 328.685 90.6223 134.073 96.1712 93.4601 100.75 161.337 89.7548 159.647 104.138 86.461 76.3773 75.5594 74.5368 67.824 107.987 131.338 103.038 66.5624 61.5423
threshold=0.016530054621398452 15.267857074737551 5320895.5000000009 15089427.500000002 33.500000000000007 21.774999618530277 20.500000000000004 5320895.5000000009 13439690.500000002 5320895.5000000009 13439690.500000002 65.500000000000014 10052930.500000002 0.32859666645526892 5320895.5000000009 0.029358250088989738 0.4167881458997727 0.12001407891511919 108.50000000000001 0.071730714291334166 0.16662679612636569 5320895.5000000009 1289243.5000000002 109.50000000000001 12130922.500000002 0.27783857285976415 0.10505434498190881 0.040998572483658798 0.21524236351251605 21.944444656372074
decision_type=2 2 2 2 2 2 2 2 2 2 2 2 2 8 2 8 10 10 2 8 2 2 2 2 2 8 10 10 10 2
left_child=1 2 -1 -4 28 7 9 22 -9 -2 -11 14 17 -14 15 16 -7 18 19 -13 -8 -21 -6 -19 25 26 -16 -26 29 -3
right_child=6 4 3 -5 5 11 20 8 -10 10 -12 12 13 -15 24 -17 -18 23 -20 21 -22 -23 -24 -25 27 -27 -28 -29 -30 -31
leaf_value=0.064582545472832362 0.079182547458979388 0.055229509597916608 0.056732667983777435 0.064582545472832362 0.047294754810061457 -0.056978608057104953 0.064582545472832362 0.047294754810061457 0.056732667983777435 0.069406175121252411 0.080446047554266098 -0.055577876501006131 0.031369873374888883 0.047294754810061457 -0.00037470010152391021 0.047294754810061457 0.024718990005131145 0.032258078356638645 -0.05714809721173162 0.027331531482026706 0.069406175121252411 0.00094767197101931462 0.056732667983777435 0.047294754810061457 0.029473207134520153 0.041643591304979216 0.032904111629191275 0.047294754810061457 0.056732667983777435 0.051934006717670601
leaf_weight=52496.377450227737 11826.037959232926 1357.0230785161257 49362.718751788139 31322.526346668601 270.20889307558537 68.714205604046583 5448.2377811968327 13084.079035952687 9611.8223089873791 12784.9770398736 7429.7061754465103 38.336410891264677 966.78445108234882 1082.1991251967847 390.48706834763288 6142.3041690737009 61.564463451504707 2217.967344801873 63.449047334492207 732.72922591865063 6192.4683919996023 275.40021982043982 17277.33640729636 197.1974945217371 867.67729762941599 2576.2204431891441 971.25241722166538 2616.2071161344647 13739.326186396182 18952.210552759469
leaf_count=93598 10640 3148 134767 55728 1344 565 11893 59262 30852 16642 6709 333 5788 6069 3014 27361 304 12823 522 4145 10102 2346 53126 922 5378 17947 6433 11224 54370 84926
internal_value=0.0598122 0.0575349 0.0613208 0.0579136 0.0521445 0.0491965 0.0716302 0.0526863 0.049454 0.0742298 0.0713248 0.0419033 0.0364839 0.0466765 0.0441034 0.0472948 0.00214323 0.0305363 0.0187135 0.0234134 0.0645825 0.0265213 0.0567327 0.0359495 0.0401628 0.0356147 0.0241646 0.0452802 0.0567327 0.0537264
internal_weight=270424 226742 133182 80685.2 93560.5 59511.9 43681.4 40243.4 22695.9 32040.7 20214.7 19268.5 5574.06 2048.98 13694.4 6272.58 130.279 3525.08 1109.91 1046.47 11640.7 1008.13 17547.5 2415.16 7421.84 3937.96 1361.74 3483.88 34048.6 20309.2
internal_count=732281 676295 284093 190495 392202 249758 55986 144584 90114 33991 23351 105174 32948 11857 72226 28230 869 21091 7346 6824 21995 6491 54470 13745 43996 27394 9447 16602 142444 88074
is_linear=0
shrinkage=0.05


Tree=14
num_leaves=31
num_cat=0
split_feature=0 6 5 5 8 14 6 6 10 4 8 4 4 5 5 5 4 0 4 8 5 8 8 8 8 11 8 8 8 8
split_gain=3134.48 1590.65 1143.17 1410 844.889 612.934 555.826 860.61 552.8 463.757 436.879 432.687 352.065 337.35 357.994 335.415 270.516 217.678 208.526 180.856 162.107 158.631 152.111 378.017 150.448 145.284 141.847 182.16 133.049 117.573
threshold=0.032362798228859908 1.0000000180025095e-35 10052930.500000002 12130922.500000002 43.500000000000007 1.0000000180025095e-35 3211691.0000000005 7714069.5000000009 0.24371013045310977 8010.0000000000009 1.0000000180025095e-35 39610.000000000007 20820.799804687504 15089427.500000002 5320895.5000000009 5320895.5000000009 181000.00000000003 0.0082305916585028189 150200.00000000003 60.500000000000007 13439690.500000002 45.500000000000007 62.500000000000007 87.500000000000014 75.500000000000014 -0.095060903578996644 43.500000000000007 45.500000000000007 65.500000000000014 136.50000000000003
decision_type=2 10 2 2 2 2 10 10 2 8 2 10 10 2 2 2 8 2 10 2 2 2 2 2 2 2 2 2 2 2
left_child=1 2 4 9 11 6 -3 13 15 -4 16 -1 -5 14 24 -2 -11 19 28 21 -17 -6 -16 -24 -8 -10 -15 -28 -14 -21
right_child=8 5 3 12 17 -7 7 -9 25 10 -12 -13 18 26 22 20 -18 -19 -20 29 -22 -23 23 -25 -26 -27 27 -29 -30 -31
leaf_value=0.058054196639093017 0.065613536652857768 0.058054196639093017 0.058054196639093017 0.058054196639093017 0.037392962351990959 0.058054196639093017 0.04756630967585905 0.058054196639093017 0.065613536652857768 0.03136852277578156 0.037645776924481289 0.049935395676704901 0.049666212915144614 0.056126011430041124 0.035721549329530214 0.058054196639093017 0.01345945071237362 0.052837259257851057 0.0094958516350869999 0.033984822916707701 0.064144345430263636 0.04699293668698791 -0.037773940807154294 0.058054196639093017 0.01156574084232459 0.07207882463009177 0.014910051980497017 0.054928428701865609 0.0363765331304425 -0.035322392527036124
leaf_weight=20366.485990926623 19660.880310803652 18842.454436950386 1591.28308724612 7041.8668541237712 4698.2961910441518 30959.262093357742 18170.476367294788 5729.9242237880826 3584.4732127785683 4912.3462449163198 16064.595954462886 16831.876819193363 15170.921538956463 8825.1263322532177 7730.8270635530353 21163.545586451888 3701.9086282253265 5605.5111040398479 360.04693767055869 4613.6725895367563 11128.981557220221 4727.3066973760724 217.26590746641159 100.2319445386529 296.43637968599796 21169.532591581345 509.27556118369102 647.63458030670881 2182.2726321965456 60.48100771009922
leaf_count=48615 28490 46630 4006 16716 24806 73311 55011 11973 5160 17695 78190 50138 45188 22197 31606 41215 17156 16974 1660 23274 16888 15806 1694 552 1440 21234 3083 2339 9030 362
internal_value=0.0554055 0.0521075 0.0479862 0.0425469 0.052862 0.0569396 0.052851 0.0495561 0.0640009 0.034473 0.0327723 0.0573003 0.0511115 0.046109 0.0431496 0.0610607 0.0236771 0.0444787 0.0472179 0.0411486 0.0580542 0.0451453 0.0343289 0.000407316 0.0469897 0.0701664 0.0539599 0.0373683 0.0479993 0.0330733
internal_weight=276665 199958 107929 51025.2 56903.6 92028.9 61069.7 42227.2 76707.4 26270.1 24678.9 37198.4 24755.1 36497.3 26515.2 51953.4 8614.25 19705.3 17713.2 14099.8 32292.5 9425.6 8048.32 317.498 18466.9 24754 9982.04 1156.91 17353.2 4674.15
internal_count=732439 619452 369616 189641 179975 249836 176525 129895 112987 117047 113041 98753 72594 117922 90303 86593 34851 81222 55878 64248 58103 40612 33852 2246 56451 26394 27619 5422 54218 23636
is_linear=0
shrinkage=0.05


Tree=15
num_leaves=31
num_cat=0
split_feature=2 9 5 5 5 5 4 5 6 9 11 10 10 5 4 3 10 3 5 6 9 6 10 6 4 6 4 0 5 3
split_gain=3171.23 1918.2 827.748 1304.67 678.338 855.836 281.242 249.132 222.437 197.686 190.603 189.035 148.306 125.321 123.429 103.149 97.9036 89.3995 84.7695 80.6963 92.5715 70.1126 66.9964 66.6634 62.4624 58.4615 58.2211 56.6674 52.7561 55.8434
threshold=0.023392613045871261 15.267857074737551 5320895.5000000009 13439690.500000002 5320895.5000000009 12130922.500000002 197900.00000000003 1289243.5000000002 7714069.5000000009 5.5357143878936776 0.049307929351925857 -0.065512266010045991 0.16662679612636569 1289243.5000000002 79040.000000000015 0.0090917046181857603 -0.048523470759391778 0.36844848096370703 5320895.5000000009 1.0000000180025095e-35 18.366666793823246 3211691.0000000005 0.24371013045310977 1.0000000180025095e-35 97002.000000000015 3211691.0000000005 77040.000000000015 0.0082305916585028189 15089427.500000002 0.0090917046181857603
decision_type=2 2 2 2 2 2 10 2 10 2 2 2 2 2 8 8 2 8 2 10 2 10 2 10 10 8 10 2 2 8
left_child=1 2 13 -4 6 8 7 17 11 -2 18 -6 14 -1 23 -9 -16 -3 -11 20 -7 -8 -12 27 -5 -18 -22 -13 -21 -30
right_child=9 4 3 24 5 19 21 15 -10 10 22 12 -14 -15 16 -17 25 -19 -20 28 26 -23 -24 -25 -26 -27 -28 -29 29 -31
leaf_value=0.048560869213718931 0.071374103229536273 0.0078626290366600824 0.048560869213718931 0.056985771436117785 -0.047003452523202989 0.048560869213718931 -0.061249399838674584 0.023288285219145673 0.048560869213718931 0.061858663591652902 0.061858663591652902 0.032963280029152629 0.048560869213718931 0.056985771436117785 -0.0064320257776514017 0.048560869213718931 0.031970725384098023 0.042072717791286907 0.056985771436117785 0.035887257489049272 0.04261060738107076 0.0078626290366600824 0.067056867970509901 0.0410305363690757 0.048560869213718931 0.026437056817436556 0.029822265967811019 0.040483521450688724 -0.024451712865336091 0.048560869213718931
leaf_weight=699.00874426960945 8630.2652258276939 382.63737563416362 50432.064946845174 34940.031486615539 70.300876155495644 4375.313470043242 71.802542231976986 449.24471776932478 422.22174242138863 4170.6237592846155 6093.6372922360897 14260.00213766098 826.97966782748699 55135.89971844852 189.50914542376995 43161.766831427813 1273.2877390831709 227.478739798069 7892.2840386331081 1079.4874019771814 8181.0492735169828 33.125979326665401 12609.636698722839 3312.4907012060285 1130.4883506149054 6916.1807810105383 1022.8135607801378 3098.2144521400332 45.512338772416115 11183.188918210566
leaf_count=1708 6678 2253 133269 59188 312 12983 471 2323 1375 5161 8238 77551 2040 94154 821 144154 5588 1128 12694 4270 32703 123 12629 12697 2327 42140 4785 11862 299 36902
internal_value=0.0514721 0.0493369 0.0530733 0.0499726 0.0440484 0.0403979 0.0485609 0.0485609 0.0346985 0.0646346 0.0627396 0.0339458 0.0341394 0.0569858 0.0335002 0.0485609 0.028361 0.0164314 0.0577953 0.0470809 0.044159 -0.0328356 0.065922 0.0355805 0.0569858 0.0291833 0.0411962 0.0343101 0.0485609 0.0485609
internal_weight=282317 242920 142337 86502.6 100583 56256.6 44326.1 44221.1 30369.2 39396.4 30766.2 29947 29876.7 55834.9 29049.7 43611 8378.98 610.116 12062.9 25887.4 13579.2 104.929 18703.3 20670.7 36070.5 8189.47 9203.86 17358.2 12308.2 11228.7
internal_count=732826 687426 290646 194784 396780 246328 150452 149858 154386 45400 38722 153011 152699 95862 150659 146477 48549 3381 17855 91942 50471 594 20867 102110 61515 47728 37488 89413 41471 37201
is_linear=0
shrinkage=0.05


Tree=16
num_leaves=31
num_cat=0
split_feature=9 8 9 6 3 8 4 6 6 9 8 10 2 1 9 10 8 7 9 4 9 3 4 8 4 4 3 4 7 6
split_gain=3169.39 1524.66 1779.71 687.161 689.88 485.158 379.115 325.381 379.547 292.217 315.438 284.606 210.79 175.913 166.759 155.153 162.691 134.225 133.807 133.071 115.989 110.047 100.952 98.8269 91.6528 80.1422 77.9529 62.1874 67.8747 59.2698
threshold=15.267857074737551 1.0000000180025095e-35 11.949999809265138 1.0000000180025095e-35 0.0090917046181857603 11.500000000000002 16034.600097656252 3211691.0000000005 7714069.5000000009 21.708333015441898 43.500000000000007 -0.049416434019803994 0.023392613045871261 21.500000000000004 7.5357143878936776 0.12785669416189197 45.500000000000007 0.81258332729339611 16.816666603088382 37980.000000000007 19.366666793823246 0.19385655969381335 59020.000000000007 66.500000000000014 2149.9001464843755 43970.000000000007 0.15820822119712832 194500.00000000003 0.2105745151638985 3211691.0000000005
decision_type=2 2 2 10 10 2 8 10 10 2 2 2 2 2 2 2 2 8 2 8 2 10 10 2 10 10 8 10 10 8
left_child=1 6 5 9 7 26 24 17 15 13 25 -7 19 -2 21 16 22 -5 -15 -4 23 -13 -9 -18 -1 -11 -3 28 -27 -21
right_child=3 2 12 4 -6 11 -8 8 -10 10 -12 14 -14 18 -16 -17 20 -19 -20 29 -22 -23 -24 -25 -26 27 -28 -29 -30 -31
leaf_value=0.093827184765369775 0.04698802144117703 0.064394789908847894 0.052214517685410272 -0.062399380499329964 0.04698802144117703 0.055838984220555034 0.04698802144117703 0.03271424790643062 0.042963675707164854 0.038098820704185202 0.028658214161648484 0.063945858598343688 0.055838984220555034 0.043571626653920476 0.059911473085823896 0.042963675707164854 0.017231326231039533 0.042963675707164854 0.038098820704185202 0.049601269563293651 0.00071424156842632305 0.072878761629019823 -0.058239042975803949 0.036744169604569298 0.057644414813401192 0.025061500517901448 0.081503179615322663 -0.024655666295592966 0.034955665333367247 0.04698802144117703
leaf_weight=182.62783195078373 1810.4537138193846 887.42275652289391 15869.54235842824 53.837604507803917 18489.386811114848 13052.813716799021 52161.408856734633 14395.11256621033 1728.6963446438313 12164.599316768348 12979.874468196183 13194.142990455031 8433.3795980215073 8118.7252683341503 23472.766809180379 807.62840047478676 1245.7973887398839 7713.4029807299376 20953.799943819642 5834.9711640924215 668.16151262074709 4869.6299167871475 28.829840123653412 465.73882453888655 7595.4747219085693 2150.4174950122833 3454.809875190258 46.974491097033024 3337.2059662565589 31983.054370746017
leaf_count=163 3857 1080 30747 325 50384 19475 124594 61880 5105 49800 69866 12799 11880 21474 29411 1650 5007 24810 78880 10232 4651 3820 190 1580 12881 10154 2856 325 14956 68570
internal_value=0.0483788 0.0524145 0.05568 0.0415615 0.0462177 0.0619078 0.046988 0.0389393 0.0349048 0.0381115 0.0346473 0.0606219 0.0497702 0.0415504 0.0627197 0.0317654 0.0305247 0.0429637 0.0401552 0.0485901 0.0183866 0.0663618 0.0325244 0.0252768 0.0585179 0.0380988 0.078038 0.0318125 0.0323047 0.046988
internal_weight=288151 180992 121053 107159 45596.6 58931.6 59939.5 27107.2 19340 61562.1 30679.1 54589.4 62120.9 30883 41536.5 17611.3 16803.6 7767.24 29072.5 53687.6 2379.7 18063.8 14423.9 1711.54 7778.1 17699.2 4342.23 5534.6 5487.62 37818
internal_count=733402 328508 190870 404894 155582 69441 137638 105198 80063 249312 145101 65505 121429 104211 46030 74958 73308 25135 100354 109549 11238 16619 62070 6587 13044 75235 3936 25435 25110 78802
is_linear=0
shrinkage=0.05


Tree=17
num_leaves=31
num_cat=0
split_feature=0 9 5 5 5 5 8 2 0 5 7 9 10 5 5 5 5 5 8 7 8 8 5 4 10 7 4 4 7 4
split_gain=2635.04 1269.12 598.017 1054.96 478.616 518.097 351.412 200.3 185.616 145.718 182.326 134.44 111.001 107.492 102.015 210.159 139.995 101.668 130.101 288.879 137.641 86.886 85.9426 242.453 85.6584 80.8851 76.6406 72.364 67.6664 67.1321
threshold=0.045663053169846542 16.763889312744144 10052930.500000002 13439690.500000002 5320895.5000000009 13439690.500000002 33.500000000000007 0.15954545140266421 1.0000000180025095e-35 1289243.5000000002 0.79789990186691295 9.7750000953674334 0.44553253054618841 1289243.5000000002 5320895.5000000009 12130922.500000002 10052930.500000002 5320895.5000000009 65.500000000000014 0.083527132868766799 100.50000000000001 124.50000000000001 5320895.5000000009 39610.000000000007 0.26698686182498937 0.83003267645835888 59620.000000000007 78050.000000000015 0.48989796638488775 77040.000000000015
decision_type=2 2 2 2 2 2 2 2 2 2 8 2 2 2 2 2 2 2 2 10 2 2 2 8 2 10 8 8 10 10
left_child=1 2 13 -4 12 7 14 -6 9 10 -8 -7 27 -1 -3 16 -16 18 -11 20 -20 -19 -15 -24 -13 -18 -23 -2 -9 -17
right_child=4 6 3 -5 5 11 8 28 -10 17 -12 24 -14 22 15 29 25 21 19 -21 -22 26 23 -25 -26 -27 -28 -29 -30 -31
leaf_value=0.041890026452057999 0.060767481644010149 0.041890026452057999 0.041890026452057999 0.048423370310431299 0.048423370310431299 0.063602458151090932 -0.028508633755850978 0.055974777535450077 0.041890026452057999 0.038100421121334549 0.038100421121334549 0.04866977969791117 0.067521979689556491 0.048423370310431299 0.038254515041887635 0.041890026452057999 0.024525157991469187 0.032589743712781005 0.014447370725031933 0.037211978248356724 -0.046269941705894532 0.026971412795491367 0.048423370310431299 0.041890026452057999 0.058573138658401407 0.041890026452057999 -0.058623762757005919 0.054461678923637104 0.070029652089130742 0.020946542202541593
leaf_weight=622.53358191251755 11855.495396286249 16179.043517895043 20716.090686455369 35157.580589950085 21258.882135182619 7345.6641719192266 202.18451731652021 2559.4061312228441 8666.7846017554402 15995.599940739572 90.986643992364407 3875.1780645847321 3991.7999844402075 52824.927770882845 5777.6160724684596 10035.175150126219 4210.6888738051057 25406.627077687532 1246.2203792333603 3486.7854596823454 98.944926381111145 53.615426756441593 9020.4230771958828 18489.180973321199 2418.8629995435476 233.38527023047209 47.5409319922328 7840.463846758008 1371.1142725199461 447.63079814612865
leaf_count=1683 13293 52528 67005 61782 34595 6665 1402 2448 28210 54278 450 6160 2969 94568 27136 33711 24714 118174 5872 13444 604 271 18538 46412 2804 891 344 9860 902 1854
internal_value=0.0451155 0.0426307 0.0456872 0.04189 0.054216 0.0507889 0.0380929 0.0484234 0.0355666 0.0343108 -0.000823252 0.0589694 0.0598289 0.0484234 0.0418782 0.0383564 0.0331138 0.0345331 0.0371356 0.0296212 0.00991919 0.0324055 0.0484234 0.0455524 0.0535438 0.0264162 -0.0136128 0.0582631 0.0609108 0.04189
internal_weight=291526 229010 136831 55873.7 62516.9 38829.1 92178.8 25189.4 55295.3 46628.5 293.171 13639.7 23687.8 80957.1 36883.5 20704.5 10221.7 46335.3 20827.6 4831.95 1345.17 25507.8 80334.5 27509.6 6294.04 4444.07 101.156 19696 3930.52 10482.8
internal_count=733567 653871 289988 128787 79696 53574 363883 37945 223049 194839 1852 15629 26122 161201 140834 88306 52741 192987 74198 19920 6476 118789 159518 64950 8964 25605 615 23153 3350 35565
is_linear=0
shrinkage=0.05


Tree=18
num_leaves=31
num_cat=0
split_feature=0 6 7 5 5 5 4 5 6 6 4 5 10 4 3 5 5 2 7 10 0 3 5 0 3 4 4 4 7 7
split_gain=2782.66 1212.82 928.107 669.517 633.838 943.541 581.581 469.078 433.038 699.751 395.24 309.828 245.837 226.732 202.164 188.296 372.151 168.226 157.811 114.062 104.48 86.5556 78.8961 76.8051 72.4427 71.1667 68.1492 65.7495 92.1706 54.9525
threshold=0.032362798228859908 1.0000000180025095e-35 0.7334517538547517 5320895.5000000009 10052930.500000002 12130922.500000002 198800.00000000003 13439690.500000002 3211691.0000000005 7714069.5000000009 194500.00000000003 1289243.5000000002 0.15632925182580951 39440.000000000007 0.20257303118705752 15089427.500000002 5320895.5000000009 0.14721362292766574 0.24999500066041949 0.18937674909830096 0.0089687905274331587 0.1632376238703728 1289243.5000000002 0.009828069247305395 0.23690199851989749 57987.701171875007 35003.500000000007 199700.00000000003 0.13798908889293673 0.84003925323486339
decision_type=2 10 10 2 2 2 8 2 10 10 8 2 2 10 10 2 2 2 10 2 2 8 2 2 10 10 8 10 10 8
left_child=1 2 4 19 11 10 -3 17 -8 15 14 18 -9 -13 -6 16 22 -5 26 -2 -16 -12 -10 27 -19 -7 -1 -15 -29 -24
right_child=3 6 -4 7 5 25 8 12 9 -11 21 13 -14 23 20 -17 -18 24 -20 -21 -22 -23 29 -25 -26 -27 -28 28 -30 -31
leaf_value=-0.0073456046723946542 0.05333899979017729 0.044758739259225015 0.044758739259225015 0.044758739259225015 0.0242372250486248 0.038860022944079572 0.042256984239493249 0.047532774282831758 -0.0019654503289558639 0.042256984239493249 -0.058746335537992384 0.039452951775309025 0.059405337043006726 0.033726315293689017 0.030315642848124637 0.038866757310804134 0.02236584361552886 0.051895516205564957 0.020098120684960176 0.059559640876999179 0.039452951775309025 0.013357228028820995 -0.025197700117691658 0.037190377326419631 0.066571467708434209 0.032471143491005772 -0.054483101870366292 -0.062215068208793689 0.016851543619669868 0.035169836210569086
leaf_weight=53.748175889253616 17499.436288997531 33158.284545794129 13783.194872714579 27280.9626237005 14689.056991681457 17756.721428431571 20391.135404877365 8780.534048423171 144.74184871464968 6229.7329315394163 39.951417461037636 21935.587830454111 8818.3565067648888 26524.060546427965 3305.6297273412347 10600.406101025641 8640.3586778119206 2883.7936419248581 387.17283125966787 13218.114143699408 1166.6642461270094 6585.2216882482171 36.446816794574261 4601.7516381293535 1244.1547133475542 5894.8136384487152 141.63015903159976 41.650339737534523 103.44638413190842 19878.559008404613
leaf_count=216 24132 73059 32203 49409 59721 47840 46830 13547 748 12004 289 59842 9015 87922 14386 27714 33946 2876 1477 13343 3350 30833 156 11870 842 18310 937 278 447 55772
internal_value=0.0422393 0.0392927 0.0358437 0.0502248 0.0341472 0.0300568 0.0433651 0.0465905 0.0397552 0.0365197 0.023438 0.0379054 0.0534879 0.0383024 0.0270782 0.0331611 0.0310511 0.0447587 0.0016337 0.0560195 0.0363941 0.0129048 0.0347895 0.0349278 0.0563489 0.0372706 -0.0347893 0.0335427 -2.32281e-05 0.0350568
internal_weight=295815 216090 117010 79725.4 103227 49438.1 99079.7 49007.8 65921.4 45530.2 25786.5 53789 17598.9 53206.5 19161.4 39300.5 28700.1 31408.9 582.551 30717.6 4472.29 6625.17 20059.7 31270.9 4127.95 23651.5 195.378 26669.2 145.097 19915
internal_count=733314 620150 369921 113164 337718 174729 250229 75689 177170 130340 108579 162989 22562 160359 77457 118336 90622 53127 2630 37475 17736 31122 56676 100517 3718 66150 1153 88647 725 55928
is_linear=0
shrinkage=0.05


Tree=19
num_leaves=31
num_cat=0
split_feature=9 8 9 6 1 8 8 7 10 6 10 8 9 11 7 3 9 3 7 3 8 8 3 3 8 10 6 11 6 6
split_gain=2743.56 1547.86 1529.32 517.428 461.491 395.602 299.776 255.36 255.099 231.581 244.566 271.404 181.889 173.569 172.735 149.206 131.265 102.736 90.6782 85.8438 84.826 92.14 64.4475 63.4528 55.853 62.9796 55.2277 36.4845 33.9816 29.7447
threshold=14.408333301544191 1.0000000180025095e-35 10.535714149475099 3211691.0000000005 21.500000000000004 10.500000000000002 22.500000000000004 0.71208974719047557 -0.049416434019803994 7714069.5000000009 0.085602473467588439 43.500000000000007 18.774999618530277 -0.045547308400273316 0.76803451776504528 0.0090917046181857603 7.9444444179534921 0.032394221052527435 0.23441237956285479 0.19385655969381335 65.500000000000014 99.500000000000014 0.13718944042921069 0.25924760103225714 45.500000000000007 -0.033166484907269471 3211691.0000000005 -0.053241055458784096 3211691.0000000005 3211691.0000000005
decision_type=2 2 2 8 2 2 2 10 2 10 2 2 2 2 10 10 2 8 10 10 2 2 10 8 2 2 8 2 8 10
left_child=1 7 5 -2 -5 23 14 -1 -7 10 11 15 22 -8 -4 -6 19 18 -14 27 -19 -22 -13 -3 26 -26 -15 -10 -18 -24
right_child=3 2 6 4 9 8 13 -9 16 -11 -12 12 17 24 -16 -17 28 20 -20 -21 21 -23 29 -25 25 -27 -28 -29 -30 -31
leaf_value=0.039108592138872293 0.039108592138872293 0.059309719259184913 0.039108592138872293 0.039108592138872293 0.027646421371292196 0.048178654117404518 0.039108592138872293 0.04993991333417664 0.054680621873541328 0.035517473953143218 0.035517473953143218 0.027779085019970753 -0.028970011903195304 0.048178654117404518 0.048178654117404518 0.032915012976090834 0.054680621873541328 0.027562225587397744 0.013585298912066944 0.063327385753442711 0.019171503559339307 0.027779085019970753 0.030344500206885436 0.073483751965230576 0.043066727229229829 0.048178654117404518 0.043530949586454419 0.05799697053629338 0.051537422924855351 0.032915012976090834
leaf_weight=55396.648325681686 12932.865087658167 1201.6579688936472 27504.483314171433 5270.5834213644266 13585.682704530656 11567.909797012806 5395.1461160033941 6867.7466439753771 3683.0261528342962 2488.8865909799933 7639.4733560085297 9116.915068089962 159.72757451236248 2199.8307431489229 2025.6887304782867 31243.45513869822 1930.6622788012028 14705.630902335048 328.68311974406242 5175.374083340168 8235.5888869874179 1372.8077964186668 11193.781215026975 2748.3417878448963 1326.2022802382708 11478.008312866092 15141.64004303515 10012.876033708453 14507.514057323337 3470.4817003160715
leaf_count=126195 35225 1319 54656 9492 56406 16366 9819 11220 4176 6342 15792 29313 1219 3092 2857 109084 1869 66714 1935 4127 39929 5584 35486 2151 2730 18029 26825 8892 17678 8436
internal_value=0.040025 0.0439789 0.0474678 0.0342383 0.0329074 0.0539694 0.0423879 0.0391086 0.0526828 0.0319264 0.0311623 0.0303126 0.0277158 0.0455008 0.0391086 0.032915 0.0548962 0.024714 0.00200052 0.0577642 0.0251701 0.0215039 0.0308441 0.069204 0.0470249 0.0481787 0.0449179 0.0556531 0.051597 0.0329099
internal_weight=299907 178163 115898 121745 108812 50827.4 65071 62264.4 46877.4 103541 101052 93412.8 48583.6 35540.8 29530.2 44829.1 35309.5 24802.4 488.411 18871.3 24314 9608.4 23781.2 3950 30145.7 12804.2 17341.5 13695.9 16438.2 14664.3
internal_count=732958 312001 174586 420957 385732 56578 118008 137415 53108 376240 369898 354106 188616 60495 57513 165490 36742 115381 3154 17195 112227 45513 73235 3470 50676 20759 29917 13068 19547 43922
is_linear=0
shrinkage=0.05


Tree=20
num_leaves=31
num_cat=0
split_feature=0 9 5 5 6 2 5 8 5 5 7 9 8 1 6 6 5 5 8 7 8 5 8 5 8 8 8 7 9 5
split_gain=2657.39 1372.73 738.776 776.263 519.118 424.27 363.602 276.232 346.366 276.147 212.962 212.599 155.853 148.226 124.221 197.023 118.154 110.841 97.9188 96.3123 95.0137 76.9466 91.477 68.1154 59.7469 58.1812 74.3466 93.6555 64.6315 83.7977
threshold=0.045663053169846542 15.267857074737551 10052930.500000002 15089427.500000002 1.0000000180025095e-35 0.073606811463832869 5320895.5000000009 35.500000000000007 5320895.5000000009 13439690.500000002 1.0000000180025095e-35 17.774999618530277 124.50000000000001 21.500000000000004 3211691.0000000005 7714069.5000000009 5320895.5000000009 13439690.500000002 87.500000000000014 0.53343984484672557 61.500000000000007 5320895.5000000009 60.500000000000007 1289243.5000000002 39.500000000000007 99.500000000000014 77.500000000000014 0.57604345679283153 20.44999980926514 12130922.500000002
decision_type=2 2 2 2 10 2 2 2 2 2 10 2 2 2 10 10 2 2 2 10 2 2 2 2 2 2 2 8 2 2
left_child=1 2 23 -4 7 6 -2 8 -3 -8 12 -9 14 21 -6 16 -16 18 20 -10 -18 -7 -23 -1 -13 26 28 -28 -26 -30
right_child=5 4 3 -5 10 13 9 11 19 -11 -12 24 -14 -15 15 -17 17 -19 -20 -21 -22 22 -24 -25 25 -27 27 -29 29 -31
leaf_value=0.034614715248800595 0.047822696269822905 0.034614715248800595 0.034614715248800595 0.040713500134169786 0.032498902397150475 0.058482421592196104 0.040713500134169786 0.031050281073368359 0.024363625434646964 0.047822696269822905 0.034614715248800595 -0.05910085750103411 -0.062131145042350712 0.047822696269822905 0.029226353141849626 0.032498902397150475 0.014732725839075495 0.025856382457923516 0.032498902397150475 0.03265869316905725 -0.015728281752774249 0.051052180013317065 0.063586894534494745 0.040713500134169786 0.026575237489826122 0.026575237489826122 0.0094173093344210399 0.026575237489826122 0.017782991610529094 0.023566485676454502
leaf_weight=550.70819894969463 15937.456771269441 11164.370729871094 22675.183480679989 30836.494917184114 8302.5273080989718 7003.6284066438675 16783.095162972808 9286.8752652928233 13406.871225252748 9177.4467446357012 16247.640642523766 20.780350781977177 43.671873420476913 3096.9490232616663 10698.637844271958 1854.7010318860412 3096.4192205816507 5551.5612325519323 147.0372599363327 4770.5675105452538 277.43705620616674 10164.208852976561 1523.4476871490479 75985.740703687072 5886.5582673177123 1301.7918659299612 2393.0042627714574 552.94277807325125 9881.9426998272538 3372.0591345056891
leaf_count=1439 19252 31941 66931 51348 25159 5326 28274 27187 58264 11533 43218 122 281 4546 37812 5105 16590 20355 607 17994 1813 9860 1010 140544 22184 5156 11157 2261 51386 13761
internal_value=0.037389 0.0349636 0.0384269 0.0346147 0.0308026 0.0464634 0.043513 0.0278091 0.0313339 0.0407135 0.0346147 0.0246441 0.0303831 0.0521323 0.0305222 0.028042 0.0256619 0.0214531 0.0144994 0.026544 0.01222 0.0542817 0.0517549 0.0407135 0.0221002 0.0221774 0.0213666 0.0139549 0.0225058 0.0205577
internal_weight=301992 238306 130048 53511.7 108257 63686.2 41898 62037.8 29341.8 25960.5 46219.6 32696 29972 21788.2 29928.3 21625.8 19771.1 9072.45 3520.89 18177.4 3373.86 18691.3 11687.7 76536.4 23409.1 23388.3 22086.5 2945.95 19140.6 13254
internal_count=732416 652615 260262 118279 392353 79801 59059 241413 108199 39807 150940 133214 107722 20742 107441 82282 77177 39365 19010 76258 18403 16196 10870 141983 106027 105905 100749 13418 87331 65147
is_linear=0
shrinkage=0.05


Tree=21
num_leaves=31
num_cat=0
split_feature=0 9 5 5 9 6 5 5 8 3 6 6 0 5 5 5 7 8 4 0 4 8 7 4 6 6 4 11 3 8
split_gain=2370.07 1184.08 618.216 821.811 495.749 401.497 324.709 289.643 244.347 162.865 213.242 162.465 128.826 117.376 111.394 109.888 100.773 87.0993 85.7723 82.439 83.979 82.0015 91.6269 81.8885 228.58 178.276 69.124 60.7302 55.3692 49.3007
threshold=0.045663053169846542 16.535714149475101 10052930.500000002 13439690.500000002 8.354166507720949 1.0000000180025095e-35 5320895.5000000009 5320895.5000000009 34.500000000000007 0.0090917046181857603 3211691.0000000005 7714069.5000000009 0.16321352869272235 12130922.500000002 1289243.5000000002 13439690.500000002 0.82013070583343517 43.500000000000007 49000.099609375007 0.033445190638303764 181000.00000000003 43.500000000000007 0.31827457249164587 199700.00000000003 3211691.0000000005 7714069.5000000009 59620.000000000007 -0.035392384976148598 0.1956100016832352 65.500000000000014
decision_type=2 2 2 2 2 10 2 2 2 10 10 10 2 2 2 2 10 2 10 2 10 2 8 8 10 10 10 2 10 2
left_child=1 2 14 -4 12 6 8 -6 -3 10 -7 21 -2 16 -1 -9 -8 -10 29 20 -19 26 -23 -16 -25 -26 -12 -24 -14 -15
right_child=4 5 3 -5 7 9 13 15 17 -11 11 -13 28 18 23 -17 -18 19 -20 -21 -22 22 27 24 25 -27 -28 -29 -30 -31
leaf_value=0.03232501530376742 0.045132821759175872 0.03232501530376742 0.03232501530376742 0.038399014333707064 0.044701200721561099 0.030355827539626658 0.019839475672401699 0.038399014333707064 -0.063125170703953612 0.03232501530376742 0.024940165052154233 0.030355827539626658 0.050522961703354546 0.031734342305291104 0.038399014333707064 0.044701200721561099 0.03232501530376742 0.023650813458836878 0.021434501565041293 0.03232501530376742 -0.034730808539274481 -0.059038137259826221 -0.012416218498589059 0.037082331019759988 0.03232501530376742 0.037082331019759988 -0.05887897016467171 0.018751616921984633 0.057827518551683194 0.025604968869220146
leaf_weight=631.51460549235344 11137.994961842895 11112.125159323215 22041.246561527252 36024.306710883975 14373.0489230901 7708.9224510788918 20165.088382545859 15566.07703268528 26.465512543916702 15922.312607556581 12062.442858040333 1608.9418270364404 10887.00682862103 7157.0913067758083 50404.753702551126 8047.7985771000385 1048.3651827871799 10197.355115242302 4951.9528046548367 508.16688723862171 60.293497204780579 37.260637402534485 160.21631744503975 12027.538501173258 18031.620608344674 3397.0843895375729 22.82264356315136 4821.2329233661294 3582.8651296794415 1143.1044829115272
leaf_count=1716 13013 31514 66710 61677 17989 23320 101121 26135 138 43285 45377 4697 9845 23207 92490 10478 4116 38926 18837 991 382 250 581 21261 39312 5450 137 23050 2542 4488
internal_value=0.0352369 0.0329728 0.0358883 0.032325 0.0438252 0.0287617 0.0259943 0.0401937 0.0307573 0.032325 0.0283866 0.0245198 0.0492087 0.0229657 0.038399 0.038399 0.020654 0.0244654 0.0266624 0.0246924 0.0233009 0.0225383 0.0171512 0.038399 0.0357656 0.032325 0.0247722 0.0177446 0.0523394 0.0297754
internal_weight=304867 241272 142558 58065.6 63594.8 98714.2 56370 37986.9 21904.4 42344.2 26421.8 18712.9 25607.9 34465.6 84492.5 23613.9 21213.5 10792.3 13252.1 10765.8 10257.6 17104 5018.71 83861 33456.2 21428.7 12085.3 4981.45 14469.9 8300.2
internal_count=733035 653033 288616 128387 80002 364417 223720 54602 71951 140697 97412 74092 25400 151769 160229 36613 105237 40437 46532 40299 39308 69395 23881 158513 66023 44762 45514 23631 12387 27695
is_linear=0
shrinkage=0.05


Tree=22
num_leaves=31
num_cat=0
split_feature=9 8 9 8 5 5 11 6 8 9 11 6 6 11 4 7 9 11 6 0 4 8 6 4 4 4 5 4 7 10
split_gain=2235.26 1247.69 1597.5 495.552 481.55 401.525 305.033 254.181 251.226 246.395 195.315 169.019 163.276 160.106 139.508 135.004 131.912 89.8684 89.6057 106.967 101.703 174.109 89.3933 147.428 88.7831 83.7181 82.1212 71.1562 70.8495 91.4902
threshold=15.267857074737551 1.0000000180025095e-35 11.949999809265138 11.500000000000002 5320895.5000000009 12130922.500000002 -0.044947260990738862 7714069.5000000009 62.500000000000007 19.366666793823246 0.071252468973398222 3211691.0000000005 7714069.5000000009 0.088287636637687697 16034.600097656252 0.52384921908378612 7.9444444179534921 -0.11203766986727713 3211691.0000000005 0.014319890644401314 49620.000000000007 77.500000000000014 7714069.5000000009 120200.00000000001 194500.00000000003 98200.000000000015 1289243.5000000002 44050.000000000007 0.69240385293960582 -0.063008658587932573
decision_type=2 2 2 2 2 2 2 10 2 2 2 8 10 2 8 10 2 2 8 2 10 2 8 10 10 8 2 10 10 2
left_child=1 7 3 -3 8 11 -5 14 24 25 15 -6 13 17 -1 -4 -8 -13 -7 20 -20 -22 -11 27 26 -10 -2 -24 29 -19
right_child=4 2 10 6 5 18 16 -9 9 22 -12 12 -14 -15 -16 -17 -18 28 19 -21 21 -23 23 -25 -26 -27 -28 -29 -30 -31
leaf_value=0.041400718742372722 0.01062365435519389 0.061531324527974954 0.032166729585884068 0.039804183304683508 0.032166729585884068 0.032166729585884068 0.050815490517401522 0.046631896886230234 0.032166729585884068 0.023657199801258837 0.039804183304683508 -0.076513256846749284 0.032166729585884068 0.032166729585884068 0.032166729585884068 0.036470061407947167 0.044405588297953422 -0.028651698007176336 0.028577229569935105 0.032166729585884068 0.024012264676195647 -0.0018439886794038862 0.021095178588255506 -0.04661472235320193 -0.024808462006992854 0.023657199801258837 0.032166729585884068 0.0050700619245605816 0.025652110102183941 0.018530886925903448
leaf_weight=8021.6014023125172 546.13901582360268 4452.0014002919197 47599.777264565229 21854.438512265682 2467.9138457402587 3622.3710727468133 14400.829009696841 3638.9812006652355 3504.4917827248573 1720.0114629566669 7260.6205928474665 22.618465796113014 497.4502891227603 1546.4680005609989 52527.693342685699 10741.464479237795 18690.685327336192 34.966755211353302 15463.356074735522 4070.7804579883814 5858.6824586987495 732.13296713680029 1274.5320496410131 108.08391568809748 78.66956289857626 1259.3427415341139 41367.495310917497 1518.3341734558344 3219.851844958961 28752.202077865601
leaf_count=12879 2611 3912 92777 29673 8213 9362 12959 5665 8268 6168 9636 95 1407 3168 118920 18873 22872 161 51232 9011 20310 3048 5082 710 392 3587 119012 7009 12611 133084
internal_value=0.03319 0.0365559 0.0395238 0.0454657 0.0277776 0.0249594 0.0441618 0.0321667 0.0314127 0.0237857 0.0341426 0.0214455 0.0205163 0.0199209 0.0321667 0.0331359 0.047198 0.0191375 0.0292741 0.0279028 0.0263569 0.0211404 0.0155489 0.0101639 0.0321667 0.0317655 0.0321667 0.012393 0.0192099 0.0184173
internal_weight=306854 189188 125000 59398 117666 66288.8 54946 64188.3 51377.1 9384.8 65601.9 36541.5 34073.6 33576.1 60549.3 58341.2 33091.5 32029.6 29747.3 26125 22054.2 6590.82 4620.96 2900.95 41992.3 4763.83 41913.6 2792.87 32007 28787.2
internal_count=732707 328166 190702 69416 404541 251702 65504 137464 152839 30824 121286 158739 150526 149119 131799 111650 35831 145951 92963 83601 74590 23358 18969 12801 122015 11855 121623 12091 145856 133245
is_linear=0
shrinkage=0.05


Tree=23
num_leaves=31
num_cat=0
split_feature=2 9 5 5 6 5 5 5 3 7 6 6 8 5 7 5 10 0 9 0 8 3 8 9 3 9 10 7 10 8
split_gain=2379.54 1077.07 747.91 939.655 488.336 310.814 429.374 297.651 201.435 183.315 161.355 189.548 149.207 127.477 103.888 94.0836 88.7737 100.478 97.844 88.1857 106.703 85.4202 78.7102 77.9816 71.6349 70.1555 78.4958 69.3533 64.8651 61.6282
threshold=0.018019480630755428 15.267857074737551 5320895.5000000009 15089427.500000002 1.0000000180025095e-35 5320895.5000000009 13439690.500000002 5320895.5000000009 0.0090917046181857603 0.32005923986434942 3211691.0000000005 7714069.5000000009 54.500000000000007 12130922.500000002 0.76020833849906932 1289243.5000000002 -0.024623334407806393 0.0076340327505022296 17.774999618530277 0.034602491185069091 65.500000000000014 0.68622446060180675 42.500000000000007 12.683333396911623 0.013957562390714886 8.0500001907348651 0.18937674909830096 0.57133930921554577 0.16971500962972644 89.500000000000014
decision_type=2 2 2 2 10 2 2 2 10 8 10 10 2 2 10 2 2 2 2 2 2 8 2 2 8 2 2 10 2 2
left_child=1 2 15 -4 7 22 14 12 9 -6 -11 -12 24 28 -7 -1 18 -18 -14 20 -15 29 -2 -8 27 -24 -27 -3 -9 -22
right_child=5 4 3 -5 8 6 23 13 -10 10 11 -13 16 19 -16 -17 17 -19 -20 -21 21 -23 25 -25 -26 26 -28 -29 -30 -31
leaf_value=0.029230434764311027 0.05131983266343168 -0.01220115261173999 0.029230434764311027 0.035965658768576311 -0.031018640508754865 0.035965658768576311 0.050334306872603443 0.01780557298025805 0.029230434764311027 0.02712061354885785 0.019922876111211914 0.02712061354885785 0.0093343377811208796 0.02459719545992238 0.049610019953113205 0.035965658768576311 0.018699371988956808 0.029230434764311027 -0.051498434770600593 0.029230434764311027 0.0046931623095510522 0.025919567374647297 0.052066476378184935 0.040173499017460555 0.029230434764311027 0.035965658768576311 0.046689073610260479 0.017509861190863393 0.029230434764311027 0.017655479102418995
leaf_weight=678.60069477558136 7981.2064004540443 248.48565027117729 57733.639052450657 35555.66128796339 143.66471218317747 16451.475280717015 7210.0966492891312 24038.281964600086 19297.007238917053 8452.7380603477359 18879.262453235686 1862.8743399083614 254.84949080646038 11825.153097189963 1660.8375282883644 58027.836987391114 5114.1634879484773 1834.4267046451569 79.930394783616066 801.12142848968506 1840.4010698869824 244.58238452672958 2169.7936507165432 2637.3794887214899 17527.935552738607 2746.2785633504391 3337.7666266858578 92.512653648853302 416.30816508829594 425.24603148549795
leaf_count=1634 6976 1316 135551 56353 765 24742 6289 112292 48896 24379 72621 5009 701 38763 1674 92553 19477 4756 343 1441 7731 706 1648 3945 51314 4212 3906 296 901 1445
internal_value=0.0314888 0.0296993 0.0324511 0.0296257 0.0260097 0.042232 0.0390277 0.0231438 0.0292304 0.0250108 0.0252886 0.0221971 0.0273993 0.020439 0.0359657 0.0359657 0.0212924 0.0225038 -0.00383515 0.0240486 0.0226087 0.0132292 0.047745 0.0476217 0.0292304 0.0442766 0.0414823 0.00578929 0.018203 0.00939139
internal_weight=309570 265375 151996 93289.3 113379 44194.8 27959.8 64743.4 48635.5 29338.5 29194.9 20742.1 25152.3 39591.1 18112.3 58706.4 7283.37 6948.59 334.78 15136.5 14335.4 2510.23 16235 9847.48 17868.9 8253.84 6084.05 340.998 24454.6 2265.65
internal_count=732635 679243 286091 191904 393152 53392 36650 241482 151670 102774 102009 77630 78203 163279 26416 94187 25277 24233 1044 50086 48645 9882 16742 10234 52926 9766 8118 1612 113193 9176
is_linear=0
shrinkage=0.05


Tree=24
num_leaves=31
num_cat=0
split_feature=2 9 5 5 6 1 14 6 6 8 9 5 5 5 9 8 11 5 10 10 5 5 5 10 8 7 8 5 11 8
split_gain=2115.53 1266.58 743.886 821.146 441.006 302.204 211.465 281.121 251.404 197.636 195.615 167.167 293.493 125.306 106.885 125.819 89.2227 78.3577 71.8165 70.0746 66.1447 59.3744 51.5666 49.8421 47.4026 50.1244 49.4012 45.5104 41.1816 39.6768
threshold=0.023392613045871261 15.267857074737551 5320895.5000000009 15089427.500000002 1.0000000180025095e-35 20.500000000000004 1.0000000180025095e-35 3211691.0000000005 7714069.5000000009 43.500000000000007 17.690475463867191 5320895.5000000009 13439690.500000002 5320895.5000000009 21.354166984558109 64.500000000000014 -0.059050325304269784 12130922.500000002 -0.049416434019803994 -0.034865135326981538 1289243.5000000002 13439690.500000002 12130922.500000002 0.24371013045310977 33.500000000000007 0.1860766485333443 39.500000000000007 1289243.5000000002 -0.097455322742462144 45.500000000000007
decision_type=2 2 2 2 10 2 2 10 10 2 2 2 2 2 2 2 2 2 2 2 2 2 2 2 2 8 2 2 2 2
left_child=1 2 20 -4 9 11 7 29 14 13 -11 28 -13 -3 21 -16 -12 18 -15 -18 -1 -9 27 -7 25 -20 -26 -21 -2 -6
right_child=5 4 3 -5 6 23 -8 8 -10 10 16 12 -14 17 15 -17 19 -19 24 22 -22 -23 -24 -25 26 -27 -28 -29 -30 -31
leaf_value=0.027683702983477401 0.04030394702881409 0.027683702983477401 0.027683702983477401 0.034404979355175801 0.027683702983477401 0.034404979355175801 0.027683702983477401 0.019942416230488223 0.027683702983477401 0.024660399547794403 -0.069832903679440783 0.038756507971194842 0.049286691035642594 -0.0095024123950192552 0.016158972024988134 -0.0098032671667321741 -0.020451459334995759 0.025996956850526904 0.014523614541512304 -0.0017939993695273591 0.034404979355175801 0.027683702983477401 0.020615186222965966 0.038756507971194842 0.013744286650211929 0.024172016742450821 0.027683702983477401 0.015823599526749887 0.049260132314304379 0.012270099276998285
leaf_weight=755.72156111896038 1559.0010482221842 11585.797985009849 60011.392501801252 36105.377372846007 7560.7497069686651 6021.9570865631104 20018.84283554554 4642.3283252939582 1853.2284947782755 10725.012292139232 27.916773930191994 11897.367757365108 7015.7079095691442 209.37753103673458 12339.634199157357 483.73945015668869 124.86646051704884 7469.5258725583553 1725.1177185624838 165.76526061818004 59729.438439100981 1618.2399064898491 5884.328209169209 3274.3554872274399 3547.4649436473846 6321.622900031507 71.387495569884777 18532.901262827218 9510.7703821212053 1039.8540304750204
leaf_count=1690 1677 31934 137852 57085 21168 10513 50586 15064 4961 29159 128 14890 6129 777 49852 3317 475 23008 8401 1079 94151 4461 21946 4120 14647 29574 181 82956 8078 3231
internal_value=0.0297621 0.0281982 0.0311316 0.0283362 0.0242358 0.0406118 0.0276837 0.0234441 0.0200029 0.0215689 0.0190182 0.043108 0.0402363 0.0244919 0.0177977 0.0151782 0.01657 0.0219776 0.0194454 0.0166732 0.034405 0.0231565 0.0168635 0.034405 0.0199665 0.0221076 0.0151959 0.015571 0.0480063 0.0276837
internal_weight=311829 272550 156602 96116.8 115948 39279.2 49556.6 29537.8 20937.2 66391.1 35460.8 29982.8 18913.1 30930.3 19083.9 12823.4 24735.8 19344.5 11875 24707.9 60485.2 6260.57 24583 9296.31 11665.6 8046.74 3618.85 18698.7 11069.8 8600.6
internal_count=733090 687683 290778 194937 396905 45407 152640 102054 77655 244265 135743 30774 21019 108522 72694 53169 106584 76588 53580 106456 95841 19525 105981 14633 52803 37975 14828 84035 9755 24399
is_linear=0
shrinkage=0.05


Tree=25
num_leaves=31
num_cat=0
split_feature=10 6 6 4 1 5 5 5 8 5 6 2 5 10 7 9 8 5 5 6 6 9 8 10 5 5 4 8 9 7
split_gain=2139.81 1017.37 949.782 820.193 964.603 419.406 366.171 948.641 588.921 330.47 265.766 264.244 202.509 191.529 163.741 135.581 102.415 96.3822 109.603 158.222 86.5387 68.8761 57.6818 61.4982 49.2952 46.9312 41.3689 109.657 36.5799 33.1802
threshold=0.16314934939146045 3211691.0000000005 7714069.5000000009 199700.00000000003 21.500000000000004 10052930.500000002 5320895.5000000009 15089427.500000002 1.0000000180025095e-35 15089427.500000002 3211691.0000000005 0.068404637277126326 5320895.5000000009 -0.049416434019803994 0.34001740813255316 21.44999980926514 64.500000000000014 12130922.500000002 10052930.500000002 3211691.0000000005 3211691.0000000005 5.9166667461395273 21.500000000000004 0.11138926818966867 15089427.500000002 10052930.500000002 39610.000000000007 1.0000000180025095e-35 14.062500000000002 0.13044887036085132
decision_type=2 8 10 8 2 2 2 2 2 2 10 2 2 2 8 2 2 2 2 10 10 2 2 2 2 2 10 2 2 8
left_child=1 -1 3 4 5 26 14 8 17 -7 -6 12 -2 -10 -5 -16 -17 18 19 -8 29 -13 -22 -24 -14 -23 -3 -28 -26 -15
right_child=11 2 -4 6 10 9 7 -9 13 -11 -12 21 24 20 15 16 -18 -19 -20 -21 22 25 23 -25 28 -27 27 -29 -30 -31
leaf_value=0.033133858982277629 0.039613030264866483 0.033133858982277629 0.033133858982277629 -0.051696043018906436 0.023238894677943541 0.026926209824756787 0.023238894677943541 0.023238894677943541 -9.1073688756203113e-05 0.033133858982277629 0.026926209824756787 0.048711032557996053 0.033133858982277629 0.0092547184907040905 0.023238894677943541 0.017181968460054379 -0.012559853106743618 0.015767454655347228 -0.0074270039835810948 0.00086290051857666565 0.023238894677943541 0.044242549302212851 0.011114026365082354 0.023238894677943541 0.039613030264866483 0.039613030264866483 0.026926209824756787 0.031949293153350454 0.033133858982277629 0.023238894677943541
leaf_weight=34387.146065108478 7347.8563498407602 22455.883946448565 9251.1575685590506 77.238284230232239 72509.06049394235 17570.315245628357 174.60425212979317 14355.780520498753 1567.0236159563065 17025.948062881827 18355.893746525049 5234.0298181027174 7764.8745537996292 37.168284930288792 19269.193411275744 7054.7435964047909 300.45400326699018 782.02413427829742 4629.8579870909452 2727.1179864406586 1210.6672660410404 8639.0865502953529 5117.5776892453432 253.45042087137699 3254.733366549015 4363.6977419108152 6218.9434389770031 16539.081925243139 922.15558835864067 4306.8103878870606
leaf_count=67059 8595 34903 15589 384 243968 42661 268 33552 3957 26610 45083 3853 13082 248 37499 25799 1833 1722 17810 7955 2685 8399 22578 380 3496 4850 13076 26386 1642 17393
internal_value=0.0282932 0.0267706 0.0255988 0.0248118 0.0265999 0.0306135 0.0198779 0.0164612 0.0093949 0.0269262 0.0232389 0.0394971 0.035406 0.0162563 0.0232389 0.0232389 0.015964 -0.000917022 -0.00265314 0.00496369 0.0186005 0.0438201 0.0149482 0.0126908 0.0331339 0.0418441 0.0331339 0.0307647 0.039613 0.0232389
internal_weight=313704 276177 241790 232539 170675 79810.2 61863.7 35162.1 20806.3 34596.3 90865 37526.4 19289.6 12492.7 26701.6 26624.4 7355.2 8313.6 7531.58 2901.72 10925.7 18236.8 6581.7 5371.03 11941.8 13002.8 45213.9 22758 4176.89 4343.98
internal_count=733315 689398 622339 606750 432687 143636 174063 108548 74996 69271 289051 43917 26815 47241 65515 65131 27632 27755 26033 8223 43284 17102 25643 22958 18220 13249 74365 39462 5138 17641
is_linear=0
shrinkage=0.05


Tree=26
num_leaves=31
num_cat=0
split_feature=0 5 5 5 9 4 5 9 9 4 9 3 8 3 8 7 0 7 8 11 4 9 1 10 4 9 0 8 0 10
split_gain=1975.02 1026.81 1584.92 1236.92 736.088 606.716 505.401 474.486 456.481 393.511 300.517 250.257 237.695 209.436 158.165 125.978 118.739 108.387 103.553 100.644 92.3835 91.3707 89.0142 159.76 86.5027 83.9185 83.2951 79.4111 85.2521 91.6704
threshold=0.091287881135940566 5320895.5000000009 12130922.500000002 10052930.500000002 13.887499809265138 199700.00000000003 1289243.5000000002 14.267857074737551 18.612500190734867 inf 9.5277776718139666 0.20257303118705752 43.500000000000007 0.0090917046181857603 1.0000000180025095e-35 0.81258332729339611 0.0076340327505022296 0.24999500066041949 43.500000000000007 -0.043046252802014344 35003.500000000007 7.3541667461395273 21.500000000000004 -0.067965365946292863 196900.00000000003 5.0625000000000009 0.0089687905274331587 33.500000000000007 0.014815627597272398 -0.010152646806091068
decision_type=2 2 2 2 2 8 2 2 2 8 2 10 2 8 2 10 2 10 2 2 10 2 2 2 10 2 2 2 2 2
left_child=1 6 3 4 9 11 17 -4 -8 -3 25 -5 -10 -9 -7 26 24 20 -12 -16 -1 -19 -6 -24 -14 -2 -13 -15 29 -29
right_child=10 2 7 5 22 14 8 13 12 -11 18 15 16 27 19 -17 -18 21 -20 -21 -22 -23 23 -25 -26 -27 -28 28 -30 -31
leaf_value=-0.0017463727225906841 0.044607769461743496 0.031110334937733044 0.031110334937733044 0.011794602548788521 0.022504843789074698 -0.00682921206534573 0.031110334937733044 -0.025587167716741605 0.027732364031184949 0.022504843789074698 0.036335479779149478 0.016994135701889599 0.018633127818106551 0.027120781383368688 -0.013800731816621219 0.031110334937733044 0.027732364031184949 0.031110334937733044 0.031110334937733044 0.0069931295943855476 -0.040564830521140814 0.0010428417139130906 -0.058070905450182224 0.016077425527563118 -0.057408365845362602 0.038341922605317297 0.0252301191152218 -0.00080027907681704121 0.027385365332207659 0.020770054050768823
leaf_weight=431.69642840325832 9104.4139677137136 19606.854341551661 38058.503856793046 21311.349828608334 1278.703809261322 4622.2545253932476 75968.686384081841 212.92889256030321 18099.825813986361 10405.86836437881 6363.7741509526968 3949.4448856264353 14958.289415605366 12467.344387277961 580.14441080391407 1088.1188592612743 1901.4815896451473 199.91989909112453 9016.2461725771427 3184.0139617845416 235.80714648216963 558.38865295797586 70.954877212643623 24302.793057724833 35.611694157123566 13440.412123292685 2908.9138462990522 288.47181828320026 4541.893470287323 15002.425623521209
leaf_count=1562 7899 35436 60313 71659 2639 17826 132552 1282 51334 23485 7357 15586 52802 36120 1657 2443 4788 286 13308 15040 1190 2023 275 94906 271 13888 6863 975 9609 47685
internal_value=0.0264947 0.0250255 0.0225004 0.0182234 0.0229575 0.0112221 0.028707 0.0281548 0.0290871 0.0282737 0.0371952 0.0146203 0.0243544 0.0236604 -0.000634072 0.0221937 0.0200583 -0.00087083 0.0317949 0.00697293 -0.0155399 0.0120486 0.016736 0.0158568 0.0184449 0.040876 0.0193499 0.0239866 0.0220139 0.020212
internal_weight=314196 276271 163881 93309.4 55665.2 37644.2 112390 70571.6 110964 30012.7 37924.8 29257.8 34995.2 32513.1 8386.41 7946.48 16895.4 1425.81 15380 3764.16 667.504 758.309 25652.5 24373.7 14993.9 22544.8 6858.36 32300.1 19832.8 15290.9
internal_count=733059 690607 443799 287815 156741 131074 246808 155984 241747 58921 42452 96551 109195 95671 34523 24892 57861 5061 20665 16697 2752 2309 97820 95181 53073 21787 22449 94389 58269 48660
is_linear=0
shrinkage=0.05


Tree=27
num_leaves=31
num_cat=0
split_feature=0 6 6 5 5 8 5 1 2 7 5 5 7 1 5 14 0 8 3 5 7 1 6 3 8 7 0 8 8 8
split_gain=2045.4 890.852 777.087 594.464 599.628 544.401 551.789 522.695 436.154 383.529 290.542 264.205 229.254 228.16 194.033 178.701 158.008 198.235 154.891 143.177 139.266 137.286 115.313 103.435 100.711 87.33 85.8162 104.395 85.4939 84.9439
threshold=0.045663053169846542 3211691.0000000005 7714069.5000000009 5320895.5000000009 12130922.500000002 1.0000000180025095e-35 10052930.500000002 21.500000000000004 0.073606811463832869 0.40629123151302343 5320895.5000000009 1289243.5000000002 0.24999500066041949 21.500000000000004 10052930.500000002 1.0000000180025095e-35 0.0091326101683080214 43.500000000000007 0.017895999364554886 13439690.500000002 0.85663524270057689 21.500000000000004 3211691.0000000005 0.044101111590862281 23.500000000000004 0.30866880714893347 0.0076340327505022296 33.500000000000007 88.500000000000014 91.500000000000014
decision_type=2 8 10 2 2 2 2 2 2 10 2 2 10 2 2 2 2 2 10 2 10 2 10 8 2 10 2 2 2 2
left_child=1 -1 3 9 5 6 15 14 10 11 -2 12 -3 -6 -7 22 17 -13 29 -12 -8 25 -5 -19 -16 -10 27 -9 -25 -15
right_child=8 2 -4 4 13 7 20 26 21 -11 19 16 -14 18 24 -17 -18 23 -20 -21 -22 -23 -24 28 -26 -27 -28 -29 -30 -31
leaf_value=0.028138965019915554 0.034640469107896366 -0.029948927192382225 0.028138965019915554 0.028138965019915554 0.026491947217194403 0.028138965019915554 0.0005122943924208269 0.016621364982711832 0.038182492801321168 0.028138965019915554 0.028138965019915554 0.02297072373333383 0.025127492768963006 0.013715928708089152 0.020243197431848211 0.024166214827623291 0.025127492768963006 -0.012152554231498407 0.021974114778959948 0.034640469107896366 0.023281567886928142 0.034640469107896366 0.0059485558851404274 0.017545630872451392 0.028138965019915554 0.045330980370541452 0.019473447542697381 0.011306519196692243 0.00215961000216591 -0.045045603812662538
leaf_weight=32170.16707265377 15718.037365421653 448.54884864762425 8755.0794035196304 159.06603071093559 24948.72780662775 10716.613979458809 10876.188445359468 10589.389857389033 10500.343303471804 24004.390032358468 17224.004184141755 36524.669271335006 287.65396028012037 6480.2338130921125 5496.0732474178076 5411.5568394511938 9467.6273145973682 322.35764310508966 21139.191121302545 8934.6500149816275 713.76642332971096 3137.0366283506155 2828.143209785223 11786.613383851945 2703.4042740613222 7390.6982776671648 8658.6372128948569 17284.073245406151 791.91198343038559 60.192885667085648
leaf_count=64046 19304 2235 14916 252 42675 20693 36504 48243 10195 51147 28379 82624 842 22602 14483 11232 18078 1558 60542 11444 1418 4509 7849 38732 5789 6049 25400 78616 2809 284
internal_value=0.0251095 0.0231003 0.0218778 0.0210673 0.0189253 0.0160667 0.00899097 0.018617 0.0331777 0.0243467 0.0302234 0.022116 -0.00763353 0.0230221 0.0253642 0.0187482 0.0224882 0.021088 0.0198929 0.028139 0.00191831 0.0390576 0.00892334 0.0157548 0.0202432 0.0411402 0.0151222 0.0137693 0.0164718 0.0131615
internal_weight=315529 252624 220454 211699 128065 75436.9 19988.7 55448.2 62904.8 83633.8 41876.7 59629.4 736.203 52628.3 18916.1 8398.77 58893.2 49425.6 27679.6 26158.7 11590 21028.1 2987.21 12900.9 8199.48 17891 36532.1 27873.5 12578.5 6540.43
internal_count=733449 653569 589523 574607 376582 250479 57255 193224 79880 198025 59127 146878 3077 126103 40965 19333 143801 125723 83428 39823 37922 20753 8101 43099 20272 16244 152259 126859 41541 22886
is_linear=0
shrinkage=0.05


Tree=28
num_leaves=31
num_cat=0
split_feature=0 6 9 7 4 8 5 5 8 5 2 1 4 9 9 5 4 8 8 6 6 9 4 9 4 8 7 3 5 4
split_gain=1692.84 841.402 802.879 667.754 379.926 365.479 346.084 704.646 326.152 218.57 199.318 165.827 120.986 113.594 100.535 100.151 92.7064 105.336 84.0195 73.2657 105.358 73.0801 73.0127 109.264 69.7051 78.1853 85.3381 96.3463 58.6723 57.5503
threshold=0.015209345612674953 1.0000000180025095e-35 10.949999809265138 0.66670760512352001 198800.00000000003 43.500000000000007 10052930.500000002 12130922.500000002 1.0000000180025095e-35 5320895.5000000009 0.073606811463832869 21.500000000000004 29020.000000000004 15.211111068725588 21.944444656372074 5320895.5000000009 138500.00000000003 47.500000000000007 114.50000000000001 3211691.0000000005 7714069.5000000009 5.0625000000000009 45977.000000000007 21.633333206176761 98200.000000000015 25.500000000000004 0.30010800063610082 0.17115274071693423 10052930.500000002 150200.00000000003
decision_type=2 10 2 10 8 2 2 2 2 2 2 2 8 2 2 2 10 2 2 10 10 2 10 2 10 2 8 10 2 10
left_child=1 3 10 6 -3 14 11 8 12 -4 21 -1 -8 -7 -6 22 -9 -18 -15 -16 -21 -2 -13 -24 25 -10 27 -27 -12 -19
right_child=2 4 9 -5 5 13 7 16 24 -11 28 15 -14 18 19 -17 17 29 -20 20 -22 -23 23 -25 -26 26 -28 -29 -30 -31
leaf_value=0.021041313712020466 0.035539842179010565 0.025288580886347674 0.029771083374372856 0.025288580886347674 0.023384999095518028 0.023384999095518028 0.012362222451405815 0.020587492232073762 0.0099149836771369806 0.025288580886347674 0.04150835385346828 0.019001523857415863 -0.0019911494989996101 0.0099871012472052632 0.021313177394053959 0.012626918521720707 0.0088830744858278132 0.0058278576644743988 -0.059908814382406708 0.014153216291132385 0.021313177394053959 0.030576486723830638 0.016949627179570798 0.0091469796479242468 -0.0044432711029698153 0.0043091430006894802 0.021041313712020466 0.016097823558239521 0.035539842179010565 -0.065878363365304546
leaf_weight=20146.475848078728 6577.6082713454962 32355.6580067873 20857.999847963452 18801.103887632489 44054.466810122132 753.50599877536297 1810.8626953214407 22433.513900175691 8676.1615659594536 33041.544662311673 9365.1115587800741 10412.353571884334 7718.8481552004814 7461.5394810140133 4570.3332877755165 9301.02607113868 307.53244169801474 41.640140309929848 41.28203783929348 10060.669168293476 1089.5306272953749 23317.401000976562 5659.1673319265246 5248.6873051188886 589.52753142267466 1308.6175228208303 3499.2297631576657 1962.991075783968 4802.2973933368921 81.443749092519283
leaf_count=38189 7626 66319 33889 42920 84777 1395 4990 57829 33819 66477 7881 29657 27593 30711 12661 40526 993 151 281 36607 2754 31575 15480 20130 2734 6490 15359 8105 4713 481
internal_value=0.0237829 0.0213327 0.0292445 0.0184693 0.024698 0.0214814 0.016794 0.0137691 0.00806459 0.0252886 0.0342536 0.0196791 0.000738341 0.0116163 0.0228436 0.0169617 0.0201464 -0.00282134 0.00958666 0.0192414 0.0165637 0.0319316 0.0188515 0.0148977 0.0124176 0.0130616 0.0170895 0.0111543 0.0391481 -0.0419143
internal_weight=316348 218386 97962 117999 100387 68031.3 99198.1 48430.4 25566.2 53899.5 44062.4 50767.7 9529.71 8256.33 59775 30621.2 22864.1 430.616 7502.82 15720.5 11150.2 29895 21320.2 10907.9 16036.5 15447 6770.84 3271.61 14167.4 123.084
internal_count=733112 580951 152161 345446 235505 169186 302526 158544 99090 100366 51795 143982 32583 32387 136799 105793 59454 1625 30992 52022 39361 39201 65267 35610 66507 63773 29954 14595 12594 632
is_linear=0
shrinkage=0.05


Tree=29
num_leaves=31
num_cat=0
split_feature=2 6 6 1 7 3 3 1 11 6 9 5 5 3 9 5 5 10 6 5 11 5 7 3 7 5 5 5 9 11
split_gain=1656.33 909.802 820.455 633.12 557.962 324.832 305.674 254.201 190.5 187.729 155.573 103.876 103.561 96.5274 94.3779 90.5392 81.108 60.6929 51.5115 46.8072 42.4591 38.6544 34.5342 31.1978 31.0011 25.6956 25.1886 97.0373 49.2057 40.2885
threshold=0.023392613045871261 3211691.0000000005 7714069.5000000009 21.500000000000004 0.44452822208404547 0.037614908069372184 0.013957562390714886 21.500000000000004 -0.025937951169908043 3211691.0000000005 15.845237731933596 10052930.500000002 12130922.500000002 0.0090917046181857603 4.9166667461395273 5320895.5000000009 5320895.5000000009 0.2578235417604447 3211691.0000000005 10052930.500000002 -1.0000000180025095e-35 5320895.5000000009 0.31196330487728124 0.066712521016597762 0.18286825716495517 13439690.500000002 15089427.500000002 5320895.5000000009 17.267857551574711 -0.013320707250386475
decision_type=2 8 10 2 10 10 10 2 2 10 2 2 2 8 2 2 2 2 10 2 2 2 10 10 10 2 2 2 2 2
left_child=1 -1 3 4 5 -3 13 8 -2 10 -8 -6 -13 15 23 22 -16 -9 -15 -17 -21 -12 -5 -10 -22 -18 27 28 -20 -28
right_child=7 2 -4 6 11 -7 9 17 14 -11 21 12 -14 18 16 19 25 -19 26 20 24 -23 -24 -25 -26 -27 29 -29 -30 -31
leaf_value=0.026971335217677209 0.03093329458505405 0.01957392342134482 0.026971335217677209 -0.015721297096026533 0.026971335217677209 0.023484739358693676 0.01957392342134482 0.026971335217677209 0.040267232907641094 0.01957392342134482 0.017333171177752103 0.023484739358693676 0.026971335217677209 0.015267578068671371 0.040267232907641094 -0.035858291838321864 0.034349833500077046 0.03093329458505405 0.015267578068671371 -0.070217933169122615 -0.031759081379990735 0.015267578068671371 0.0050289330843472663 0.048347770665748246 0.0050289330843472663 0.039229636392762814 0.0050289330843472663 0.0050289330843472663 0.010654143584308072 0.015267578068671371
leaf_weight=35229.990808077157 8935.8290958255529 55930.719637349248 9356.6429745331407 252.23723209276795 18397.694273531437 27833.383302465081 14701.055291622877 6271.2153173685074 1729.4126433879137 18578.801275864244 23246.057382673025 6425.5470827817917 7579.7566906064749 4191.7009829431772 6083.2555594742298 228.268594160676 6224.4634017944336 3014.4385847598314 3076.1975456625223 20.229317285120487 56.587034799158573 35900.524789460003 310.77770683169365 2394.7887092828751 165.39754258841276 3519.4474625885487 418.22696809470654 4584.9669649228454 8233.9624512642622 4654.4718541055918
leaf_count=67441 11496 120045 15547 1258 28054 47586 30696 10894 1468 44243 70145 15590 11274 17587 5460 1355 7419 3652 7413 97 390 139079 1049 1594 869 3299 1151 21560 29695 15583
internal_value=0.022754 0.0214188 0.0202929 0.019547 0.0221711 0.0199981 0.0169767 0.0325239 0.0348953 0.0183282 0.0166916 0.0269713 0.0234847 0.012207 0.0377664 -0.00276427 0.0359964 0.0269713 0.0128221 -0.0197152 -0.00433252 0.0154555 0.00502893 0.044538 0.00224495 0.0343498 0.0116153 0.0106331 0.0131274 0.0146877
internal_weight=317546 279373 244143 234787 116167 83764.1 118619 38172.9 28887.2 92426.4 73847.6 32403 14005.3 26193 19951.4 1033.5 15827.2 9285.65 25159.5 470.482 242.214 59146.6 563.015 4124.2 221.985 9743.91 20967.8 15895.1 11310.2 5072.7
internal_count=732989 687707 620266 604719 222549 167631 382170 45282 30736 284163 239920 54918 26864 98007 19240 5018 16178 14546 92989 2711 1356 209224 2307 3062 1259 10718 75402 58668 37108 16734
is_linear=0
shrinkage=0.05


Tree=30
num_leaves=31
num_cat=0
split_feature=10 1 8 5 5 2 7 5 3 5 3 3 7 5 10 5 8 3 7 10 8 3 7 8 5 5 8 8 10 0
split_gain=1451.88 737.525 728.516 232.861 339.83 186.572 168.718 141.945 127.636 123.224 140.872 97.4454 69.9165 68.5238 64.7498 91.6493 61.6216 59.4131 56.2938 64.6609 56.0555 55.4297 226.216 117.9 50.5816 50.1605 44.6503 43.1642 111.119 94.0041
threshold=0.16662679612636569 21.500000000000004 1.0000000180025095e-35 5320895.5000000009 12130922.500000002 0.068404637277126326 0.64302855730056774 5320895.5000000009 0.013957562390714886 1289243.5000000002 0.07426562532782556 0.18901041895151141 0.78268364071846019 5320895.5000000009 -0.049675324931740754 5320895.5000000009 55.500000000000007 0.20257303118705752 0.24999500066041949 0.07330589741468431 41.500000000000007 0.013957562390714886 0.30567033588886267 78.500000000000014 12130922.500000002 13439690.500000002 43.500000000000007 110.50000000000001 -0.014844877179712055 1.0000000180025095e-35
decision_type=2 2 2 2 2 2 10 2 10 2 8 10 10 2 2 2 2 10 10 2 2 10 8 2 2 2 2 2 2 2
left_child=1 2 6 9 8 7 -1 -2 -5 10 -3 13 16 -7 15 -4 17 26 19 20 -12 22 -11 -24 -17 -9 -10 -6 -29 -30
right_child=5 3 14 4 27 11 -8 25 12 21 18 -13 -14 -15 -16 24 -18 -19 -20 -21 -22 -23 23 -25 -26 -27 -28 28 29 -31
leaf_value=0.020483365179794141 0.03140125441716983 -0.062720262235312019 0.024297122658449372 0.0078487596904778887 0.020030287564275027 0.03684545357768345 0.025885539278548076 0.025885539278548076 0.015402768019448239 -0.0237565389633181 -0.0070408699815181488 0.041062297910710338 0.020483365179794141 0.03140125441716983 0.025885539278548076 0.020483365179794141 0.01121256104120897 0.01721430015751067 0.020377591793776829 0.0068242018373465309 -0.027462189162955009 0.020483365179794141 0.019121084777728555 -0.0026381554442622399 0.024297122658449372 0.03140125441716983 0.01121256104120897 -0.081432691520444883 -0.023182345880431554 0.020483365179794141
leaf_weight=57013.390887454152 7073.1089323908091 76.015067156404257 7364.5078328847885 8830.2069468572736 34334.491531029344 4856.2450663149357 9220.836934953928 7559.7854911386967 9818.6503976657987 320.90048319101334 123.98362676054239 4819.3930097520351 2346.3860635384917 7389.2953206896782 60477.267412602901 6710.2759556919336 12538.595373891294 5123.4456877559423 410.34321914613247 62.324450060725212 169.93962680548429 39303.276428170502 17961.26964674145 569.26100252568722 4419.3658600896597 4258.0144562125206 5301.4897785037756 33.365484744310379 135.92025251686573 207.6308833360672
leaf_count=122050 8504 503 10290 40421 95826 4466 15006 12688 39080 1540 589 4227 7438 8334 98182 12892 42636 17394 1389 75 1083 99980 52609 1904 6513 5355 21136 144 585 398
internal_value=0.0217548 0.0205516 0.0230379 0.0179288 0.0161468 0.0312195 0.0204834 0.0277876 0.0132254 0.0203044 0.00130087 0.0350149 0.0145764 0.0326286 0.0258855 0.0227087 0.0139452 0.0156526 0.00779588 -0.00672919 -0.0209059 0.0204834 0.0177588 0.0184802 0.0204834 0.0258855 0.0135912 0.0198455 0.00299997 0.0116239
internal_weight=318829 282873 145206 137667 78670.2 35955.8 66234.2 18890.9 43958.8 58997.3 842.606 17064.9 35128.6 12245.5 78971.4 18494.1 32782.2 20243.6 766.591 356.248 293.923 58154.7 18851.4 18530.5 11129.6 11817.8 15120.1 34711.4 376.917 343.551
internal_count=733237 689663 264933 424730 265058 43574 137056 26547 168105 159672 3639 17027 127684 12800 127877 29695 120246 77610 3136 1747 1672 156033 56053 54513 19405 18043 60216 96953 1127 983
is_linear=0
shrinkage=0.05


Tree=31
num_leaves=31
num_cat=0
split_feature=10 6 4 14 6 6 1 9 8 1 8 9 3 4 10 9 8 4 3 8 3 9 8 10 3 4 8 9 4 8
split_gain=1388.45 773.344 663.246 563.598 467.147 650.772 423.659 329.156 312.197 216.065 300.338 214.334 162.906 154.192 142.837 140.59 127.744 95.7273 86.2118 82.6806 94.3128 67.3736 67.1442 62.0702 56.9266 55.1419 51.9099 51.6298 51.5554 45.4664
threshold=0.073747340589761748 1.0000000180025095e-35 39610.000000000007 1.0000000180025095e-35 7714069.5000000009 3211691.0000000005 21.500000000000004 12.464285850524904 1.0000000180025095e-35 21.500000000000004 1.0000000180025095e-35 16.816666603088382 0.0090917046181857603 196090.00000000003 -1.0000000180025095e-35 5.0625000000000009 100.50000000000001 197024.50000000003 0.1921707093715668 65.500000000000014 0.29996180534362799 20.866071701049808 44.500000000000007 -0.050655398517847054 0.044101111590862281 16034.600097656252 43.500000000000007 14.767857074737551 49620.000000000007 75.500000000000014
decision_type=2 10 8 2 10 10 2 2 2 2 2 2 8 8 2 2 2 10 10 2 8 2 2 2 10 10 2 2 10 2
left_child=1 2 6 4 5 16 24 15 13 10 -7 -10 -13 28 -12 22 21 -15 -17 23 -21 -3 -2 -14 25 -1 -11 -28 -4 -29
right_child=7 3 8 -5 -6 9 -8 -9 11 26 14 12 19 17 -16 18 -18 -19 -20 20 -22 -23 -24 -25 -26 -27 27 29 -30 -31
leaf_value=0.022359385998025779 0.035749461021605658 0.023796157143363379 0.016247662579141009 0.023796157143363379 0.023796157143363379 0.013568115139265367 0.017095371159903405 0.023796157143363379 0.017095371159903405 0.012125764876160357 0.014847134085980368 -0.019719148358100447 -0.0034757791844240941 0.0013213688504109292 0.023796157143363379 0.027735327170420133 -0.072089345224244608 -0.07481379291761707 0.033770225717397087 0.0049571804565465907 0.014752481295866385 0.018479203884171992 0.049479140930776558 0.014263736981076136 0.023796157143363379 0.020445764151633392 0.013568115139265367 0.0064028975680363509 0.0085397729257279415 -0.0079610997351671816
leaf_weight=7383.341209128499 6068.4433125704527 19086.276026517153 3270.2617084234953 42143.432348392904 7544.2878036201 15705.39639775455 30120.732567213476 17501.16108764708 31753.135970339179 12893.17158561945 4604.9316945672035 388.49350981786847 110.63792867958546 5639.3606018573046 7787.2220815718174 15983.081202045083 32.97241535037756 39.59082205593586 6572.057989731431 5921.2063905932009 1836.4059757590294 6096.0772852301598 1062.455054461956 27105.435847021639 17537.359931915998 10763.40243190527 1199.5316261798143 5809.0675952807069 6471.7601066380739 606.90724202245474
leaf_count=11929 5658 32601 7283 81060 12758 32935 94953 29968 63452 44556 8133 2500 401 19019 12485 19026 162 177 6980 25039 7051 17711 673 100297 28232 22882 2523 23701 15330 2768
internal_value=0.0205246 0.01915 0.016716 0.022073 0.0191231 0.0174792 0.0204607 0.0284423 0.0137301 0.0140958 0.0169442 0.0152042 0.0124096 0.00731336 0.022866 0.0316745 0.0237962 0.000764441 0.0297321 0.0127676 0.0082104 0.0237962 0.0378084 0.0140659 0.0237962 0.0209226 0.010192 0.00691581 0.01113 0.0050421
internal_weight=319038 271850 148341 123509 81365.8 73821.6 65804.8 47187.2 82536.3 48606.2 28097.6 67115.3 35362.2 15421 12392.2 29686 25215.3 5678.95 22555.1 34973.7 7757.61 25182.4 7130.9 27216.1 35684.1 18146.7 20508.7 7615.51 9742.02 6415.97
internal_count=732243 669938 398545 271393 190333 177575 157996 62305 240549 127101 53553 198740 135288 41809 20618 32337 50474 19196 26006 132788 32090 50312 6331 100698 63043 34811 73548 28992 22613 26469
is_linear=0
shrinkage=0.05


Tree=32
num_leaves=31
num_cat=0
split_feature=2 5 5 5 9 9 4 8 9 9 4 5 6 8 4 11 10 8 8 11 9 6 6 4 11 10 6 11 8 9
split_gain=1374.56 725.938 1153.31 674.152 499.719 395.328 342.668 361.934 341.925 306.142 295.608 171.036 165.664 149.239 130.914 112.663 91.6817 83.4205 76.4415 76.2712 86.5307 73.5072 72.7881 72.7339 71.8396 201.551 59.105 59.0018 57.6691 57.0305
threshold=0.018019480630755428 5320895.5000000009 15089427.500000002 10052930.500000002 16.535714149475101 13.887499809265138 7420.0000000000009 12.500000000000002 12.035714149475099 14.062500000000002 inf 13439690.500000002 1.0000000180025095e-35 43.500000000000007 90100.000000000015 0.049307929351925857 0.07330589741468431 45.500000000000007 156.50000000000003 -0.0155462184920907 21.774999618530277 1.0000000180025095e-35 1.0000000180025095e-35 149700.00000000003 -0.05368408374488353 0.22089631110429767 1.0000000180025095e-35 -0.11716270074248313 99.500000000000014 18.267857551574711
decision_type=2 2 2 2 2 2 8 2 2 2 8 2 10 2 8 2 2 2 2 2 2 10 10 10 2 2 10 2 2 2
left_child=1 4 3 5 -1 10 -5 11 15 -4 -3 12 14 -6 -8 26 18 -9 22 27 -21 -11 23 28 25 -23 -2 -7 -15 -29
right_child=8 2 9 6 13 19 7 17 -10 21 -12 -13 -14 16 -16 -17 -18 -19 -20 20 -22 24 -24 -25 -26 -27 -28 29 -30 -31
leaf_value=0.022841982344104825 0.026898242681221332 0.022841982344104825 0.022841982344104825 0.022841982344104825 0.019552793321786194 -0.082588856968129565 0.0040498122118355637 0.009050164056828524 0.022841982344104825 0.014804749084340105 0.015760046948821327 0.014851182584978091 -0.039139186906498265 0.0096117456369623835 -0.0053214138291736946 0.033723428621136607 0.019955771043723008 0.014851182584978091 -0.066704958561662128 0.015760046948821327 0.0097121461043047676 -0.089977575097830942 0.01642212992556354 -0.019166775999822451 0.020016177800546833 0.0033307089484956838 0.030513806961632074 0.00849907466132163 0.016445950414535612 -0.0067610494713786721
leaf_weight=64705.476811647415 6946.8827665448189 19991.714974865317 34073.11727322638 2111.8950032144785 26749.936631456017 16.973984360694885 9884.562099173665 17479.773133382201 14112.095421388745 15562.62494828552 10797.693747371435 1734.2541959136724 265.79807841777802 10335.301673792303 5979.5558744072914 15939.319807216525 898.1160483956337 6497.8396253883839 28.138561926782131 10203.888390511274 11160.24505828321 61.081232964992523 8950.8406875282526 202.78132907673717 14205.771177627146 99.681336581707001 5160.2652581185102 3455.2369796037674 748.6653555855155 742.43871513754129
leaf_count=105145 9090 35675 53418 4030 70935 69 27145 65153 23513 46295 23773 3214 918 35891 21365 15445 1636 21470 144 32507 50398 249 26437 1007 37674 157 5536 9198 2205 2912
internal_value=0.0192766 0.017996 0.0158762 0.01253 0.0210886 0.0161494 0.00788782 0.00686038 0.027688 0.0211207 0.0199663 0.00147256 -0.000140902 0.0170696 0.000517353 0.0309545 0.0139293 0.010874 0.0129361 0.0115538 0.0127666 0.0171904 0.0130534 0.0103795 0.0197722 -0.0133548 0.0273042 0.00540313 0.0109234 0.0057981
internal_weight=319102 276943 164324 100322 112619 56368.2 43953.7 41841.8 42158.6 64002.3 30789.4 17864.2 16129.9 47913.8 15864.1 28046.5 21163.8 23977.6 20265.7 25578.8 21364.1 29929.2 20237.6 11286.7 14366.5 160.763 12107.1 4214.65 11084 4197.68
internal_count=732604 679020 435620 297827 243400 154532 143295 139265 53584 137793 59448 52642 49428 138255 48510 30071 67320 86623 65684 95084 82905 84375 65540 39103 38080 406 14626 12179 38096 12110
is_linear=0
shrinkage=0.05


Tree=33
num_leaves=31
num_cat=0
split_feature=10 1 8 7 6 3 7 5 3 9 9 5 6 6 11 8 9 11 3 8 9 5 5 5 5 0 3 8 3 3
split_gain=1114.21 775.076 629.168 263.634 204.901 293.8 185.343 167.942 216.02 151.654 148.608 113.894 113.307 147.07 111.407 103.361 106.195 85.5945 72.0432 66.8162 65.0699 63.6772 69.2955 62.3672 108.645 61.9838 58.8722 52.681 47.4519 41.0588
threshold=0.17516008019447329 21.500000000000004 1.0000000180025095e-35 0.44452822208404547 1.0000000180025095e-35 0.0090917046181857603 0.32859666645526892 5320895.5000000009 0.23690199851989749 11.759615421295168 14.267857074737551 13439690.500000002 3211691.0000000005 7714069.5000000009 -0.10753119364380835 32.500000000000007 21.708333015441898 -0.074646510183811174 0.10327889770269395 65.500000000000014 12.535714149475099 5320895.5000000009 12130922.500000002 10052930.500000002 15089427.500000002 0.13680927455425265 0.0025190354790538554 43.500000000000007 0.013957562390714886 0.0040080321487039336
decision_type=2 2 2 10 10 10 8 2 10 2 2 2 10 10 2 2 2 2 10 2 2 2 2 2 2 2 8 2 10 10
left_child=1 2 3 -1 10 6 27 29 11 -4 -3 -9 -8 17 -12 26 21 -14 -18 -20 -13 -17 -23 28 -25 -10 -16 -6 -11 -2
right_child=7 4 9 -5 5 -7 12 8 25 23 14 20 13 -15 15 16 18 -19 19 -21 -22 22 -24 24 -26 -27 -28 -29 -30 -31
leaf_value=0.017833768196383007 0.02814922018310162 0.017833768196383007 0.022679769933258518 0.022679769933258518 -0.012842943795014695 0.017833768196383007 0.015480962980853621 0.022679769933258518 0.028436222619634629 0.017833768196383007 -0.088037143322298339 0.028436222619634629 -0.012842943795014695 0.015480962980853621 -0.020057113054866734 0.015349032886924303 0.0028690013338534739 0.0097224542076785082 0.010742971878107502 0.0066126932014565461 0.022679769933258518 0.010742971878107502 0.015349032886924303 0.017833768196383007 0.021145264315550028 0.038954513621568626 0.015349032886924303 -0.067923710884526381 0.021145264315550028 0.034200459595134097
leaf_weight=50903.61029958725 4413.1053897440434 7753.882273927331 32692.044743731618 16095.365566894412 87.35576131939888 24989.856171421707 9632.3809926435351 10353.897559002042 1943.8343524336815 9979.1854972541332 25.37876757979393 4706.9965018182993 184.0448444634676 2114.534161195159 119.10685942322016 13654.391827456653 4434.8710421621799 21404.742167279124 7586.8976839631796 4087.7441802024841 1637.6532728224993 14210.899239577353 7755.5938324928284 7689.7005098760128 10621.997693255544 2849.5562557280064 22042.913271926343 79.92338914424181 18835.237941607833 8113.0212062001228
leaf_count=109402 5103 13800 42404 27842 383 55715 25110 15654 2811 18435 103 4573 498 5104 767 34398 21051 75121 29580 19230 2662 49002 20246 19094 16772 2511 74591 450 31599 8604
internal_value=0.0189086 0.0178942 0.0204333 0.0178338 0.0152342 0.0174939 0.0131282 0.0274654 0.024777 0.0226798 0.0136154 0.0226798 0.0133925 0.0112261 0.0128643 0.0129013 0.0116664 0.00940409 0.00829576 0.0103564 0.0284362 0.0131902 0.0114987 0.0196108 0.0178338 0.0341927 0.015349 -0.0390783 0.0210891 0.0320734
internal_weight=321000 286982 146817 66999 140165 58492.8 33503 34018.1 21491.9 79818.2 81671.7 16698.5 33335.7 23703.3 73917.8 73892.4 51730.4 21588.8 16109.5 11674.6 6344.65 35620.9 21966.5 47126.1 18311.7 4793.39 22162 167.279 28814.4 12526.1
internal_count=732615 690697 265548 137244 425149 162381 106666 41918 28211 128304 262768 22889 105833 80723 248968 248865 173507 75619 69861 48810 7235 103646 69248 85900 35866 5322 75358 833 50034 13707
is_linear=0
shrinkage=0.05


Tree=34
num_leaves=31
num_cat=0
split_feature=2 9 8 1 9 8 9 4 5 5 8 5 5 4 4 11 5 10 5 5 4 4 0 9 10 9 2 5 4 5
split_gain=1438.84 723.506 523.032 284.565 264.915 224.51 225.644 215.237 200.866 205.715 152.639 104.01 130.763 99.2579 45.0602 62.1197 58.9135 55.5877 58.0104 41.9442 36.0167 31.5103 40.2744 28.1705 28.1073 26.9751 26.5239 23.5243 75.8893 20.8255
threshold=0.018019480630755428 14.535714149475099 1.0000000180025095e-35 20.500000000000004 11.949999809265138 33.500000000000007 21.774999618530277 27670.000000000004 5320895.5000000009 13439690.500000002 23.500000000000004 5320895.5000000009 12130922.500000002 50000.500000000007 80100.000000000015 -0.0050144300330430261 15089427.500000002 -0.053162878379225724 5320895.5000000009 1289243.5000000002 19602.200195312504 39610.000000000007 1.0000000180025095e-35 21.944444656372074 0.2578235417604447 5.0625000000000009 0.1366749703884125 15089427.500000002 170200.00000000003 10052930.500000002
decision_type=2 2 2 2 2 2 2 8 2 2 2 2 2 8 8 2 2 2 2 2 8 10 2 2 2 2 2 2 8 2
left_child=1 2 7 8 -4 14 11 29 26 -10 20 19 -13 -8 -3 16 17 -16 -19 -7 -6 -14 -23 -17 -5 -11 -2 -15 -29 -1
right_child=3 5 4 24 10 6 13 -9 9 25 -12 12 21 27 15 23 -18 18 -20 -21 -22 22 -24 -25 -26 -27 -28 28 -30 -31
leaf_value=0.020792492889738428 0.032321627772210773 0.01558978890987895 0.020792492889738428 0.020792492889738428 0.019040696280974812 0.010407101740469896 0.010407101740469896 0.01558978890987895 0.024626448756963421 0.039027069158621974 0.019040696280974812 0.010407101740469896 0.01558978890987895 0.00553431682500283 -0.086621839556593833 0.014421200158676581 0.0068037782241379538 0.0035469598722641677 -0.030275204339044244 0.01558978890987895 0.01558978890987895 0.010407101740469896 0.013851970245952572 0.012412729583288359 0.024626448756963421 0.031594073124505934 0.037930445970697897 0.0074166307855439238 -0.0096020895289437719 0.018191140899808691
leaf_weight=6655.8769321739674 7812.5973602235317 24948.386380337179 30576.210490107536 9027.4331850558519 2764.6681347340345 345.3156743645668 12994.028487563133 52841.742547810078 12156.219366446137 1678.8178261071444 27498.909649312496 18210.740348480642 6278.3711375147104 10070.725472860038 21.413510456681252 797.1598943322897 241.48746500909328 372.85840258002281 189.81587405502796 22959.459210649133 23759.736643508077 4405.016307272017 2159.9592571407557 19506.752501368523 3152.0776550769806 5048.6183509528637 3023.0500978678465 1555.3439143747091 1127.4726374596357 7191.8280459940434
leaf_count=10020 8100 74724 41659 16138 4465 1397 49455 113538 16141 1333 48719 61971 15258 44831 87 1289 423 797 638 55209 46688 12355 4721 65926 4131 5335 2380 5589 5329 13978
internal_value=0.0171262 0.0158219 0.0181538 0.0257631 0.0207925 0.0130258 0.0114223 0.0155898 0.0284604 0.0253398 0.0172889 0.0132487 0.0113493 0.00756546 0.0155898 0.0132526 -0.000191677 -0.0111003 -0.00792963 0.0155898 0.0155898 0.0155898 0.0121142 0.0137992 0.0207925 0.03346 0.0338931 0.00442616 0.000265349 0.0207925
internal_weight=319372 277473 151289 41898.8 84599.5 126184 80106.4 66689.4 29719.3 18883.7 54023.3 54358.9 31054.1 25747.6 46077.9 21129.5 825.575 584.088 562.674 23304.8 26524.4 12843.3 6564.98 20303.9 12179.5 6727.44 10835.6 12753.5 2682.82 13847.7
internal_count=732624 679066 279067 53558 141531 399999 256115 137536 33289 22809 99872 150911 94305 105204 143884 69160 1945 1522 1435 56606 51153 32334 17076 67215 20269 6668 10480 55749 10918 23998
is_linear=0
shrinkage=0.05


Tree=35
num_leaves=31
num_cat=0
split_feature=10 6 6 7 5 5 3 9 5 9 5 4 5 7 5 8 5 4 9 10 9 0 10 8 8 3 4 6 7 10
split_gain=1217.3 652.732 592.836 522.21 297.366 644.025 520.657 274.402 243.998 237.269 216.362 208.993 159.582 156.514 156.221 172.183 141.78 130.057 122.252 119.302 106.439 104.445 71.4623 68.1139 52.8124 52.2231 49.4195 48.9881 47.7697 47.2027
threshold=0.073747340589761748 3211691.0000000005 7714069.5000000009 0.73922109603881847 5320895.5000000009 12130922.500000002 0.0040080321487039336 5.5357143878936776 1289243.5000000002 10.535714149475099 5320895.5000000009 98200.000000000015 13439690.500000002 0.24999500066041949 10052930.500000002 13.500000000000002 10052930.500000002 181000.00000000003 21.708333015441898 -0.052248043939471238 16.535714149475101 0.07008771970868112 -0.10132575780153273 56.500000000000007 26.500000000000004 0.1956100016832352 71055.500000000015 3211691.0000000005 0.13798908889293673 0.18947415053844455
decision_type=2 8 10 10 2 2 10 2 2 2 2 8 2 8 2 2 2 8 2 2 2 2 2 2 2 10 10 10 10 2
left_child=1 -1 3 4 8 6 14 25 13 -8 29 -10 -12 -3 19 17 -11 -16 -7 21 -13 -6 -17 -22 -21 -2 28 -26 -20 -9
right_child=7 2 -4 -5 5 18 9 10 11 16 12 20 -14 -15 15 22 -18 -19 26 24 23 -23 -24 -25 27 -27 -28 -29 -30 -31
leaf_value=0.019789177850653573 0.030596634381567678 -0.039503083620056896 0.019789177850653573 0.019789177850653573 -0.05378241708205575 0.016411856264703963 0.016411856264703963 0.022608928978504059 0.016411856264703963 0.012828074752839789 0.019789177850653573 0.014256319410537305 0.026649860341848103 0.0031257758900984341 0.0020060541744415048 -0.043321555649346477 0.007603079807682463 -0.0086873302161910911 0.0092972925505087935 0.007603079807682463 0.0099855233589771306 -0.0048179105601461256 0.007603079807682463 -0.001117262958752357 0.007603079807682463 0.04046999039471056 0.0020674833996546286 -0.0027365377629274641 0.014050478199984307 0.02775722272208422
leaf_weight=34345.51237989217 5566.5637939870358 285.38797879964113 9241.4220069646835 18965.330092929304 138.71100111305714 37894.786768011749 5917.6826403588057 4584.3196223378181 51631.118037678301 23280.914915658534 16333.478828698397 17588.493397444487 8498.8399176895618 857.66248748451471 5767.3835998922586 77.335870355367661 17621.129811055958 5605.3853390514851 6612.2860434874892 11540.189282253385 11330.654522396624 353.18364813923836 2931.7693061903119 1572.6988413482904 445.88611553609371 1800.3703798353672 1224.0568299740553 2384.7403712049127 6817.8294977471232 9782.8506997227669
leaf_count=65531 5494 1404 15424 38355 506 73192 9089 6865 113078 71946 26685 32018 10901 2787 16632 221 63997 20299 22425 30762 35974 693 13235 6229 1415 1365 4538 10617 20642 11159
internal_value=0.0166859 0.0154173 0.0144368 0.013771 0.0130345 0.0115269 0.00858568 0.0241611 0.0153629 0.011855 0.0224946 0.0156822 0.0197892 -0.00756788 0.0033512 -0.000363872 0.0102244 -0.00326508 0.0157838 0.00694564 0.0121008 -0.0172389 0.00760308 0.00863232 0.00760308 0.0330199 0.0116891 0.00076182 0.0125656 0.027383
internal_weight=320998 274432 240086 230845 211879 128613 76064.3 46566.4 83266 46819.7 39199.5 82123 24832.3 1143.05 29244.6 14381.9 40902 11372.8 52549 14862.7 30491.8 491.895 3009.11 12903.4 14370.8 7366.93 14654.2 2830.63 13430.1 14367.2
internal_count=733478 671009 605478 590054 551699 360209 239412 62469 191490 145032 55610 187299 37586 4191 94380 50387 135943 36931 120797 43993 74221 1199 13456 42203 42794 6859 47605 12032 43067 18024
is_linear=0
shrinkage=0.05


Tree=36
num_leaves=31
num_cat=0
split_feature=2 6 6 9 3 1 5 11 5 3 7 5 11 9 10 7 11 7 5 8 9 5 9 9 2 3 7 8 5 6
split_gain=1110.41 761.54 606.621 426.267 517.293 224.139 211.545 160.462 153.333 146.173 203.329 90.0776 135.129 69.3104 53.5297 74.895 54.0272 52.4289 51.6514 51.5252 50.2985 47.8247 41.2341 40.1795 38.3953 31.6695 30.8645 28.4993 28.177 27.2387
threshold=0.023392613045871261 3211691.0000000005 7714069.5000000009 13.464285850524904 0.070883929729461684 20.500000000000004 15089427.500000002 -0.01471808413043618 5320895.5000000009 0.017895999364554886 0.4167881458997727 12130922.500000002 -0.11716270074248313 5.9166667461395273 -0.077429052442312227 0.37263815104961401 0.15856517106294635 0.4167881458997727 5320895.5000000009 33.500000000000007 21.44999980926514 5320895.5000000009 16.612500190734867 11.949999809265138 0.0081634009256958979 0.44283500313758856 0.69240385293960582 60.500000000000007 12130922.500000002 1.0000000180025095e-35
decision_type=2 8 10 2 10 2 2 2 2 10 8 2 2 2 2 8 2 10 2 2 2 2 2 2 2 10 10 2 2 10
left_child=1 -1 3 4 6 7 18 29 9 10 22 12 -10 25 15 -14 19 -13 -3 -16 -12 -15 -5 -6 26 -9 -21 -23 -25 -2
right_child=5 2 -4 8 23 -7 -8 13 11 -11 20 17 14 21 16 -17 -18 -19 -20 24 -22 27 -24 28 -26 -27 -28 -29 -30 -31
leaf_value=0.01932105223072805 0.022820918648891977 0.016182295586448653 0.01932105223072805 -0.0079459853423128942 0.01932105223072805 0.01932105223072805 0.016182295586448653 0.032785402449593264 -0.087808749435763153 0.01304353894216926 0.010437270107186654 0.009968373054834348 -0.03992682094522744 0.030735644909263615 0.01037904694321678 -0.0054986604163007316 0.01304353894216926 0.01304353894216926 0.01304353894216926 0.005132552485600103 0.0060696919972139029 0.025983166508941752 -0.03288230293066538 0.016182295586448653 0.01037904694321678 0.045831501296525724 0.0081302369802417045 0.030735644909263615 0.018138937085487618 0.025983166508941752
leaf_weight=35866.224579773843 5136.5073028951883 29400.766891211271 9310.0208350270987 81.495308384299278 15823.150678545237 9198.6341755837202 18547.003224089742 4451.2147439718246 34.884401932358742 37534.329448059201 4963.5433919578791 21457.135827995837 47.226657807826996 5028.9759629666805 12157.90120498091 133.27787461876869 502.42184534668922 8372.5928426533937 32637.986368358135 22666.90416392684 8040.6815972179174 7243.1307909786701 375.6169923171401 16862.51976211369 2343.2598137259483 534.63023212552071 2327.7908050641418 1199.6837718188763 4798.2101912796497 3848.7508136630058
leaf_count=67467 7577 50335 15538 191 22063 14609 30524 3950 142 96960 12301 62842 195 4934 50203 307 779 22177 82525 90112 28253 8692 1924 31807 5777 319 7841 1116 7447 4299
internal_value=0.0157528 0.0146967 0.0136519 0.0130174 0.0151551 0.0239454 0.0130435 0.0263208 0.0109319 0.013018 0.007831 0.00941282 0.00786767 0.0291454 0.00795511 -0.0190754 0.00807804 0.0114952 0.0130435 0.00771455 0.00898435 0.0272691 -0.0248763 0.0193211 0.00650916 0.0342021 0.00588143 0.0259832 0.0169568 0.0228209
internal_weight=320926 284285 248419 239109 118070 36641.5 80585.8 27442.9 121039 50995.7 13461.3 70043.4 40213.7 18457.6 40178.8 180.505 39998.3 29829.7 62038.8 39495.9 13004.2 13471.8 457.112 37483.9 27338 4985.84 24994.7 8442.81 21660.7 8985.26
internal_count=733206 687710 620243 604705 224701 45496 163384 30887 380004 139629 42669 240375 155356 19011 155214 502 154712 85019 132860 153933 40554 14742 2115 61317 103730 4269 97953 9808 39254 11876
is_linear=0
shrinkage=0.05


Tree=37
num_leaves=31
num_cat=0
split_feature=11 5 5 5 1 1 4 1 4 4 8 2 11 6 3 4 3 8 4 3 5 11 5 6 10 8 7 8 10 6
split_gain=919.186 710.734 1289.46 687.395 399.352 354.562 284.847 280.756 262.402 179.759 152.027 139.712 119.949 114.479 112.023 105.716 93.2976 90.5422 83.3106 80.6043 77.9035 68.933 62.3374 56.2254 60.497 71.1589 66.8479 67.1894 55.4335 53.1743
threshold=0.080915343016386046 5320895.5000000009 13439690.500000002 10052930.500000002 21.500000000000004 21.500000000000004 197600.00000000003 21.500000000000004 68040.000000000015 8010.0000000000009 13.500000000000002 0.075853470712900176 -0.053241055458784096 1.0000000180025095e-35 0.07256875187158586 38060.000000000007 0.18441750109195712 112.50000000000001 36009.800781250007 0.0090917046181857603 5320895.5000000009 -0.11958907917141913 15089427.500000002 3211691.0000000005 1.0000000180025095e-35 58.500000000000007 0.083527132868766799 69.500000000000014 0.46912400424480444 7714069.5000000009
decision_type=2 2 2 2 2 2 8 2 8 10 2 2 2 10 10 8 10 2 8 8 2 2 2 8 2 2 10 2 2 8
left_child=1 4 3 7 -1 -4 9 8 -3 -5 -8 20 -12 17 -11 -6 28 22 -19 -17 -2 -9 -7 -21 25 -25 -27 -28 -13 -10
right_child=11 2 5 6 15 13 10 21 29 14 12 16 -14 -15 -16 19 -18 18 -20 23 -22 -23 -24 24 -26 26 27 -29 -30 -31
leaf_value=0.019613736827516992 0.024557913780443603 0.019613736827516992 0.019613736827516992 0.019613736827516992 0.017204140354598232 0.016786505082951715 -0.0085619618354446508 -0.034007790302999191 0.012385367780136916 0.0015395536437186265 -0.028450146187732141 0.024557913780443603 0.0015395536437186265 0.016786505082951715 0.007678711345106848 -0.0084266007001642766 0.034680361604781051 0.016786505082951715 -0.048712696322494475 0.015363801276205437 0.019613736827516992 0.0091164759651716967 0.01053213322714496 0.013073299389387128 0.015363801276205437 0.0026486042907214631 0.0067871951534960312 0.013655051030806093 0.030037655353954581 0.015999552303826953
leaf_weight=57962.660226792097 5110.9608407318592 17430.528405115008 38092.283350557089 2382.3113671988249 15403.538138128817 1397.4162941500545 5965.9418078660965 91.0539830327034 10484.143526762724 11001.345705628395 390.88900604844093 4437.2399616837502 3119.039037451148 16945.959556236863 19791.644854977727 413.22158799320459 3897.7581525146961 41.191142380237579 115.71283090859652 6701.555146202445 8398.862282782793 28711.012188442051 16763.210639335215 28330.091424711049 3144.4821952730417 2278.1594615504146 2063.4589538313448 2837.005093254149 4592.3940731734037 3904.069299519062
leaf_count=89348 6517 29942 58410 4690 36171 3657 21096 248 22855 33680 1032 5447 13808 43309 62429 1827 3534 95 491 15094 13164 99404 47585 79216 5196 7840 6738 7556 4419 7009
internal_value=0.0155466 0.0147479 0.0127346 0.00913374 0.0177326 0.0178036 0.0042702 0.0125553 0.0157929 0.00645391 -0.0033748 0.0244795 0.00153955 0.0139593 0.00542936 0.0147945 0.0281995 0.0112151 -0.0263852 0.0135235 0.0209163 0.00897779 0.0115428 0.0137238 0.0127553 0.0119463 0.00749625 0.0109258 0.0253949 0.0123854
internal_weight=322199 295762 176628 103272 119134 73355.8 42651.2 60620.8 31818.7 33175.3 9475.87 26437.2 3509.93 35263.5 30793 61171.5 12927.4 18317.5 156.904 45768 13509.8 28802.1 18160.6 45354.8 38653.2 35508.7 7178.62 4900.46 9029.63 14388.2
internal_count=731807 698726 449740 296193 248986 153547 136735 159458 59806 100799 35936 33081 14840 95137 96109 159638 13400 51828 586 123467 19681 99652 51242 121640 106546 101350 22134 14294 9866 29864
is_linear=0
shrinkage=0.05


Tree=38
num_leaves=31
num_cat=0
split_feature=9 0 6 7 6 6 10 4 2 9 6 10 7 4 9 4 6 4 10 7 0 4 10 7 10 9 6 6 0 6
split_gain=1094.34 673.579 346.021 343.83 256.163 226.256 206.758 166.273 111.645 60.215 61.9221 85.6809 75.2835 55.9212 41.3788 39.7446 37.0801 29.9392 29.3972 25.3285 24.7845 21.5528 19.5554 18.5107 15.797 13.8473 13.3741 7.5262 7.75598 7.28024
threshold=11.949999809265138 0.091287881135940566 3211691.0000000005 0.62481230497360241 3211691.0000000005 7714069.5000000009 0.16662679612636569 39610.000000000007 0.1366749703884125 16.937500000000004 3211691.0000000005 -0.055219963192939751 0.69240385293960582 54100.000000000007 21.944444656372074 199700.00000000003 3211691.0000000005 inf -0.041742425411939614 0.75033333897590648 1.0000000180025095e-35 83050.000000000015 0.38597455620765692 0.29138357937335974 0.33731061220169073 17.522727012634281 7714069.5000000009 7714069.5000000009 0.45080643892288214 3211691.0000000005
decision_type=2 2 8 10 8 10 2 8 2 2 10 2 8 8 2 8 8 8 2 10 2 10 2 10 2 2 10 8 2 10
left_child=1 2 -1 26 -2 6 7 14 13 15 11 -11 18 23 -6 -9 -10 -12 21 22 -20 25 -18 -3 -15 -13 -4 28 -21 -16
right_child=4 8 3 -5 5 -7 -8 9 16 10 17 12 -14 24 29 -17 19 -19 20 27 -22 -23 -24 -25 -26 -27 -28 -29 -30 -31
leaf_value=0.020567214932398589 0.014977681528513968 0.023134467505038059 0.014977681528513968 0.020567214932398589 0.012634302036156106 0.014977681528513968 0.014977681528513968 0.010892340781719119 0.039593927472595047 -0.077025278679079545 0.0094325389927856825 -0.0013023608576650599 0.0094325389927856825 0.020567214932398589 0.010892340781719119 0.0094325389927856825 0.026585029898550591 0.007326756061246581 0.0053297207503614323 0.035022475667563883 0.007624010603170495 -0.035062305581388328 0.030718797493747774 0.026585029898550591 0.023134467505038059 -0.015018471671595613 0.017772448230456279 0.034057932174357014 0.056707270644458033 0.011763321408937613
leaf_weight=14414.946725010872 22127.942949526012 3742.9489547759295 64084.908654332161 13479.950683236122 31470.330034449697 4737.0741834938526 11608.719232261181 29866.51165805757 932.95733727514744 28.449275746941566 9226.1935582906008 114.65335433185101 4527.7692759856582 6180.5566076934338 17744.246141888201 12418.057006150484 2491.0334644913673 19243.191107459366 28503.528989013284 103.09061799943447 3727.2391387298703 43.042348966002464 3302.427245169878 5726.8357895612717 2958.5185370743275 191.62560327351093 4690.2189900577068 716.09183007478714 93.642434671521187 2793.3904666751623
leaf_count=21755 46516 4460 128729 20580 69539 9166 18172 59913 671 123 23383 273 18752 8050 59670 26768 2647 68608 106244 80 11110 156 2960 6239 3286 575 6583 586 32 7117
internal_value=0.0142727 0.0179799 0.0160506 0.0149777 0.0119754 0.0112654 0.0107989 0.0102909 0.0250839 0.00917107 0.00822207 0.00683223 0.00690067 0.0229879 0.0126136 0.010643 0.0301821 0.00943254 0.00581548 0.0288614 0.00597199 -0.00857671 0.0276164 0.0257017 0.0205672 -0.00372242 0.0149777 0.0366856 0.045811 0.0108923
internal_weight=321290 122918 96670 82255.1 198372 176244 171507 159898 26248.1 107890 65605.7 37136.3 37107.9 18608.9 52008 42284.6 7639.24 28469.4 32580.1 6706.29 32230.8 349.321 5793.46 9469.78 9139.08 306.279 68775.1 912.825 196.733 20537.6
internal_count=732743 206658 177647 155892 526085 479569 470403 452231 29011 315905 229224 137233 137110 22035 136326 86681 6976 91991 118358 6305 117354 1004 5607 10699 11336 848 135312 698 112 66787
is_linear=0
shrinkage=0.05


Tree=39
num_leaves=31
num_cat=0
split_feature=6 0 9 7 6 5 8 5 9 8 5 5 7 4 9 8 4 8 4 8 7 4 4 8 5 6 9 8 1 4
split_gain=919.756 921.326 587.269 337.435 388.452 213.297 376.986 351.822 201.379 196.709 185.015 128.026 116.148 114.795 112.304 117.54 109.297 89.1455 121.197 86.373 86.0047 85.4602 68.1857 61.9269 63.588 52.575 50.6258 49.6223 48.324 47.1088
threshold=7714069.5000000009 1.0000000180025095e-35 9.3452377319335955 0.57604345679283153 1.0000000180025095e-35 10052930.500000002 1.0000000180025095e-35 12130922.500000002 15.436508178710939 34.500000000000007 5320895.5000000009 1289243.5000000002 0.20693664997816089 144100.00000000003 4.9166667461395273 22.500000000000004 198800.00000000003 43.500000000000007 159699.00000000003 33.500000000000007 0.39396969974040991 32820.000000000007 98200.000000000015 112.50000000000001 12130922.500000002 3211691.0000000005 14.767857074737551 107.50000000000001 12.500000000000002 77040.000000000015
decision_type=10 2 2 10 10 2 2 2 2 2 2 2 10 10 2 2 10 2 8 2 8 8 8 2 2 10 2 2 2 10
left_child=1 3 14 4 5 8 7 21 -1 29 22 19 -2 -9 -3 -16 17 -13 -19 25 -21 -7 -4 24 -8 -6 -20 -11 -17 -10
right_child=12 2 10 -5 11 6 23 13 9 27 -12 16 -14 -15 15 28 -18 18 26 20 -22 -23 -24 -25 -26 -27 -28 -29 -30 -31
leaf_value=0.012371256060726435 0.026245782746875165 0.027902207493090886 0.018722889505633788 0.014302696590354623 -0.011056440687297329 0.0017682895150315956 0.0065883507420077623 0.010179637802621898 0.0097991222463471375 0.0014645031155802544 0.014302696590354623 0.012371256060726435 0.041783780645048868 -0.086800803799890192 0.018722889505633788 0.024494089675035222 -0.054158034975768446 0.012371256060726435 0.0081217951541368606 -0.067015432919832502 0.012371256060726435 -0.0096193077464078319 0.014302696590354623 -0.032307951326446739 0.011111146211778533 -0.066009955026873596 0.0020140451353345668 0.0097991222463471375 0.019477478290029458 -0.00088940110835958753
leaf_weight=21173.71383087337 9004.9499518126249 8212.0822532474995 16754.291882678866 33896.982663586736 76.074454784393311 2157.7339605242014 15307.685575291514 4962.3237468749285 11860.200808435678 11243.049879256636 41369.968003243208 70968.660064101219 1394.9255125820637 28.722134962677956 9512.4546602517366 8804.6946143507957 66.790737725794315 8343.5139768794179 625.71549353003502 32.408802665770054 108.48272113502026 6958.4758628904819 8539.6573873385787 89.587845139205456 15813.165108501911 102.76594360917807 7167.833195284009 431.59911219775677 4868.4663117080927 1393.2929414659739
leaf_count=40340 14794 8740 27016 76983 210 5938 59911 9338 34245 45005 82775 154401 1817 116 13134 10007 284 20691 1099 167 412 24725 15095 427 43050 492 28218 1542 6564 4543
internal_value=0.0137111 0.0132217 0.0172317 0.0113737 0.0104398 0.00813729 0.00570091 -0.0010821 0.0105319 0.00722699 0.0145754 0.0123713 0.0283375 0.009587 0.0228704 0.021086 0.0123713 0.0123713 0.00835918 -0.0201391 0.00909384 -0.00692416 0.0186035 0.00876673 0.00888705 -0.0430148 0.00387233 0.00229862 0.0242913 0.00979912
internal_weight=321270 310870 98061.6 212809 178912 91419.6 45317.7 14107.3 46101.9 24928.1 66663.9 87492.2 10399.9 4991.05 31397.7 23185.6 87172.5 87105.7 16137.1 319.732 140.892 9116.21 25293.9 31210.4 31120.9 178.84 7793.55 11674.6 13673.2 13253.5
internal_count=732079 715468 163331 552137 475154 269180 143505 40117 125675 85335 124886 205974 16611 9454 38445 29705 204693 204409 50008 1281 579 30663 42111 103388 102961 702 29317 46547 16571 38788
is_linear=0
shrinkage=0.05


Tree=40
num_leaves=31
num_cat=0
split_feature=2 6 6 5 5 14 5 0 5 3 7 8 10 8 7 8 7 8 10 0 8 0 8 3 11 8 7 3 8 3
split_gain=776.482 659.505 595.09 507.332 719.321 528.949 369.493 284.399 246.116 222.24 183.081 152.933 206.162 143.743 134.445 132.055 250.085 117.454 112.899 98.1051 93.3003 82.8341 117.65 99.8867 81.8193 75.4239 73.9974 70.7092 65.6547 56.5914
threshold=0.073606811463832869 3211691.0000000005 7714069.5000000009 5320895.5000000009 12130922.500000002 1.0000000180025095e-35 1289243.5000000002 0.0082305916585028189 10052930.500000002 0.17396961152553561 0.5004003942012788 1.0000000180025095e-35 -0.049675324931740754 43.500000000000007 0.61116281151771557 92.500000000000014 0.12494444474577905 11.500000000000002 0.38960760831832891 0.0091326101683080214 107.50000000000001 0.022814018651843074 21.500000000000004 0.0090917046181857603 -0.13927432149648664 66.500000000000014 0.37519231438636785 0.097895588725805296 44.500000000000007 0.1545624062418938
decision_type=2 8 10 2 2 2 2 2 2 10 10 2 2 2 10 2 10 2 2 2 2 2 2 10 2 2 10 10 2 10
left_child=1 -1 3 6 5 11 -3 10 13 25 15 -5 -13 21 19 -8 -17 -14 29 -6 -18 22 -7 -24 -15 -10 -27 -26 -20 -2
right_child=18 2 -4 4 14 8 7 -9 9 -11 -12 12 17 24 -16 16 20 -19 28 -21 -22 -23 23 -25 27 26 -28 -29 -30 -31
leaf_value=0.017687907989739907 0.017687907989739907 -0.012174410274622703 0.017687907989739907 -0.0061866968706239464 0.011102450349119762 0.014777523768993807 0.011280497847786938 0.017687907989739907 0.0025524209737734444 0.010955285328367034 0.015082432718255247 -0.015992507112042746 0.017687907989739907 -0.048263448408752227 0.017687907989739907 -0.056294426124119459 -0.023673538938931631 0.0037368577739188922 0.025514904743384356 0.015032563959391194 0.013047957943348424 0.017687907989739907 -0.034182583852648434 0.0082301813173635118 0.00052297662639524077 -0.049474240376210163 0.0024583446006880313 0.0091564637879132695 0.038009891613709913 0.023582669161443706
leaf_weight=37175.246640183032 6293.838015973568 1353.3817351944745 9724.2391898185015 7863.8871441334486 40377.597789265215 9289.8118546307087 56478.029285989702 25521.386117696762 21507.297203496099 10939.109684079885 14780.586475133896 1312.1862159073353 335.16298036277294 63.265586778521538 8805.8723843097687 207.63282638788223 131.68849362432957 10720.035989321768 6527.3183381855488 13228.129194535315 357.61706814169884 5389.07919678092 139.24284560978413 8312.8990490734577 2800.4009926915169 136.90250662714243 135.15301071107388 15495.863824263215 1264.9203945249319 4319.0125127285719
leaf_count=68979 8030 4774 15993 25873 97467 17769 136235 41026 66690 31704 29921 3426 389 173 16681 1008 465 40355 6790 22119 997 8319 718 26030 9602 665 445 43818 990 4850
internal_value=0.0130056 0.0123989 0.0115149 0.0109517 0.0091835 0.00643069 0.0137577 0.014118 0.00838445 0.0051414 0.012477 -0.000735887 0.00273049 0.0109415 0.0133487 0.0110135 -0.010595 0.00495529 0.0229769 0.0123772 0.00894735 0.0135637 0.0118671 0.00752354 0.00763669 0.00222052 -0.0238453 0.00783524 0.0275525 0.0196129
internal_weight=320987 302582 265406 255682 156852 94440.3 98830.3 97476.9 74209 32718.5 71955.6 20231.3 12367.4 41490.6 62411.6 57175 696.938 11055.2 18405.1 53605.7 489.306 23131 17742 8452.14 18359.5 21779.4 272.056 18296.3 7792.24 10612.9
internal_count=732301 711641 642662 626669 412243 275976 214426 209652 205933 99504 168626 70043 44170 106429 136267 138705 2470 40744 20660 119586 1462 52836 44517 26748 53593 67800 1110 53420 7780 12880
is_linear=0
shrinkage=0.05


Tree=41
num_leaves=31
num_cat=0
split_feature=0 6 4 4 9 1 8 9 9 8 8 7 10 6 8 11 7 8 7 11 7 8 4 6 6 8 6 11 8 0
split_gain=781.168 507.722 579.109 310.165 307.3 284.186 239.535 230.639 148.214 120.824 115.192 104.337 102.548 96.5573 86.1509 77.1377 77.872 77.2258 121.299 71.3936 66.421 64.5712 62.4737 60.4672 55.8996 49.6484 54.783 45.9399 37.7556 35.5894
threshold=0.091287881135940566 1.0000000180025095e-35 198800.00000000003 39440.000000000007 7.9444444179534921 21.500000000000004 22.500000000000004 21.585714340209964 16.690475463867191 1.0000000180025095e-35 64.500000000000014 0.62012657523155224 -0.041742425411939614 7714069.5000000009 65.500000000000014 -0.10753119364380835 0.13798908889293673 1.0000000180025095e-35 0.55564939975738536 0.34924985468387609 0.55564939975738536 44.500000000000007 120200.00000000001 7714069.5000000009 3211691.0000000005 43.500000000000007 3211691.0000000005 -0.026495215483009812 21.500000000000004 0.0082305916585028189
decision_type=2 10 8 8 2 2 2 2 2 2 2 10 2 10 2 2 10 2 8 2 8 2 10 10 10 2 10 2 2 2
left_child=1 3 -3 5 21 11 15 9 -8 13 23 -1 -10 24 -14 16 -5 -17 28 -6 22 27 29 25 -4 26 -9 -2 -19 -16
right_child=4 2 7 6 19 -7 8 10 12 -11 -12 -13 14 -15 20 17 -18 18 -20 -21 -22 -23 -24 -25 -26 -27 -28 -29 -30 -31
leaf_value=0.01237360195827291 0.02010509268116395 0.015282640341365212 0.012965626261573241 -0.033881378188454839 0.015282640341365212 0.009660247066395386 0.009660247066395386 0.0092339281484261019 -0.034987502488531268 0.012965626261573241 -0.012828688222523324 0.015282640341365212 0.0078038809595992117 0.012965626261573241 -0.0014491758489565177 0.0020915907359008151 -0.0030158546556203307 0.0068445806452083731 0.009660247066395386 0.02010509268116395 0.0078038809595992117 0.031524687110014805 -0.014403757579421944 0.0092339281484261019 0.0092339281484261019 0.00080446410304505086 0.0046757999574157383 0.025430671571734589 0.0020775323005731397 0.0039875217982333145
leaf_weight=21948.985427230597 3381.3625195622444 44405.344588294625 9094.7386990487576 254.09155711531639 17247.529807448387 33369.703937135637 24011.523579850793 4858.7294941991568 150.17518644034863 33649.08876657486 761.4127834290266 13885.496233671904 17706.263110790402 3500.9944216012955 4880.0451925881207 15689.748417258263 558.64248755574226 5948.871367752552 6053.0423568040133 2682.3953977227211 1276.4312824085355 2950.6858396828175 392.34972079098225 1511.2463302314281 15818.98883536458 4260.0922089144588 10681.122607961297 7807.4624674320221 9570.7165011465549 2487.5771996602416
leaf_count=42202 4240 83767 15918 649 24601 98787 45890 12631 546 65560 4247 21707 61824 5448 20928 41948 991 12254 18726 2922 4791 2719 1877 3639 32883 17438 36564 8052 31776 7396
internal_value=0.012129 0.0112783 0.0136125 0.00938137 0.019287 0.011892 0.00742848 0.0106486 0.00966025 0.0122099 0.006258 0.015087 0.00594751 0.00951758 0.00617999 0.00442848 -0.0107927 0.00476104 0.00670215 0.0152843 0.00217844 0.0249259 0.000171163 0.00694108 0.00923393 0.00558688 0.00689765 0.0231803 0.00402891 0.0012483
internal_weight=320795 286725 128542 158184 34069.4 69204.2 88979.5 84136.4 50904.4 62063.8 22072.6 35834.5 26892.8 28414.7 26742.7 38075.1 812.734 37262.4 21572.6 19929.9 9036.4 14139.5 7759.97 21311.2 24913.7 19799.9 15539.9 11188.8 15519.6 7367.62
internal_count=732921 690387 278095 412292 42534 162696 249596 194328 143252 119809 74519 63909 97362 54249 96816 106344 1640 104704 62756 27523 34992 15011 30201 70272 48801 66633 49195 12292 44030 28324
is_linear=0
shrinkage=0.05


Tree=42
num_leaves=31
num_cat=0
split_feature=6 0 9 8 9 4 6 5 5 8 5 3 3 2 5 5 8 3 7 7 7 5 5 8 8 8 5 7 8 5
split_gain=818.843 786.642 485.198 323.913 232.246 222.795 272.728 160.167 198.052 236.271 143.794 142.584 110.219 110.116 108.158 152.839 106.519 98.5542 112.604 91.6415 87.6986 77.8146 62.4428 54.5623 51.1776 42.0701 40.1566 96.787 41.2279 89.9028
threshold=7714069.5000000009 0.0082305916585028189 10.775000095367433 43.500000000000007 15.436508178710939 37830.000000000007 1.0000000180025095e-35 10052930.500000002 13439690.500000002 12.500000000000002 5320895.5000000009 0.0058937692083418378 0.07256875187158586 0.16100230067968371 12130922.500000002 5320895.5000000009 12.500000000000002 0.032394221052527435 0.28581193089485174 0.32859666645526892 0.055568549782037742 1289243.5000000002 5320895.5000000009 33.500000000000007 34.500000000000007 7.5000000000000009 16151869.500000002 0.45011143386363989 26.500000000000004 15089427.500000002
decision_type=10 2 2 2 2 8 10 2 2 2 2 8 10 2 2 2 2 8 10 10 8 2 2 2 2 2 2 8 2 2
left_child=1 3 13 5 -5 -1 7 11 9 12 -4 16 25 14 15 -3 22 18 -6 -2 -11 23 -7 -8 -15 -9 28 -28 -10 -30
right_child=19 2 10 4 17 6 21 8 26 20 -12 -13 -14 24 -16 -17 -18 -19 -20 -21 -22 -23 -24 -25 -26 -27 27 -29 29 -31
leaf_value=0.012534783172784798 0.024166203397052079 0.021757567043107683 0.01603180534285268 0.012534783172784798 -0.040022666200176693 0.0068582451982715066 -0.035326234980887369 -0.0041652915322830768 0.011048606336282414 -0.010071585206485855 0.012534783172784798 0.011048606336282414 0.011048606336282414 0.022198718863833428 0.022198718863833428 0.01603180534285268 -0.038271910736308729 0.004857332216767222 -0.0046474934949890636 0.039408257807950146 0.010558673121616695 0.011048606336282414 -0.0039817534316331322 0.011048606336282414 0.031599797959172365 -0.012887757473396756 -0.051792767411204366 0.006595520488630666 -0.044364383010659147 0.0058240638150197132
leaf_weight=51162.196530342102 9256.4745948314667 12172.244663447142 22147.55505938828 9886.926047950983 273.10814857110381 3740.2612955123186 162.85389091074467 7496.016605719924 7126.518051430583 570.68097307533026 35841.254531420767 16281.800920069218 753.30978019535542 3337.2884038090706 7772.7684790343046 13773.358521938324 152.55734559893608 38445.689761929214 419.13368634879589 1108.9004469066858 5158.5925697982311 67074.334554880857 1760.5012460649014 45.478759974241257 2369.8810385614634 1694.2059903740883 86.486893773078918 357.00336903333664 93.076074093580246 1450.4639242440462
leaf_count=109897 15120 14620 37826 21145 1725 7391 657 25577 15648 2438 74310 39941 1802 3458 9248 21235 836 141094 1938 1435 21408 147269 4340 121 2008 5173 303 805 344 3802
internal_value=0.0119794 0.0115193 0.0152446 0.00982494 0.00625559 0.0108843 0.00956243 0.0065779 0.00382344 0.000414967 0.0125348 0.00968977 -0.00424479 0.0195288 0.0184391 0.0168296 0.00266788 0.0045204 -0.0141523 0.0258041 0.00850094 0.0110486 0.0038168 -0.0211372 0.0259583 -0.00577572 0.00968371 -0.00497243 0.0104344 0.00274419
internal_weight=321971 311606 97414.4 214191 49024.9 165166 114004 46721.5 24786.4 15672.8 57988.8 21935.1 9943.53 39425.5 33718.4 25945.6 5653.32 39137.9 692.242 10365.4 5729.27 67282.7 5500.76 208.333 5707.17 9190.22 9113.55 443.49 8670.06 1543.54
internal_count=732914 716359 162705 553654 165902 387752 277855 129808 77300 56398 112136 52508 32552 50569 45103 35855 12567 144757 3663 16555 23846 148047 11731 778 5466 30750 20902 1108 19794 4146
is_linear=0
shrinkage=0.05


Tree=43
num_leaves=31
num_cat=0
split_feature=1 8 8 9 5 5 5 8 11 11 11 6 7 3 7 3 6 9 0 8 9 9 6 6 9 8 11 3 3 8
split_gain=769.212 713.766 1024.31 496.222 174.362 187.673 162.117 158.768 275.743 150.773 142.687 99.9005 91.0083 76.6187 76.5649 75.1967 128.628 71.8515 70.6948 88.0784 66.3094 62.6801 60.7848 56.351 105.788 103.483 65.7745 47.3208 46.2076 43.0554
threshold=21.500000000000004 1.0000000180025095e-35 11.500000000000002 10.949999809265138 5320895.5000000009 12130922.500000002 1289243.5000000002 12.500000000000002 -0.013320707250386475 -0.051857864484190934 -0.11716270074248313 3211691.0000000005 0.2942016869783402 0.0058937692083418378 0.82505142688751232 0.013957562390714886 1.0000000180025095e-35 5.0625000000000009 0.0082305916585028189 36.500000000000007 15.436508178710939 11.683333396911623 7714069.5000000009 1.0000000180025095e-35 17.612500190734867 70.500000000000014 -0.0021793566411361094 0.14162807911634448 0.07426562532782556 22.500000000000004
decision_type=2 2 2 2 2 2 2 2 2 2 2 8 8 8 10 10 10 2 2 2 2 2 8 10 2 2 2 10 8 2
left_child=1 14 12 9 6 10 28 -5 -9 29 -6 27 -3 -7 -1 22 21 -13 19 -8 -21 -17 -12 24 -15 26 -26 -11 -2 -4
right_child=4 2 3 7 5 13 18 8 -10 11 15 17 -14 23 -16 16 -18 -19 -20 20 -22 -23 -24 -25 25 -27 -28 -29 -30 -31
leaf_value=0.011039209702241932 -0.045622391770731074 0.015570046290803059 0.015877622041301127 0.011039209702241932 -0.048844214126817283 -0.021204324540620503 0.010077333571472936 0.011039209702241932 0.015877622041301127 0.027364223235258146 -0.0019600650080708383 0.026067432174760086 0.042469427886797376 0.011039209702241932 0.02140498259892383 0.011039209702241932 0.011039209702241932 0.019167404085569831 0.011039209702241932 0.010077333571472936 0.0051576582654469117 0.0043694102314914499 0.0037878923873263144 0.011039209702241932 -0.0056276184529732475 -0.0056276184529732475 0.0073417097636588567 0.042825928503799203 -0.0068996544312571462 0.019039917916020208
leaf_weight=62941.884703844786 83.352846685796976 345.24835070967674 9461.3441040962934 23825.587711066008 120.21956995129585 196.59881652891636 26873.707079321146 12234.312113255262 21516.886410906911 2205.3615581840277 6375.9395291283727 5056.7456520199776 3908.0376609265804 7870.9975001513958 3809.3298378288746 1010.2227569371462 7250.8531516343355 15129.123709753156 15106.228201135993 3678.3490587621927 17810.634504694492 31503.54803262651 3534.5503637269139 17750.103945091367 506.78338222205639 1048.0049019753933 10566.81590013206 649.18094277381897 805.25217219442129 7644.9488888680935
leaf_count=131337 512 507 14054 46282 364 1014 68559 22092 33451 2325 25796 5070 3445 16522 5544 1514 18125 19343 27215 7367 57031 112897 15682 44164 1471 3887 32429 499 3279 10103
internal_value=0.0111664 0.0134909 0.0162781 0.015232 0.00858748 0.00713718 0.0105643 0.012256 0.0148197 0.0194992 0.0051183 0.022141 0.0402943 0.00978654 0.0110392 0.00525085 0.006222 0.0208983 0.0108613 0.00911546 0.00656485 0.00485234 0.00135379 0.00994909 0.00798941 0.00494212 0.00644113 0.0309081 -0.0106262 0.0159388
internal_weight=320820 168728 101977 97723.5 152092 87734.6 64357.5 57576.8 33751.2 40146.7 49795.3 23040.4 4253.29 37939.3 66751.2 49675.1 39764.6 20185.9 63468.9 48362.7 21489 32513.8 9910.49 37742.7 19992.6 12121.6 11073.6 2854.54 888.605 17106.3
internal_count=731880 294052 157171 153219 437828 273865 163963 101825 55543 51394 174378 27237 3952 99487 136881 174014 132536 24413 160172 132957 64398 114411 41478 98473 54309 37787 33900 2824 3791 24157
is_linear=0
shrinkage=0.05


Tree=44
num_leaves=31
num_cat=0
split_feature=0 5 5 5 3 9 5 9 9 9 8 4 8 6 11 11 9 9 5 8 8 4 4 7 9 6 6 0 11 7
split_gain=702.038 505.518 799.396 371.518 327.539 273.398 245.094 223.685 220.667 190.583 150.104 129.117 110.206 107.478 102.674 99.2658 87.4501 87.0788 72.6929 71.742 68.502 72.5353 68.4888 66.4246 66.2692 66.2657 59.2085 65.3482 96.905 58.6562
threshold=0.091287881135940566 5320895.5000000009 12130922.500000002 1289243.5000000002 0.013957562390714886 9.5277776718139666 10052930.500000002 16.535714149475101 9.7750000953674334 16.937500000000004 51.500000000000007 197900.00000000003 23.500000000000004 1.0000000180025095e-35 -0.044408369809389107 -0.052015691995620721 5.0625000000000009 13.887499809265138 10052930.500000002 78.500000000000014 77.500000000000014 58060.000000000007 77040.000000000015 0.43341544270515447 11.045454502105715 1.0000000180025095e-35 1.0000000180025095e-35 0.017316341400146488 -0.013320707250386475 0.12494444474577905
decision_type=2 2 2 2 10 2 2 2 2 2 2 8 2 10 2 2 2 2 2 2 2 8 8 10 2 10 10 2 2 10
left_child=1 3 4 20 6 16 14 -5 -6 -4 22 25 15 17 -3 -8 -2 18 -10 -13 24 -22 -9 -17 -1 -12 27 28 -11 -27
right_child=5 2 9 7 8 -7 12 10 13 26 11 19 -14 -15 -16 23 -18 -19 -20 -21 21 -23 -24 -25 -26 29 -28 -29 -30 -31
leaf_value=0.00090977391012183695 0.025513312803722307 -0.0075767131106581689 0.013603963583455496 0.013603963583455496 0.013603963583455496 0.013603963583455496 -0.043691130464260639 0.01179502527111289 0.010030666101376968 -0.028918731866185932 0.0045737700919891234 -0.0024714364719316349 0.0046004216454562643 0.010030666101376968 0.0046004216454562643 -0.006194029699298555 0.018645121741925501 0.0046004216454562643 0.0066729216736102787 -0.028203655453318634 0.013603963583455496 -0.068466803590147618 0.0086767172308567977 0.0015261004569092885 -0.023985839878079146 8.4150779974606629e-05 0.011245113376108382 0.011277275948890789 0.005999641590715853 0.01179502527111289
leaf_weight=378.05761843919754 7721.5147816240788 1742.7853333503008 42679.033404171467 63814.020740956068 5436.3019209504128 14241.968164801598 158.67851775884628 20576.648100413382 7057.0148914903402 199.58412131667137 7133.1454798057675 1496.9956909716129 1746.9705040454865 9542.4929367080331 22295.622787982225 10620.558271057904 11708.466203078628 29499.288586474955 7123.4359360486269 328.83857952058315 109.75140452384949 26.189159765839577 17961.819824546576 3775.9876848608255 909.27498535811901 684.17514622956514 14574.576949894428 1386.1516721844673 14088.155856192112 2382.4320840984583
leaf_count=744 7862 3962 70332 104279 8254 20747 457 50618 12954 694 22378 5087 6472 22341 60361 38312 13882 109292 16516 1451 225 154 50822 9379 3953 1781 38722 2815 43193 5013
internal_value=0.0105882 0.00978862 0.00806841 0.0123424 0.00514201 0.0174193 0.00167388 0.0126583 0.00752697 0.0120408 0.00998609 0.00510801 -0.00306614 0.00645737 0.00460042 -0.00460603 0.0213769 0.00537088 0.00874542 -0.00713168 -0.0130321 0.013604 0.0115079 -0.00416923 -0.0166845 0.00729998 0.00895059 0.00681583 0.00550789 0.011795
internal_weight=321400 287728 171927 115801 98999.1 33671.9 40340.6 114378 58658.5 72927.5 50564.1 12025.6 16302.2 53222.2 24038.4 14555.2 19430 43679.7 14180.5 1825.83 1423.27 135.941 38538.5 14396.5 1287.33 10199.8 30248.5 15673.9 14287.7 3066.61
internal_count=733052 690561 444056 246505 288300 42491 118943 241429 169357 155756 137150 35710 54620 161103 64323 48148 21744 138762 29470 6538 5076 379 101440 47691 4697 29172 85424 46702 43887 6794
is_linear=0
shrinkage=0.05


Tree=45
num_leaves=31
num_cat=0
split_feature=6 6 7 5 5 4 3 0 1 0 5 1 7 8 10 5 7 0 5 8 4 4 4 10 3 3 5 8 8 7
split_gain=558.809 613.263 522.362 448.344 536.599 342.834 316.047 208.124 195.589 180.283 155.673 200.474 136.562 124.979 147.225 123.291 177.346 117.764 113.504 99.7582 97.6008 87.2772 85.0023 82.8193 73.1353 68.3274 93.7826 56.3676 62.7929 56.2604
threshold=3211691.0000000005 7714069.5000000009 0.7334517538547517 5320895.5000000009 13439690.500000002 199700.00000000003 0.080046590417623534 0.0091326101683080214 21.500000000000004 0.032362798228859908 10052930.500000002 21.500000000000004 0.92505285143852245 23.500000000000004 -0.052248043939471238 1289243.5000000002 0.24999500066041949 0.019704911857843403 5320895.5000000009 31.500000000000004 198800.00000000003 57987.701171875007 57650.000000000007 0.16662679612636569 0.20257303118705752 0.044101111590862281 5320895.5000000009 96.500000000000014 109.50000000000001 0.81675708293914806
decision_type=8 10 10 2 2 8 10 2 2 2 2 2 10 2 2 2 8 2 2 2 10 10 8 2 10 8 2 2 2 10
left_child=6 2 3 9 5 10 17 21 12 15 11 -5 18 -7 -15 16 -2 19 -4 -1 22 -6 -17 -13 -12 26 -21 -23 -29 -3
right_child=1 29 8 4 7 13 -8 -9 -10 -11 24 23 -14 14 -16 20 -18 -19 -20 25 -22 27 -24 -25 -26 -27 -28 28 -30 -31
leaf_value=0.013622248759718993 -0.045924592141963705 0.021093219830795956 0.025117787155622087 0.011916169068832007 0.0092304539200837744 -0.0037342358820771993 0.025386318338537835 0.012341169320546616 0.012341169320546616 0.012341169320546616 0.0024982132008373628 0.0033498931927160649 0.032142858758667389 -0.033293020741209364 0.0024982132008373628 0.010916523889646146 0.0039246897324714293 0.019356344622909707 0.016249444326426745 -0.083060653564385162 -0.029421745498247671 0.0039989220893647988 0.0082066100589420557 0.0083460429580472471 0.0076222376444105835 0.0065597012860249054 -0.010759484168420916 -0.073661448976707733 -0.0070076953895233697 0.050725446598887093
leaf_weight=20235.316051840782 234.20200268179178 9978.0086561888456 3918.6910209804773 18612.602672040462 34357.055181227624 15288.809919349849 7141.2771048992872 17065.60974663496 8994.4464671611786 21424.163484737277 23826.031288273633 18941.199988923967 2029.760037124157 313.30476380884647 6769.8533468618989 32695.939354665577 728.26141205430031 7260.7954851686954 7891.0271966457367 51.337977886199951 157.02739449217916 7415.5488321557641 41411.416335217655 1900.0169230401516 8054.0142776221037 4441.1931953206658 93.798271276056767 45.077077999711037 143.71146761626005 161.89019918441772
leaf_count=38219 1284 16446 4828 32559 80387 50903 10994 26510 23503 29897 72123 63364 2301 923 22242 71424 2546 10042 12605 221 634 19598 101169 2925 22754 11527 267 207 545 131
internal_value=0.0102802 0.00950326 0.0090534 0.00839051 0.00670388 0.00435155 0.0158726 0.0104379 0.0162918 0.0110556 0.00604519 0.00814481 0.0201577 -0.00104877 0.00249821 0.00949188 -0.00827551 0.0137535 0.0180927 0.0121131 0.00972236 0.00815766 0.00980609 0.00477592 0.00344642 0.00545179 -0.0280787 0.00330952 -0.023528 0.0215762
internal_weight=321581 282358 272218 249384 152733 93705.8 39223.7 59027 22833.9 96651 71333.9 39453.8 13839.5 22372 7083.16 75226.8 962.463 32082.4 11809.7 24821.6 74264.4 41961.4 74107.4 20841.2 31880 4586.33 145.136 7604.34 188.789 10139.9
internal_count=733078 661808 645231 601994 395040 267793 71270 127247 43237 206954 193725 98848 19734 74068 23165 177057 3830 60276 17433 50234 173227 100737 172593 66289 94877 12015 488 20350 752 16577
is_linear=0
shrinkage=0.05


Tree=46
num_leaves=31
num_cat=0
split_feature=2 5 5 5 5 9 3 9 1 14 9 10 4 10 7 7 3 9 11 5 5 5 4 0 7 9 9 2 0 11
split_gain=575.785 287.26 776.213 295.342 270.219 231.443 229.655 222.292 183.204 179.35 269.012 153.168 116.319 107.749 68.9416 65.3384 63.829 58.3745 78.589 58.2673 54.8997 68.1174 51.5575 47.7812 46.1673 58.9649 45.9039 44.3921 43.9597 121.984
threshold=0.027460098266601566 5320895.5000000009 12130922.500000002 10052930.500000002 1289243.5000000002 16.535714149475101 0.07336157932877542 13.690476417541506 12.500000000000002 1.0000000180025095e-35 12.22499990463257 -0.071969699114561067 38060.000000000007 -0.049675324931740754 0.76583588123321544 0.24999500066041949 0.34456743299961096 19.612500190734867 -0.0065186487045139066 13439690.500000002 5320895.5000000009 13439690.500000002 197900.00000000003 0.009828069247305395 0.56671175360679638 12.775000095367433 11.045454502105715 0.0082305916585028189 0.07008771970868112 -0.054600955918431275
decision_type=2 2 2 2 2 2 10 2 2 2 2 2 8 2 10 10 8 2 2 2 2 2 10 2 10 2 2 2 2 2
left_child=1 4 3 9 15 -6 -5 -4 14 13 -11 24 -7 28 20 16 26 -13 -19 -10 -2 -22 23 -14 25 -12 -1 -15 29 -3
right_child=8 2 7 6 5 12 -8 -9 19 10 11 17 22 27 -16 -17 -18 18 -20 -21 21 -23 -24 -25 -26 -27 -28 -29 -30 -31
leaf_value=-0.025903703387747432 0.022416294122591843 -0.096324359750867866 0.012445132375941881 -0.0022895431745354696 0.012445132375941881 0.010496144070371928 0.0053436587871250954 0.0083207658696276988 0.012445132375941881 0.012445132375941881 -0.043312117688237395 0.0075062092713977391 0.0060852121355242234 0.0033601841387932993 0.029406562213563133 -0.00093754211991597101 -0.011695485653792364 -0.020261239742036873 0.0032088169920872645 0.015953819737875012 0.015953819737875012 0.022914795579455846 -0.026532911320017283 0.0086972205883965106 -0.020261239742036873 -0.095795988931107787 -0.05529218173001043 0.012445132375941881 -0.0038268659075635456 -0.013975782652486952
leaf_weight=88.443904310464859 5669.4094507843256 45.980393096804619 37616.493744820356 20152.362064965069 64106.606458827853 12816.367282904685 19278.29683174938 35898.706964068115 12628.28549349308 18445.583414971828 25.852799192070961 14033.6299790591 33129.5653417781 16017.667319223285 1588.5777436345816 774.82258475571871 357.32695511355996 300.61851038038731 8528.8405389562249 3560.2284562587738 6667.9918931573629 3543.5091982185841 113.05628470703959 3897.6799239963293 45.134028524160385 72.172318950295448 200.40908912569284 471.37602493166924 427.95205417275429 742.98880806565285
leaf_count=186 5962 191 59543 68315 105126 30627 60852 96301 19729 32572 42 37900 96192 46786 1452 2306 1344 1208 34572 4605 8861 3736 543 8496 90 298 1222 888 770 1965
internal_value=0.0097134 0.00898911 0.00769445 0.00479467 0.0109184 0.0111883 0.00144254 0.011583 0.0159012 0.00702886 0.00882812 0.00517777 0.00854716 0.00281606 0.0194625 -0.0107394 -0.0224534 0.00550237 0.00231648 0.0124451 0.0184642 0.0162661 0.0068983 0.0070018 -0.0460249 -0.066363 -0.0401119 0.00387609 -0.0115298 -0.0190064
internal_weight=321246 287588 172104 98588.5 115484 114063 39430.7 73515.2 33658 59157.8 41451.8 23006.2 49956.7 17706 17469.5 1421 646.18 22863.1 8829.46 16188.5 15880.9 10211.5 37140.3 37027.2 143.159 98.0251 288.853 16489 1216.92 788.969
internal_count=732680 688335 442293 286449 246042 240984 129167 155844 44345 157282 106682 74110 135858 50600 20011 5058 2752 73680 35780 24334 18559 12597 105231 104688 430 340 1408 47674 2926 2156
is_linear=0
shrinkage=0.05


Tree=47
num_leaves=31
num_cat=0
split_feature=10 5 5 5 9 9 3 5 3 8 9 8 2 3 11 3 11 10 8 5 9 3 8 7 8 8 7 9 9 8
split_gain=531.771 316.108 653.358 410.245 221.722 198.553 194.296 144.108 141.694 140.304 126.615 95.1744 93.0158 88.0448 70.0742 69.1618 56.525 54.5878 54.1321 54.1155 56.3052 46.8968 46.6278 106.515 67.5102 45.6843 62.041 41.5321 39.3271 38.5568
threshold=0.16314934939146045 5320895.5000000009 12130922.500000002 10052930.500000002 16.535714149475101 12.354166507720949 1.0000000180025095e-35 5320895.5000000009 0.23690199851989749 1.5000000000000002 13.690476417541506 33.500000000000007 0.087228260934352889 0.0040080321487039336 -0.026605338789522644 0.075872998684644713 -0.053241055458784096 0.46431924402713781 33.500000000000007 13439690.500000002 10.535714149475099 0.20257303118705752 89.500000000000014 0.010600838810205461 100.50000000000001 44.500000000000007 0.17313640564680102 18.414285659790043 17.612500190734867 27.500000000000004
decision_type=2 2 2 2 2 2 10 2 10 2 2 2 2 8 2 8 2 2 2 2 2 10 2 10 2 2 10 2 2 2
left_child=1 4 3 5 -1 9 16 17 19 -3 -4 -6 -10 28 15 -15 -5 -2 -16 -9 -21 -8 -13 24 -24 26 -23 -17 -7 -12
right_child=7 2 10 6 11 13 21 8 12 -11 29 22 -14 14 18 27 -18 -19 -20 20 -22 25 23 -25 -26 -27 -28 -29 -30 -31
leaf_value=0.012324981309295045 0.018129030924375896 0.0075750783108582565 0.012324981309295045 -0.027422035925641897 0.010384073909483888 -0.016340126034894823 0.0022843256707386038 0.012324981309295045 0.016812549450470542 0.012324981309295045 0.010637682200845154 0.0060210816163494309 0.029279850063273022 -0.016340126034894823 0.0075750783108582565 0.0018037315676814728 -0.0028144011680432822 0.026006654745117198 0.0041100926446689104 0.016812549450470542 0.012324981309295045 0.0045994956835862426 -0.0067628856295518973 0.010384073909483888 -0.048479989268430751 0.0045994956835862426 0.012324981309295045 -0.0079316664488845254 -0.060054181239387244 0.0076379848872018185
leaf_weight=65497.097145825624 9025.1675921082497 12079.338148877025 37245.526712179184 234.87746514379978 20376.299456372857 42.164532020688057 15448.476070143282 10131.180287122726 2490.6403230726719 18153.836329415441 13875.083908677101 28691.932743851095 2091.6572995781898 297.12167613208294 7571.9182636365294 2716.2213367074728 15902.308365829289 2928.0766154527664 18864.825488857925 3477.9498937577009 2576.6859588027 790.43868696689606 140.67085707187653 1419.8403490632772 143.35497045889497 3682.6034456044436 3992.4201403707266 188.62209329009056 78.651687011122704 22127.07567255199
leaf_count=107250 11490 25749 59502 625 52560 159 51508 16115 3707 31076 36377 81800 1969 853 26889 6253 53573 2863 65361 3555 4017 2653 425 3433 705 11370 10662 708 557 59357
internal_value=0.00964542 0.00896255 0.00760916 0.00498201 0.0109795 0.00759804 0.00106326 0.0156874 0.0131674 0.0104519 0.0111972 0.00844317 0.0213001 0.00469828 0.00487303 -0.00211164 -0.00317592 0.0200628 0.0057191 0.012325 0.0168125 0.00392389 0.00662551 0.0103841 -0.0239098 0.00691467 0.0103756 0.000476793 -0.0375533 0.00895038
internal_weight=322282 289561 173292 100044 116269 59992.7 40051.1 32721.4 20768.1 30233.2 73247.7 50772.1 4582.3 29759.5 29638.7 3201.97 16137.2 11953.2 26436.7 16185.8 6054.64 23913.9 30395.8 1703.87 284.026 8465.46 4782.86 2904.84 120.816 36002.2
internal_count=733121 689405 443232 287996 246173 157605 130391 43716 29363 56825 155236 138923 5676 100780 100064 7814 54198 14353 92250 23687 7572 76193 86363 4563 1130 24685 13315 6961 716 95734
is_linear=0
shrinkage=0.05


Tree=48
num_leaves=31
num_cat=0
split_feature=2 6 6 4 8 5 9 5 5 5 3 4 11 6 10 9 3 8 0 5 11 4 4 5 10 5 7 8 4 5
split_gain=598.34 390.034 415.905 309.344 285.997 204.997 175.483 147.301 312.595 134.293 109.866 213.218 107.707 103.334 90.007 83.1667 81.1198 75.3093 119.049 69.6145 62.4289 62.2795 62.2248 59.5717 61.4952 59.4787 59.0427 57.5458 41.8432 40.3322
threshold=0.075853470712900176 3211691.0000000005 7714069.5000000009 38060.000000000007 1.0000000180025095e-35 5320895.5000000009 12.354166507720949 5320895.5000000009 13439690.500000002 10052930.500000002 0.0090917046181857603 56050.000000000007 -0.035392384976148598 3211691.0000000005 0.38960760831832891 20.774999618530277 0.013957562390714886 23.500000000000004 0.030060240998864177 15089427.500000002 0.10690362006425859 57650.000000000007 36820.000000000007 12130922.500000002 0.33731061220169073 5320895.5000000009 0.26010203361511236 42.500000000000007 130100.00000000001 1289243.5000000002
decision_type=2 8 10 8 2 2 2 2 2 2 10 10 2 10 2 2 8 2 2 2 2 10 8 2 2 2 10 2 8 2
left_child=1 15 3 5 7 17 -6 29 -9 14 11 12 19 20 22 -1 -17 -3 -19 27 -7 -10 -2 -11 -25 -13 -15 -8 -18 -5
right_child=9 2 -4 4 6 13 10 8 21 23 -12 25 -14 26 -16 16 28 18 -20 -21 -22 -23 -24 24 -26 -27 -28 -29 -30 -31
leaf_value=0.013314859030552401 0.021893490330653152 0.013314859030552401 0.013314859030552401 -0.028644789884087387 0.0080421674334130756 0.0080421674334130756 -0.017154514833920425 -0.0054570612463065316 0.0080421674334130756 0.013314859030552401 0.0068312078212437698 -0.019770449985415748 0.0044887612720730758 0.0080421674334130756 0.026363899468867719 -0.066543500665567662 0.010795224255767101 0.0080421674334130756 0.013314859030552401 -0.0010111158546282581 0.013314859030552401 -0.0043783443965624376 0.013748090852120127 0.013314859030552401 0.024968736622660023 -0.064570189585546403 0.013314859030552401 -0.0033888750954228428 0.006080101721287424 0.0066099170338869478
leaf_weight=28815.933529630303 2219.8039686083794 15664.878685556352 9649.5049234330654 79.727196305990219 44845.385193318129 47201.134340390563 872.77119952440262 12646.42904959619 7420.4150887876749 2098.9367803931236 63522.54155895859 187.067433077842 27372.216861672699 2207.3673845604062 4967.7181772887707 34.09475152939558 1690.2227796167135 9644.1577767580748 3561.0831751823425 589.01654550433159 1868.3882459253073 1074.6756026297808 4330.8183554708958 1451.5263336896896 2330.437899902463 123.72327692806721 5797.9086300730705 958.84797382354736 6478.0445150285959 12375.981656372547
leaf_count=47407 2338 26958 16011 232 76225 117039 2301 38767 13440 3423 182455 911 93106 4731 4843 176 3812 23441 4899 1039 2605 2238 5544 1880 2329 858 10724 2338 17676 23354
internal_value=0.00906337 0.00854826 0.00788283 0.00742914 0.00620543 0.00987891 0.00720951 0.00206692 -0.000474359 0.0180815 0.0056521 0.00316375 0.00359467 0.00814162 0.0212831 0.0133149 0.00827559 0.0133126 0.00953568 -0.00651099 0.00804217 0.0069428 0.0174231 0.0133149 0.0198717 -0.0379037 0.0133149 -0.0126249 0.0086041 0.00637969
internal_weight=322081 304682 267663 258014 172069 85944.9 138472 33597.2 21141.5 17399.2 93626.2 30103.6 29792.9 57074.8 11518.3 37018.3 8202.36 28870.1 13205.2 2420.64 49069.5 8495.09 6550.62 5880.9 3781.96 310.791 8005.28 1831.62 8168.27 12455.7
internal_count=733100 712743 643672 627661 437264 190397 359233 78031 54445 20357 283008 100553 98784 135099 12725 69071 21664 55298 28340 5678 119644 15678 7882 7632 4209 1769 15455 4639 21488 23586
is_linear=0
shrinkage=0.05


Tree=49
num_leaves=31
num_cat=0
split_feature=6 6 4 8 9 1 7 4 8 9 5 5 5 4 0 4 11 7 6 9 5 11 5 0 8 7 8 11 5 7
split_gain=426.592 477.433 503.355 264.134 280.08 256.157 233.671 223.538 173.142 160.052 159.381 154.753 357.634 82.5808 78.1619 74.9909 73.8959 69.3222 68.7018 59.2107 56.8722 54.818 47.6841 46.4459 43.8736 42.8829 41.904 41.4274 41.1974 93.7022
threshold=7714069.5000000009 3211691.0000000005 38060.000000000007 1.0000000180025095e-35 12.464285850524904 21.500000000000004 0.91074174642562877 136250.00000000003 100.50000000000001 9.3452377319335955 10052930.500000002 13439690.500000002 10052930.500000002 197900.00000000003 0.022305141203105453 52059.400390625007 -0.0155462184920907 0.42875434458255773 3211691.0000000005 21.585714340209964 5320895.5000000009 -0.13621868193149564 5320895.5000000009 0.012903762981295587 60.500000000000007 0.45011143386363989 44.500000000000007 -0.015413943212479351 1289243.5000000002 0.28542743623256689
decision_type=10 8 8 2 2 2 10 8 2 2 2 2 2 8 2 8 2 10 10 2 2 2 2 2 2 8 2 2 2 10
left_child=1 7 5 11 -5 6 10 9 14 26 17 12 22 -6 24 -2 21 23 -14 -18 -7 -15 28 -3 -9 -23 -1 -19 29 -4
right_child=15 2 3 4 13 20 -8 8 -10 -11 -12 -13 18 16 -16 -17 19 27 -20 -21 -22 25 -24 -25 -26 -27 -28 -29 -30 -31
leaf_value=0.027850089795414163 0.029527487534882699 0.010768837669300563 -0.081184723564949463 0.0083913721684935726 0.0062128959762796556 0.010768837669300563 0.027258299080462102 0.01039138949936941 -0.087449496069809063 0.016390308338258025 0.010768837669300563 0.0079237871224284249 -0.008349663228103767 -0.066602961367975541 0.015596501813516996 0.017128733679854759 0.0046371899186061589 0.014860034330446964 -0.038200454485153315 0.001613976473535207 0.0083913721684935726 -0.034429313811614043 2.9753211114620622e-05 0.014860034330446964 -0.00388250606525848 -0.0017202905992331444 0.044767650571138566 0.019031535872984714 0.0059002385951127511 0.0083913721684935726
leaf_weight=2005.6234161555767 1427.7848617136478 6127.6500106453896 42.032569661736488 51701.489852979779 64972.441503830254 15720.456136114895 2768.1308455318213 21684.764512449503 42.346336275339127 7833.7604510039091 21518.336893349886 8593.7180834412575 7112.0710150301456 31.338532119989395 6379.1636929810047 8511.1523390710354 8895.8953736051917 2586.5387525856495 196.31786562502384 16993.687607347965 27240.743589513004 48.82770673930645 5369.5548399090767 4454.7936278581619 551.08515565097332 4607.5975724235177 455.73623214662075 11885.5887324512 12386.944750651717 39.277168080210686
leaf_count=2338 1974 11074 174 84693 185780 35708 3313 43782 199 13745 39834 15650 25141 100 8993 14413 23470 3937 690 64869 80091 181 13056 5953 1619 11365 305 17015 23469 65
internal_value=0.00871815 0.00839344 0.00765521 0.00612269 0.007037 0.0106601 0.0131463 0.0135723 0.0113006 0.0198924 0.0123064 0.00213218 0.000152424 0.00520448 0.0114528 0.0189155 0.00306148 0.015275 -0.00916175 0.00410738 0.00839137 -0.00271406 0.00396916 0.0121944 0.0100373 -0.00225567 0.0310163 0.0175257 0.00566543 -0.0293894
internal_weight=322185 312246 273293 180991 147251 92302.2 49341 38952.5 28657.4 10295.1 46572.9 33739.9 25146.2 95549.8 28615 9938.94 30577.3 25054.6 7308.39 25889.6 42961.2 4687.76 17837.8 10582.4 22235.8 4656.43 2461.36 14472.1 12468.3 81.3097
internal_count=732996 716609 645628 448703 370458 196925 81126 70981 54593 16388 77813 78245 62595 285765 54394 16387 99985 37979 25831 88339 115799 11646 36764 17027 45401 11546 2643 20952 23708 239
is_linear=0
shrinkage=0.05


Tree=50
num_leaves=31
num_cat=0
split_feature=9 8 8 11 5 5 6 10 7 5 3 8 11 8 7 4 8 3 8 3 6 6 8 3 8 8 4 8 3 0
split_gain=560.832 1069.05 631.603 178.999 171.028 232.635 130.311 110.486 174.852 109.567 105.194 103.174 97.3663 94.1396 93.6312 82.7831 74.4899 71.9992 69.395 69.2215 76.7917 65.2857 65.0852 64.5489 63.776 63.7252 97.5298 61.0544 125.875 75.2623
threshold=11.949999809265138 1.0000000180025095e-35 11.500000000000002 -0.044947260990738862 5320895.5000000009 12130922.500000002 3211691.0000000005 -0.067965365946292863 0.19364918768405917 1289243.5000000002 0.2080027833580971 22.500000000000004 0.10690362006425859 56.500000000000007 0.59326088428497326 198800.00000000003 12.500000000000002 0.07426562532782556 45.500000000000007 0.0090917046181857603 1.0000000180025095e-35 7714069.5000000009 21.500000000000004 0.0090917046181857603 35.500000000000007 33.500000000000007 57987.701171875007 58.500000000000007 0.12740166485309604 0.012579114176332952
decision_type=2 2 2 2 2 2 8 2 10 2 10 2 2 2 8 10 2 8 2 8 10 10 2 8 2 2 8 2 10 2
left_child=1 -1 14 11 9 7 10 8 24 17 -5 22 23 21 -3 16 -11 -2 -17 20 -7 -8 -4 -9 -6 -21 -27 -18 29 -29
right_child=4 2 3 6 5 19 13 12 -10 15 -12 -13 -14 -15 -16 18 27 -19 -20 25 -22 -23 -24 -25 -26 26 -28 28 -30 -31
leaf_value=0.0085404068647554343 -0.041675645455421795 0.019162132013497885 0.014276006545463875 0.022423895428369704 -0.029880240467516875 -0.0028807670461195515 0.014276006545463875 -0.0069653123636850989 -0.0069653123636850989 0.0038212866309302283 0.045433087669119569 0.014276006545463875 0.0085404068647554343 0.022029674459248486 0.038894610813354102 -0.0074041212342468082 0.0085404068647554343 -0.0026417476941788002 -0.058219950133656329 0.0085404068647554343 -0.051795106686160691 0.029030596078434778 0.0085404068647554343 0.0031338504947430613 -0.079658666357178567 0.0085404068647554343 0.0026309060627757218 -0.0074041212342468082 0.0082665677326697225 0.0029922665825119761
leaf_weight=66733.181413769722 131.42793354764581 741.16049148142338 2691.2284539341927 2725.70859593153 125.14619135856628 276.47392546012998 18821.560824945569 454.71254684776068 401.44233287870884 8437.7272107303143 609.3515255600214 9436.4369008392096 3206.4459971040487 5309.6070652157068 3328.0911428183317 120.43825901299715 60523.171954847872 1033.8752048686147 85.327794369310141 23189.349279925227 96.476642958819866 754.78481064736843 7910.8781431764364 63890.572206273675 114.21227675676346 14283.744546100497 12123.278053171933 2174.2980116978288 9220.3381955549121 1903.5155351608992
leaf_count=137319 665 985 3496 3070 324 1135 25118 2013 780 15039 446 12996 5199 6421 2935 355 139799 3767 422 51089 439 749 12973 204060 443 33761 32128 8197 22313 4002
internal_value=0.00798258 0.0107041 0.016397 0.0148007 0.00637675 0.00515198 0.0173672 0.00325271 -0.0173796 0.00810708 0.0266526 0.0111848 0.00344893 0.0161208 0.0353118 0.00832225 0.00840169 -0.00710802 -0.0232099 0.00774366 -0.0136667 0.0145161 0.00854041 0.00297265 -0.0527952 0.0079052 0.00593353 0.00854041 0.00503203 -0.00228203
internal_weight=320854 119062 52328.8 48259.6 201792 118162 28221 68192.5 640.801 83630.1 3335.06 20038.5 67551.7 24886 4069.25 82464.8 82259.1 1165.3 205.766 49969.3 372.951 19576.3 10602.1 64345.3 239.358 49596.4 26407 73821.3 13298.2 4077.81
internal_count=732438 206508 69189 65269 525930 331371 35804 212819 1547 194559 3516 29465 211272 32288 3920 190127 189350 4432 777 118552 1574 25867 16469 206073 767 116978 65889 174311 34512 12199
is_linear=0
shrinkage=0.05


Tree=51
num_leaves=31
num_cat=0
split_feature=6 6 11 5 5 3 5 4 1 8 11 10 3 0 10 8 4 8 10 4 8 3 6 8 4 1 8 3 8 10
split_gain=469.172 498.538 443.572 283.09 423.732 238.869 205.07 184.94 169.551 145.303 131.871 109.581 108.685 99.8828 96.6294 124.458 133.965 143.312 100.82 79.2104 76.6121 73.9935 69.2656 68.6215 68.152 59.9199 73.4865 59.8265 54.5585 52.8422
threshold=7714069.5000000009 3211691.0000000005 0.055895024910569198 5320895.5000000009 12130922.500000002 0.046998459845781333 10052930.500000002 58060.000000000007 21.500000000000004 12.500000000000002 -0.10883838310837744 0.29560074210166937 0.069241665303707137 0.10612764954566957 0.11138926818966867 33.500000000000007 69010.000000000015 1.0000000180025095e-35 -0.049416434019803994 8010.0000000000009 45.500000000000007 0.49412141740322119 3211691.0000000005 104.50000000000001 40005.000000000007 21.500000000000004 1.0000000180025095e-35 0.12838535755872729 46.500000000000007 -0.012615652289241551
decision_type=10 8 2 2 2 10 2 8 2 2 2 2 10 2 2 2 8 2 2 8 2 10 10 2 8 2 2 10 2 2
left_child=1 5 3 7 6 23 14 -3 -6 19 13 27 28 24 15 16 -5 22 -19 -8 -13 -12 -18 25 -11 26 -1 -4 -2 -30
right_child=12 2 11 4 8 -7 9 -9 -10 10 21 20 -14 -15 -16 -17 17 18 -20 -21 -22 -23 -24 -25 -26 -27 -28 -29 29 -31
leaf_value=0.010056449901127203 0.016963805958325917 0.0095678760190828858 0.0095678760190828858 0.0067678241557309789 0.0095678760190828858 0.020113812892981326 0.0079051034931929519 0.005924074528405248 0.0052314225403698976 -0.0160643441741057 0.0024269721130163679 0.01476478284363004 0.031231169893016403 -0.0051147054547259103 0.0095678760190828858 0.0012360904843365756 0.0037420756748804355 -0.015910627366865812 0.0037420756748804355 -0.0046376690931022339 0.025383666349086412 0.0095678760190828858 -0.010632163793914837 -0.055007625025038892 -0.043913109754910314 0.00773608694321333 0.015374971946241224 0.013430963253595616 -0.062349246146545967 0.0027054558196674479
leaf_weight=10043.412634626031 8403.0366881042719 46689.455546509475 5965.6655841469765 15071.422493301332 29589.408207625151 8513.53832924366 1367.2275490611792 49199.348604217172 31367.596358947456 373.08718276023865 21330.919158086181 8874.8347206190228 1414.6841665059328 532.31635621190071 4182.0830594450235 21920.974193535745 609.84649720788002 716.40129418671131 4915.3063221871853 15622.384767323732 2106.1376625150442 1463.8176158070564 2979.0177160650492 37.813065335154533 326.87097339332104 10829.395394675434 9477.0855593085289 7359.6723376065493 34.358268424868584 219.66050712764263
leaf_count=17348 13958 94879 9745 33582 48248 13514 2508 114703 84997 754 75629 11138 1914 839 6681 70232 1338 1773 15089 47530 2157 3646 8058 155 910 26500 13449 10967 113 502
internal_value=0.00775975 0.0074162 0.00666039 0.00602916 0.00468962 0.0127112 0.00253636 0.00815755 0.00791849 -8.86858e-05 0.00241371 0.0131066 0.0183804 -0.0135048 0.00467281 0.00396777 0.00643252 0.000716327 0.00374208 -0.00362749 0.0168057 0.00327537 -0.00736183 0.0106361 -0.027014 0.0107215 0.0123768 0.0100562 0.0162736 -0.00651209
internal_weight=321537 311465 272564 248257 152369 38901.2 91411.7 95888.8 60957 41016.6 24027 24306.3 10071.7 1232.27 50395.1 46213 24292 9220.57 5631.71 16989.6 10981 22794.7 3588.86 30387.7 699.958 30349.9 19520.5 13325.3 8657.06 254.019
internal_count=732856 716369 645403 611396 401814 70966 268569 209582 133245 131816 81778 34007 16487 2503 136753 130072 59840 26258 16862 50038 13295 79275 9396 57452 1664 57297 30797 20712 14573 615
is_linear=0
shrinkage=0.05


Tree=52
num_leaves=31
num_cat=0
split_feature=2 6 6 4 8 5 5 9 8 5 5 5 5 8 4 9 1 5 3 4 4 9 4 4 8 10 3 4 6 6
split_gain=476.671 272.252 264.036 238.278 246.149 200.726 264.874 165.527 162.87 148.576 220.917 107.386 116.471 102.84 93.6267 66.7661 65.0648 59.6993 50.2263 129.081 48.8081 41.0436 40.7171 39.9554 37.8473 37.232 36.8448 49.947 46.9406 40.732
threshold=0.023392613045871261 3211691.0000000005 7714069.5000000009 39610.000000000007 1.0000000180025095e-35 5320895.5000000009 13439690.500000002 21.774999618530277 33.500000000000007 15089427.500000002 5320895.5000000009 10052930.500000002 12130922.500000002 65.500000000000014 150200.00000000003 13.267857074737551 20.500000000000004 1289243.5000000002 0.0040080321487039336 58060.000000000007 176500.00000000003 14.690476417541506 68040.000000000015 197024.50000000003 23.500000000000004 -0.049675324931740754 0.084114030003547682 98200.000000000015 3211691.0000000005 3211691.0000000005
decision_type=2 8 10 8 2 2 2 2 2 2 2 2 2 2 10 2 2 2 10 10 10 2 8 10 2 2 8 10 10 10
left_child=1 20 3 8 9 16 -7 25 11 10 17 -3 -13 18 -11 -10 -2 -5 19 -9 -1 -8 -18 -12 -22 -6 28 29 -15 -28
right_child=5 2 -4 4 7 6 21 13 15 14 23 12 -14 26 -16 -17 22 -19 -20 -21 24 -23 -24 -25 -26 -27 27 -29 -30 -31
leaf_value=0.0098735119935172509 0.020425277166962047 0.0098735119935172509 0.0098735119935172509 -0.041176379332759069 0.0045704020151537397 0.0098735119935172509 0.020896017746712792 0.0019237138994356612 0.0098735119935172509 0.0062589437072698047 -0.0054425761753537725 0.0062589437072698047 0.0098735119935172509 -0.029706193563173063 -0.064160606993340405 0.0062589437072698047 0.016251183991319796 0.0040311810658884744 0.0045704020151537397 -0.058159273454367937 -0.016612397167540222 0.010504036169561796 0.0098735119935172509 -0.069881119451795745 -0.085922591475427537 0.0062589437072698047 0.0031797639340089205 -0.0095716278788154068 -0.0095716278788154068 -0.0049548927164495653
leaf_weight=35357.248312927783 8805.3181402087212 26265.91344255209 9302.1982419043779 71.482689723372459 9659.2922819852829 14208.235950812697 6305.1298996657133 16438.256950080395 6303.7696370482445 7624.3253684341908 13205.945191308856 11235.790985301137 12645.269672125578 350.90859037265182 45.827814102172852 25594.130803085864 1905.6077729016542 12161.960716247559 19579.359553474933 87.882349111139774 30.035996034741402 1126.2615263909101 1285.5736759752035 22.114864885807037 26.334793731570244 76892.411414973438 2899.1206146813929 335.67481337115169 142.16454489156604 1325.8973652124405
leaf_count=67110 9696 49150 15631 233 18432 22179 7014 60763 9768 13735 40021 30503 23379 2212 154 72998 2570 23253 65873 698 64 1804 2119 103 113 172690 12869 1727 426 5709
internal_value=0.0073869 0.00672814 0.00613423 0.00572186 0.00460326 0.0130189 0.0101413 0.00559951 0.00791463 0.000762941 -0.00108237 0.0098094 0.00651828 0.00288186 0.00625894 0.00625894 0.018207 0.00376034 0.00381692 0.00159721 0.00987351 0.0193243 0.0120771 -0.00556085 -0.0430983 0.00625894 -0.00379734 -0.00238988 -0.0167534 -0.000338158
internal_weight=321239 287603 252190 242887 160843 33636.1 21639.6 127711 82044.9 33131.7 25461.5 50147 23881.1 41159.3 7670.15 31897.9 11996.5 12233.4 36105.5 16526.1 35413.6 7431.39 3191.18 13228.1 56.3708 86551.7 5053.77 4560.69 493.073 4225.02
internal_count=732996 687614 620327 604696 418898 45382 30997 341399 185798 77499 63610 103032 53882 150277 13889 82766 14385 23486 127334 61461 67287 8818 4689 40124 177 191122 22943 20305 2638 18578
is_linear=0
shrinkage=0.05


Tree=53
num_leaves=31
num_cat=0
split_feature=9 8 8 10 5 5 5 3 11 6 3 9 11 8 8 8 3 7 8 7 4 8 8 8 8 6 5 8 8 9
split_gain=461.947 858.583 477.649 173.022 149.984 161.741 120.959 113.873 112.934 102.852 104.906 101.193 99.2773 83.1489 79.0174 81.9263 62.6515 139.507 65.9523 62.5462 69.901 62.2167 102.231 76.7274 61.8992 58.9733 58.9374 57.3722 61.7291 56.9349
threshold=11.949999809265138 1.0000000180025095e-35 11.500000000000002 -0.049675324931740754 1289243.5000000002 5320895.5000000009 12130922.500000002 0.24904768168926242 -0.054528366774320595 3211691.0000000005 0.14162807911634448 17.354166984558109 -0.090006738901138292 20.500000000000004 34.500000000000007 55.500000000000007 0.0090917046181857603 0.2942016869783402 78.500000000000014 0.82013070583343517 2149.9001464843755 75.500000000000014 23.500000000000004 33.500000000000007 21.500000000000004 7714069.5000000009 5320895.5000000009 33.500000000000007 23.500000000000004 13.267857074737551
decision_type=2 2 2 2 2 2 2 8 2 8 10 2 2 2 2 2 10 8 2 10 10 2 2 2 2 10 2 2 2 2
left_child=1 19 7 24 13 16 12 -3 -5 10 -10 -8 14 -2 -7 29 17 -6 -19 -1 -21 22 -15 -24 -4 -14 27 28 -11 -16
right_child=4 2 3 8 5 6 11 -9 9 26 -12 -13 25 21 15 -17 -18 18 -20 20 -22 -23 23 -25 -26 -27 -28 -29 -30 -31
leaf_value=0.0073311888351971846 -0.059366775239730156 0.017844603646557818 0.011399593606108295 0.011399593606108295 -0.02581938324452809 -0.0049042200382401861 0.0073311888351971846 0.036850851234980019 0.019502064273177938 0.019962235767148735 0.040236613373795194 0.0037338285774214299 0.0028584896412283491 0.0073311888351971846 -0.028095604340212195 -0.00796528935264911 0.0073311888351971846 0.005708437191733755 -0.010237887800530516 0.047491992902444817 0.016151643991081922 0.0073311888351971846 -0.094404630033831358 -0.020910296153496741 0.0073311888351971846 0.0073311888351971846 0.013946418115442267 0.015425076118015722 0.035798719348839776 -0.095396513616505363
leaf_weight=62720.984918668866 86.426922753453255 1114.8123421370983 2204.8352876454592 8368.8439852148294 361.96995000168681 712.6651296466589 25041.441566504538 2739.1695711314678 2321.2466455101967 2526.2202371805906 830.58919052779675 24916.864286225289 66502.705019850284 248.76605620235205 61.322739526629448 127.56615178287029 54923.090833771974 26727.191899508238 586.35219639539719 185.28429885208607 3825.8170793801546 153.94662354514003 35.993880569934845 603.1711298674345 10102.396763235331 1004.2217742651701 15442.966849833727 5131.3312436193228 819.22086988389492 67.913877233862877
leaf_count=131374 287 1445 2842 11659 1507 1422 46650 2471 2741 2801 662 71875 208748 971 156 272 121361 65266 1893 156 5678 400 146 2597 16324 2060 21265 6474 753 278
internal_value=0.00681681 0.00929798 0.0144353 0.0130675 0.0053644 0.00546647 0.00428195 0.0313652 0.0148413 0.0164932 0.0249882 0.00615271 0.00291697 -0.0127996 -0.0129537 -0.0366328 0.00716476 0.00493419 0.00534361 0.00733119 0.0176223 -0.00883037 -0.0146069 -0.0253306 0.00795785 0.00314527 0.0153719 0.0187586 0.0238593 -0.0643771
internal_weight=320495 118334 51601.6 47747.7 202162 201033 118435 3853.98 35440.4 27071.6 3151.84 49958.3 68476.4 1128.3 969.468 256.803 82598.6 27675.5 27313.5 66732.1 4011.1 1041.88 887.931 639.165 12307.2 67506.9 23919.7 8476.77 3345.44 129.237
internal_count=732534 206645 69437 65521 525889 521488 331461 3916 46355 34696 3403 118525 212936 4401 2128 706 190027 68666 67159 137208 5834 4114 3714 2743 19166 210808 31293 10028 3554 434
is_linear=0
shrinkage=0.05


Tree=54
num_leaves=31
num_cat=0
split_feature=6 0 8 4 5 5 8 4 5 5 3 2 4 4 3 3 6 6 0 8 6 1 5 6 4 6 5 5 8 6
split_gain=471.886 426.493 227.764 234.599 224.172 205.511 180.316 135.394 133.719 226.221 126.408 110.439 107.721 94.3534 72.2797 68.6558 62.8422 58.9369 61.2189 54.0807 51.9121 48.2989 45.769 45.606 45.2299 61.4546 39.3687 38.0937 92.8838 36.6514
threshold=7714069.5000000009 1.0000000180025095e-35 43.500000000000007 37830.000000000007 5320895.5000000009 13439690.500000002 1.0000000180025095e-35 197024.50000000003 13439690.500000002 10052930.500000002 0.0090917046181857603 0.026432231068611148 60000.900390625007 76100.000000000015 0.10327889770269395 0.081684678792953505 1.0000000180025095e-35 3211691.0000000005 0.30621437728405004 122.50000000000001 3211691.0000000005 21.500000000000004 1289243.5000000002 3211691.0000000005 99288.000000000015 3211691.0000000005 16151869.500000002 15089427.500000002 88.500000000000014 3211691.0000000005
decision_type=10 2 2 8 2 2 2 10 2 2 8 2 10 8 10 10 10 8 2 2 8 2 2 8 8 10 2 2 2 8
left_child=1 2 3 -1 13 -6 7 8 9 22 12 -7 29 17 19 -2 -11 -3 -19 27 -15 -16 -5 -24 25 -25 -10 -4 -29 -8
right_child=15 4 14 6 5 11 10 -9 26 16 -12 -13 -14 20 21 -17 -18 18 -20 -21 -22 -23 23 24 -26 -27 -28 28 -30 -31
leaf_value=0.0070607563952796021 0.015680349145716612 0.024706805012604378 0.00084148186805863424 -0.030084781413249547 0.0070607563952796021 0.0094753953074903988 -0.029764955807675738 -0.079884958879707618 0.0057398184996263965 -0.0065609998921409025 0.0057398184996263965 0.017264256977634292 -0.053340773464019567 0.011751755961801561 0.0070607563952796021 0.028150746912787412 -0.03393904595905111 0.013012202574331069 0.025090624538020891 -0.061401252234903614 0.0071401430659376961 0.0029286605216933535 0.0057398184996263965 0.0022039908156690213 -0.00045749531426653059 0.0057398184996263965 -0.015733286069300197 -0.0039261753431517636 -0.071865866957814703 -0.0061891381513319091
leaf_weight=51999.768196374178 8863.2444924265146 1300.0496297925711 13484.077356431633 104.61659528315067 39088.053281188011 13657.044481672347 26.796844109892845 48.601263925433159 11200.530941784382 7250.1900096237659 70353.703618049622 6833.967799551785 155.14872770011425 3454.1632958054543 933.29380634427071 1263.6560125797987 213.98846808075905 18389.025913283229 1113.4286543279886 34.409332290291786 10791.171067155898 31749.274992905557 6489.595742225647 4910.7591427117586 11382.776397198439 1232.3050075620413 232.13496164977551 3708.3721737414598 49.009473472833633 378.28625597059727
leaf_count=109940 14727 1507 50345 306 76515 23694 120 214 19874 25342 180054 8317 755 4786 1358 1729 740 28691 1041 236 18489 100641 11675 10450 24309 1804 529 12806 244 1330
internal_value=0.00662099 0.00627456 0.0050479 0.00593879 0.00907361 0.00720663 0.00441888 0.00185568 0.00195174 0.000250819 0.00573982 0.0120745 -0.0181181 0.0122468 0.00208793 0.0172417 -0.00735477 0.0143942 0.0137043 -0.000527883 0.00910932 0.00347059 0.00260486 0.00274975 0.00140863 0.00486548 0.00573982 -0.000399289 -0.00485011 -0.00618914
internal_weight=320691 310565 215938 165979 94626.9 59579.1 113979 43065.5 43016.9 31584.2 70913.9 20491 560.232 35047.8 49958.4 10126.9 7464.18 20802.5 19502.5 17275.9 14245.3 32682.6 24120.1 24015.4 17525.8 6143.06 11432.7 17241.5 3757.38 405.083
internal_count=732568 716112 553072 387442 163040 108526 277502 95243 95029 74626 182259 32011 2205 54514 165630 16456 26082 31239 29732 63631 23275 101999 48544 48238 36563 12254 20403 63395 13050 1450
is_linear=0
shrinkage=0.05


Tree=55
num_leaves=31
num_cat=0
split_feature=6 6 10 14 5 5 3 7 3 7 9 3 1 9 8 11 5 5 8 9 8 10 7 8 10 14 11 8 5 7
split_gain=427.969 482.039 341.855 254.473 204.519 202.978 212.459 173.863 121.951 118.497 103.207 148.328 75.3229 71.439 65.1212 63.3447 59.328 166.563 110.453 130.632 85.6018 74.1632 54.4052 48.6542 93.0936 70.2722 55.0911 47.964 78.5206 64.5803
threshold=7714069.5000000009 3211691.0000000005 0.073747340589761748 1.0000000180025095e-35 1289243.5000000002 5320895.5000000009 0.30402800440788275 0.5004003942012788 0.013957562390714886 0.24999500066041949 9.3452377319335955 0.0090917046181857603 21.500000000000004 21.774999618530277 104.50000000000001 0.39604739844799047 15089427.500000002 10052930.500000002 43.500000000000007 21.316666603088382 24.500000000000004 -0.082476735115051256 0.64007574319839489 65.500000000000014 -0.067670401185750947 1.0000000180025095e-35 -0.03986766189336776 76.500000000000014 15089427.500000002 0.31482119858264929
decision_type=10 8 2 2 2 2 10 10 10 8 2 10 2 2 2 2 2 2 2 2 2 2 10 2 2 2 2 2 2 10
left_child=1 3 4 14 9 -4 -7 8 16 -3 -5 22 -9 -10 15 -1 17 23 -18 -20 -19 -22 -12 -6 -25 26 -26 29 -29 -2
right_child=27 2 5 10 7 6 -8 12 13 -11 11 -13 -14 -15 -16 -17 18 20 19 -21 21 -23 -24 24 25 -27 -28 28 -30 -31
leaf_value=0.0082662906932038146 0.015216354495814806 -0.046427677982630873 0.014504021377830734 0.026584512991120815 0.0032113408095594668 0.0068723796901542719 0.017644901312054592 0.0068723796901542719 0.0052759780182931332 -0.0080473712378561612 -0.055039132314891506 0.015731842764058587 0.0052759780182931332 0.0035476101883983192 -0.055084661614177403 0.027856368548442752 0.0035476101883983192 -0.0045505308374069386 0.00098754693340812874 -0.02459832386939137 -0.097727793192726883 0.0035476101883983192 -0.010343398061649991 -0.10039091846649295 -0.033565046453312382 -0.041134567936459865 0.0012283911093846672 -0.048004976453031277 0.032180709189958627 0.028310739845578217
leaf_weight=27759.485097959638 8869.3617424219847 257.95254153013229 12964.10605443269 2435.441877797246 45626.877423577011 19625.305123515427 4579.072600454092 25516.128285109997 69026.006756342947 893.84476362541318 113.4518795311451 8069.1893128156662 24488.559766590595 31617.356206197292 38.286900393664837 417.26577363908291 16891.596731312573 13664.840079948306 1320.6537811085582 799.57754062861204 19.195904433727264 1846.6303203627467 23.40633624792099 23.206715539097786 120.1850673109293 115.28301162272692 1650.3289724886417 71.297828391194344 50.521026328206062 1055.447419822216
leaf_count=53552 14780 1408 17392 2727 111400 32144 6382 43468 151886 2997 430 13783 69284 107548 160 400 34040 45797 3244 4051 80 7047 44 98 356 645 6350 222 73 1404
internal_value=0.00607528 0.00574594 0.00499924 0.0109541 0.00429129 0.00945347 0.00687238 0.00439536 0.00367958 -0.0167085 0.0175427 0.0148534 0.00687238 0.00484609 0.00846809 0.00855835 0.00224913 0.00141537 0.00354761 -0.00867544 -0.00307983 0.00354761 -0.0364186 0.00288409 -0.00493267 -0.00365284 -0.00116865 0.0162309 -0.0147675 0.0166143
internal_weight=319950 309903 271047 38856.5 233878 37168.5 24204.4 232726 182722 1151.8 10641.5 8206.05 50004.7 100643 28215 28176.8 82078.4 63066.5 19011.8 2120.23 15530.7 1865.83 136.858 47535.9 1909 1885.8 1770.51 10046.6 121.819 9924.81
internal_count=733192 716713 645617 71096 589699 55918 38526 585294 472542 4405 16984 14257 112752 259434 54112 53952 213108 171773 41335 7295 52924 7127 474 118849 7449 7351 6706 16479 295 16184
is_linear=0
shrinkage=0.05


Tree=56
num_leaves=31
num_cat=0
split_feature=1 8 3 6 9 8 6 3 9 11 11 3 5 8 11 9 3 5 8 3 8 0 5 8 8 9 11 10 0 8
split_gain=341.639 403.39 248.745 132.595 125.751 115.046 93.0774 162.48 132.075 86.9142 83.9566 80.4246 64.5833 60.1048 226.444 98.5302 59.8613 56.6238 51.6425 102.255 78.7519 50.0471 48.2803 66.752 60.9105 47.7357 48.2369 47.5288 44.0424 42.5321
threshold=21.500000000000004 23.500000000000004 0.1907056346535683 7714069.5000000009 7.3541667461395273 11.500000000000002 1.0000000180025095e-35 0.0090917046181857603 15.354166507720949 -0.05368408374488353 -0.10753119364380835 0.1956100016832352 15089427.500000002 82.500000000000014 -0.028693893924355503 20.816666603088382 0.97879487276077282 15089427.500000002 67.500000000000014 0.12627979367971423 79.500000000000014 0.012903762981295587 13439690.500000002 100.50000000000001 109.50000000000001 9.5277776718139666 -0.01471808413043618 -0.012615652289241551 0.044709488749504096 30.500000000000004
decision_type=2 2 10 10 2 2 10 10 2 2 2 8 2 2 2 2 10 2 2 8 2 2 2 2 2 2 2 2 2 2
left_child=1 2 3 12 11 -4 8 13 -2 -6 -10 -3 -1 -8 -15 -16 -7 -17 -12 22 21 -21 23 27 -24 -11 -27 -20 -14 -13
right_child=6 4 5 -5 9 16 7 -9 10 25 18 29 28 14 15 17 -18 -19 19 20 -22 -23 24 -25 -26 26 -28 -29 -30 -31
leaf_value=0.0059024141084573142 0.0059024141084573142 0.01394944536540947 0.033186430583647224 0.01115312555650369 0.0059024141084573142 0.01224621814937793 0.0029137738787604756 0.0059024141084573142 -0.090241965273182997 0.01394944536540947 0.0027693228190622658 0.03298852164608352 0.0077297115192272604 -0.082870114667211059 0.0042398141402055205 -0.042332028078526089 0.04127817903325591 -0.015578189024871276 -0.043986070931803616 -0.0072423123812465386 0.0040705314731411943 0.0040705314731411943 -0.043986070931803616 -0.043986070931803616 -0.0072423123812465386 0.008679125815026249 0.011847132915880916 -0.0072423123812465386 0.01115312555650369 0.019792262534030308
leaf_weight=84177.47710557282 18387.618753537536 2829.7505044639111 864.15536928921938 5779.652559697628 4980.1603549718857 4617.5832132697105 35917.063270248473 27094.93286202848 22.533976569771767 6713.8633802831173 63694.38609095104 721.57343417406082 20710.387906849384 93.188708126544952 729.37888714671135 121.1478870138526 183.11112286150455 54.692671097815037 59.122648432850838 2338.3909791186452 4956.3408824317157 503.74464383721352 187.727155148983 77.394721366465092 45.052494816482067 5286.0342088490725 18721.007663026452 773.2430783547461 5258.4635448753834 4143.0028927698731
leaf_count=170767 35414 3785 785 8556 7819 7031 105959 57699 94 8915 206928 668 35128 358 1933 860 154 236 227 7919 15634 1092 822 362 127 9172 29808 2807 7252 4634
internal_value=0.00595316 0.00753688 0.0060597 0.00590241 0.0116754 0.0164038 0.00426795 0.00572899 0.00324065 0.0104247 0.00223865 0.0174742 0.00590241 0.00257721 -0.00951192 -0.00179394 0.0133703 -0.0353962 0.00226982 -0.00128835 0.000759691 -0.00589434 -0.0152443 -0.0100012 -0.0354761 0.0114558 0.0103517 -0.00724231 0.00889534 0.0217624
internal_weight=320042 164986 121591 115926 43395.4 5664.85 155056 64010.4 91045.6 35701.1 72657.9 7694.33 110146 36915.5 998.408 905.219 4800.69 175.841 72635.4 8941.02 7798.48 2842.14 1142.54 909.76 232.78 30720.9 24007 832.366 25968.9 4864.58
internal_count=732945 294474 229673 221703 64801 7970 438471 167045 271426 55714 236012 9087 213147 109346 3387 3029 7185 1096 235918 28990 24645 9011 4345 3396 949 47895 38980 3034 42380 5302
is_linear=0
shrinkage=0.05


Tree=57
num_leaves=31
num_cat=0
split_feature=5 5 5 9 8 3 8 9 2 11 4 5 10 4 9 0 6 4 6 8 4 8 10 11 8 4 9 4 3 8
split_gain=294.468 422.896 327.999 254.636 301.552 246.683 212.073 208.71 178.209 165.128 158.334 117.471 116.184 111.531 200.406 108.093 106.634 83.4428 81.9806 79.3625 74.0381 73.8292 84.7872 68.6364 68.4329 67.6491 67.3208 94.5182 67.2007 57.0365
threshold=5320895.5000000009 13439690.500000002 10052930.500000002 11.949999809265138 1.0000000180025095e-35 0.20257303118705752 11.500000000000002 12.354166507720949 0.079455267637968077 -0.10883838310837744 60000.900390625007 1289243.5000000002 0.07006461545825006 inf 12.035714149475099 0.0082305916585028189 7714069.5000000009 15605.300292968752 1.0000000180025095e-35 21.500000000000004 16034.600097656252 23.500000000000004 -0.10828754678368567 -0.03797215782105922 36.500000000000007 33020.000000000007 14.690476417541506 196900.00000000003 0.19385655969381335 133.50000000000003
decision_type=2 2 2 2 2 10 2 2 2 2 8 2 2 8 2 2 8 8 10 2 8 2 2 2 2 8 2 10 10 2
left_child=3 2 8 4 17 9 -6 12 13 10 -4 -5 20 14 -2 24 21 -1 -11 -12 -3 -15 -23 -8 -13 -10 -26 -28 -14 -7
right_child=1 7 5 11 6 29 23 -9 25 18 19 15 28 16 -16 -17 -18 -19 -20 -21 -22 22 -24 -25 26 -27 27 -29 -30 -31
leaf_value=0.019533705331699854 0.0091800445904528013 0.012733391323948608 -0.011968073606888965 -0.010095539046429191 0.03211722272520607 0.0059791746882099988 0.010240098888675157 0.0048717845984916769 0.02269665008246333 -0.0015860791832525178 -0.13933308058163341 0.0064568024489583438 0.013334485130267196 -0.0040733451432237062 0.0032141899500674402 0.0084473588669880719 0.0032141899500674402 0.0084473588669880719 -0.011968073606888965 -0.043517712990891085 0.007972249093473889 -0.10072151451920114 0.0032141899500674402 0.016692350633086918 0.0068448672579115638 0.0099959362617728139 0.0021324569190193645 -0.063201802258656167 0.025549732314481849 0.056019773282972286
leaf_weight=2103.4804353863001 20425.626693785191 3244.8919569551945 719.72132401168346 1105.6020702440292 1785.0846309065819 10192.718606621027 7088.186163187027 39330.60352120176 1567.8544321060181 34635.495949819684 21.837059706449509 41059.965589016676 4265.4037809818983 10347.067543819547 24900.876516547054 19263.410987257957 2760.0054938495159 22174.319965466857 454.73188049346209 313.90995180606842 29448.0969851017 17.646960183978081 5700.3298639208078 9896.2619221881032 1700.7629641443491 3177.4080508500338 20741.390823565423 53.507058653980494 1534.2617374137044 55.295488521456718
leaf_count=2742 35448 4441 1368 4359 1676 27056 9784 100036 1647 110523 100 91017 5294 28783 76858 34049 5695 39736 1665 858 48759 74 17554 11859 2762 4222 61756 351 1530 94
internal_value=0.00581573 0.00458593 0.00266348 0.00768605 0.0108126 -0.000586483 0.0157273 0.00743378 0.00485189 -0.00252785 -0.0219951 0.00608216 0.0100512 0.00415999 0.0055035 0.00629836 0.000924881 0.00844736 -0.00194108 -0.0505377 0.00889314 -0.00155388 0.00300509 0.0140011 0.00524238 0.0142001 0.00302538 0.00195828 0.0165736 0.00626006
internal_weight=320086 193114 115291 126972 43047.3 46393.7 18769.5 77823.3 68896.8 36145.7 1055.47 83924.6 38492.7 64151.6 45326.5 82819 18825 24277.8 35090.2 335.747 32693 16065 5717.98 16984.4 63555.6 4745.26 22495.7 20794.9 5799.67 10248
internal_count=732096 472005 311945 260091 65797 141664 23319 160060 170281 114514 2326 194294 60024 164412 112306 189935 52106 42478 112188 958 53200 46411 17628 21643 155886 5869 64869 62107 6824 27150
is_linear=0
shrinkage=0.05


Tree=58
num_leaves=31
num_cat=0
split_feature=10 1 3 11 4 9 9 4 10 3 4 3 9 9 7 10 11 7 2 11 7 7 9 7 11 9 11 2 0 9
split_gain=232.419 167.499 202.792 107.28 76.4911 70.8132 68.0865 54.4485 47.4219 44.32 37.5954 33.6732 31.6401 29.7008 27.7563 21.8496 18.1421 16.942 13.311 12.0154 11.1291 10.4976 9.95612 8.11534 7.79282 6.46013 5.2161 4.57699 4.44476 3.88192
threshold=0.44553253054618841 21.500000000000004 0.07426562532782556 -0.12182955816388129 100200.00000000001 9.7750000953674334 14.408333301544191 27670.000000000004 -0.067965365946292863 0.1907056346535683 197600.00000000003 0.013957562390714886 10.535714149475099 12.683333396911623 0.27783857285976415 0.52779263257980358 -0.01471808413043618 0.2942016869783402 0.030151515267789367 -0.0155462184920907 0.91074174642562877 0.49488030374050146 21.585714340209964 0.080018397420644774 -0.024169836193323132 8.0500001907348651 -0.060577915981411927 0.075853470712900176 1.0000000180025095e-35 17.267857551574711
decision_type=2 2 10 2 8 2 2 8 2 10 10 10 2 2 8 2 2 8 2 2 10 10 2 10 2 2 2 2 2 2
left_child=1 2 7 4 13 -4 -5 -1 17 12 11 14 15 -3 -10 -2 -7 -8 -9 29 25 -15 -21 -18 -13 -11 -19 -27 -26 -16
right_child=9 3 5 6 -6 16 8 18 10 20 -12 24 -14 21 19 -17 23 26 -20 22 -22 -23 -24 -25 28 27 -28 -29 -30 -31
leaf_value=0.0072975696925766309 0.012591389489800854 -0.016781545256701082 0.0098576105774489109 0.0052937470289398068 -0.10628017623652207 0.0072975696925766309 -0.016781545256701082 0.0052937470289398068 -0.001266313391511563 0.023941768872518768 -0.0063053215570318026 0.0034015247291210833 0.0098576105774489109 -0.062686731084033429 0.0019186784567600799 0.017428089487052264 0.0079375799137946998 -0.011543433406866442 0.0062956583607582193 0.0034015247291210833 0.034711425684478832 -0.039426253194887649 0.0023435177813960683 0.0085775901350127696 0.004102922430088877 0.017428089487052264 -0.0063053215570318026 0.020684929179785514 0.0044859753312155477 0.00076433540837948322
leaf_weight=14543.713127374649 1052.2913800925016 85.753857612609863 16160.409658499062 16047.103266060352 30.2422915995121 7589.9550295323133 73.015683978796005 91201.363226383924 634.55645644292235 705.3889109864831 503.29664619266987 8832.8700328543782 1799.012396633625 20.410128548741341 1894.2694592177868 2907.3587893024087 3139.899185359478 34.719692707061768 6878.2384558320045 9989.1718911901116 164.55114089697599 14.384239956736563 25694.820515267551 18282.567826151848 78744.359402971342 78.750808715820312 185.80901035666466 452.4778728634119 11377.112333983183 1262.0727198198438
leaf_count=25606 1364 149 21590 27443 126 13189 242 179930 3002 672 2069 20444 2563 84 4347 3158 5805 114 9361 26728 125 29 87409 30945 236682 159 366 462 25233 3760
internal_value=0.00550622 0.00530254 0.0064501 0.00413739 -0.0377416 0.00928041 0.00417855 0.00531473 0.0036782 0.0144127 0.00372072 0.00377269 0.0124641 -0.0190933 0.00253779 0.0153252 0.00729757 -0.0163314 0.00529375 0.00279498 0.0223921 -0.062071 0.00307302 0.00857759 0.00426526 0.0206994 -0.00630532 0.0174281 0.00441916 0.000764335
internal_weight=320380 313220 157796 155424 150.791 45172.8 155273 112623 139226 7159.83 138933 138429 5758.66 120.548 39474.9 3959.65 29012.4 293.544 98079.6 38840.3 1401.17 34.7944 35684 21422.5 98954.3 1236.62 220.529 531.229 90121.5 3156.34
internal_count=733156 724653 286426 438227 388 71529 437839 214897 410396 8503 409674 407605 7085 262 125246 4522 49939 722 189291 122244 1418 113 114137 36750 282359 1293 480 621 261915 8107
is_linear=0
shrinkage=0.05


Tree=59
num_leaves=31
num_cat=0
split_feature=9 8 8 11 5 8 8 5 5 11 9 3 3 7 10 8 8 4 8 7 11 7 8 10 9 9 4 8 8 3
split_gain=252.128 653.411 679.628 150.47 103.274 134.689 88.324 67.4618 160.198 110.412 69.0301 63.8544 62.924 60.542 66.368 52.4874 52.3774 81.2209 48.7777 48.2258 48.0975 44.0389 39.9037 103.962 69.6998 58.9441 51.5739 39.8997 50.5291 39.2545
threshold=11.949999809265138 1.0000000180025095e-35 11.500000000000002 -0.045547308400273316 1289243.5000000002 20.500000000000004 14.500000000000002 5320895.5000000009 12130922.500000002 -0.090006738901138292 12.354166507720949 0.17826095223426822 0.22600288689136508 0.54550504684448253 0.11051777377724649 21.500000000000004 47.500000000000007 45055.000000000007 12.500000000000002 0.28542743623256689 -0.13621868193149564 0.12513667345047 65.500000000000014 -0.024864718317985531 15.062500000000002 19.2613639831543 80100.000000000015 22.500000000000004 33.500000000000007 0.0058937692083418378
decision_type=2 2 2 2 2 2 2 2 2 2 2 10 8 8 2 2 2 10 2 10 2 8 2 2 2 2 8 2 2 8
left_child=1 -1 12 15 5 -2 21 18 9 13 -11 -8 -3 14 19 -4 17 -7 -6 -9 -10 -5 -20 24 -24 -25 -26 -17 -29 -22
right_child=4 2 3 6 7 16 11 8 20 10 -12 -13 -14 -15 -16 27 -18 -19 22 -21 29 -23 23 25 26 -27 -28 28 -30 -31
leaf_value=0.0055579648122249864 -0.072512795690169884 0.021424229927314159 0.0095061991404590679 0.0095061991404590679 0.0016590951229866144 -0.0061238611574365408 0.0099749671358330613 -0.098633091238109927 -0.05013567901616435 0.0049564738983814789 0.0012146149210029312 0.015205974739363441 0.035486273982416015 -0.0065389093098857159 -0.017624168334245318 0.0055579648122249864 0.0055579648122249864 -0.050590521257469101 0.0055579648122249864 -0.039728763902913931 -0.013298054791627954 0.029264828630697445 -0.0045738896374011694 0.0055579648122249864 -0.01656843305410452 -0.00013050296631050072 -0.052405601403851781 0.0095061991404590679 0.0055579648122249864 0.0055579648122249864
leaf_weight=66465.594805046916 80.682377591729164 1121.460747949779 2705.6634969115257 75.667613729834557 8429.1127382963896 521.32072251290083 16942.310292541981 49.64504200220108 36.790591359138489 16139.337396726012 52146.758893541992 8918.8251820504665 2845.1158757805824 487.1369072496891 336.89188121259212 7893.7244095653296 379.25687079876661 126.11136982217431 60928.96487545222 61.885772168636322 274.69169526547194 1077.761557251215 441.22000455856323 6692.6457406654954 367.13323363661766 5439.3955349959433 137.96383303403854 1909.3770357072353 7058.3709723353386 49902.548842415214
leaf_count=137387 297 1361 3542 151 15026 2021 23196 202 99 33925 177294 11484 2554 978 754 13153 1319 727 140567 159 1183 1083 809 13558 933 18467 480 2366 10719 117070
internal_value=0.00516655 0.00701507 0.0116597 0.00996695 0.00410086 -0.011114 0.0123856 0.00418443 0.00342494 0.00186519 0.00209912 0.01178 0.0315233 -0.0151769 -0.0287094 0.00662678 -0.00615735 -0.0149145 0.00528468 -0.0618334 0.00555796 0.0259194 0.00555796 0.00277559 -0.013169 0.00402126 -0.0265252 0.00555796 0.00890877 0.00555796
internal_weight=319993 117014 50548.3 46581.7 202979 1107.37 27014.6 201872 119436 69221.7 68286.1 25861.1 3966.58 935.56 448.423 19567.1 1026.69 647.432 82436.4 111.531 50214 1153.43 74007.3 13078.4 946.317 12132 505.097 16861.5 8967.75 50177.2
internal_count=732864 206996 69609 65694 525868 4364 35914 521504 331664 213312 211219 34680 3915 2093 1115 29780 4067 2748 189840 361 118352 1234 174814 34247 2222 32025 1413 26238 13085 118253
is_linear=0
shrinkage=0.05


Tree=60
num_leaves=31
num_cat=0
split_feature=5 5 5 15 6 2 4 1 3 6 0 4 2 14 6 6 7 5 8 8 3 4 3 8 8 6 8 6 4 3
split_gain=323.455 405.764 383.853 273.397 203.291 197.04 196.893 171.542 171.181 150.109 192.322 136.855 142.233 99.6244 312.951 108.118 95.5558 90.97 84.8861 79.2671 78.7868 73.8995 73.5619 87.6542 73.2137 73.0969 69.405 68.8143 60.8624 90.0777
threshold=5320895.5000000009 12130922.500000002 10052930.500000002 6.5000000000000009 7714069.5000000009 0.16774892061948779 37830.000000000007 21.500000000000004 0.07426562532782556 1.0000000180025095e-35 0.019704911857843403 4804.8000488281259 0.017167698591947559 1.0000000180025095e-35 1.0000000180025095e-35 3211691.0000000005 0.90672317147254955 1289243.5000000002 4.5000000000000009 14.500000000000002 0.16053205728530887 19602.200195312504 0.090072538703680052 46.500000000000007 33.500000000000007 3211691.0000000005 23.500000000000004 7714069.5000000009 25025.000000000004 0.013957562390714886
decision_type=2 2 2 2 10 2 8 2 10 10 2 8 2 2 10 8 10 2 2 2 10 8 10 2 2 10 2 8 10 10
left_child=3 2 4 6 5 13 16 11 26 10 19 -3 21 14 -2 -15 27 20 -10 -8 -11 -13 23 -6 28 -16 -4 -1 -17 -30
right_child=1 7 8 -5 22 -7 9 -9 18 17 -12 12 -14 15 25 24 -18 -19 -20 -21 -22 -23 -24 -25 -26 -27 -28 -29 29 -31
leaf_value=0.012666381539859592 0.011192950218483447 0.031620739803622927 -0.0066626501956799358 0.025801813769352467 0.016312677095746648 0.019410152590101048 -0.0049996793593056789 0.0038816018601564024 0.04977193996895847 -0.025587883186576912 0.0076299753669921188 0.011179782434821928 0.015412336985478173 0.011192950218483447 0.0020505495789715266 0.010007858595323261 0.016155825813930536 0.0070301603115580473 0.00081259626075071622 0.0018243504729801567 0.0076299753669921188 0.006201093326231648 0.040122715740939618 -0.05536274111129208 0.0017997241294274999 -0.004894348966941576 -0.0021067600026526828 0.0078691079487503649 -0.0027897150246252614 0.0066204200603828161
leaf_weight=6809.8825754076242 1228.0245318263769 629.55868580937386 18380.413531661034 1862.1101240962744 1975.0010121911764 1875.0966170653701 5535.7108092159033 38703.518030520529 86.88079497218132 396.03328889608383 9592.1865311339498 3708.1356239318848 5791.5531051829457 2784.8604835569859 5833.7854774445295 6146.9337709099054 1402.16527428478 59183.716593511403 22678.108997240663 18377.150169882923 81.554408624768257 30961.538626670837 333.03612251579762 41.684541493654251 25149.708798445761 10801.97456035018 3117.7188826799393 23552.57393052429 3562.3375646173954 8878.3487765491009
leaf_count=11255 2460 650 60599 3157 3539 2011 11294 99703 66 1531 15161 5337 6911 5018 13257 12001 2001 119268 66250 50900 127 52206 453 151 68173 34013 10539 45675 8248 20707
internal_value=0.00483234 0.00354163 0.00161232 0.00679357 0.00395424 0.00344139 0.00650984 0.00627064 -0.00201783 0.0053506 0.00267222 0.00852058 0.00815961 0.00297575 -0.000198202 0.00419445 0.00990935 0.00685461 0.0010038 0.000244335 -0.0148388 0.00694723 0.0184011 0.0147778 0.00355863 -0.00245898 -0.00521732 0.00917694 0.00593803 0.00392585
internal_weight=319461 192668 112874 126793 68610.8 66261.1 124931 79794.3 44263.1 93166.4 33505 41090.8 40461.2 64386 17863.8 46522.2 31764.6 59661.3 22765 23912.9 477.588 34669.7 2349.72 2016.69 43737.3 16635.8 21498.1 30362.5 18587.6 12440.7
internal_count=732661 472292 307485 260369 170031 165888 257212 164807 137454 198281 77355 65104 64454 163877 49730 114147 58931 120926 66316 62194 1658 57543 4143 3690 109129 47270 71138 56930 40956 28955
is_linear=0
shrinkage=0.05


Tree=61
num_leaves=31
num_cat=0
split_feature=0 9 5 6 7 14 8 6 6 8 9 5 5 8 1 5 5 8 3 9 7 6 8 10 8 5 9 1 7 8
split_gain=321.81 302.206 172.868 152.813 230.807 111.111 118.463 90.2741 106.464 62.2272 130.428 61.5116 89.0035 58.762 53.9153 48.4408 43.8371 42.2057 152.98 48.2946 64.1273 38.1268 36.2054 35.1003 34.8791 61.893 71.3631 34.7405 33.9839 34.5002
threshold=1.0000000180025095e-35 5.0625000000000009 5320895.5000000009 1.0000000180025095e-35 0.73922109603881847 1.0000000180025095e-35 103.50000000000001 7714069.5000000009 3211691.0000000005 1.0000000180025095e-35 21.633333206176761 15089427.500000002 5320895.5000000009 44.500000000000007 9.5000000000000018 13439690.500000002 5320895.5000000009 66.500000000000014 0.093583878129720702 20.055555343627933 0.18286825716495517 3211691.0000000005 77.500000000000014 -0.010152646806091068 42.500000000000007 5320895.5000000009 14.535714149475099 17.500000000000004 0.40629123151302343 88.500000000000014
decision_type=2 2 2 10 8 2 2 10 10 2 2 2 2 2 2 2 2 2 10 2 10 8 2 2 2 2 2 2 10 2
left_child=3 13 21 4 16 6 7 8 24 11 -11 12 -10 14 -2 -4 28 -18 -19 22 -21 -3 -20 -23 -5 -26 -27 -15 29 -1
right_child=1 2 15 5 -6 -7 -8 -9 9 10 -12 -13 -14 27 -16 -17 17 18 19 20 -22 23 -24 -25 25 26 -28 -29 -30 -31
leaf_value=0.0016754260270777331 0.017467275363194808 0.010887101060088309 0.0055128714641140622 0.0055128714641140622 0.0055128714641140622 0.0055128714641140622 -0.063460527492106428 0.0055128714641140622 -0.00010564465124528809 0.0055128714641140622 -0.0004493648573832254 0.0035953315784769606 -0.0095982774036960788 0.029929412259313604 0.010887101060088309 0.0086621256872887811 0.00090311268406065368 -0.055149301363420104 -0.0062722278213048835 -0.028888805272943831 -0.0062722278213048835 0.0066935334757759661 0.0034666073904346846 0.010231587879570519 0.0055128714641140622 0.0055128714641140622 -0.016537842661462871 0.010887101060088309 0.0034666073904346846 -0.011633169873216951
leaf_weight=22753.093771662563 5364.105419524014 4194.956241607666 35413.799995757639 19154.059321627021 24965.102073639631 31727.62301608175 64.007745385169983 6547.9224921762943 7543.9673537164927 11560.465933613479 14790.147673077881 4709.6600713729858 3668.8751134574413 956.74915721267462 3583.9228748977184 18528.112707920372 58056.132270444185 143.85809088125825 700.84098546206951 231.7794144526124 489.01650770008564 14235.897961966693 1388.5791290998459 13851.114345729351 1442.1220365613699 117.54228390753269 863.09088769555092 60.505441144108772 12396.075067214668 495.63601396605372
leaf_count=56851 6230 5734 71780 37317 66966 63900 436 11573 14677 25123 52845 8561 9689 828 4945 30210 170465 818 2308 1247 2245 25862 4570 20434 3664 141 3155 117 28162 1708
internal_value=0.00482332 0.00724197 0.00628892 0.00378377 0.00258611 0.00520909 0.00349376 0.00355643 0.00272798 0.00126889 0.00276002 -0.00119886 -0.00321282 0.0154853 0.0141846 0.00551287 0.00142034 0.000606398 -0.00522157 -0.00262831 -0.0137688 0.00938545 0.00122437 0.00843893 0.00551287 -0.00049 -0.0101858 0.0268759 0.00281339 0.00139073
internal_weight=319999 96189.2 86223.9 223810 121620 102189 70461.9 70397.9 63849.9 42273.1 26350.6 15922.5 11212.8 9965.28 8948.03 53941.9 96655 61010.2 2954.07 2810.22 720.796 32282 2089.42 28087 21576.8 2422.76 980.633 1017.25 35644.8 23248.7
internal_count=732561 166140 154020 566421 335340 231081 167181 166745 155172 110895 77968 32927 24366 12120 11175 101990 268374 181653 11188 10370 3492 52030 6878 46296 44277 6960 3296 945 86721 58559
is_linear=0
shrinkage=0.05


Tree=62
num_leaves=31
num_cat=0
split_feature=6 5 5 5 9 0 5 7 10 7 3 7 11 7 7 4 3 10 3 9 11 10 4 7 6 6 4 4 11 4
split_gain=414.085 342.645 361.835 319.118 260.598 244.449 176.791 169.802 126.828 137.935 122.765 103.904 95.8209 95.1483 91.3674 79.0691 73.3636 72.4351 72.144 67.2527 88.4779 96.4979 66.506 66.2433 65.3023 59.5871 58.7836 56.7597 51.6618 50.8468
threshold=7714069.5000000009 5320895.5000000009 12130922.500000002 10052930.500000002 11.949999809265138 0.046620300039649017 1289243.5000000002 0.24999500066041949 0.12629869580268863 0.51002511382102977 0.20257303118705752 0.6000007987022401 -0.10883838310837744 0.14902948588132861 0.46156607568264013 35003.500000000007 0.0058937692083418378 0.07006461545825006 0.18441750109195712 12.267857074737551 -0.054528366774320595 0.066437397152185454 39610.000000000007 0.34791304171085363 3211691.0000000005 3211691.0000000005 6816.0000000000009 19013.600585937504 0.44115051627159124 43401.400390625007
decision_type=10 2 2 2 2 2 2 10 2 10 10 10 2 10 10 10 8 2 10 2 2 2 8 8 10 8 10 10 2 8
left_child=1 5 3 8 11 6 7 15 19 29 12 17 13 -5 25 -1 24 -4 -2 22 21 23 -3 -21 -6 -8 -12 -13 -7 -10
right_child=18 2 4 10 16 28 14 -9 9 -11 26 27 -14 -15 -16 -17 -18 -19 -20 20 -22 -23 -24 -25 -26 -27 -28 -29 -30 -31
leaf_value=-0.020703432753073993 0.013386877715092655 0.0053882145641448833 0.0067202442332619534 -0.038279892265501561 -0.01177518982281768 0.01088477365632913 0.0065752461560866504 0.0020667277855128223 0.011996107706534379 0.018604000848923871 0.014662307693690946 0.021055724143492396 -0.0031748699815900318 -0.01079864451340915 0.0083898890595163114 -0.062037294862841201 0.003432653787243395 0.012305238101733727 0.030696875187019843 -0.056903805230603448 0.0011491370778333274 -0.0067106414470572556 0.0023763889491013081 -0.01894364955558785 -0.078683265991698559 0.0040641016078061766 0.0014381256127978242 0.012305238101733727 0.022655218335359988 0.0053882145641448833
leaf_weight=323.11689088866115 9489.1407384723425 9196.4344441592693 19647.033170342445 395.10857874155045 223.15579006075859 17943.416687436402 14725.112389728427 717.51224248856306 2560.7426762580872 2506.3463933765888 925.79868060350418 2854.2703343033791 33421.521348036826 666.1746990531683 22124.554358497262 181.23988681100309 47996.844125840813 4288.4585304632783 642.28732991218567 165.20509134232998 28173.974739454687 425.93284699320793 18157.687398612499 331.3836677968502 41.846277296543121 65563.361295755953 8922.6515265256166 1387.8236895650625 983.43703203648329 4852.2056397497654
leaf_count=1406 15731 15748 32985 1029 959 24350 27584 2156 3674 3171 1758 3496 108771 1249 44325 1130 114532 5144 797 554 95840 854 37242 886 227 151279 24992 2147 981 8097
internal_value=0.00454399 0.00421853 0.00287258 0.0010456 0.00551835 0.0062736 0.00531914 -0.0135731 0.00323958 0.00845325 -0.00223907 0.00933896 -0.00364519 -0.0184224 0.0055448 -0.0357431 0.00328739 0.0080595 0.0144901 0.00232318 0.000649772 -0.0145704 0.00410301 -0.0311767 -0.0228508 0.0047606 0.00268398 0.016551 0.0114987 0.00538821
internal_weight=319834 309702 187141 110701 76439.4 122562 103635 1221.87 66369.9 9919.29 44331.3 28177.6 34482.8 1061.28 102413 504.357 48261.8 23935.5 10131.4 56450.6 29096.5 922.522 27354.1 496.589 265.002 80288.5 9848.45 4242.09 18926.9 7412.95
internal_count=733094 716566 463355 303865 159490 253211 227880 4692 166066 14942 137799 43772 111049 2278 223188 2536 115718 38129 16528 151124 98134 2294 52990 1440 1186 178863 26750 5643 25331 11771
is_linear=0
shrinkage=0.05


Tree=63
num_leaves=31
num_cat=0
split_feature=1 8 7 9 2 0 8 3 8 9 8 8 8 9 11 11 8 11 7 8 8 8 7 9 7 3 8 3 8 7
split_gain=264.449 287.048 238.72 170.639 99.3993 80.9584 77.9637 76.5758 75.6271 69.4057 159.658 59.6143 56.5541 55.0552 53.8793 48.7735 34.1392 32.7674 30.3569 26.5061 26.4092 25.5782 96.8235 86.7053 94.7308 24.1891 23.7723 17.8364 47.8355 21.5252
threshold=21.500000000000004 23.500000000000004 0.82013070583343517 5.0625000000000009 0.049752475693821914 0.0082305916585028189 43.500000000000007 0.34456743299961096 57.500000000000007 9.7750000953674334 33.500000000000007 177.00000000000003 21.500000000000004 14.535714149475099 -0.067498289048671709 -0.0090754483826458437 24.500000000000004 -0.051857864484190934 0.90019154548645031 11.500000000000002 33.500000000000007 79.500000000000014 0.4167881458997727 21.944444656372074 0.18286825716495517 0.23690199851989749 44.500000000000007 0.0058937692083418378 22.500000000000004 0.19986378401517871
decision_type=2 2 10 2 2 2 2 10 2 2 2 2 2 2 2 2 2 2 10 2 2 2 8 2 10 10 2 8 2 10
left_child=1 2 4 17 -1 6 27 19 9 10 -5 13 18 -8 -10 -11 -17 -3 -9 -4 -19 -15 23 -23 25 -25 -22 28 29 -2
right_child=5 3 7 8 -6 -7 11 12 14 15 -12 -13 -14 21 -16 16 -18 20 -20 -21 26 22 -24 24 -26 -27 -28 -29 -30 -31
leaf_value=0.0038558108769632311 -0.028095121468543222 0.01372068475975774 0.013321072149870501 0.01372068475975774 0.008673759319380029 0.0038558108769632311 0.0027870252445756256 0.020945550413461161 0.0038558108769632311 0.0038558108769632311 0.0079067083639259971 -0.070503280214187489 0.017435907903391935 6.7974004056079457e-05 0.01372068475975774 0.0055437256381327873 0.0079067083639259971 0.034710954628694432 0.039721461053719299 0.008673759319380029 0.01832289131978752 -0.0044564227221661245 0.0012365227242880049 -0.045684976878745537 -0.012299922465568167 -0.024874404348608815 0.027727036705793767 0.0027870252445756256 -0.032826205106113698 -0.0018578421255910802
leaf_weight=107449.16992887855 88.459875658154488 1069.8092767447233 4063.5101514160633 2553.8352326750755 6695.2636465728283 40276.747207440436 2828.3533218204975 366.83970981836319 478.22809217870235 6896.7535921633244 8838.5699085444212 27.768670335412025 417.56741867214441 42528.331197097898 4109.4839139431715 8515.0273349136114 7880.0338082909584 397.22674132883549 550.44107742607594 1076.5726272463799 1160.9820424467325 1537.9821484610438 1783.9262618981302 293.53165515884757 667.9670063816011 284.43247646465898 779.77211260795593 64363.826100710779 134.42753989994526 296.2678198479116
leaf_count=211981 488 1375 6002 2902 8493 83536 5332 446 805 11956 12919 143 613 144169 5338 15341 12037 307 476 1809 1321 4573 6143 1541 2785 1237 693 186499 626 1185
internal_value=0.0038929 0.00529726 0.00405016 0.00882137 0.00385581 0.00241437 0.00171824 0.0134917 0.00788927 0.0070901 0.0102884 0.000232022 0.0241585 0.000274189 0.0137207 0.005525 0.00723164 0.0195521 0.0322745 0.0107133 0.0229251 -0.00031398 -0.00386859 -0.0101494 -0.0201434 -0.0355646 0.0204796 0.00278703 -0.00650271 -0.00185784
internal_weight=318411 163299 120619 42679.7 114144 155112 114835 6474.93 39271.9 34684.2 11392.4 49952.3 1334.85 49924.5 4587.71 23291.8 16395.1 3407.79 917.281 5140.08 2337.98 47096.2 4567.84 2783.91 1245.93 577.964 1940.75 64883 519.155 384.728
internal_count=733071 294814 229820 64994 220474 438257 354721 9346 61298 55155 15821 165923 1535 165780 6143 39334 27378 3696 922 7811 2321 160448 16279 10136 5563 2778 2014 188798 2299 1673
is_linear=0
shrinkage=0.05


Tree=64
num_leaves=31
num_cat=0
split_feature=5 5 5 1 1 2 4 8 8 11 14 6 8 0 6 11 11 10 8 4 4 2 4 8 8 8 4 8 6 4
split_gain=237.567 319.253 337.895 235.43 199.681 179.321 154.431 154.398 153.145 127.927 119.059 211.182 116.826 112.385 110.222 113.433 106.362 105.628 98.8513 85.1624 84.0046 80.9532 77.0376 103.295 75.4177 74.4928 71.0959 54.453 83.5003 68.633
threshold=5320895.5000000009 13439690.500000002 10052930.500000002 21.500000000000004 21.500000000000004 0.088472485542297377 15004.399902343752 22.500000000000004 12.500000000000002 -0.053670633584260934 1.0000000180025095e-35 7714069.5000000009 33.500000000000007 0.0082305916585028189 1.0000000180025095e-35 -0.17221083492040631 -0.0076178452000021926 -0.049675324931740754 58.500000000000007 19602.200195312504 92034.601562500015 0.017167698591947559 22040.000000000004 25.500000000000004 121.50000000000001 124.50000000000001 5610.0000000000009 69.500000000000014 7714069.5000000009 91030.000000000015
decision_type=2 2 2 2 2 2 8 2 2 2 2 8 2 2 10 2 2 2 2 8 10 2 10 2 2 2 8 2 8 8
left_child=4 2 5 19 6 10 -1 26 -8 -9 11 17 22 18 25 -16 -10 -2 -6 -3 27 -21 23 -11 -14 -12 -4 28 -20 -29
right_child=1 3 7 -5 13 -7 8 9 16 12 14 -13 24 -15 15 -17 -18 -19 20 21 -22 -23 -24 -25 -26 -27 -28 29 -30 -31
leaf_value=0.017032808320935424 -0.017327674442319422 0.014549744258475109 0.0087521156930478895 0.0026091071297874944 0.0034268878377848055 0.013298810113444796 0.0058197171071996887 -0.010620089093939277 0.0064094023638459896 0.018813505862946077 0.0027906485580986621 0.0080688921262939885 0.0010587151343986376 0.0058197171071996887 -0.065630768034650719 0.0080688921262939885 0.012076144305787068 -0.0017166717412773467 0.0041819120629152089 0.0062253329874725049 -0.018586672907563748 0.010916296523898623 0.0073131235326848237 0.069949903492610446 0.04018292764602098 -0.036427524976480045 -0.0049291711971944123 0.0041819120629152089 -0.0098233306255652991 -0.0098233306255652991
leaf_weight=4220.4772191494703 1167.0827990323305 4552.7021556571126 983.41765463352203 37898.542567387223 43465.042182903737 4374.6188341230154 32539.809020996094 1967.4257065504789 10739.661763384938 515.76208478212357 32183.031319074333 2758.3130476921797 14975.326603010297 15332.267663657665 50.233610332012177 13207.357159219682 13420.109406121075 14825.362019214779 1234.9960417225957 30385.604685902596 767.42684446647763 4914.9353228285909 1235.1842797100544 120.99203929305077 122.198740914464 119.54843017458916 26266.561934761703 2648.474714577198 1847.5260076969862 405.42522250860929
leaf_count=5429 2883 6237 1797 97875 113472 5413 56764 4296 16079 917 84425 5731 48493 28131 145 27562 18069 43393 3711 50589 2918 5989 2586 118 266 454 83298 7238 6945 1590
internal_value=0.00406247 0.00295657 0.00128186 0.00543072 0.00574478 0.00350553 0.0078068 -0.00202503 0.00711948 0.00144273 0.00283897 -0.000514441 0.00284238 0.00383263 0.00421907 0.0080576 0.0102709 -0.00285794 0.00254411 0.00811368 -0.00301306 0.00728285 0.0146173 0.0287187 0.00138067 0.00264326 -0.00443482 -0.00105999 -0.00574628 0.00367089
internal_weight=319245 192624 114872 77751.8 126621 68685.5 60920.1 46186.9 56699.6 18936.9 64310.9 18750.8 16969.5 65701.2 45560.2 13257.6 24159.8 15992.4 50368.9 39853.2 6903.85 35300.5 1871.94 636.754 15097.5 32302.6 27250 6136.42 3082.52 3053.9
internal_count=732813 472467 311777 160690 260346 170006 96341 141771 90912 56676 164593 52007 52380 164005 112586 27707 34148 46276 135874 62815 22402 56578 3621 1035 48759 84879 85095 19484 10656 8828
is_linear=0
shrinkage=0.05


Tree=65
num_leaves=31
num_cat=0
split_feature=5 4 5 5 2 10 9 4 8 4 5 7 9 14 9 8 8 8 9 7 7 7 11 7 8 3 11 9 8 8
split_gain=207.776 224.654 196.624 170.185 178.83 140.48 115.65 114.197 141.073 90.3733 87.5295 94.9748 78.9681 76.0136 102.559 75.1585 75.1157 193.216 79.6727 78.8507 73.7251 62.8146 60.4401 66.6181 54.5505 87.499 50.3713 85.9297 46.1154 44.3004
threshold=5320895.5000000009 8010.0000000000009 13439690.500000002 10052930.500000002 0.079455267637968077 0.073747340589761748 12.775000095367433 8010.0000000000009 1.0000000180025095e-35 78050.000000000015 1289243.5000000002 0.12494444474577905 11.949999809265138 1.0000000180025095e-35 13.887499809265138 1.0000000180025095e-35 1.0000000180025095e-35 10.500000000000002 7.6833331584930429 0.58343136310577404 0.57133930921554577 0.70010000467300426 -0.10883838310837744 0.16658333688974383 34.500000000000007 0.52564999461174022 -0.016720779240131375 20.055555343627933 23.500000000000004 57.500000000000007
decision_type=2 8 2 2 2 2 2 8 2 8 2 8 2 2 2 2 2 2 2 8 10 10 2 10 2 10 2 2 2 2
left_child=1 24 3 4 13 10 16 -5 -9 -7 11 -3 15 -2 29 -12 21 19 -19 -18 -6 -4 23 -10 25 -1 27 -16 -20 -15
right_child=2 5 6 7 20 9 -8 8 22 -11 12 -13 -14 14 26 -17 17 18 28 -21 -22 -23 -24 -25 -26 -27 -28 -29 -30 -31
leaf_value=0.018195491182327054 -0.00017493819463405472 -0.04868861968269439 0.0048871949492223414 0.0095642250318723216 0.0090471454098715771 0.012404870512244984 0.0029512695160877137 -0.0060337519177359258 -0.025056185943118398 0.0072334145523799817 0.0053235497482790059 -0.0037473840890727738 0.0038557064812290488 0.004636404225531336 -0.0027236075632592217 0.0072334145523799817 0.0048871949492223414 0.01372583645958733 0.0048871949492223414 0.035592582188041712 0.023647749701981236 0.014740500341487498 0.00083310007289716262 -0.0045127253981656684 0.012404870512244984 0.041760891072292777 0.0023303109751178124 -0.052497226592041028 0.0090984755803358783 0.0075217767427414916
leaf_weight=1755.1840506643057 18803.134735342115 128.47585957124829 15458.722778975964 2549.7898644134402 3616.6005199030042 8515.1793464869261 38922.902739051729 11652.394485980272 486.20184324681759 5794.8939736634493 22978.108288809657 1192.357944201678 74738.616903666407 19808.409124672413 4002.501628741622 10061.61261100322 139.79209916293621 4375.4049931243062 7903.6523298621178 895.0514420568943 1136.5810499042273 1671.253181219101 31101.276934213936 892.30046410858631 507.44546680897474 509.03634856641293 18406.166059590876 86.644528642296791 7793.3422158956528 2894.7759525477886
leaf_count=2491 51922 749 27522 4866 4796 11290 99493 37150 1143 8633 40875 4060 176734 35849 10271 13353 237 5396 13106 739 1143 2329 97245 1563 1089 540 61431 390 11546 4366
internal_value=0.00394936 0.00552644 0.00291608 0.0016099 0.00319178 0.00521005 0.00487012 -0.000719978 -0.00131457 0.0098679 0.00459893 -0.00818577 0.00475576 0.00249663 0.003608 0.00679139 0.00682312 0.00884793 0.00775982 0.0298979 0.0125469 0.00488719 0.000378747 -0.00985855 0.0195997 0.0235256 0.0012151 -0.0038034 0.00609531 0.00597867
internal_weight=318778 126181 192597 115437 68754.8 123409 77160.1 46682 44132.2 14310.1 109099 1320.83 107778 64001.6 45198.5 33039.7 38237.2 21107.2 20072.4 1034.84 4753.18 17130 32479.8 1378.5 2771.67 2264.22 22495.3 4089.15 15697 22703.2
internal_count=732317 259814 472503 312135 170168 255694 160368 141967 137101 19923 235771 4809 230962 164229 112307 54228 60875 31024 30048 976 5939 29851 99951 2706 4120 3031 72092 10661 24652 40215
is_linear=0
shrinkage=0.05


Tree=66
num_leaves=31
num_cat=0
split_feature=6 6 3 9 14 6 8 1 9 3 11 3 5 5 11 8 10 9 3 11 8 8 11 8 0 5 9 8 5 8
split_gain=228.225 236.052 209.782 327.528 206.548 172.158 101.841 99.6826 88.1204 157.445 76.1664 65.8675 60.2265 147.59 113.647 85.8478 89.5197 58.6542 57.307 51.1604 49.895 49.6165 76.7994 45.5351 93.1342 44.4357 43.9575 42.4536 40.7744 75.9932
threshold=7714069.5000000009 3211691.0000000005 0.013957562390714886 9.6833333969116229 1.0000000180025095e-35 3211691.0000000005 104.50000000000001 12.500000000000002 11.535714149475099 0.0090917046181857603 0.36872987449169164 0.1907056346535683 15089427.500000002 5320895.5000000009 -0.091888528317213045 1.0000000180025095e-35 -0.049416434019803994 5.0625000000000009 0.058075461536645896 -0.017309707589447495 78.500000000000014 87.500000000000014 -0.044408369809389107 22.500000000000004 0.014815627597272398 5320895.5000000009 20.866071701049808 46.500000000000007 1289243.5000000002 34.500000000000007
decision_type=10 8 10 2 2 10 2 2 2 10 2 10 2 2 2 2 2 2 10 2 2 2 2 2 2 2 2 2 2 2
left_child=1 4 12 7 6 -5 10 11 19 25 26 -4 13 21 -15 -16 -17 -13 -2 -6 -11 28 -23 -7 -25 -10 -1 -21 29 -3
right_child=18 2 3 5 8 23 -8 -9 9 20 -12 17 -14 14 15 16 -18 -19 -20 27 -22 22 -24 24 -26 -27 -28 -29 -30 -31
leaf_value=0.0056828207403413142 0.0094981771512135989 -0.0030331491788880456 0.0094743309387525752 0.0024813573305347385 0.015343377576707562 0.0063226246709119655 -0.07972008844498242 0.0063226246709119655 -0.08566640365694006 0.012055122386768712 0.025094547206170333 0.024054208237531498 0.0024813573305347385 -0.019905105022688319 -0.0034374705239401887 -0.010686547852172839 0.0024813573305347385 0.012850591994498926 0.020335566233331496 0.022090469204546215 -0.0071528192713520306 -0.099871932307909417 -0.008911737240075655 0.0024813573305347385 0.0063226246709119655 -0.022266584957597091 0.00098998071860874012 0.041544674608503751 0.0024813573305347385 -0.058082173544557164
leaf_weight=20746.066906146705 8442.195755533874 339.16029930859804 10426.615965336561 117170.68853943981 831.27170830965042 7489.7935626059771 33.613430209457874 6064.4103280156851 43.315984785556793 6964.769910261035 457.0165610909462 1670.4041236191988 23175.553996086121 852.83900110423565 22389.85576954484 1306.6764694750309 13914.839574288577 3919.3921034932137 1426.6454750001431 1709.6505363732576 354.07753726840019 22.49000583589077 457.21071591600776 13054.013195045292 7858.2010920196772 76.167252346873283 6571.44051861763 338.24012345075607 40225.470805499703 74.979315415024757
leaf_count=35919 14502 933 14315 306440 1138 13844 173 9315 193 12205 449 1668 48106 1903 60676 3287 47631 5090 2069 2063 792 93 1536 30777 13376 269 17609 228 86158 431
internal_value=0.00358444 0.00334498 0.00282565 0.00391593 0.00702812 0.00305514 0.00478584 0.00959011 0.0130695 0.0101898 0.00489384 0.0118254 0.00104678 0.000348439 -0.0018778 -0.00146799 0.00142906 0.016206 0.0110686 0.0204969 0.0111242 0.00243091 -0.0135732 0.00632262 0.00396743 -0.0462827 0.00455408 0.025341 0.00248136 -0.0132309
internal_weight=318407 308538 270413 167654 38125.6 145573 27808.1 22080.8 10317.5 7438.33 27774.5 16016.4 102759 79583.5 38464.2 37611.4 15221.5 5589.8 9868.84 2879.16 7318.85 41119.3 479.701 28402 20912.2 119.483 27317.5 2047.89 40639.6 414.14
internal_count=733188 716617 645579 394825 71038 364437 54150 30388 16888 13459 53977 21073 250754 202648 113497 111594 50918 6758 16571 3429 12997 89151 1629 57997 44153 462 53528 2291 87522 1364
is_linear=0
shrinkage=0.05


Tree=67
num_leaves=31
num_cat=0
split_feature=7 6 6 14 5 10 9 3 2 5 5 1 9 6 3 6 11 9 9 11 5 5 10 9 9 11 9 3 3 11
split_gain=258.863 173.318 182.699 125.93 94.485 98.0799 88.6529 79.739 74.3925 71.1327 137.72 124.084 112.393 88.3041 47.9062 61.6811 55.9253 45.1708 44.1308 43.7514 43.616 68.4476 62.1802 160.393 46.9407 47.5638 151.084 43.4622 42.3052 77.0456
threshold=0.91074174642562877 3211691.0000000005 7714069.5000000009 1.0000000180025095e-35 1289243.5000000002 0.2578235417604447 13.267857074737551 0.23690199851989749 0.01197647722437978 10052930.500000002 13439690.500000002 21.500000000000004 21.708333015441898 3211691.0000000005 0.013957562390714886 3211691.0000000005 -0.029582916758954522 14.062500000000002 17.038461685180668 0.44115051627159124 5320895.5000000009 13439690.500000002 -0.049675324931740754 6.0714285373687753 10.050000190734865 -0.036368066444993012 14.408333301544191 0.28146463632583624 0.17979500442743304 -0.021202153526246544
decision_type=10 8 10 2 2 2 2 10 2 2 2 2 2 10 10 10 2 2 2 2 2 2 2 2 2 2 2 10 10 2
left_child=1 3 4 8 19 9 27 -7 20 11 13 -6 -12 28 16 17 18 -16 -13 -3 -1 22 23 -22 -23 26 -26 -2 29 -11
right_child=6 2 -4 -5 5 7 -8 -9 -10 10 12 14 -14 -15 15 -17 -18 -19 -20 -21 21 24 -24 -25 25 -27 -28 -29 -30 -31
leaf_value=0.0055737551497057856 0.015214497497116281 -0.01279000565268288 0.0093221541787392361 0.0093221541787392361 0.0042957924286969543 0.0042957924286969543 0.0093221541787392361 0.0093221541787392361 0.0093221541787392361 -0.0081273076240582342 0.0041411458829516117 -0.0076571577043510908 -0.00077241020037939381 -0.022306355645537887 0.0029597824965386724 0.0029597824965386724 0.00011069840295398263 0.00086818786080359385 -0.037826785774843726 0.0093221541787392361 -0.013842919124151429 0.0064152768160966869 -0.0016950524353685694 -0.066083339885683198 -0.010269437060011988 0.0016875687022744655 -0.10758940806619473 0.027642378154260745 0.0020686418923363532 -0.00066637476244829001
leaf_weight=12687.789007544518 1446.9346896111965 1353.5223503671587 9722.6306427121162 10082.706225268543 66264.907047942281 12653.932828269899 1454.7319919466972 2821.8478292003274 2471.8697428107262 3945.2695702314377 42703.787918239832 980.91124831140041 15997.380234587938 475.43497928231955 5027.7154466360807 14338.054291754961 18000.622593153268 42472.633130278438 136.63259720802307 51.534346655011177 116.30148839950562 3452.3450850397348 4871.17774066329 160.12656728923321 177.10620558261871 3690.6731084361672 41.228156119585037 1328.9305808320642 10514.047555088997 28046.095404773951
leaf_count=24234 2008 4892 16557 16850 117099 18383 3542 3374 3184 9488 80965 2302 48969 1635 8613 32021 60687 124916 467 25 130 5374 11826 531 300 8250 168 1390 29860 94384
internal_value=0.0032638 0.00309782 0.00266243 0.00627495 0.00241611 0.00248487 0.0155465 0.00634689 0.00441779 0.00224469 0.00122758 0.00294716 0.00280211 -0.000922859 0.00162377 0.00230005 -0.00056367 0.00100704 -0.0114067 -0.0105066 0.0035084 0.00141296 -0.00300933 -0.0259908 0.00450533 0.000341188 -0.0222264 0.0211068 -0.00068264 -0.00158693
internal_weight=317489 313258 275507 37751.3 265784 264379 4230.6 15475.8 27668.6 248903 101682 147221 58701.2 42980.8 80956.6 61838.4 19118.2 47500.3 1117.54 1405.06 25196.7 12509 5147.61 276.428 7361.35 3909.01 218.334 2775.87 42505.4 31991.4
internal_count=732424 725484 654637 70847 638080 633163 6940 21757 53997 611406 265301 346105 129934 135367 229006 165550 63456 133529 2769 4917 50813 26579 12487 661 14092 8718 468 3398 133732 103872
is_linear=0
shrinkage=0.05


Tree=68
num_leaves=31
num_cat=0
split_feature=6 5 5 15 5 15 14 9 2 2 14 6 9 11 6 0 3 6 8 3 8 2 8 8 8 8 8 8 6 8
split_gain=221.489 192.364 251.99 178.341 143.839 226.514 149.952 161.283 127.647 115.397 94.8752 139.732 107.527 87.1282 83.6444 79.0301 77.639 76.1682 75.8434 72.2643 68.5325 66.8916 65.2709 67.2805 62.5688 60.8531 57.0309 66.9249 55.4446 92.741
threshold=7714069.5000000009 5320895.5000000009 12130922.500000002 6.5000000000000009 10052930.500000002 6.5000000000000009 1.0000000180025095e-35 14.348484516143801 0.018019480630755428 1.0000000180025095e-35 1.0000000180025095e-35 1.0000000180025095e-35 17.354166984558109 -0.10883838310837744 3211691.0000000005 0.10612764954566957 0.077505085617303862 3211691.0000000005 43.500000000000007 0.40503749251365667 33.500000000000007 0.14007994532585147 34.500000000000007 43.500000000000007 44.500000000000007 23.500000000000004 1.0000000180025095e-35 21.500000000000004 1.0000000180025095e-35 88.500000000000014
decision_type=10 2 2 2 2 2 2 2 2 2 2 10 2 2 8 2 10 8 2 10 2 2 2 2 2 2 2 2 10 2
left_child=1 3 4 8 5 6 -3 17 10 28 14 12 -12 15 -1 -6 -2 -8 -10 -15 -9 -19 -14 -24 25 -21 -16 -28 -4 -30
right_child=16 2 9 -5 13 -7 7 20 18 -11 11 -13 22 19 26 -17 -18 21 -20 24 -22 -23 23 -25 -26 -27 27 -29 29 -31
leaf_value=0.0051652193554763207 0.0090054976211052431 -0.0023978304905872753 0.0021608771057846118 0.020314550043404923 -0.026905422899827489 0.023385320575955673 0.012507671246659684 0.0027760067507248461 0.012356824551085506 0.0097622670513551404 0.0051928100736465038 0.0065827583752122547 0.0028500429714933967 -0.0017939364354068181 -0.0035037940019621659 -0.0077410630085374054 0.022341220597195795 0.0042465774536580483 0.0065827583752122547 0.002385293465045177 -0.0018582827964623337 0.012507671246659684 -0.073988342959598635 -0.001845756368128215 0.002385293465045177 0.02092628432537251 0.0065827583752122547 0.00033546250423610862 0.0052808225160917268 -0.021975944753231766
leaf_weight=12805.992671512067 8600.9763709828258 17044.839211024344 33622.92846333608 1784.5722672268748 689.15012343227863 1216.9376324266195 1655.6217513680458 5093.5591927543283 5716.8810269534588 8558.0001925528049 31429.546880193055 17966.347317740321 8686.3216413334012 40300.075601257384 7344.8492447435856 644.5608071833849 1249.6750382483006 23177.050958603621 6203.7172392904758 480.04415988177061 16524.948322422802 1490.7215401157737 30.412079982459545 11342.543896544725 1245.174289137125 1036.0251565426588 2889.8365622162819 15436.945129029453 33544.634089887142 313.07766462862492
leaf_count=24437 14763 47885 77448 3139 1658 2525 2309 16173 6917 12016 57076 32626 21449 128193 14613 1076 1740 41502 9274 1099 54137 1688 134 36589 3515 2236 4678 42201 68890 920
internal_value=0.00332168 0.0030858 0.00207744 0.00463293 0.000554052 0.00203062 0.00163002 0.00306209 0.0043991 0.00429315 0.00385668 0.00496004 0.00336749 -0.00164785 0.00186487 -0.0142244 0.0107015 0.00569007 0.00930883 -0.00125768 -0.00013806 0.00493599 0.000507276 -0.00205165 0.00656452 0.0139973 0.000218262 0.00171018 0.00359928 0.0050275
internal_weight=318126 308275 186637 121638 110599 66203.7 64986.7 47941.9 119853 76038.6 107933 69455.2 51488.8 44395 38477.6 1333.71 9850.65 26323.4 11920.6 43061.3 21618.5 24667.8 20059.3 11373 2761.24 1516.07 25671.6 18326.8 67480.6 33857.7
internal_count=732906 716403 463270 253133 303996 166219 163694 115809 249994 159274 233803 147874 115248 137777 85929 2734 16503 45499 16191 135043 70310 43190 58172 36723 6850 3335 61492 46879 147258 69810
is_linear=0
shrinkage=0.05


Tree=69
num_leaves=31
num_cat=0
split_feature=6 6 14 6 8 10 3 11 8 9 15 5 8 8 9 3 7 8 3 8 5 11 8 8 11 3 3 10 8 8
split_gain=176.562 191.291 200.38 258.892 318.205 148.397 126.708 117.937 98.7996 98.4276 85.0174 442.928 99.7894 91.808 83.1593 74.3729 99.1321 71.6664 91.2365 143.585 71.5962 91.5097 92.9458 134.743 83.8598 127.409 62.691 62.6878 61.5917 61.2162
threshold=7714069.5000000009 3211691.0000000005 1.0000000180025095e-35 3211691.0000000005 23.500000000000004 0.30342836678028112 0.046998459845781333 0.071252468973398222 104.50000000000001 9.2750000953674334 6.5000000000000009 10052930.500000002 130.50000000000003 69.500000000000014 10.535714149475099 0.0090917046181857603 0.32859666645526892 9.5000000000000018 0.0058937692083418378 13.500000000000002 10052930.500000002 -0.18495246767997739 60.500000000000007 66.500000000000014 -0.10883838310837744 0.10149065032601358 0.0058937692083418378 -0.024623334407806393 72.500000000000014 79.500000000000014
decision_type=10 8 2 10 2 2 10 2 2 2 2 2 2 2 2 10 10 2 10 2 2 2 2 2 2 10 8 2 2 2
left_child=1 6 10 7 17 9 8 20 14 -6 12 29 -3 -13 -1 16 -11 -5 19 -19 21 -4 -23 -24 25 -22 -2 -25 -15 -12
right_child=26 2 3 4 5 -7 -8 -9 -10 15 11 13 -14 28 -16 -17 -18 18 -20 -21 24 22 23 27 -26 -27 -28 -29 -30 -31
leaf_value=0.0074276020351984901 -0.021249338363830691 -0.00098469770820104586 -0.025818515228369865 0.018708182468489966 0.011901881568969744 0.021328965456559573 0.011477013639585101 0.0066209339475278078 -0.079161802666845346 -0.06390323950764186 0.022680778462037598 0.0011378481557905839 -0.08199752870452845 0.098138780998415151 0.0021143943962453945 0.0017594801968768854 -0.012321498440720837 -0.10663170649722789 0.011204431612784539 -0.010399068509215429 -0.027002847207821663 0.0034903490637407833 -0.0081488427664595971 -0.010953619884962851 0.0007814447159099837 -0.0046154994575453145 0.0099938681769971283 0.0039078477464807087 0.025463450242642627 0.0011378481557905839
leaf_weight=13556.642540730536 161.48778077960014 55114.972849488258 278.77720944583416 3938.2630254849792 2044.8423715233803 1091.7717351764441 8158.7497935295105 13316.758082486689 33.301728598773479 108.9323845282197 2857.3918894827366 10809.528235584497 36.038209553807974 31.933458596467972 16125.00999763608 20517.04863717407 126.2209780216217 43.035356044769287 8830.2586727961898 78.982526525855064 741.20853987336159 70705.374064164236 4461.8208517804742 778.50153970718384 64128.06204662472 1108.1868808940053 9570.4349373951554 7813.8240241296589 230.59467712044716 117.3483699336648
leaf_count=21759 341 136185 559 5703 2628 1190 13546 19637 175 553 5238 37543 224 19 35576 44200 365 175 15927 241 1653 161082 15642 1845 170563 1781 16083 21021 652 350
internal_value=0.00284126 0.00263116 0.00216321 0.00296522 0.00675502 0.00333819 0.00595827 0.00211176 0.00444233 0.0024748 -0.000156106 0.0033163 -0.00104061 0.00113785 0.00454146 0.00143785 -0.0264025 0.0130856 0.0106085 -0.0320026 0.0017114 0.00267923 0.00277469 -0.00110149 0.00047859 -0.0100124 0.00947117 0.0025591 0.0349787 0.0209971
internal_weight=316915 307183 269310 200112 36779.4 23888.8 37873.7 163333 29715 22797 69197.8 14046.8 55151 11072.1 29681.7 20752.2 235.153 12890.5 8952.28 122.018 150016 84038.3 83759.5 13054.1 65977.5 1849.4 9731.92 8592.33 262.528 2974.74
internal_count=732456 716032 644976 464765 70982 48936 71056 393783 57510 47746 180211 43802 136409 38214 57335 45118 918 22046 16343 416 374146 200149 199590 38508 173997 3434 16424 22866 671 5588
is_linear=0
shrinkage=0.05


Tree=70
num_leaves=31
num_cat=0
split_feature=5 5 5 15 8 8 2 9 8 11 11 9 14 5 3 3 9 8 3 8 8 3 9 3 8 8 8 3 8 8
split_gain=175.666 177.81 306.007 151.872 113.009 257.251 108.619 95.6511 123.889 89.5014 78.0185 98.7044 72.5068 60.6654 83.5142 56.1813 49.8222 76.9174 49.9165 49.3071 49.9201 162.476 46.7895 46.0438 56.9678 43.381 42.088 63.7255 41.6539 109.269
threshold=1289243.5000000002 5320895.5000000009 12130922.500000002 6.5000000000000009 1.0000000180025095e-35 11.500000000000002 0.027149877510964874 18.22500038146973 42.500000000000007 0.45565807819366461 -0.10753119364380835 4.9166667461395273 1.0000000180025095e-35 10052930.500000002 0.027680146507918838 0.22402242571115497 11.045454502105715 1.0000000180025095e-35 0.11639588698744775 45.500000000000007 38.500000000000007 0.8671717941761018 7.6833331584930429 0.044101111590862281 54.500000000000007 34.500000000000007 8.5000000000000018 0.07426562532782556 43.500000000000007 34.500000000000007
decision_type=2 2 2 2 2 2 2 2 2 2 2 2 2 2 8 10 2 2 8 2 2 8 2 10 2 2 2 10 2 2
left_child=9 3 4 7 -3 -6 16 15 -9 12 13 -12 -1 14 -7 25 17 -4 -18 20 -15 -22 -8 24 -10 -2 -14 -28 29 -13
right_child=1 2 6 -5 5 10 22 8 23 -11 11 28 26 19 -16 -17 18 -19 -20 -21 21 -23 -24 -25 -26 -27 27 -29 -30 -31
leaf_value=-0.03773058801576458 0.0042459255989403611 -0.0024535039049792041 0.0045301826559845651 0.019197638175694656 0.027048867879346395 -0.08263710338513125 0.016580290721402421 0.0039590093953001974 -0.0018898164690987766 0.051900848091054247 0.011716257733036585 0.001397643167629261 0.010499750361236848 -0.016039970385635257 -0.0023570247723718068 0.0086690372734151682 0.00070952603010002581 0.0073960382143585766 0.0042120407088583707 -0.0023570247723718068 -0.11211761984679236 -0.0023570247723718068 0.0077579515456228168 0.00088034284206605935 -0.012905179695403404 0.0067979492864899786 -0.046210118315598396 -0.0094622881954031842 -8.5362669152645797e-05 0.0064360196006535645
leaf_weight=298.77101970463991 55030.909361816943 23918.549902111292 18040.787501320243 1778.7668898701668 966.37082091718912 30.994035869836807 2258.9132391884923 20277.209602199495 3604.4108899384737 48.623325943946838 2272.1031698137522 42780.535815566778 201.73815655708313 1094.1824365109205 2180.2823903262615 11673.179549612105 14615.671258658171 6594.806008130312 33466.17505351454 129.61760810017586 52.08121532201767 32.482240542769432 4506.7053623497486 14160.164880938828 1494.3871759772301 16340.071576781571 134.63626092299819 878.56642784178257 37034.88052271679 2091.3614054918289
leaf_count=1309 95340 63444 31532 3061 1142 105 2479 50699 11593 19 2997 119524 370 2318 3603 19297 35894 8828 79252 156 220 44 6361 40929 5769 28102 734 2983 110874 3464
internal_value=0.00314445 0.00322706 0.00227329 0.00470005 0.000596352 0.00141913 0.0046485 0.00448936 0.00246494 -0.0135699 0.0011361 0.00144109 -0.0157386 -0.00615514 -0.00235702 0.00545308 0.00408448 0.00591293 0.00314744 -0.0147876 -0.0189669 -0.055594 0.0107076 -0.000586785 -0.00465998 0.00492686 -0.0102774 -0.0144268 0.00115578 0.00218011
internal_weight=317988 316426 192066 124359 112583 88664.9 79483.1 122580 39536.2 1562.34 87698.5 84178.9 1513.71 3519.64 2211.28 83044.2 72717.4 24635.6 48081.8 1308.36 1178.75 84.5635 6765.62 19259 5098.8 71371 1214.94 1013.2 81906.8 44871.9
internal_count=732442 727027 472237 254790 307891 244447 164346 251729 108990 5415 243305 236859 5396 6446 3708 142739 155506 40360 115146 2738 2582 264 8840 58291 17362 123442 4087 3717 233862 122988
is_linear=0
shrinkage=0.05


Tree=71
num_leaves=31
num_cat=0
split_feature=6 6 7 4 6 8 3 9 2 4 8 6 10 3 7 3 8 7 5 8 10 8 9 10 9 8 7 10 9 3
split_gain=223.088 203.856 186.966 116.578 232.971 312.618 143.553 118.92 112.628 96.0371 181.753 78.0727 76.3182 80.228 74.8206 93.9767 71.1655 68.3702 67.1657 64.317 61.4776 66.826 68.3652 48.2811 47.0139 46.312 46.0005 44.6835 42.8 42.7845
threshold=7714069.5000000009 3211691.0000000005 0.94803845882415783 197900.00000000003 3211691.0000000005 22.500000000000004 0.0058937692083418378 10.050000190734865 0.038648245856165893 134020.00000000003 60.500000000000007 3211691.0000000005 0.095914501696825041 0.31188309192657476 0.38471275568008428 0.058075461536645896 73.500000000000014 0.28001515567302709 10052930.500000002 104.50000000000001 -0.049416434019803994 1.0000000180025095e-35 12.354166507720949 0.10509692505002023 19.679487228393558 43.500000000000007 0.2105745151638985 -0.017406204715371128 14.062500000000002 0.34456743299961096
decision_type=10 8 10 8 10 2 8 2 2 8 2 10 2 10 10 8 2 8 2 2 2 2 2 2 2 2 10 2 2 10
left_child=1 8 3 4 12 -6 -5 -7 9 28 -11 -8 -3 18 15 26 27 -13 -14 24 -19 -22 -23 -9 -18 -24 -2 -12 -1 -16
right_child=14 2 -4 6 5 7 11 23 -10 10 16 17 13 -15 29 -17 19 20 -20 -21 21 22 25 -25 -26 -27 -28 -29 -30 -31
leaf_value=0.010611931962549366 -0.053036596002814788 0.0014945324411019423 0.021518684073552584 -0.07947591184262548 0.011787451808520871 0.011787451808520871 0.0014945324411019423 0.0014945324411019423 0.015918235471998995 0.0045018572824847254 -0.080142642253987414 -0.039550623667004958 0.0070045490558438596 0.010865491602788858 0.018092482873130224 0.0096248759385055317 0.0067183219292489453 -0.0068727239332402228 0.0030651136222543244 -0.072563614945365007 -0.0029747937695270067 0.0014945324411019423 0.00012175276229268286 0.0066409921248114069 -0.04103343156195164 -0.0035659123470336701 -0.0086238542938955522 -0.027519442836702719 0.0067183219292489453 0.044370743195219137
leaf_weight=4736.1790786385536 86.787145972251892 140046.13482611254 1237.6957847103477 54.330659031867981 12763.379603505135 3179.8075184524059 15010.073805615306 17848.781781047583 2689.2766988873482 25248.521097511053 43.896111100912094 48.477489314973354 10472.57357122004 4167.9614906907082 695.1167326644063 8768.8265167102218 293.87859047949314 3768.26911008358 6942.1464938819408 28.91675066202879 15745.926207199693 11732.992779448628 15204.204010218382 2534.4598465710878 52.055168807506561 8977.3065632767975 91.330079257488251 393.98164689540863 4505.8313915282488 199.9117216616869
leaf_count=6507 248 356282 1894 258 21822 4127 46121 40369 3175 49647 156 191 15609 6068 1017 14842 573 7534 12139 156 32889 19061 46402 3968 217 30881 159 1272 9201 172
internal_value=0.00286574 0.0026287 0.00214568 0.00205622 0.00267815 0.00629619 0.000310913 0.00286203 0.00605763 0.00530563 0.00375214 0.000374665 0.00186492 0.00463569 0.0102753 0.00889244 -0.0194928 -0.000766351 0.00314361 -0.00346527 -0.000708954 -0.000259101 0.000931635 0.00149453 0.0026946 -0.00125103 -0.0268726 -0.0331352 0.00968451 0.0240478
internal_weight=317569 307727 269735 268497 197955 36326.4 70541.6 23563 37992.5 35303.3 26061.2 70487.2 161629 21582.7 9841.97 8946.94 812.728 55477.2 17414.7 374.851 55428.7 51660.4 35914.5 20383.2 345.934 24181.5 178.117 437.878 9242.01 895.028
internal_count=732957 716519 645615 643721 460384 70286 183337 48464 70904 67729 52021 183079 390098 33816 16438 15249 2374 136958 27748 946 136767 129233 96344 44337 790 77283 407 1428 15708 1189
is_linear=0
shrinkage=0.05


Tree=72
num_leaves=31
num_cat=0
split_feature=7 6 14 5 7 9 5 9 3 6 6 2 7 11 9 3 7 7 3 10 1 11 3 9 5 5 5 2 5 5
split_gain=190.158 160.176 345.816 124.796 208.677 139.193 111.167 85.3445 78.2503 74.4882 107.505 69.4984 70.2644 63.0212 57.0798 189.377 73.9928 54.1016 50.6651 44.9235 40.853 58.1644 38.2037 34.9613 47.7153 33.7869 43.2189 33.6307 37.7957 98.9401
threshold=0.90672317147254955 1.0000000180025095e-35 1.0000000180025095e-35 10052930.500000002 0.87161171436309826 15.354166507720949 12130922.500000002 14.267857074737551 0.20992828905582431 7714069.5000000009 3211691.0000000005 0.026432231068611148 0.67745968699455272 -0.10883838310837744 10.949999809265138 0.0090917046181857603 0.49488030374050146 0.54296705126762401 0.30402800440788275 -0.065512266010045991 21.500000000000004 -0.10043290257453917 0.032394221052527435 20.708333015441898 5320895.5000000009 13439690.500000002 5320895.5000000009 0.07008771970868112 15089427.500000002 5320895.5000000009
decision_type=10 10 2 2 8 2 2 2 10 10 10 2 8 2 2 10 10 10 10 2 2 2 10 2 2 2 2 2 2 2
left_child=1 3 9 4 5 17 8 18 13 10 23 12 -8 -5 -4 16 -16 22 -2 -17 -7 -22 -1 24 -3 26 -25 28 29 -12
right_child=7 2 14 6 -6 20 11 -9 -10 -11 27 -13 -14 -15 15 19 -18 -19 -20 -21 21 -23 -24 25 -26 -27 -28 -29 -30 -31
leaf_value=0.0017701799591568577 0.012850761885813284 0.0073715823996447858 0.0075956924601597023 -0.014952140369793055 0.0075956924601597023 0.0017701799591568577 0.00010090195998950487 0.0075956924601597023 0.0023994657812937662 0.0065330423041472995 0.00080671150539834632 0.0075956924601597023 0.0044237857141103181 -0.0024894356233707876 -0.037185176583883796 -0.0090454286720636125 -0.0090454286720636125 0.0047806860486621465 0.02489612167069976 0.0061455608270772899 -0.087680827187706367 -0.00078096311251639645 0.0036457321932625228 0.00058203343358059572 0.0028890492610986699 0.0028890492610986699 -0.010966209882297063 0.0056994523336674147 0.0021495748906242892 -0.0045872877185238001
leaf_weight=9672.4636975303292 1573.1311581358314 10490.422686181962 11543.810641616583 1044.6677541136742 4599.7655359879136 1068.8852127641439 27677.425283234566 1464.0426916480064 8870.3237532973289 7834.223470300436 27014.040777847171 3422.4843248650432 6268.9386456981301 32996.630178414285 383.5292280651629 297.82098168134689 146.71879398822784 12489.28364982456 1448.8301220461726 35540.71793384105 17.265450000762939 38698.901165936142 26262.475659385324 3478.2770360782743 10665.426401764154 2104.5901140719652 1054.1246006041765 2618.8012423068285 13799.325463064015 12403.132912762463
leaf_count=19277 2259 16928 16054 2236 8581 1731 65542 3667 24173 13664 63406 4615 12698 107735 1489 602 378 20162 1585 71118 73 119090 44951 8784 19518 5064 3828 3585 30728 39090
internal_value=0.00255957 0.00241278 0.00367434 0.00139692 0.00264555 0.00196568 -4.66155e-05 0.0127786 -0.00178286 0.00187165 0.00143483 0.00194715 0.00125188 -0.00287275 0.00711535 0.00553885 -0.0240691 0.00376594 0.0181058 0.00597823 -0.000225583 -0.000824243 0.00251078 0.00397566 0.00496886 0.00080924 -0.00210745 0.00017 -0.00010231 -0.000890728
internal_weight=316950 312464 139375 173090 92809 88209.3 80280.5 4486 42911.6 91462.4 83628.1 37368.8 33946.4 34041.3 47912.6 36368.8 530.248 48424.2 3021.96 35838.5 39785.1 38716.2 35934.9 27792.8 21155.8 6636.99 4532.4 55835.3 53216.5 39417.2
internal_count=732611 725100 294236 430864 213865 205284 216999 7511 134144 204595 190931 82855 78240 109971 89641 73587 1867 84390 3844 71720 120894 119163 64228 54122 36446 17676 12612 136809 133224 102496
is_linear=0
shrinkage=0.05


Tree=73
num_leaves=31
num_cat=0
split_feature=6 6 14 6 8 8 9 8 8 9 5 7 8 11 15 5 8 3 8 8 11 9 3 5 4 8 9 5 11 8
split_gain=204.893 173.799 100.484 249.575 313.875 139.6 140.014 124.851 427.822 111.531 115.078 101.414 111.562 95.3072 93.3105 167.328 98.005 90.0951 84.6441 82.3801 76.0809 72.9769 73.1938 64.6773 63.9786 58.1155 55.1315 90.6398 69.091 57.7795
threshold=7714069.5000000009 3211691.0000000005 1.0000000180025095e-35 3211691.0000000005 23.500000000000004 150.50000000000003 9.2750000953674334 1.0000000180025095e-35 11.500000000000002 15.354166507720949 5320895.5000000009 0.83346664905548107 25.500000000000004 -0.11203766986727713 6.5000000000000009 10052930.500000002 69.500000000000014 0.046998459845781333 65.500000000000014 104.50000000000001 -0.062016839161515229 10.267857074737551 0.013957562390714886 1289243.5000000002 27005.600585937504 66.500000000000014 6.5357143878936776 1289243.5000000002 -0.01471808413043618 87.500000000000014
decision_type=10 8 2 10 2 2 2 2 2 2 2 10 2 2 2 2 2 10 2 2 2 2 8 2 10 2 2 2 2 2
left_child=1 17 7 9 23 6 -6 -3 -9 10 11 12 24 -11 26 -16 -17 19 -15 21 -20 -1 -23 -5 -4 -12 -10 -28 29 -29
right_child=-2 2 3 4 5 -7 -8 8 14 13 25 -13 -14 18 15 16 -18 -19 20 -21 -22 22 -24 -25 -26 -27 27 28 -30 -31
leaf_value=0.007090814788719129 0.0096842888469239226 -0.0028640826941209951 0.0074198109431957513 -0.045167817533791232 0.01376136253619039 0.045435862549997826 0.0011712392784954606 0.029608764162368673 0.0028238412638616544 -0.092020355935417117 0.0015195072248972313 0.016489490185921309 0.0083809869766777179 0.0011473083125435992 0.016992804730210691 0.0028238412638616544 0.034461256074175349 0.010235660502737748 -0.045890911665450507 -0.075751377226007943 -0.0027437142133988224 -0.030316020048748112 0.0024699706677115559 0.012693781258259113 0.0015195072248972313 0.0077409451095497121 -0.041470536454110779 -0.0044825814481716441 0.00041340431748035898 -0.033743368214948909
leaf_weight=13554.84485141933 9961.9102710112929 21375.145499765873 4693.0644445493817 46.570079505443573 2463.2890083193779 188.70491874217987 21185.851713377982 1335.6146542131901 2507.4909016638994 26.003973722457886 57975.492165185511 1919.5973534807563 11569.485019288957 55876.314103055745 2434.5085497871041 5577.3433727324009 261.02371048927307 8119.1470346003771 94.373432636260986 30.113581538200378 15488.745929164812 170.05769810080528 16103.258570700884 12976.133383363485 11839.496787026525 3762.5342130884528 134.3260637447238 6406.0582092255354 29392.843801319599 171.34020902961493
leaf_count=21681 16596 52084 7166 158 3062 223 45528 1353 3400 111 114377 2427 18083 171045 4853 19101 659 13511 298 169 52723 565 35234 21939 21295 6419 763 13648 84127 551
internal_value=0.00262756 0.00239902 0.00195306 0.00252222 0.00623816 0.00282748 0.00248368 0.000316551 0.00172652 0.0016831 0.00283662 0.00537574 0.00461546 0.000202398 0.000931006 0.00574926 0.00282384 0.00556578 0.000238533 0.00429533 -0.00301979 0.00438122 0.00212367 0.01248 0.00197965 0.00160177 -0.000101581 -0.000777567 -0.000623308 -0.00525485
internal_weight=317641 307679 269701 200106 36860.5 23837.8 23649.1 69595.7 48220.5 163245 91759.7 30021.6 28102 71485.4 46884.9 8272.88 5838.37 37977.4 71459.4 29858.3 15583.1 29828.2 16273.3 13022.7 16532.6 61738 38612.1 36104.6 35970.2 6577.4
internal_count=733149 716553 645393 464854 70910 48813 48590 180539 128455 393944 169767 48971 46544 224177 127102 24613 19760 71160 224066 57649 53021 57480 35799 22097 28461 120796 102489 99089 98326 14199
is_linear=0
shrinkage=0.05


Tree=74
num_leaves=31
num_cat=0
split_feature=7 9 3 11 0 9 5 3 5 3 5 7 15 6 3 9 9 4 7 4 11 11 3 7 4 4 1 5 4 7
split_gain=163.446 131.226 108.23 105.383 87.1747 84.4508 80.8662 76.0754 75.2196 43.4164 40.0699 69.7474 29.0834 26.3822 35.2434 25.3093 25.2528 25.059 22.2966 21.0254 20.613 15.191 14.8766 14.8738 14.6869 13.3293 11.5395 7.67898 8.16325 6.51159
threshold=0.90672317147254955 11.949999809265138 0.1921707093715668 -0.18495246767997739 1.0000000180025095e-35 14.348484516143801 5320895.5000000009 0.0058937692083418378 13439690.500000002 0.28146463632583624 15089427.500000002 0.28542743623256689 6.5000000000000009 1.0000000180025095e-35 0.0090917046181857603 15.436508178710939 21.585714340209964 56050.000000000007 0.44452822208404547 40810.000000000007 -0.017309707589447495 -0.044947260990738862 0.13366881757974627 0.95346027612686168 2149.9001464843755 98200.000000000015 21.500000000000004 12130922.500000002 7420.0000000000009 0.27147588133811956
decision_type=10 2 10 2 2 2 2 8 2 10 2 10 2 10 10 2 2 10 10 10 2 2 10 10 10 10 2 2 10 8
left_child=1 2 6 18 7 9 25 10 -8 24 11 17 13 15 16 22 -15 -5 -3 -12 -11 -4 -9 -22 -2 29 -17 28 -28 -1
right_child=5 3 21 4 -6 -7 8 12 -10 20 19 -13 -14 14 -16 26 -18 -19 -20 -21 23 -23 -24 -25 -26 -27 27 -29 -30 -31
leaf_value=0.0036877487585417063 0.017694805640315475 -0.11149756077543312 0.0049459494157722463 -0.017951834230811436 0.0024295481013111675 0.0069391422233675368 0.0024295481013111675 0.00017316698967598205 0.0049459494157722463 0.017694805640315475 -0.014947195891150719 -0.0059064000721230185 0.0015712040994944857 0.00028033451148081878 0.0010442069276131892 0.00017316698967598205 -0.0016592368064332033 -0.040240818236589371 -0.040240818236589371 -0.040240818236589371 0.023416431073585275 0.0069391422233675368 0.0010442069276131892 0.036645136775791683 0.012041530850112789 0.0024295481013111675 -0.00039327168367162696 -0.00039327168367162696 -0.001575916601932602 0.0049459494157722463
leaf_weight=6372.52488630265 153.5987184792757 22.590275689959526 3354.9118824228644 240.41396690532565 50808.268720798194 1451.017992682755 37737.098202109337 12596.017511382699 25245.870305411518 399.43367482721806 98.967351302504539 508.94225036725402 5142.3732366859913 16507.031364716589 25070.649994067848 285.41193272173405 22891.042130000889 122.69754586927593 13.446019724011419 89.075255043804646 755.56590029597282 8146.4096105024219 10367.442069783807 310.02963718026876 1402.7268989682198 1007.1781409531832 748.66442900896072 13620.552111845464 41023.017427742481 29949.865947172046
leaf_count=10475 147 95 5209 1007 102498 3668 86388 26377 40710 539 409 1769 18265 36448 53336 370 74480 738 30 577 837 10871 20672 264 2095 1760 1987 40005 142243 48317
internal_value=0.00226288 0.00212678 0.00349879 0.0013603 0.00137611 0.0117515 0.00295276 0.00071286 0.00242955 0.0171439 -0.0126212 -0.00806604 0.000808376 0.00051721 0.00104421 -0.000115143 -0.000483538 -0.0280182 -0.0818577 -0.0334385 0.0233481 0.00693914 0.00104421 0.0273267 0.0120415 0.00490973 -0.000697873 -0.00095971 -0.00133403 0.00494595
internal_weight=316443 311970 111814 200157 200121 4472.37 100313 149312 62983 3021.35 1060.1 872.054 148252 143110 64468.7 78641.1 39398.1 363.112 36.0363 188.043 1465.03 11501.3 22963.5 1065.6 1556.33 37329.6 55677.6 55392.2 41771.7 36322.4
internal_count=732586 725036 203730 521306 521181 7550 187650 418683 127098 3882 4500 3514 414183 395918 164264 231654 110928 1745 125 986 1640 16080 47049 1101 2242 60552 184605 184235 144230 58792
is_linear=0
shrinkage=0.05


Tree=75
num_leaves=31
num_cat=0
split_feature=9 8 8 8 8 8 10 1 8 4 5 4 10 2 4 8 8 9 8 6 5 4 8 8 6 2 8 8 0 6
split_gain=122.453 411.235 472.508 112.014 141.565 278.22 89.7063 70.2768 60.8968 47.9228 50.9074 43.4118 42.7308 103.978 104.057 46.5788 57.0782 47.6951 42.8601 36.8311 30.2256 30.2207 30.0092 33.9989 29.6825 29.562 28.0227 23.1685 105.032 23.1021
threshold=10.775000095367433 1.0000000180025095e-35 10.500000000000002 21.500000000000004 22.500000000000004 33.500000000000007 0.52134993672370922 12.500000000000002 44.500000000000007 40005.000000000007 12130922.500000002 8612.2001953125018 -0.049416434019803994 0.014389234129339458 80100.000000000015 12.500000000000002 43.500000000000007 18.366666793823246 57.500000000000007 3211691.0000000005 5320895.5000000009 11645.600097656252 44.500000000000007 87.500000000000014 3211691.0000000005 0.17033365368843081 19.500000000000004 45.500000000000007 0.055696560069918639 3211691.0000000005
decision_type=2 2 2 2 2 2 2 2 2 10 2 10 2 2 10 2 2 2 2 8 2 8 2 2 10 2 2 2 2 8
left_child=1 -1 11 9 -5 7 8 -6 -7 10 20 -3 13 14 22 24 -17 18 -18 -10 21 -4 -2 -24 -14 -21 29 -16 -29 -23
right_child=12 2 3 4 5 6 -8 -9 19 -11 -12 -13 15 -15 27 16 17 -19 -20 25 -22 26 23 -25 -26 -27 -28 28 -30 -31
leaf_value=0.0026893869305198749 -0.0034337484826971153 0.030098700113241391 0.042182386335429485 0.0026893869305198749 0.023210804379994732 0.0026893869305198749 0.02018644326521811 0.0026893869305198749 0.012416357599227176 0.0042028686873820413 0.025733413373635768 0.01816232088375503 0.00014166290592979364 0.00014166290592979364 -0.024106456479044226 0.0026893869305198749 0.0012327902333804485 0.00014166290592979364 0.0026893869305198749 0.0053077894559687847 0.010155863836708964 0.025060903991569877 -0.017856781712964852 -0.0028437690912306111 0.0026893869305198749 0.012416357599227176 0.029104167511517367 -0.10091606765791637 -0.017856781712964852 0.010155863836708964
leaf_weight=65879.64763468504 6815.079797655344 2180.7982094064355 120.57501670718193 11088.779262930155 3103.319237023592 9171.2711587250233 979.07964993268251 159.60799732804298 844.65222025662661 1091.152351975441 1007.2124528810382 1190.3909672871232 15930.531458824873 2000.0328072309494 294.80389808118343 87100.865984968841 23465.59373497963 44055.737104564905 21425.639047563076 6747.1271691545844 1423.6160555556417 282.64259353280067 743.56973707675934 133.44464021921158 7838.1068520396948 698.99825631082058 212.12651554495096 52.8646210283041 36.525068327784538 727.78185191750526
leaf_count=137283 13825 2077 74 17315 3581 13954 993 296 935 1648 1037 1440 32715 3164 731 225620 48452 152675 44475 9981 2146 281 1765 248 13950 748 177 219 58 1001
internal_value=0.0023515 0.00372887 0.00796879 0.00636253 0.00531156 0.00785599 0.00547343 0.0213099 0.00464627 0.0134414 0.0161089 0.0258971 0.0016499 -0.00152678 -0.0058292 0.00181011 0.0020964 0.00117269 0.00232392 0.00782987 0.0125891 0.0184333 -0.00455639 -0.0132525 0.000141663 0.00643093 0.0160259 -0.0311572 -0.0533738 0.0124384
internal_weight=316802 106909 41029.1 37657.9 32792.8 21704.1 18441.1 3262.93 17462 4865.11 3773.95 3371.19 209893 10076.3 8076.29 199816 176048 88947 44891.2 8290.78 2766.74 1343.13 7692.09 877.014 23768.6 7446.13 1222.55 384.194 89.3897 1010.42
internal_count=732864 194967 57684 54167 47803 30488 26611 3877 25618 6364 4716 3517 537897 20010 16846 517887 471222 245602 92927 11664 3679 1533 15838 2013 46665 10729 1459 1008 277 1282
is_linear=0
shrinkage=0.05


Tree=76
num_leaves=31
num_cat=0
split_feature=4 5 15 6 5 10 4 6 9 9 7 6 0 11 0 10 9 0 15 5 9 11 7 7 11 10 0 10 10 7
split_gain=147.177 131.513 156.911 141.57 132.101 116.805 107.05 113.82 105.678 79.054 74.2533 73.7514 63.4166 62.6593 61.9314 67.1487 48.2386 43.6875 42.768 40.5744 93.2841 39.8413 48.2152 39.3801 38.9043 38.1135 40.9362 101.823 35.2235 34.7874
threshold=2149.9001464843755 5320895.5000000009 6.5000000000000009 7714069.5000000009 12130922.500000002 0.036062303930521018 199700.00000000003 3211691.0000000005 11.949999809265138 15.267857074737551 0.65559235215187084 3211691.0000000005 0.45080643892288214 -0.053241055458784096 0.0082305916585028189 -1.0000000180025095e-35 9.7750000953674334 0.091287881135940566 6.5000000000000009 10052930.500000002 11.759615421295168 -0.052015691995620721 0.050065962597727783 0.83346664905548107 0.15856517106294635 -0.049675324931740754 0.07008771970868112 -0.052248043939471238 -0.22840908914804456 0.26010203361511236
decision_type=8 2 2 10 2 2 8 8 2 2 10 10 2 2 2 2 2 2 2 2 2 2 10 8 2 2 2 2 2 10
left_child=-1 2 8 4 6 18 7 9 10 -3 17 13 19 -8 15 -10 29 -2 28 20 -9 23 -23 -5 -22 26 27 -13 -6 -7
right_child=1 3 -4 21 5 16 11 12 14 -11 -12 25 -14 -15 -16 -17 -18 -19 -20 -21 24 22 -24 -25 -26 -27 -28 -29 -30 -31
leaf_value=0.033005208559041703 0.0039681186249313901 0.017256125390189163 0.017705011010680144 -0.046967309147882053 -0.054271202648133635 0.0089134736459317628 -0.013688929216813153 0.0049552921479768166 -0.050701063980220798 9.7539404352366046e-05 0.010576065271516428 -0.069430662159166517 0.017705011010680144 -0.00064449775947533468 0.0039681186249313901 0.0016574980505827189 0.0052681292389508035 0.0076703436316497954 0.005173091107423396 -0.00060421906919328676 -0.0005801652639610376 0.008134979799758307 0.017705011010680144 0.00038845623662614324 0.0025160137280010137 -0.0047215173431995605 -0.010190840062750534 -0.018077149963700301 0.0019250470687814701 0.017705011010680144
leaf_weight=391.43928879499435 30042.216166988015 1813.6437194943428 1820.6956361308694 53.576606035232544 25.898619212210178 2048.7713596448302 931.07259975373745 14587.883781768382 59.296405710279942 1065.0762403681874 4477.7752189263701 106.94071798026562 535.78787500411272 15526.309891413897 19246.762167789042 63402.430085023865 5777.5071033239365 6588.9246051833034 1968.3147263675928 34628.308635100722 28666.294185273349 4246.3215605318546 913.60162601619959 200.48500539362431 1171.6819223165512 10511.089549411088 346.30847659707069 406.9439944177866 64157.99253674224 1691.0207406058908
leaf_count=453 50675 2477 3146 131 67 2634 2060 24516 239 2590 6100 448 577 48900 34839 157209 9201 8363 3952 101152 83494 7465 1296 324 1633 33443 652 1096 141820 1850
internal_value=0.00244276 0.00240481 0.00366171 0.00157965 0.00134757 0.00295643 0.00024377 0.00114863 0.00344712 0.0109122 0.00551904 -0.00243763 0.000795224 -0.000644498 0.0024172 0.00160698 0.00813502 0.00476462 0.00221116 0.000678791 0.00167883 0.00954833 0.0105006 -0.00972372 7.67353e-05 -0.00555159 -0.0156602 -0.0259635 0.00190068 0.0125588
internal_weight=317410 317019 125638 191381 185967 75669.5 110297 82468.7 123817 2878.72 41108.9 27828.7 79590 16457.4 82708.5 63461.7 9517.3 36631.1 66152.2 79054.2 44425.9 5413.98 5159.92 254.062 29838 11371.3 860.193 513.885 64183.9 3739.79
internal_count=732802 732349 260571 471778 462562 159524 303038 216439 257425 5067 65138 86599 211372 50960 192287 157448 13685 59038 145839 210795 109643 9216 8761 455 85127 35639 2196 1544 141887 4484
is_linear=0
shrinkage=0.05


Tree=77
num_leaves=31
num_cat=0
split_feature=7 6 6 7 4 9 8 4 8 6 11 8 7 2 0 8 7 8 0 8 4 8 4 4 9 9 11 8 7 7
split_gain=119.356 104.022 97.609 81.2833 60.3238 121.075 96.2331 125.109 72.4711 71.6274 59.8608 56.7118 58.2504 59.6171 51.7315 50.1462 47.6828 36.4386 35.1246 32.0345 27.8526 26.2721 52.948 25.8352 25.2668 24.3981 22.0437 21.0373 54.2235 20.9973
threshold=0.94803845882415783 3211691.0000000005 7714069.5000000009 0.28581193089485174 39610.000000000007 7.5357143878936776 1.0000000180025095e-35 197024.50000000003 2.5000000000000004 3211691.0000000005 -0.10883838310837744 23.500000000000004 0.32005923986434942 0.046620300039649017 0.011173533275723459 100.50000000000001 0.22810026258230212 32.500000000000007 0.13574938476085666 22.500000000000004 70100.000000000015 76.500000000000014 31950.000000000004 57650.000000000007 14.767857074737551 5.9166667461395273 -0.17593795061111447 12.500000000000002 0.19364918768405917 0.29989059269428259
decision_type=10 8 10 10 8 2 2 10 2 10 2 2 8 2 2 2 10 2 2 2 8 2 10 8 2 2 2 2 8 10
left_child=1 3 4 14 5 8 7 23 9 -3 11 12 13 -8 15 -1 -17 -2 20 -7 -14 26 -23 29 -24 -10 -4 28 -28 -6
right_child=17 2 21 -5 6 19 10 -9 25 -11 -12 -13 18 -15 -16 16 -18 -19 -20 -21 -22 22 24 -25 -26 -27 27 -29 -30 -31
leaf_value=0.0026376148688117989 0.023239359709276458 0.0037461460662344612 -0.030601138532360701 0.0098239441663167133 -0.00016356798650601185 0.0037388652908385473 -0.033169246782801164 -0.078323909916744691 0.0098239441663167133 0.0098239441663167133 0.0018200096398844482 -0.0010748600717120703 -0.0060247399546366652 -0.013297138727113711 0.0067433191889256366 -0.078287370876327381 0.0046406441711084583 0.0098239441663167133 -0.0010748600717120703 0.0018739988794487794 -0.013297138727113711 0.0061919360062580343 -0.028107778956606599 -0.0019151466689164356 -0.098221788197619342 0.0050608591221823606 -0.011694389448677843 0.0095262522770178885 0.0058062783797472664 0.0018739988794487794
leaf_weight=24772.672826863825 921.40334466844797 17323.496395990252 36.77068018913269 5112.7552550509572 3559.2353726327419 25751.349866881967 497.64922019839287 50.700060576200485 3649.4611924365163 1914.6920946538448 140356.55272207409 1716.531946003437 337.3078581392765 193.68865786492825 7796.0183799639344 35.080069340765476 11.82426558434963 339.76180355250835 963.80757862329483 38386.391757998616 900.26399275660515 87.438326977193356 18.210385285317898 26661.029025450349 21.0434730052948 2744.7397105917335 74.958419263362885 4802.3936189115047 4516.5169669017196 2996.485498175025
leaf_count=50638 1226 33609 77 8375 7968 59224 1153 228 4439 2777 359834 2660 537 266 11897 187 18 721 1462 93560 1858 180 34 63233 87 3948 206 8704 7129 6136
internal_value=0.00218513 0.00212366 0.0017888 0.00458695 0.0016117 0.00266869 0.00107931 -0.00134591 0.00561829 0.00408005 0.00163587 -0.00396973 -0.00896974 -0.0216103 0.00366269 0.00253797 -0.0480458 0.0175242 -0.004984 0.001874 -0.0109746 0.00675353 -0.0157022 -0.0012237 -0.0624075 0.00982394 0.00705847 0.00721236 0.00478908 0.00158801
internal_weight=316550 315289 277561 37728.4 268003 89770.1 178233 33267.4 25632.4 19238.2 144966 4609.25 2892.72 691.338 32615.6 24819.6 46.9043 1261.17 2201.38 64137.7 1237.57 9557.33 126.692 33216.7 39.2539 6394.2 9430.64 9393.87 4591.48 6555.72
internal_count=732371 730424 659309 71115 642892 197557 445335 77565 44773 36386 367770 7936 5276 1419 62740 50843 205 1947 3857 152784 2395 16417 301 77337 121 8387 16116 16039 7335 14104
is_linear=0
shrinkage=0.05


Tree=78
num_leaves=31
num_cat=0
split_feature=4 11 9 3 11 9 9 8 8 7 11 8 9 8 10 8 3 4 15 7 8 8 3 3 9 3 8 10 2 7
split_gain=120.478 85.2442 91.3997 61.2307 51.9274 68.0534 48.9875 113.446 93.9104 70.2954 47.4353 44.3203 48.3848 45.0684 32.6865 32.2882 25.5414 17.5114 15.0406 14.4795 11.7421 21.1188 27.3568 10.8012 23.732 7.04303 5.7231 6.51919 9.58396 9.53708
threshold=2149.9001464843755 0.076757155358791365 5.9166667461395273 0.27498221397399908 -0.31677702069282526 3.1000000238418584 11.949999809265138 1.0000000180025095e-35 12.500000000000002 0.54296705126762401 -0.17248234897851941 33.500000000000007 18.366666793823246 34.500000000000007 -0.012615652289241551 58.500000000000007 0.0090917046181857603 50000.500000000007 2.5000000000000004 0.027888889424502853 99.500000000000014 77.500000000000014 1.5618260502815249 0.040998572483658798 21.633333206176761 0.2963512390851975 13.500000000000002 0.52779263257980358 0.18133462220430377 0.35723467171192175
decision_type=8 2 2 10 2 2 2 2 2 10 2 2 2 2 2 2 8 10 2 10 2 2 8 10 2 10 2 2 2 10
left_child=-1 4 26 -4 5 -2 7 -6 9 16 -10 -12 13 -13 15 19 18 -18 -8 -14 21 23 -23 24 -16 -17 -3 28 -28 -29
right_child=1 2 3 -5 6 -7 8 -9 10 -11 11 12 14 -15 20 25 17 -19 -20 -21 -22 22 -24 -25 -26 -27 27 29 -30 -31
leaf_value=0.030092621762224048 -0.017474729688459149 0.016076217383858168 0.0034190201403252116 0.0081036818294456924 0.002054599704794938 -0.093993882062208045 -0.017474729688459149 0.0034190201403252116 -0.017474729688459149 0.002054599704794938 0.002054599704794938 0.00079522931360622774 -0.0078353227101123427 0.002054599704794938 -0.00041508586259266948 -0.0078353227101123427 -0.0020585618187159444 -0.0059236047657451919 -0.010139166048236772 -0.0025931397679129359 0.00079522931360622774 -0.0025931397679129359 0.00079522931360622774 0.00061897437197831664 -0.0025931397679129359 -0.0025931397679129359 0.0081036818294456924 0.012382993750415907 0.012382993750415907 0.016076217383858168
leaf_weight=381.75529903173447 52.295799426734447 284.10750314593315 15776.106324367225 3571.6075945571065 65847.610836863518 32.706031702458858 62.733417525887489 35194.79261033237 39.707136899232864 4151.0569585412741 62077.211854990572 21595.014228023589 543.96443064510822 41730.9424983114 1602.7538923695683 1040.3835660740733 15212.463167354465 3629.3387299776077 147.76142087578773 1084.6067025437951 2003.2145745567977 4038.5224667191505 621.05824556946754 25862.567912079394 6747.2335282675922 382.74392653256655 1302.277870118618 673.55514049530029 667.66411598026752 496.8371432647109
leaf_count=453 76 299 24754 5043 137259 112 222 52452 139 7447 166045 55438 1608 88228 4831 3583 30663 7682 286 2688 6506 14287 2279 87894 28175 1047 1717 829 726 480
internal_value=0.00209378 0.00205981 0.00500675 0.0036733 0.00183129 -0.0367922 0.00184272 0.00273432 0.00137488 -0.00160814 0.00178356 0.00180408 0.000990542 0.00187501 -0.000284555 -0.00527451 -0.00300127 -0.0028036 -0.0174747 -0.00259314 8.82275e-05 -0.000336486 -0.00259314 0.000114169 -0.00144915 -0.00783532 0.0125341 0.0117868 0.010009 0.014757
internal_weight=316855 316473 22772.2 19347.7 293701 85.0018 293616 101042 192573 23203.4 169370 169330 107253 63326 43927 3051.7 19052.3 18841.8 210.495 1628.57 40875.4 38872.1 4659.58 34212.6 8349.99 1423.13 3424.44 3140.33 1969.94 1170.39
internal_count=733248 732795 33848 29797 698947 188 698759 189711 509048 46300 462748 462609 296564 143666 152898 8926 38853 38345 508 4296 143972 137466 16566 120900 33006 4630 4051 3752 2443 1309
is_linear=0
shrinkage=0.05


Tree=79
num_leaves=31
num_cat=0
split_feature=6 3 6 1 5 5 4 4 11 10 6 11 7 5 7 1 15 5 4 4 6 7 3 6 4 1 11 10 2 5
split_gain=112.366 104.431 166.855 133.114 74.2547 96.2483 92.6076 80.7954 68.8496 66.4719 48.8281 45.8393 43.5335 38.5863 112.946 37.1723 36.9834 54.6827 47.6396 35.4136 34.3824 33.3912 31.6772 30.7676 31.7468 28.4586 25.9455 22.6388 21.1261 20.8239
threshold=7714069.5000000009 0.013957562390714886 1.0000000180025095e-35 9.5000000000000018 5320895.5000000009 13439690.500000002 193000.00000000003 57040.000000000007 -0.080518092960119234 0.36137716472148901 3211691.0000000005 -1.0000000180025095e-35 0.72736483812332164 5320895.5000000009 0.51002511382102977 5.5000000000000009 6.5000000000000009 10052930.500000002 197600.00000000003 29020.000000000004 3211691.0000000005 0.90672317147254955 0.075872998684644713 1.0000000180025095e-35 170200.00000000003 21.500000000000004 0.063189588487148299 -0.012615652289241551 0.11215933039784433 13439690.500000002
decision_type=10 10 10 2 2 2 10 10 2 2 8 2 10 2 10 2 2 2 8 10 10 10 10 10 10 2 2 2 2 2
left_child=1 4 3 15 6 8 -1 25 28 13 -10 -9 -2 26 20 -3 18 -18 -12 -17 -15 -5 -11 24 -13 -7 -4 -27 -6 -14
right_child=12 2 9 21 5 7 -8 11 10 22 16 23 29 14 -16 19 17 -19 -20 -21 -22 -23 -24 -25 -26 27 -28 -29 -30 -31
leaf_value=0.0017647959323350286 0.0068365713942423736 0.016003834588741668 0.0062034625930911299 0.0017647959323350286 -0.016751158917267008 0.0017647959323350286 -0.085045023864325692 -0.068994912831609009 0.0017647959323350286 0.01017754527441515 -0.0014536308450122447 -0.01233316702009714 0.017914088964664746 0.0057890709778190639 0.0098133460233030996 0.011461028511873254 0.0017647959323350286 -0.0014536308450122447 -0.0057496687114419673 0.0054052553968241684 0.0017647959323350286 0.0054052553968241684 0.020006587319631518 -0.0043385893956279838 -0.038988777659717345 -0.0043385893956279838 0.01017754527441515 -0.00011059559011366446 -0.0074392686088027501 0.044218909707865094
leaf_weight=55366.260105380788 9504.4182748049498 1469.9666096642613 15877.368464760482 125738.81089646183 1119.5063920542598 21903.791534736753 30.682038251310587 30.666272707283497 6077.0037733986974 386.38812377303839 14138.82278714329 924.83919367194176 110.78692891448736 3689.1837482303381 5690.2339036166668 1892.2290905341506 1189.7286856174469 9171.561462931335 10707.163861207664 2928.44910454005 13309.805384144187 2328.5076247230172 1268.0120516866446 346.48310949280858 51.660552766174078 766.89992274343967 1085.9275077432394 9723.3474096357822 114.93697968125343 114.46622635424137
leaf_count=115554 16231 1730 29305 317849 2457 36721 139 113 13539 571 34561 2183 149 6610 10763 2343 2414 34253 34505 4273 28656 4557 1361 645 207 1856 1391 27741 137 94
internal_value=0.00206566 0.00189814 0.00269608 0.0018416 0.000833509 -0.000217961 0.0017648 0.0017648 -0.00180039 0.00547521 -0.00145213 -0.010442 0.00735534 0.00506496 0.00371575 0.00904571 -0.00218513 0.00032429 -0.00323155 0.00691822 0.0017648 0.0017648 0.0152901 -0.00898264 -0.0147238 0.0017648 0.00686894 -0.000996196 -0.0134264 0.0289916
internal_weight=317058 307328 175665 134358 131663 76266.4 55396.9 33747.7 42518.7 41306.9 41284.3 1353.65 9729.67 39652.5 22689.2 6290.64 35207.3 10361.3 24846 4820.68 16999 128067 1654.4 1322.98 976.5 32394 16963.3 10490.2 1234.44 225.253
internal_count=732908 716434 409409 330752 307025 191332 115693 69466 121866 78657 119272 3148 16474 76725 46029 8346 105733 36667 69066 6616 35266 322406 1932 3035 2390 66318 30696 29597 2594 243
is_linear=0
shrinkage=0.05


Tree=80
num_leaves=31
num_cat=0
split_feature=6 6 4 4 8 1 4 4 3 8 8 3 5 1 11 8 8 11 5 5 8 8 10 1 4 6 4 4 8 4
split_gain=122.446 125.604 121.735 98.5827 81.8779 138.992 106.052 75.6022 64.6052 58.899 56.4308 78.9992 51.5265 48.3223 110.346 50.2385 45.4917 51.4277 43.0928 86.4337 76.6578 56.6891 42.2745 78.1823 41.2089 40.4839 40.3589 39.5876 38.6232 37.4413
threshold=7714069.5000000009 3211691.0000000005 198800.00000000003 7420.0000000000009 1.0000000180025095e-35 9.5000000000000018 197024.50000000003 32820.000000000007 0.013957562390714886 100.50000000000001 40.500000000000007 0.26809000968933111 10052930.500000002 21.500000000000004 -0.11716270074248313 22.500000000000004 11.500000000000002 0.15856517106294635 13439690.500000002 5320895.5000000009 23.500000000000004 44.500000000000007 -0.024623334407806393 16.500000000000004 19013.600585937504 3211691.0000000005 4804.8000488281259 110100.00000000001 20.500000000000004 49620.000000000007
decision_type=10 8 8 8 2 2 10 8 10 2 2 10 2 2 2 2 2 2 2 2 2 2 2 2 10 10 10 8 2 10
left_child=1 2 16 10 6 -6 7 12 24 18 11 26 -5 15 -15 -7 -1 -18 19 21 -21 -4 23 -23 -2 29 -3 -27 -13 -9
right_child=8 3 9 4 5 13 -8 25 -10 -11 -12 28 -14 14 -16 -17 17 -19 -20 20 -22 22 -24 -25 -26 27 -28 -29 -30 -31
leaf_value=0.018573554292221559 0.0060568186671296122 0.0099327256174194384 0.0046247370145208909 0.0040312413554183897 0.0040312413554183897 0.0015214476894311107 -0.074395537463762457 -0.0017146294426571432 0.016331148739091996 -0.054947284303088241 0.0040312413554183897 0.024124054837662504 0.00038712940891874777 -0.031615363922227177 0.00076372395249414585 0.0026399016568471861 0.0070975829689520278 0.024738885608876646 0.0058857642476288453 -0.0077311715112908302 0.0045288044750660403 -0.020778089419796066 -0.0040902138965692022 -0.083811362141346726 -0.020784964436016934 0.00038712940891874777 0.0040312413554183897 -0.0021558646870754403 0.011815364948424487 -0.0065087934050457319
leaf_weight=1135.0708125680685 8000.4026416242123 1195.3269973471761 12700.397378236055 7007.4791914671659 10227.515666641295 33924.368158340454 46.663534894585609 10975.956097647548 1685.3769407272339 42.185089386999607 1403.0800558403134 903.23988258838654 7066.6088049411774 261.64688476920128 133815.28946250677 33277.699219152331 8559.735169403255 432.51240217685699 8134.1646095588803 3795.7347689345479 1917.8312838301063 48.682207122445107 951.07544007152319 54.80463182926178 143.68179300427437 1980.3940913081169 2285.0144670605659 15998.831055238843 2187.7378720641136 6475.0309112668037
leaf_count=1464 13798 1718 23335 11840 13590 64369 218 31095 2449 198 3367 1003 15305 672 387972 53794 14895 432 14846 8973 4456 58 2124 196 312 2997 4237 33137 4043 15358
internal_value=0.0019322 0.00175618 0.00445607 0.00137708 0.00120977 0.00163836 -0.000619662 -0.000547117 0.00742493 0.00273767 0.00685271 0.00961039 0.00255287 0.00124856 0.000700067 0.00234283 0.00914538 0.00795141 0.00282981 0.00155252 -0.00361581 0.00369957 -0.00743018 -0.037466 0.00557828 -0.00177861 0.00443999 -0.00011342 0.0154255 -0.003494
internal_weight=316634 306804 37772.2 269032 261057 211507 49551 49504.3 9829.46 27644.9 7974.4 6571.32 14074.1 201279 134077 67202.1 10127.3 8992.25 27602.7 19468.5 5713.57 13755 1054.56 103.487 8144.08 35430.2 3480.34 17979.2 3090.98 17451
internal_count=732251 715692 70977 644715 630347 520397 109950 109732 16559 54186 14368 11001 27145 506807 388644 118163 16791 15327 53988 39142 13429 25713 2378 254 14110 82587 5955 36134 5046 46453
is_linear=0
shrinkage=0.05


Tree=81
num_leaves=31
num_cat=0
split_feature=4 5 3 8 8 4 7 5 4 3 5 8 8 3 8 5 5 8 11 8 3 9 4 8 5 5 8 8 8 4
split_gain=131.494 108.967 101.619 95.4888 130.609 123.606 67.2793 55.6707 67.272 49.659 53.4644 47.4932 47.3914 52.9561 67.8386 48.5169 73.6137 87.87 73.6875 65.2461 57.9516 55.4798 55.4085 52.1717 51.512 47.4238 71.0674 46.5099 46.2603 42.4146
threshold=39610.000000000007 1289243.5000000002 0.070883929729461684 43.500000000000007 34.500000000000007 8010.0000000000009 0.32438437640666967 5320895.5000000009 27005.600585937504 0.5436544418334962 5320895.5000000009 41.500000000000007 44.500000000000007 0.013957562390714886 55.500000000000007 5320895.5000000009 15089427.500000002 33.500000000000007 -0.045547308400273316 23.500000000000004 0.0058937692083418378 21.44999980926514 194500.00000000003 1.0000000180025095e-35 16151869.500000002 10052930.500000002 43.500000000000007 47.500000000000007 20.500000000000004 49000.099609375007
decision_type=8 2 10 2 2 10 8 2 10 10 2 2 2 8 2 2 2 2 2 2 10 2 10 2 2 2 2 2 2 8
left_child=3 2 6 4 5 9 -2 8 -7 28 -11 -8 15 14 -14 21 18 24 19 20 -17 -3 -23 -20 -18 26 -25 -4 -1 -19
right_child=1 12 27 -5 -6 7 11 -9 -10 10 -12 -13 13 -15 -16 16 17 29 23 -21 -22 22 -24 25 -26 -27 -28 -29 -30 -31
leaf_value=0.011815756915964768 -0.078194631524694511 0.00205686815524273 -0.016098657474440361 0.00205686815524273 0.018153101309307442 0.006511152685340145 -0.016098657474440361 0.0020819283593924826 0.00205686815524273 0.032401799518100134 0.012711082495658841 -0.051395801302690759 -0.0075150081780129873 0.00205686815524273 -0.034933643008509978 -0.017499824232028158 0.00205686815524273 0.00205686815524273 -0.0028745733435175257 -0.0033153457583736529 -0.0049351069908776827 -0.00053666597093675924 -0.062969123154591009 0.00205686815524273 -0.016196205820341383 -0.0016939493794345874 -0.0033153457583736529 0.00205686815524273 0.006511152685340145 -0.0043613101584708512
leaf_weight=4505.3381648808718 67.865877645090222 50556.824422650039 206.43317518755794 29899.472945466638 1673.6866263896227 10482.501250877976 301.56208261847496 37792.965137019753 8788.7659526839852 444.30673071742058 1192.5224953964353 88.475863110274076 108.40554277598858 48327.215939607471 270.11824620515108 1763.3809101730585 28951.279296763241 1834.0618356391788 16742.53503960371 3266.1519768685102 1915.8094534724951 20986.527894720435 33.598701354116201 16559.873684816062 468.28191179037094 14436.055992759764 4443.1743365526199 239.48417777195573 1880.8001361638308 8130.6180340833962
leaf_count=6570 408 89500 791 73834 2386 17772 1005 84375 16593 523 2037 555 200 118575 1333 4143 56392 4242 46680 6440 3788 59810 195 43104 1140 49323 16116 717 4255 20503
internal_value=0.00162655 0.000950383 -0.0163558 0.00316335 0.00436953 0.00401455 -0.0328462 0.00319731 0.00538424 0.009825 0.0175931 -0.024597 0.00102202 0.00205687 -0.0170869 0.000616668 -0.000103154 0.0015715 -0.00121865 -0.00605611 -0.0109634 0.00160733 -0.00064244 -0.000574583 0.00205687 0.000512105 0.00202841 0.000648862 0.00782908 -0.00273612
internal_weight=316358 219698 903.821 96660.4 66760.9 65087.2 457.904 57064.2 19271.3 8022.97 1636.83 390.038 218794 48705.7 378.524 170088 98511.2 39384.2 59127 6945.34 3679.19 71577 21020.1 52181.6 29419.6 35439.1 21003 445.917 6386.14 9964.68
internal_count=733305 524960 3476 208345 134511 132125 1968 118740 34365 13385 2560 1560 521484 120108 1533 401376 251871 82277 169594 14371 7931 149505 60005 155223 57532 108543 59220 1508 10825 24745
is_linear=0
shrinkage=0.05


Tree=82
num_leaves=31
num_cat=0
split_feature=6 6 7 4 8 8 7 9 6 5 5 5 5 0 8 8 8 5 4 5 4 8 1 7 4 10 6 1 7 7
split_gain=102.924 106.462 103.62 96.7005 91.198 368.053 137.468 135.625 91.0702 96.933 83.9138 78.1178 76.7507 62.9514 75.2933 56.9888 98.6299 64.2898 57.0683 66.7019 53.7657 53.2436 67.1321 47.6166 46.1206 52.5829 56.6103 126.318 45.3302 45.2826
threshold=3211691.0000000005 7714069.5000000009 0.28581193089485174 2149.9001464843755 1.0000000180025095e-35 11.500000000000002 0.44452822208404547 5.0625000000000009 3211691.0000000005 5320895.5000000009 13439690.500000002 1289243.5000000002 1289243.5000000002 1.0000000180025095e-35 100.50000000000001 12.500000000000002 21.500000000000004 5320895.5000000009 69010.000000000015 10052930.500000002 96100.000000000015 44.500000000000007 7.5000000000000009 0.38008263707160955 98200.000000000015 -0.049416434019803994 3211691.0000000005 17.500000000000004 0.6000007987022401 0.53343984484672557
decision_type=8 10 10 8 2 2 10 2 10 2 2 2 2 2 2 2 2 2 10 2 10 2 2 10 8 2 10 2 10 8
left_child=2 3 11 -2 6 -6 10 21 9 -8 -5 -1 -9 14 -13 18 -17 24 28 -20 -21 22 -7 -3 -18 26 27 29 -14 -26
right_child=1 23 -4 4 5 7 8 12 -10 -11 -12 13 15 -15 -16 16 17 -19 19 20 -22 -23 -24 -25 25 -27 -28 -29 -30 -31
leaf_value=-0.039006225475814817 0.02709766592315346 0.0056372740760456067 0.010889807790404748 -0.0035605219996836567 0.014229426469094012 0.012711203313052097 0.0087909365421620853 -0.011679607480825978 0.014229426469094012 0.00074730192915685011 0.00074730192915685011 0.0023024527035904242 -0.0012753032278184449 0.0071004433624004331 -0.077219596952855879 0.0047086524739180903 0.0034476303140913538 0.0006780777314193717 -0.0044072632704224924 -0.011078535482607427 -0.037296906732390493 0.014229426469094012 0.0047086524739180903 0.017962617396314273 -0.05690463481497407 0.0014346897260005551 -0.0045562093859647223 -0.10920762419067154 0.0047086524739180903 -0.0030091796993543408
leaf_weight=106.70418377220631 363.48267117887735 8809.9941801801324 5239.2395358234644 27888.486314728856 2827.0469901114702 2903.3712396919727 4180.0150745660067 1127.6441704574972 1583.5549411326647 8783.4468113481998 9680.2967678755522 24454.55002053082 15077.970736563206 7777.2806385904551 27.803850289434195 2021.2044811993837 49633.074302144349 111010.62864693999 1366.4467040747404 606.13020822405815 288.64055506885052 872.11731331050396 3867.3852139189839 858.8145801872015 39.305093511939049 20905.190406564623 1633.7000207751989 40.772600129246712 2682.9525583535433 92.349118456244469
leaf_count=377 445 15220 8450 69659 3218 3567 6515 4412 2267 18224 17629 49885 30754 11843 152 2758 107967 304322 2610 1470 868 883 5829 1196 111 54107 3052 169 4579 133
internal_value=0.00191193 0.00158109 0.00436748 0.0013961 0.00136119 0.00181227 -0.000516978 0.00155981 0.00360951 0.00222322 -0.0021149 0.00331108 0.00131771 0.00345346 0.00220584 0.00138918 0.00166289 0.00143391 -0.00114491 -0.00862248 -0.0196005 0.00809959 0.00634738 0.00673554 0.00259367 0.000727295 -0.00745305 -0.0345329 -0.000192047 -0.0101184
internal_weight=316750 279144 37605.6 269475 269112 216996 52115.8 214169 14547 12963.5 37568.8 32366.3 206526 32259.6 24482.4 205398 185376 183355 20022.1 2261.22 894.771 7642.87 6770.76 9668.81 72344.4 22711.3 1806.13 172.427 17760.9 131.654
internal_count=732671 661964 70707 645548 645103 530809 114294 527591 27006 24739 87288 62257 517312 61880 50037 512900 472619 469861 40281 4948 2338 10279 9396 16416 165539 57572 3465 413 35333 244
is_linear=0
shrinkage=0.05


Tree=83
num_leaves=31
num_cat=0
split_feature=5 9 8 8 9 10 7 8 9 9 11 7 8 7 6 10 8 5 2 5 3 5 10 8 8 2 7 8 6 0
split_gain=134.688 109.912 252.719 396.835 78.8992 78.8195 67.0372 77.3635 107.378 95.1325 61.4329 109.915 60.2457 88.5109 50.7887 45.2093 45.3215 42.1568 50.9516 40.3417 46.2564 40.269 56.3075 37.3881 54.4203 35.6183 35.4182 35.3273 33.0604 31.7984
threshold=1289243.5000000002 10.535714149475099 1.0000000180025095e-35 11.500000000000002 5.0625000000000009 -0.052344877272844308 0.020153569057583812 57.500000000000007 18.937500000000004 11.267857074737551 -0.11958907917141913 0.12513667345047 12.500000000000002 0.54296705126762401 7714069.5000000009 -0.049675324931740754 33.500000000000007 12130922.500000002 0.14721362292766574 5320895.5000000009 0.017895999364554886 12130922.500000002 -0.049416434019803994 21.500000000000004 41.500000000000007 0.012903762981295587 0.79174411296844494 23.500000000000004 3211691.0000000005 0.08856209367513658
decision_type=2 2 2 2 2 2 10 2 2 2 2 8 2 10 8 2 2 2 2 2 8 2 2 2 2 2 10 2 10 2
left_child=5 2 26 14 17 -1 23 9 -9 -8 11 -3 13 28 -4 -6 -17 18 -5 20 -14 22 25 -7 -25 -21 -2 -20 -12 -13
right_child=1 10 3 4 15 6 7 8 -10 -11 12 29 19 -15 -16 16 -18 -19 27 21 -22 -23 -24 24 -26 -27 -28 -29 -30 -31
leaf_value=-0.083454380840573883 0.0020709483338730481 -0.08101246918262843 0.02905881566912781 0.0062359861430784161 0.0020709483338730481 -0.047300095789395279 0.009346146833347389 0.033178863094534994 -0.017927524498365058 -0.017927524498365058 -0.0045025639317888356 -0.044393990209812384 -0.0060349696780414384 0.0020709483338730481 0.01647850637224136 0.0062359861430784161 0.0035272190848928682 0.014871570102320522 0.010695345238820923 -0.0060349696780414384 0.0020709483338730481 0.0019229450283300611 0.00034858099582672471 -0.017927524498365058 -0.047300095789395279 -0.0028350792960617024 0.0078488201259337646 0.023023284664336188 -0.00043429344087512253 -0.0060349696780414384
leaf_weight=36.704871654510498 61405.217324182391 53.372344955801964 1715.2037839367986 5125.9429666697979 6835.4831193685532 84.278167083859444 346.61239769309759 237.93530594557524 70.987148843705654 527.50405545532703 12255.499094977975 24.647956281900406 1075.4386629424989 4327.4014463573694 1527.7865573465824 7940.6163679882884 12195.086399003863 2246.7062496468425 849.33894459158182 2763.5204177573323 75715.742199551314 45906.30937024951 58999.730208549649 153.25381089746952 109.60806134529412 923.68421702086926 4603.8961519300938 796.20655762404203 6897.3345297724009 670.16257585585117
leaf_count=131 129712 184 1621 7472 11406 305 564 404 467 2267 26049 79 3652 7544 1871 10997 18211 2647 1061 6908 175051 110783 188423 615 707 1746 7246 754 12777 1240
internal_value=0.00166992 0.00174273 0.00306113 0.00639916 0.00488891 -0.0129439 -0.0111458 -0.00545394 0.0159855 -0.0130501 0.00108076 -0.013202 0.00113205 -0.00125395 0.023146 0.00353473 0.00498349 0.00893724 0.00696449 0.00143427 0.00207095 0.00079784 -2.61207e-05 -0.0304011 -0.0199827 -0.00601874 0.00207095 0.0151547 -0.00293954 -0.00777551
internal_weight=316421 314854 105241 39232.4 35989.4 1566.88 1530.18 1183.04 308.922 874.116 209613 748.183 208865 23480.2 3242.99 26971.2 20135.7 9018.19 6771.49 185384 76791.2 108593 62686.9 347.14 262.862 3687.2 66009.1 1645.55 19152.8 694.811
internal_count=732894 727434 192998 56040 52548 5460 5329 3702 871 2831 534436 1503 532933 46370 3492 40614 29208 11934 9287 486563 178703 307860 197077 1627 1322 8654 136958 1815 38826 1319
is_linear=0
shrinkage=0.05


Tree=84
num_leaves=31
num_cat=0
split_feature=8 15 8 3 6 9 8 8 9 4 6 8 10 8 6 6 8 8 8 2 8 8 6 10 6 4 8 6 8 10
split_gain=100.266 88.3571 101.733 77.9802 144.211 85.6618 80.4312 75.4309 66.1726 62.9224 47.9946 46.9276 46.201 43.2898 73.1259 33.0004 29.1773 28.1185 52.4031 27.7174 24.8988 35.6603 27.5719 24.6129 23.6771 25.0332 16.499 14.3025 19.6236 14.5619
threshold=170.50000000000003 6.5000000000000009 46.500000000000007 0.013957562390714886 1.0000000180025095e-35 9.7750000953674334 118.50000000000001 191.50000000000003 11.949999809265138 57650.000000000007 3211691.0000000005 12.500000000000002 -0.021418264135718342 21.500000000000004 1.0000000180025095e-35 3211691.0000000005 79.500000000000014 69.500000000000014 72.500000000000014 0.013245614245533945 65.500000000000014 67.500000000000014 3211691.0000000005 0.1368425786495209 1.0000000180025095e-35 27670.000000000004 55.500000000000007 3211691.0000000005 21.500000000000004 -0.012615652289241551
decision_type=2 2 2 10 10 2 2 2 2 10 10 2 2 2 10 8 2 2 2 2 2 2 10 2 10 10 2 10 2 2
left_child=1 3 -3 6 5 -5 8 -2 24 11 -9 15 -4 14 -11 -10 -15 26 -19 -8 27 23 -23 -22 25 -1 -14 -13 -29 -30
right_child=7 2 12 4 -6 -7 19 10 9 13 -12 20 17 16 -16 -17 -18 18 -20 -21 21 22 -24 -25 -26 -27 -28 28 29 -31
leaf_value=0.0011690020942390119 0.052497087818752834 0.0038790770861750023 0.0033098899817003745 0.0033098899817003745 0.0033098899817003745 0.0011690020942390119 -0.068392296359324159 -0.059815982092769449 -0.0080399982792183512 -0.01945842388707867 0.025017916811196875 8.7938695871977226e-05 0.038756616404028221 -0.0080399982792183512 -0.10156267470894019 -0.0022485914625396098 -0.063409514495638017 0.075309108957360593 0.02443344196115042 -0.0082948961591286143 -0.0080399982792183512 -0.0080399982792183512 8.7938695871977226e-05 8.7938695871977226e-05 0.0011690020942390119 8.7938695871977226e-05 0.013626707525700624 8.7938695871977226e-05 -0.0046644041348690565 -0.0012236378586319443
leaf_weight=11873.60119792819 162.94732128828764 12941.31106543541 146.21259291470051 17085.613690577447 42699.646454408765 116601.43508565426 54.676436401903629 26.815249364823103 1947.2635306119919 115.65836234390736 37.745910495519638 12747.393088433892 69.866283908486366 583.54506885632873 34.006542593240738 4592.8363105803728 22.140643406659365 56.636177897453308 411.16061191260815 29.928887762129307 1256.5808178186417 476.43020260334015 1434.9276554808021 323.41697014868259 45512.575256213546 15683.137810140848 820.65745258331299 375.71973785758018 3518.4911645948887 24328.113441497087
leaf_count=21838 211 40159 386 24774 81020 305686 351 109 3887 284 69 30086 94 2475 138 8994 154 35 999 67 5292 1320 4228 597 79705 35513 2252 439 8062 73439
internal_value=0.00151568 0.00149166 0.00531129 0.00130849 0.00198539 0.001169 0.000352611 0.0345521 0.000386025 -0.000993125 -0.0109561 -0.000780651 0.017609 -0.0152993 -0.0392073 -0.00473447 -0.0092821 0.0209555 0.0308873 -0.0478155 -0.000198869 -0.00425552 8.79387e-05 -0.00804 0.001169 8.79387e-05 0.0156807 8.79387e-05 -0.00103986 -0.00165869
internal_weight=315970 315743 14445.8 301297 176387 133687 124910 227.508 124826 51756.5 64.5612 51001.2 1504.53 755.351 149.665 6540.1 605.686 1358.32 467.797 84.6053 44461.1 3491.36 1911.36 1580 73069.3 27556.7 890.524 40969.7 28222.3 27846.6
internal_count=732663 732274 43925 688349 411480 330460 276869 389 276451 139395 178 136344 3766 3051 422 12881 2629 3380 1034 418 123463 11437 5548 5889 137056 57351 2346 112026 81940 81501
is_linear=0
shrinkage=0.05


Tree=85
num_leaves=31
num_cat=0
split_feature=9 8 8 7 8 8 8 9 11 3 7 11 11 4 5 7 5 8 11 0 3 8 9 11 6 9 0 7 9 5
split_gain=94.8236 230.454 415.221 157.175 153.19 310.114 74.2955 95.5789 66.3152 61.3617 56.3685 53.0914 42.9426 41.0377 54.5902 40.2945 39.9907 39.8588 39.5041 38.7783 44.9961 48.6656 68.4988 33.7161 32.4479 34.8585 23.4891 21.5002 20.309 17.2817
threshold=11.949999809265138 1.0000000180025095e-35 15.500000000000002 0.61116281151771557 22.500000000000004 33.500000000000007 44.500000000000007 7.5357143878936776 -0.0050144300330430261 0.15575250238180163 0.050065962597727783 -0.17593795061111447 -0.046699132770299905 199700.00000000003 10052930.500000002 0.73922109603881847 5320895.5000000009 53.500000000000007 -0.10753119364380835 0.0076340327505022296 0.0090917046181857603 33.500000000000007 15.436508178710939 0.49392829835414892 3211691.0000000005 4.0833332538604745 0.54723709821701061 0.21524236351251605 9.7750000953674334 5320895.5000000009
decision_type=2 2 2 8 2 2 2 2 2 10 8 2 2 10 2 10 2 2 2 2 8 2 2 2 10 2 2 10 2 2
left_child=1 -1 3 24 -4 10 23 17 -5 -9 -6 16 -11 19 15 -15 -2 -8 -12 20 -13 -22 -23 29 25 27 -19 -3 -20 -7
right_child=11 2 4 8 5 6 7 9 -10 12 18 13 -14 14 -16 -17 -18 26 28 -21 21 22 -24 -25 -26 -27 -28 -29 -30 -31
leaf_value=0.0018252296414703571 -0.025935668329389483 0.0067217236788483809 0.0018252296414703571 0.014317993005602575 0.0018252296414703571 0.0053390358719348678 0.025509785733452972 0.0018252296414703571 0.025707182531613512 0.0049868684984900923 0.011862285663395627 -0.005219326836155995 0.0097543727917175829 -0.025935668329389483 -0.005219326836155995 -0.005219326836155995 -0.10021401240722028 0.010680060554336623 0.025918953185272708 0.0018252296414703571 0.0011924754639617858 0.0011924754639617858 -0.0011939869974920583 0.023118362367651718 0.014317993005602575 0.0018252296414703571 0.041283326424150203 0.014317993005602575 0.017982551842745772 0.0018252296414703571
leaf_weight=65984.01073910296 21.585591793060303 323.98782927542925 14105.681490287185 1176.3093579858541 205.7926818728447 4181.6025413051248 690.08319293707609 3216.1661426872015 3466.147629968822 1137.3109667599201 401.40396726131439 1347.7707908693701 4120.2345689535141 263.76716068759561 333.08426544442773 71.52461850643158 22.380172818899155 2031.243273280561 2504.1270219162107 50731.331535212696 78702.473468907177 12276.929960690439 59196.049835819751 190.20684346556664 493.56403680890799 1007.8816968873143 63.003163859248161 638.34167362004519 335.29265289008617 7392.3319020569324
leaf_count=137495 35 506 22532 1571 353 5811 702 5316 3542 1919 561 5682 5683 1142 1055 173 92 2555 2718 102446 198108 25143 191927 180 567 1696 36 763 491 12008
internal_value=0.00157088 0.00272711 0.0055698 0.0167174 0.00361668 0.00622836 0.00413337 0.00705873 0.0221331 0.00441591 0.0202116 0.000923344 0.00814851 0.000935506 -0.0114151 -0.0259357 -0.0528068 0.0150928 0.0218993 0.000976433 0.000559721 0.00064979 -0.000331015 0.00182523 0.00650284 0.00346899 0.0116392 0.0116182 0.0241028 0.00182523
internal_weight=316632 113665 47680.7 7106.23 40574.5 26468.8 23022.2 11258 4642.46 8473.71 3446.62 202967 5257.55 202923 668.376 335.292 43.9658 2784.33 3240.82 202255 151523 150175 71473 11764.1 2463.78 1970.21 2094.25 962.33 2839.42 11573.9
internal_count=732808 207005 69510 8645 60865 38333 34210 16211 5113 12918 4123 525803 7602 525676 2370 1315 127 3293 3770 523306 420860 415178 217070 17999 3532 2965 2591 1269 3209 17819
is_linear=0
shrinkage=0.05


Tree=86
num_leaves=31
num_cat=0
split_feature=8 8 9 4 4 5 5 5 5 1 8 8 8 8 8 9 7 3 4 7 4 5 5 4 4 8 4 5 5 4
split_gain=96.8239 488.003 172.127 106.724 70.8693 74.9801 166.302 68.0589 60.26 56.9563 57.1939 128.706 54.9008 71.8566 53.3863 54.4041 53.2566 46.396 41.5959 40.3511 32.7502 28.7252 27.6373 27.3844 26.9963 26.0985 32.0538 25.8092 23.5926 21.9499
threshold=1.0000000180025095e-35 11.500000000000002 9.5277776718139666 197024.50000000003 27005.600585937504 13439690.500000002 10052930.500000002 10052930.500000002 12130922.500000002 5.5000000000000009 23.500000000000004 33.500000000000007 12.500000000000002 21.500000000000004 44.500000000000007 7.5357143878936776 0.53138309717178356 0.23240856826305392 27670.000000000004 0.080018397420644774 160500.00000000003 15089427.500000002 15089427.500000002 32820.000000000007 59020.000000000007 21.500000000000004 30820.000000000004 16151869.500000002 5320895.5000000009 91030.000000000015
decision_type=2 2 2 10 8 2 2 2 2 2 2 2 2 2 2 2 10 8 10 10 10 2 2 10 8 2 10 2 2 10
left_child=3 17 9 4 7 6 -6 19 24 -3 25 -12 16 -14 -13 -16 21 22 -10 -1 27 -4 -2 -24 -8 26 -11 -7 -18 -23
right_child=1 2 12 -5 5 20 8 -9 18 10 11 14 13 -15 15 -17 28 -19 -20 -21 -22 29 23 -25 -26 -27 -28 -29 -30 -31
leaf_value=0.0010360797020701421 0.015502876734318619 0.014561295380149102 -0.0033637897928822172 -0.073948115113771695 -0.00042247350149827274 0.0010360797020701421 -0.0035690646221912046 0.0010360797020701421 -0.011643338718053122 0.0096260658700326584 0.0096260658700326584 0.0031790349568392318 0.0031790349568392318 0.0011820328273010683 0.0096260658700326584 0.0031790349568392318 0.00045250719611556226 0.024118838047225914 -0.037067651577680737 0.0082981077817125166 -0.037067651577680737 0.00045250719611556226 0.00649731846338492 -0.033899315282481662 -0.0094862306096224151 0.0031790349568392318 0.0031790349568392318 -0.016282218186334813 0.0031790349568392318 -0.02330406779998789
leaf_weight=129.62500381469727 852.37568525969982 1538.9737328588963 14653.732615575194 47.076793804764748 29398.12164285779 13694.5959277004 2984.2705603539944 6877.0317056924105 206.89021886885166 2391.7863864153624 2877.120811522007 7532.2251520827413 1368.7117777615786 192263.09724748693 2717.2536266297102 2752.7213653847575 1190.4752406179905 2473.9439317807555 153.37788514792919 6189.3498042225838 32.660161018371582 4295.0271841734648 146.33861877769232 56.55377584695816 5460.2745959609747 8942.8233318030834 1342.2694416940212 304.81760175526142 3115.5421989113092 101.62188290059566
leaf_count=377 1074 1778 30946 222 58028 24021 8814 13916 488 3194 3379 11417 1636 500454 3257 4132 2191 2556 460 9690 102 7369 199 125 20474 14102 2107 675 5557 232
internal_value=0.00146954 0.00191684 0.00165306 -0.000242477 -0.000187188 -0.00101428 -0.00222805 0.00308644 -0.00825518 0.00519652 0.00469084 0.00680043 0.00116155 0.00143778 0.00375171 0.00819639 -0.00112832 0.0203729 -0.0282311 0.0070107 0.00103608 -0.00227402 0.011562 -0.00498374 -0.00739647 0.00317903 0.0078495 0.00103608 0.00317903 0.000452507
internal_weight=316091 250613 247083 65478.1 65431 52235 38202.9 13196 8804.81 30095.2 28556.2 15879.3 216988 193632 13002.2 5469.97 23356.4 3529.21 360.268 6318.97 14032.1 19050.4 1055.27 202.892 8444.55 12676.9 3734.06 13999.4 4306.02 4396.65
internal_count=732972 595705 591751 137267 137045 113062 88264 23983 30236 43366 41588 22185 548385 502090 18806 7389 46295 3954 948 10067 24798 38547 1398 324 29288 19403 5301 24696 7748 7601
is_linear=0
shrinkage=0.05


Tree=87
num_leaves=31
num_cat=0
split_feature=6 7 4 5 7 8 5 11 8 6 6 8 8 4 7 8 5 11 9 8 9 11 10 5 0 8 10 3 0 4
split_gain=113.616 251.98 96.3957 123.305 248.891 108.99 93.6806 99.0617 84.7087 75.4907 77.759 72.3276 102.372 63.2097 117.411 94.2061 82.1319 66.9927 79.7553 69.2736 63.7147 56.3746 68.7333 54.4258 51.4997 91.5724 50.2782 48.7711 46.624 45.307
threshold=1.0000000180025095e-35 0.45463122427463537 39610.000000000007 10052930.500000002 0.95346027612686168 33.500000000000007 5320895.5000000009 -0.018095238134264943 35.500000000000007 3211691.0000000005 7714069.5000000009 33.500000000000007 24.500000000000004 198800.00000000003 0.080018397420644774 23.500000000000004 15089427.500000002 -0.043343897908926003 12.354166507720949 1.0000000180025095e-35 21.354166984558109 1.0000000180025095e-35 -0.10449608787894248 15089427.500000002 1.0000000180025095e-35 100.50000000000001 0.095914501696825041 0.079201109707355513 0.098422754555940642 90100.000000000015
decision_type=10 10 10 2 8 2 2 2 2 10 10 2 2 8 8 2 2 2 2 2 2 2 2 2 2 2 2 10 2 10
left_child=2 9 3 4 5 -1 -6 -8 21 24 13 12 23 15 -15 -11 17 18 -16 -19 -21 22 27 -3 25 -2 -7 28 -4 -12
right_child=1 11 8 -5 6 26 7 -9 -10 10 29 -13 -14 14 16 -17 -18 19 -20 20 -22 -23 -24 -25 -26 -27 -28 -29 -30 -31
leaf_value=0.0046898376155361521 0.0022423353725700614 0.0077114433786225241 -0.058448412690519182 0.00031037337610948998 0.0093654316116293032 0.00031037337610948998 0.0093654316116293032 0.031867755518678174 0.00031037337610948998 0.0048739228310727845 0.0048739228310727845 0.0050139437359181076 0.042936894826198058 -0.087756523480457246 -0.0047544207906001119 0.00083183441943983209 0.00083183441943983209 -0.0046536243146060923 -0.018611536499209391 0.00083183441943983209 -0.0031496761215127735 0.00031037337610948998 -0.0028829902616843753 0.017065361603453049 0.0048739228310727845 -0.078280933518650175 0.0064005319659767336 -0.013608514150566116 -0.026907376386429538 -0.049123381675576991
leaf_weight=23018.101105891168 26073.852172873914 4855.5227636024356 158.2508373260498 47464.141113273799 1882.9577168822289 13541.227808229625 264.89243157207966 1283.6051136180758 41663.94533428736 7710.3615539073944 8963.6401315182447 8220.911335773766 253.57776186615229 36.700848985463381 2659.4599631503224 16563.661369331181 14504.104389302433 10989.487955644727 1277.8725229650736 15061.419422909617 10974.449058268219 2833.8055183440447 40408.795055713505 2291.0670678764582 8592.7946833595634 33.35634445771575 3894.5630373731256 142.78462818264961 73.920374050736427 37.087930709123611
leaf_count=43680 52930 8203 451 125373 3476 36888 557 2316 112990 13893 15458 15949 204 171 4730 34976 31401 24170 3209 32216 40727 3875 102422 3300 12959 182 5951 235 121 102
internal_value=0.00119224 0.00226104 0.000350527 0.00147911 0.00345158 0.0023545 0.0163764 0.0254902 -0.000858364 0.00150405 0.000731099 0.0082438 0.0118295 0.000233168 -0.000697584 0.00236125 -0.000636818 -0.00198473 -0.00818373 -0.00132511 8.00719e-05 -0.00243292 -0.00308139 0.0107141 0.00348145 0.00213346 0.000310373 -0.024334 -0.0402062 0.00487392
internal_weight=315730 139099 176631 91349.5 43885.3 40453.9 3431.46 1548.5 85281.5 123478 88778.2 15621.1 7400.17 79777.5 55503.5 24274 55466.8 40962.7 3937.33 37025.4 26035.9 43617.6 40783.8 7146.59 34700 26107.2 17435.8 374.956 232.171 9000.73
internal_count=733115 294780 438335 218241 92868 86519 6349 2873 220094 267124 201053 27656 11707 185493 136624 48869 136453 105052 7939 97113 72943 107104 103229 11503 66071 53112 42839 807 572 15560
is_linear=0
shrinkage=0.05


Tree=88
num_leaves=31
num_cat=0
split_feature=11 5 5 8 11 7 6 3 8 9 4 8 8 9 3 11 3 7 3 6 6 8 7 8 4 4 7 8 3 9
split_gain=91.1304 66.4448 111.017 105.925 95.9761 105.916 70.2641 67.3923 76.9195 49.5427 68.445 55.0445 51.3531 85.4228 47.642 43.3581 41.1872 37.0951 35.0419 33.0261 29.7268 28.9028 44.3549 26.4728 35.6956 33.9586 27.2954 26.3898 40.7477 24.9782
threshold=0.080915343016386046 12130922.500000002 10052930.500000002 21.500000000000004 -0.086166717112064348 0.16658333688974383 1.0000000180025095e-35 0.20257303118705752 26.500000000000004 11.949999809265138 199700.00000000003 1.5000000000000002 65.500000000000014 19.679487228393558 0.16182011365890506 -0.010719696991145609 0.0209591668099165 0.11111180484294893 0.21756809204816821 3211691.0000000005 3211691.0000000005 23.500000000000004 0.053365696221590049 4.5000000000000009 170200.00000000003 22850.000000000004 0.54550504684448253 18.500000000000004 0.16590920835733416 14.267857074737551
decision_type=2 2 2 2 2 10 10 8 2 2 10 2 2 2 10 2 10 8 10 10 8 2 8 2 10 10 10 2 10 2
left_child=1 2 9 6 5 21 23 8 -6 11 12 -1 -11 18 -2 -15 -12 -17 29 -18 -16 -5 -23 24 -4 -25 27 -27 -29 -14
right_child=14 -3 3 4 7 -7 -8 -9 -10 10 16 -13 13 15 20 17 19 -19 -20 -21 -22 22 -24 25 -26 26 -28 28 -30 -31
leaf_value=0.0016355516585775207 0.0028740570629030714 0.0025101100955070383 -0.0027503704652832488 -0.045411337444993378 0.00070948910772386032 -0.0056257334879221462 -0.030012422179281531 0.0028740570629030714 -0.0055059079078409612 0.0012648788836296834 -0.074604362684247805 0.0028740570629030714 -0.00026672071381784182 -0.010715249317951486 0.021930201769557702 -0.0075641109422083953 -0.010715249317951486 -0.0027976016952153664 0.0016355516585775207 -0.045307317443879565 0.006999957142385882 -0.073880204851560702 -0.019628379158290309 -0.0020294285318306722 -0.063741067268042143 -0.012680560168249592 -0.0062741146537056373 -0.096386764988750151 -0.0098032277244731424 -0.0027976016952153664
leaf_weight=35749.488082483411 14499.004390098155 74374.695944815874 11952.792609930038 231.29490993916988 5597.8458137214184 899.38510695099831 264.74482126533985 11262.050367396325 6435.5470533594489 100116.02470221743 31.790176939219236 22259.743332758546 1468.6186313033104 518.64571691304445 347.45655304938555 965.37772987037897 234.21669712290168 4799.951047193259 6434.1972705125809 55.04247473180294 7507.9025644883513 36.005185723304749 149.20451027154922 1928.7004655376077 22.04255773127079 2430.3075945973396 563.4951194524765 21.853543743491173 13.352629005908964 5309.849102601409
leaf_count=68277 21919 158309 36974 673 19946 1632 893 36643 22710 250064 170 32814 2590 1832 380 4185 880 19144 14713 226 10940 122 298 4697 118 6556 1316 99 23 14583
internal_value=0.00145228 0.00121835 0.000781139 -0.0015373 0.000566506 -0.0125605 -0.00454781 0.00130903 -0.00145508 0.00132588 0.000745632 0.00252547 0.000807693 -0.00153987 0.00452976 -0.00633792 -0.0222382 -0.00441297 0.000742712 -0.0160103 0.00766576 -0.033631 -0.0196284 -0.00414616 -0.00287326 -0.00721833 -0.0105188 -0.0133323 -0.055225 -0.00216899
internal_weight=316481 294126 219752 41808.6 24611.3 1315.89 17197.3 23295.4 12033.4 177943 119934 58009.2 119613 19496.6 22354.4 6283.97 321.049 5765.33 13212.7 289.259 7855.36 416.505 185.21 16932.5 11974.8 4957.71 3029.01 2465.51 35.2062 6778.47
internal_count=733726 700487 542178 132700 82024 2725 50676 79299 42656 409478 308387 101091 307111 57047 33239 25161 1276 23329 31886 1106 11320 1093 420 49783 37092 12691 7994 6678 122 17173
is_linear=0
shrinkage=0.05


Tree=89
num_leaves=31
num_cat=0
split_feature=6 6 2 9 8 4 10 8 8 9 4 8 9 4 9 8 10 10 6 8 9 6 10 7 8 1 8 7 1 8
split_gain=96.5096 94.2147 97.9781 39.4115 112.703 76.2511 49.3008 46.5381 36.4974 37.3502 52.9214 52.4275 57.1485 32.6872 31.5791 30.0887 46.9424 36.1228 29.6761 29.2526 71.6517 26.49 26.0869 134.394 55.4237 24.2656 68.1369 32.3723 24.1895 24.0141
threshold=7714069.5000000009 3211691.0000000005 0.020101009868085388 12.464285850524904 23.500000000000004 8010.0000000000009 0.52779263257980358 33.500000000000007 2.5000000000000004 11.045454502105715 193000.00000000003 32.500000000000007 14.535714149475099 170200.00000000003 7.3541667461395273 88.500000000000014 -0.022907647304236885 0.16662679612636569 3211691.0000000005 12.500000000000002 12.683333396911623 3211691.0000000005 -0.071969699114561067 0.10724142938852312 45.500000000000007 11.500000000000002 1.0000000180025095e-35 1.0000000180025095e-35 12.500000000000002 58.500000000000007
decision_type=10 8 2 2 2 8 2 2 2 2 8 2 2 10 2 2 2 2 10 2 2 10 2 8 2 2 2 10 2 2
left_child=1 2 13 4 5 -3 14 -5 -2 -10 -11 -12 -13 19 18 17 -17 22 -6 25 -21 28 23 -9 -25 26 27 -1 -16 -22
right_child=8 3 -4 7 6 -7 -8 15 9 10 11 12 -14 -15 21 16 -18 -19 -20 20 29 -23 -24 24 -26 -27 -28 -29 -30 -31
leaf_value=-0.0005776871442066668 0.0019380230954277426 0.0069990141486265412 0.011517994935740341 0.00068424669582192428 0.0047785846043223142 0.00068424669582192428 0.015137982613446468 -0.082727930721735871 0.015674038468552219 0.010981186266233751 0.0068139918572318646 0.0068272541881530882 -0.013233987067674017 -0.032709773352154574 0.0047785846043223142 -0.025662428709245694 0.00068424669582192428 0.00068424669582192428 0.0092682603820410155 0.0070239283052629699 0.0026996530400018115 0.00068424669582192428 -0.001239046805025887 -0.0063136300829102435 -0.04452078040232306 -0.0030993764720523794 0.0070239283052629699 0.0070239283052629699 0.0012371453016194098 -0.003438290434986876
leaf_weight=8814.5342050045729 3472.5843934118748 5062.6325992271304 3326.0433063358068 45015.814719554037 3644.3021730929613 85611.167830750346 915.79273414611816 58.367771863937378 1355.5531588569283 1394.9245799928904 2386.9758050590754 256.83253990113735 828.08013644814491 63.688571467995644 13864.072563581169 286.91588845103979 5211.376873139292 7440.8285059481859 2033.6271383315325 4985.110779851675 13704.711404412985 9201.1505675539374 82769.873159702867 494.94966678321362 82.739797957241535 3085.771144002676 801.53522692620754 861.76598177850246 6547.7609980925918 1801.4318870007992
leaf_count=16032 5704 7640 4270 131245 5186 175033 1023 215 1594 2125 4523 365 2123 185 22983 789 13530 12807 2513 7150 31303 15390 244701 922 253 5584 855 1242 10856 4361
internal_value=0.00113525 0.000979462 0.00332881 0.000651487 0.00129119 0.000684247 0.00369629 7.72991e-05 0.00604612 0.00833741 0.00628833 0.00267332 -0.00643257 0.00252986 0.00339854 -0.000637903 0.000684247 -0.000953396 0.0068139 0.00259768 0.00378985 0.00274327 -0.00131672 -0.0113882 -0.00631363 0.000796327 0.001944 0.000274599 0.00374932 0.00198622
internal_weight=315381 305686 37444.6 268241 126881 90673.8 36206.7 141361 9694.95 6222.37 4866.81 3471.89 1084.91 34118.5 35290.9 96345.1 5498.29 90846.8 5677.93 34054.9 20491.3 29613 83405.9 636.057 577.689 13563.6 10477.8 9676.3 20411.8 15506.1
internal_count=732502 716068 70982 645086 240624 182673 57951 404462 16434 10730 9136 7011 2488 66712 56928 273217 14319 258898 7699 66527 42814 49229 246091 1390 1175 23713 18129 17274 33839 35664
is_linear=0
shrinkage=0.05


Tree=90
num_leaves=31
num_cat=0
split_feature=7 5 5 15 6 8 5 7 9 8 14 6 5 9 11 8 10 8 2 8 10 11 8 9 8 8 14 11 9 6
split_gain=71.6007 62.6365 170.091 122.668 55.2944 75.1407 48.859 47.4276 47.096 49.2091 46.1936 66.9763 66.5865 66.4659 64.0249 60.4386 58.7633 71.4944 40.984 35.5213 34.7062 33.7752 40.9247 30.6357 26.1027 55.1906 31.1814 85.1695 44.0629 44.9786
threshold=0.90672317147254955 12130922.500000002 10052930.500000002 6.5000000000000009 3211691.0000000005 113.50000000000001 5320895.5000000009 0.96026313304901134 13.690476417541506 1.0000000180025095e-35 1.0000000180025095e-35 3211691.0000000005 5320895.5000000009 21.708333015441898 -0.091888528317213045 44.500000000000007 -0.049416434019803994 1.0000000180025095e-35 0.15655637532472613 56.500000000000007 0.17516008019447329 -0.053241055458784096 77.500000000000014 11.949999809265138 27.500000000000004 32.500000000000007 1.0000000180025095e-35 -0.064708407968282686 21.633333206176761 7714069.5000000009
decision_type=10 2 2 2 8 2 2 10 2 2 2 10 2 2 2 2 2 2 2 2 2 2 2 2 2 2 2 2 2 8
left_child=1 2 3 4 5 -1 19 -8 9 -3 12 13 23 20 -14 16 -16 -18 -17 -2 -12 22 -4 -6 -10 -26 27 -27 -29 -30
right_child=6 8 21 -5 10 -7 7 -9 24 -11 11 -13 14 -15 15 18 17 -19 -20 -21 -22 -23 -24 -25 25 26 -28 28 29 -31
leaf_value=0.0026587506636729353 0.018596710435412996 0.0022621626688985002 -0.0061050913294503429 0.0043006943401793368 0.0023319590153402345 -0.068048245830839418 0.0043006943401793368 0.02028624356030298 0.0022621626688985002 0.0043006943401793368 0.00072136356977497659 0.0026587506636729353 -0.021964656832412336 -0.0019666198467047542 -0.012525662569158619 -0.012525662569158619 -0.0063391977744671358 0.0023614784149063022 0.0026587506636729353 0.0043006943401793368 0.0026587506636729353 -0.0017625443300125698 -0.041139684805004351 -0.00081291276410023908 -0.043412554633515316 -0.075871125507879181 0.0010106677850518647 0.00031270858162834014 -0.01670954408287589 -0.0050435519089769123
leaf_weight=26644.7857651636 1252.5450004339218 17337.401642754674 3228.1031871885061 3060.8802809640765 13338.95658878237 37.017609871923923 2530.3372628986835 463.3562343120575 14450.878978848457 22529.491240344942 59216.131169050932 26530.171734910458 464.42799712717533 21038.196175454184 650.98461550474167 1296.6510328762233 3738.2360456436872 6401.1394580677152 84.271456077694893 83.90509144961834 8905.3305743932724 40271.925968021154 83.647385448217392 18456.608094245195 71.067215278744698 38.400900155305862 18807.969463840127 3154.0121947973967 1115.4738966673613 262.31741771101952
leaf_count=51088 1802 30794 6619 5625 22834 149 4848 687 36701 34242 124823 52353 1028 70478 1728 4889 9445 20568 64 219 13030 129077 231 48351 197 130 47641 7465 5013 734
internal_value=0.00115324 0.00106437 0.000654949 0.00130158 0.00101681 0.00265875 0.00753702 0.00430069 0.00229335 0.00349303 0.000656597 0.00118289 -0.000713755 0.000489793 -0.0037839 -0.00308667 -0.00182407 -0.000846948 -0.0125257 0.0154895 0.00124845 -0.00216191 -0.00701428 0.000506496 0.0010313 -2.51298e-05 0.000110466 -0.003593 -0.00294734 -0.0103998
internal_weight=315545 311214 233447 189864 186803 26681.8 4330.14 2993.69 77767 39866.9 160121 115690 44431.3 89159.7 12635.7 12171.3 10790.4 10139.4 1380.92 1336.45 68121.5 43583.7 3311.75 31795.6 37900.1 23449.2 23378.2 4570.2 4531.8 1377.79
internal_count=732853 725297 562380 426453 420828 51237 7556 5535 162917 65036 369591 260684 108907 208331 37722 36694 31741 30013 4953 2021 137853 135927 6850 71185 97881 61180 60983 13342 13212 5747
is_linear=0
shrinkage=0.05


Tree=91
num_leaves=31
num_cat=0
split_feature=6 3 8 9 7 15 4 1 4 7 4 2 9 3 8 9 8 3 3 9 8 8 11 8 6 9 4 8 8 7
split_gain=69.6939 103.138 55.4574 54.1241 51.7673 43.4461 41.914 41.3506 79.2627 56.8458 39.0555 39.021 38.0671 85.6618 42.9142 36.6563 28.4226 43.242 28.2646 24.735 24.0646 23.7861 21.7925 20.7842 20.72 29.6693 20.0003 18.6274 16.8508 22.8394
threshold=3211691.0000000005 0.080046590417623534 100.50000000000001 9.3452377319335955 0.90672317147254955 6.5000000000000009 184500.00000000003 21.500000000000004 197900.00000000003 0.01668212749063969 39610.000000000007 0.025105042383074764 10.050000190734865 0.0090917046181857603 1.0000000180025095e-35 11.683333396911623 21.500000000000004 0.1193271577358246 1.0000000180025095e-35 8.9375000000000018 44.500000000000007 16.500000000000004 -0.053670633584260934 22.500000000000004 3211691.0000000005 14.535714149475099 64010.000000000007 1.0000000180025095e-35 13.500000000000002 0.26010203361511236
decision_type=8 10 2 2 10 2 10 2 10 10 8 2 2 8 2 2 2 10 10 2 2 2 2 2 10 2 10 2 2 8
left_child=1 2 6 20 5 7 12 10 18 -10 -2 16 14 -14 -1 -8 17 -6 -9 -4 21 -3 -22 -12 25 -20 -5 -7 29 -15
right_child=4 3 19 26 11 27 15 8 9 -11 23 -13 13 28 -16 -17 -18 -19 24 -21 22 -23 -24 -25 -26 -27 -28 -29 -30 -31
leaf_value=0.0023732794841041785 0.0020986431701129947 0.032295565835330851 0.0053992034628969681 0.0090286297206854538 0.003603635467385612 0.0020986431701129947 -0.021858852077925824 -0.0013224088729877565 -0.049941720867710537 -0.010474238433371773 0.00070343495291164625 0.018882030485972229 -0.021858852077925824 -0.010456940970472745 0.0053992034628969681 -0.089651449627558943 0.003603635467385612 0.011715113709363368 0.00070343495291164625 -0.074024614122930404 0.013561513964093462 0.013561513964093462 0.036916078179897747 0.0014010390615123204 0.00070343495291164625 -0.00040646239390073322 0.0053992034628969681 0.003603635467385612 0.0016168796867462917 -0.0009858299082296984
leaf_weight=9754.1649278402328 45027.385821886361 168.54779481887817 9.0574272125959379 4974.7069611176848 1249.7985446900129 5693.2866306751966 19.715123146772385 26197.615063723177 114.65259630605578 426.60215867683291 57490.647547863424 542.52461294084787 114.79839744418859 242.21256999671459 3528.3522381186485 23.856783851981163 1908.9217344000936 571.75511448085308 11158.295852065086 32.499777171760798 61.092277660965919 406.25423212349415 281.38235815614462 23250.79734697938 21835.112955722958 74263.816015115008 847.48607367277145 8609.6361891105771 14574.177550673485 2455.1456981748343
leaf_count=17121 79571 140 11 8479 1983 19034 29 82242 582 1589 111832 606 452 495 4529 105 4367 585 19979 193 86 542 201 37784 48135 229681 1669 24794 32502 4401
internal_value=0.00118897 0.00321263 0.00198471 0.0088137 0.000916355 0.000831186 0.00206454 0.000683451 7.22783e-05 -0.0189876 0.00133459 0.00637609 0.0021356 0.000595773 0.00415079 -0.0458533 0.0045482 0.00999162 0.000149863 -0.0543953 0.0200926 0.0137623 0.0305756 0.000703435 0.000509484 -0.000105038 0.00703043 0.00351384 0.00094497 -0.00268395
internal_weight=315834 37493.5 30754 6739.47 278341 274068 30712.4 259765 133996 541.255 125769 4273 30668.9 17386.3 13282.5 43.5719 3730.48 1821.55 133455 41.5572 917.277 574.802 342.475 80741.4 107257 85422.1 5822.19 14302.9 17271.5 2697.36
internal_count=733719 70955 59838 11117 662764 655223 59634 611395 382208 2171 229187 7541 59500 37850 21650 134 6935 2568 380037 204 969 682 287 149616 297795 249660 10148 43828 37398 4896
is_linear=0
shrinkage=0.05


Tree=92
num_leaves=31
num_cat=0
split_feature=6 5 5 4 3 10 15 8 2 7 8 7 6 10 6 5 8 7 10 10 4 1 9 9 4 8 6 6 10 7
split_gain=88.2916 102.483 100.436 87.4412 82.1773 86.3133 61.7559 69.5535 69.4771 61.6098 53.342 136.451 55.3241 48.5932 47.5656 45.1874 41.4543 104.498 78.5731 47.1728 95.456 48.2508 42.2979 39.8395 73.6265 58.8295 41.425 36.3539 36.3111 60.5058
threshold=7714069.5000000009 5320895.5000000009 13439690.500000002 58060.000000000007 0.013957562390714886 -0.049416434019803994 6.5000000000000009 71.500000000000014 0.026432231068611148 0.94803845882415783 89.500000000000014 0.27426196634769445 1.0000000180025095e-35 -0.010152646806091068 3211691.0000000005 10052930.500000002 106.50000000000001 0.010600838810205461 -1.0000000180025095e-35 -0.049416434019803994 98200.000000000015 15.500000000000002 17.690475463867191 21.708333015441898 71055.500000000015 87.500000000000014 3211691.0000000005 1.0000000180025095e-35 0.17341297864913943 0.34289523959159857
decision_type=10 2 2 8 10 2 2 2 2 10 2 10 10 2 8 2 2 10 2 2 10 2 2 2 10 2 8 10 2 10
left_child=1 3 4 10 5 -3 8 -8 23 14 12 -12 -1 -13 -6 -7 19 22 -19 20 -5 -22 -18 -4 -25 -26 -27 -23 -14 -30
right_child=-2 2 6 16 9 15 7 -9 -10 -11 11 13 28 -15 -16 -17 17 18 -20 -21 21 27 -24 24 25 26 -28 -29 29 -31
leaf_value=0.0024378850599119789 0.0057864083168658112 -0.013126301528693728 0.0017244492691523121 -0.0025170404418812659 0.0069897722905648942 -0.001077237852261152 0.008138593950102295 0.045984856003233564 0.0062710060575473965 0.018803658091364518 0.0022470371044566572 0.014032657003409882 0.0054570099772642492 0.031600188783257467 -5.2816020853905961e-05 -0.0040002432651906174 -0.021180415069863984 -0.020316778700747922 0.0022470371044566572 0.0013727965133525828 -0.020846275198229427 -0.10613676479345116 -0.066806524441813217 -0.00010515528256684546 -0.0093050884628249793 -0.0060373198850787943 -0.066478446133758598 -0.046987214629504261 0.010344701157651558 0.026533116630922726
leaf_weight=39239.235340215266 9713.1076196953654 1818.0674456357956 47175.044486321509 3826.9730175286531 2484.9826794862747 23246.503114193678 1548.0545962825418 129.91705632209778 5983.9886310324073 445.93742632120848 374.38145963102579 108.73551513254642 11218.46105831489 805.1078085526824 66673.75509417057 17212.082283034921 126.0681287497282 147.12075523287058 572.22433640435338 62467.993787581101 118.9054786786437 38.391710847616196 86.498868942260742 17189.50214170292 1325.7932333648205 11.112582199275492 76.400962959975004 26.948520287871361 366.11317466944456 670.71767637133598
leaf_count=81144 16589 4518 89426 6706 4535 61044 3055 196 8208 756 986 245 20140 1297 180578 56347 320 456 1265 138337 240 160 544 49664 4462 15 426 59 595 660
internal_value=0.00109385 0.00094462 0.00020712 0.00208171 -0.000735938 -0.00247463 0.0016438 0.0111201 0.00142191 0.000320153 0.00360575 0.0136481 0.00335401 0.0258183 0.00020043 -0.00199535 0.000888321 -0.00957277 -0.000437078 0.00103525 -0.00421954 -0.0391755 -0.0401965 0.000951753 -0.00100771 -0.0119695 -0.0512242 -0.0731282 0.00628638 0.0152324
internal_weight=315228 305515 185321 120194 111881 42276.7 73439.8 1677.97 71761.8 69604.7 52782.8 1288.22 51494.5 913.843 69158.7 40458.6 67411.1 931.912 719.345 66479.2 4011.22 184.246 212.567 65777.9 18602.8 1413.31 87.5135 65.3402 12255.3 1036.83
internal_count=732973 716384 463230 253154 307778 121909 155452 3251 152201 185869 105067 2528 102539 1542 185113 117391 148087 2585 1721 145502 7165 459 864 143993 54567 4903 441 219 21395 1255
is_linear=0
shrinkage=0.05


Tree=93
num_leaves=31
num_cat=0
split_feature=6 14 6 8 5 5 6 8 10 9 10 1 6 5 8 2 10 8 8 8 6 10 4 3 8 6 8 8 10 10
split_gain=73.9522 69.6269 126.103 183.531 121.388 115.571 260.178 120.06 118.903 122.157 68.5145 68.0899 74.0911 99.3814 69.3241 57.0818 55.5585 51.0052 49.1391 48.5304 47.3058 44.4895 77.4809 42.1139 74.2756 62.4447 41.4715 101.012 71.741 48.4386
threshold=3211691.0000000005 1.0000000180025095e-35 3211691.0000000005 22.500000000000004 15089427.500000002 10052930.500000002 3211691.0000000005 25.500000000000004 -0.021418264135718342 15.436508178710939 0.41228353977203375 17.500000000000004 3211691.0000000005 16151869.500000002 1.0000000180025095e-35 0.023392613045871261 -0.024616437964141365 89.500000000000014 81.500000000000014 11.500000000000002 7714069.5000000009 -0.0028176502091810103 72100.000000000015 0.032394221052527435 51.500000000000007 7714069.5000000009 103.50000000000001 91.500000000000014 -0.031805556267499917 0.16314934939146045
decision_type=8 2 10 2 2 2 10 2 2 2 2 2 10 2 2 2 2 2 2 2 10 2 10 10 2 10 2 2 2 2
left_child=15 4 26 21 5 6 7 -2 -9 -10 23 12 13 19 -14 -1 -16 -13 -7 -6 -8 22 -4 24 -5 -26 27 29 -29 -3
right_child=1 2 3 10 11 18 20 8 9 -11 -12 17 14 -15 16 -17 -18 -19 -20 -21 -22 -23 -24 -25 25 -27 -28 28 -30 -31
leaf_value=0.0026580982682502014 0.023568651055577514 0.000431013893034188 0.0029499571035939711 -0.0053441051173058161 0.041659352334775232 -0.0063414691875816713 -0.0019895940162508643 -0.034115023964324469 0.024110102541720926 -0.0071463536083482661 0.022007912163478818 -0.00011693727042422074 0.0025404701006435703 0.0025404701006435703 0.0025404701006435703 0.009904019478639621 0.012666130804134182 -0.038936025624600801 0.022718686305085844 0.015690610068024857 0.0030260056352920078 0.0095262505997170625 -0.045805555252763051 0.0013828387759172341 -0.061708991981511356 -0.0053441051173058161 -0.0060862187118524919 -0.044006098533495609 0.016029986732875895 0.0033315263234123347
leaf_weight=34738.849006447941 1541.6752827391028 143234.06114215031 1021.3984841480851 460.57157363370061 366.91183771193027 11520.195179954171 38769.622343212366 181.68475939333439 643.02139147371054 605.14771844446659 394.4408785700798 7302.5363581478596 5637.9636010825634 222.21415409445763 969.72715619206429 2947.1683967411518 3371.5218586623669 83.610364988446236 145.4160680770874 358.69622492045164 5348.0881585478783 12275.452779710293 86.537299379706383 23696.198445141315 114.11553488299251 19.621774539351463 2187.0306763127446 49.69388572871685 1409.6705224066973 16000.246416255832
leaf_count=67377 2425 360213 1634 1186 377 40875 99375 492 855 1894 396 20370 10098 469 1643 3813 4601 307 421 482 9542 21253 226 48382 509 19 6218 146 3018 24306
internal_value=0.00114679 0.000865032 0.00135505 0.00394583 -0.000412659 -0.00152051 -0.000416677 0.0138988 0.00345442 0.0089689 0.0013893 0.00314148 0.00564773 0.0189932 0.00437663 0.00322525 0.00944368 -0.000566786 -0.00597539 0.0289004 -0.00138148 0.00866031 -0.000933855 0.0010527 -0.012071 -0.0449322 0.000749496 0.000842604 0.0139282 0.000722503
internal_weight=315703 278017 200949 38068.3 77068 58754.9 47089.2 2971.53 1429.85 1248.17 24684.9 18313.2 10927 947.822 9979.21 37686 4341.25 7386.15 11665.6 725.608 44117.7 13383.4 1107.94 24290.5 594.309 133.737 162881 160694 1459.36 159234
internal_count=732922 661732 467506 73605 194226 155879 114583 5666 3241 2749 50492 38347 17670 1328 16342 71190 6244 20677 41296 859 108917 23113 1860 50096 1714 528 393901 387683 3164 384519
is_linear=0
shrinkage=0.05


Tree=94
num_leaves=31
num_cat=0
split_feature=10 5 5 15 4 6 11 4 8 8 8 8 6 11 9 4 5 4 8 9 8 4 4 11 9 8 8 2 8 4
split_gain=56.4418 50.4221 93.6647 72.8849 83.4207 61.8539 53.3452 60.6508 50.3004 48.4587 42.1385 40.1416 37.3216 39.7023 45.2551 69.2171 66.6801 39.2869 59.9034 36.4613 46.2505 35.7582 34.5995 29.6448 27.1822 27.1003 34.058 63.0837 25.2264 71.2058
threshold=0.52484878897666942 12130922.500000002 10052930.500000002 6.5000000000000009 38060.000000000007 1.0000000180025095e-35 -0.086166717112064348 62050.000000000007 21.500000000000004 81.500000000000014 3.5000000000000004 22.500000000000004 3211691.0000000005 -0.20471097528934476 4.9166667461395273 53020.000000000007 5320895.5000000009 134020.00000000003 46.500000000000007 11.759615421295168 1.0000000180025095e-35 57650.000000000007 199700.00000000003 -0.01471808413043618 15.690476417541506 23.500000000000004 14.500000000000002 0.13597843050956729 1.0000000180025095e-35 160500.00000000003
decision_type=2 2 2 2 8 10 2 8 2 2 2 2 8 2 2 8 2 10 2 2 2 8 8 2 2 2 2 2 2 10
left_child=1 2 3 4 -1 6 7 -4 -8 -10 -7 -2 17 14 -14 -16 -17 -6 -19 20 -15 24 -21 -24 -3 26 -9 -28 29 -23
right_child=11 21 5 -5 12 10 8 25 9 -11 -12 -13 13 19 15 16 -18 18 -20 22 -22 28 23 -25 -26 -27 27 -29 -30 -31
leaf_value=0.0018696080001481216 0.0033350687471563828 0.00327386602123367 -0.0057645625174340192 0.00327386602123367 0.00083250757452394851 -0.036737755567746951 -0.0034730885022080105 -0.015748267267366188 0.00060558366051216344 -0.0057645625174340192 -0.0080534438867545452 0.013807473365712589 -0.0098793606237042655 -0.00023033461860743674 -0.026451186241474689 -0.13576814210475133 -0.053082591903266613 -0.0161388383746944 -0.09613736116875081 -0.00044817035718466614 0.00083250757452394851 -0.0011700226461413749 -0.0070265173825400764 -0.002037008344919761 0.0017197271729198133 -0.015748267267366188 -0.062045669786133677 -0.015748267267366188 0.001382451498875779 -0.062473466839936244
leaf_weight=51875.986845083535 3603.7113148719072 20150.453868292272 1296.9782712608576 2876.7659177035093 23142.122703693807 199.488121509552 16441.489096008241 121.23032823204994 24054.038009956479 897.07389283925295 355.49357916414738 1225.4118342995644 162.18751548975706 19172.466916248202 52.149316802620888 30.848877057433128 40.8206727206707 77.0442805737257 26.219496294856071 49928.099202524871 15824.490184023976 10661.8321467489 3454.6728373169899 21480.024299688637 16218.452077932656 148.04097104072571 165.3505437374115 31.043797522783279 30144.265184119344 45.580542087554932
leaf_count=108097 4978 32587 2368 5579 45649 746 49033 257 79032 3216 1101 1404 243 39678 68 132 94 179 112 129382 23547 19532 8446 65073 41977 312 560 37 68716 158
internal_value=0.000634454 0.000550627 0.000182062 0.000666457 0.00046535 -0.00190288 -0.00168912 -0.010203 -0.00132609 8.88381e-05 -0.0184589 0.0059971 -0.000204593 -0.000633663 -0.0191737 -0.043023 -0.079714 0.000832508 -0.0331102 -0.000585049 0.00074717 0.00165721 -0.00120784 -0.00272881 0.0027975 -0.025732 -0.0347051 -0.0475386 0.000641957 -0.0014426
internal_weight=313904 309075 231854 188144 185267 43710.2 43155.2 1762.64 41392.6 24951.1 554.982 4829.12 133391 110146 286.006 123.819 71.6695 23245.4 103.264 109860 34997 77220.6 74862.8 24934.7 36368.9 465.666 317.625 196.394 40851.7 10707.4
internal_count=732293 725911 562941 426279 420700 136662 134815 3534 131281 82248 1847 6382 312603 266663 537 294 226 45940 291 266126 63225 162970 202901 73519 74564 1166 854 597 88406 19690
is_linear=0
shrinkage=0.05


Tree=95
num_leaves=31
num_cat=0
split_feature=6 6 8 8 8 4 0 4 5 5 11 9 11 11 4 8 9 8 8 8 11 8 5 8 8 0 8 9 9 4
split_gain=102.188 88.4997 73.6511 79.7376 74.1404 73.6636 82.0774 68.2544 64.1775 75.9618 66.7146 116.831 62.5232 62.2101 60.0714 56.609 56.0376 60.8913 58.9575 54.8703 53.1298 52.6674 51.9128 50.3796 46.6075 44.2439 83.1165 42.1195 41.8832 36.3924
threshold=3211691.0000000005 7714069.5000000009 170.50000000000003 123.50000000000001 177.00000000000003 88100.000000000015 0.041494490578770644 2149.9001464843755 5320895.5000000009 12130922.500000002 -0.042407630011439316 18.683333396911625 -0.0029897185740992423 -0.0064664501696825019 150200.00000000003 12.500000000000002 9.6833333969116229 33.500000000000007 76.500000000000014 20.500000000000004 -0.13091206550598142 100.50000000000001 5320895.5000000009 111.50000000000001 99.500000000000014 0.0082305916585028189 33.500000000000007 9.3452377319335955 14.690476417541506 61020.000000000007
decision_type=8 10 2 2 2 8 2 8 2 2 2 2 2 2 8 2 2 2 2 2 2 2 2 2 2 2 2 2 2 10
left_child=14 2 3 7 -4 13 -7 -2 25 10 11 16 -6 -5 27 -3 -10 -18 20 -17 -19 -16 -15 -12 -20 26 -9 -1 -28 -14
right_child=1 15 4 5 12 6 -8 8 9 -11 23 -13 29 22 21 19 17 18 24 -21 -22 -23 -24 -25 -26 -27 28 -29 -30 -31
leaf_value=0.013149868836078275 0.022838098485797369 0.0013080088166742016 0.061799193673267486 -0.021582339664556648 -0.054937950751778479 -0.064782165458348681 -0.021582339664556648 0.0020247285486607951 -0.0024446407951139951 0.0012580561896251821 -0.00054896343247531107 -0.045275814205934239 0.052498862051569922 0.02094117247529784 0.0023610823573464632 0.037854754122046169 -0.014284438004967133 -0.024553627455892305 -0.024553627455892305 0.0080661063474409631 -0.0049550145619670092 -0.053528703724153304 -0.0083430345216434082 0.011679782854018737 -0.0049550145619670092 0.0031883100573886374 0.0020247285486607951 0.0051298933398547311 -0.0020415270426632258 -0.014156536481101507
leaf_weight=2071.5736588314176 341.06275539845228 4492.7981234192848 96.335340574383736 200.79959061741829 31.96079421043396 142.31903897225857 102.6354685947299 45908.29647596553 5484.5309644415975 64124.024340972304 88357.299096576869 170.5228948444128 47.113794833421707 244.93070247769356 27844.498171523213 157.75130972266197 2216.0112828761339 61.329393699765205 280.72763316333294 4962.0171669051051 3804.5075238496065 40.219092257320881 219.96893069893122 333.44998490810394 105.50963808596134 28326.456015177071 2402.9438657462597 7808.3215194121003 24893.426075069234 27.145126149058342
leaf_count=2653 441 7370 105 595 113 728 186 94897 9289 138792 259054 612 82 493 54233 123 5292 230 792 8931 8016 201 676 757 186 47582 4081 13952 72311 76
internal_value=0.00102382 0.000691762 0.000522621 0.000499702 0.0305135 -0.0142542 -0.0375806 0.000550166 0.000521467 -8.7339e-05 -0.000943104 -0.00442177 0.00152142 -0.00558405 0.00346394 0.00540501 -0.00383144 -0.00746539 -0.00495501 0.00899838 -0.00495501 0.00227664 0.00489627 -0.000467516 -0.0245536 0.00151046 0.000861147 0.00681381 -0.00132833 0.0266249
internal_weight=315300 277536 267923 267721 202.555 910.654 244.955 266810 266469 164938 100814 12123.1 106.22 665.699 37764.6 9612.57 11952.6 6468.09 4252.07 5119.77 3865.84 27884.7 464.9 88690.7 386.237 101531 73204.7 9879.9 27296.4 74.2589
internal_count=732849 661810 645386 645010 376 2678 914 642332 641891 423020 284228 24417 271 1764 71039 16424 23805 14516 9224 9054 8246 54434 1169 259811 978 218871 171289 16605 76392 158
is_linear=0
shrinkage=0.05


Tree=96
num_leaves=31
num_cat=0
split_feature=7 8 9 9 3 15 10 8 9 7 1 8 3 5 6 14 8 6 3 8 5 5 5 14 6 8 8 8 6 11
split_gain=91.5327 96.4796 191.155 65.4583 59.202 93.4122 64.951 71.9897 62.7736 56.7686 53.9823 49.7821 46.369 38.7475 38.9206 36.8848 54.7526 44.3472 42.6183 36.0999 30.0525 35.8214 27.1941 29.1064 25.7893 35.4342 25.677 24.0545 19.4342 18.955
threshold=0.91074174642562877 1.0000000180025095e-35 9.5277776718139666 13.267857074737551 0.0090917046181857603 2.5000000000000004 -1.0000000180025095e-35 13.500000000000002 21.774999618530277 0.44452822208404547 12.500000000000002 24.500000000000004 0.2963512390851975 5320895.5000000009 1.0000000180025095e-35 1.0000000180025095e-35 43.500000000000007 7714069.5000000009 0.10327889770269395 40.500000000000007 13439690.500000002 5320895.5000000009 16151869.500000002 1.0000000180025095e-35 3211691.0000000005 57.500000000000007 55.500000000000007 57.500000000000007 3211691.0000000005 -0.051857864484190934
decision_type=10 2 2 2 8 2 2 2 2 10 2 2 10 2 10 2 2 8 10 2 2 2 2 2 10 2 2 2 10 2
left_child=1 9 10 12 5 6 -4 -8 11 20 -3 -6 -2 -11 -15 17 -17 -10 -18 -14 21 -1 -22 -24 26 -26 -13 -28 -20 -29
right_child=3 2 4 -5 8 -7 7 -9 15 13 -12 24 19 14 -16 16 18 -19 28 -21 22 -23 23 -25 25 -27 27 29 -30 -31
leaf_value=-0.0010205806668393701 0.0090160066674784042 0.0044655047725044028 -0.088710273575527784 0.0044655047725044028 0.00041892375369590156 -0.0038807675904573187 -0.055133089942557605 -0.015299381228677683 -0.0030906241408442305 0.0044655047725044028 0.0025488952966670436 0.0025488952966670436 0.026236404001280952 1.8819619032219362e-05 0.0044655047725044028 0.00041892375369590156 -0.0038807675904573187 0.00041892375369590156 0.00038569994130475981 0.014878905828624498 1.8819619032219362e-05 -0.0041582350725459993 -0.029460693455881922 1.8819619032219362e-05 0.00041892375369590156 0.0025488952966670436 0.00041892375369590156 0.00041892375369590156 -0.0022472816567100143 0.0025488952966670436
leaf_weight=18707.521807521582 1428.7781895548105 23442.270132392645 37.281135737895966 1462.2479909956455 43339.139030218124 1252.5229929368943 82.130739837884903 397.95380341634154 21289.762520767748 4511.961438447237 8445.1147270947695 38325.533940501511 1033.4645036906004 8059.5935353338718 1141.4018443673849 26069.658598072827 5099.4532088097185 3991.3752153366804 13215.651852000505 211.85440240055323 13148.834762647748 17707.103063613176 160.648702070117 150.49615103006363 19398.224334478378 8720.9756573885679 9111.9118509292603 1580.082247659564 2911.4490897059441 20168.273797743022
leaf_count=34712 2098 32479 165 3554 82028 4809 270 1455 70691 7198 13536 82884 1042 17171 1688 74549 19727 14665 49469 346 23532 50233 400 274 43028 18533 23987 3245 8057 46858
internal_value=0.000821219 0.000722749 0.00117007 0.00820826 0.000632286 -0.00846945 -0.026718 -0.0215559 0.000707915 -0.00101397 0.0044655 0.0013242 0.0135665 0.00183497 1.88196e-05 -0.000486348 0.000337756 -0.002028 -0.00212326 0.0207418 -0.00179733 -0.00254645 1.88196e-05 -0.0147802 0.00198848 0.0007116 0.00250741 0.0011052 -0.000613796 0.0022718
internal_weight=314603 310466 246879 4136.35 214991 1769.89 517.366 480.085 213221 63587.6 31887.4 140644 2674.1 13713 9201 72577.4 47296.2 25281.1 21226.6 1245.32 49874.6 36414.6 13460 311.145 97305 28119.2 69185.8 30860.3 16127.1 21748.4
internal_count=732683 725643 590435 7040 544420 6699 1890 1725 537721 135208 46015 300563 3486 26057 18859 237158 151802 85356 77253 1388 109151 84945 24206 674 218535 61561 156974 74090 57526 50103
is_linear=0
shrinkage=0.05


Tree=97
num_leaves=31
num_cat=0
split_feature=6 6 15 5 8 8 5 9 3 8 3 7 11 9 7 7 5 8 10 7 8 5 3 5 9 8 8 5 8 2
split_gain=78.586 84.5148 69.0014 161.884 90.7159 59.3097 72.5097 59.1272 56.569 55.3988 43.6319 66.2164 39.7949 79.0942 38.8483 35.7665 35.4402 34.7253 49.1058 33.5777 32.9802 31.7699 59.8482 31.4774 35.6555 31.0589 32.4973 30.8685 30.8153 30.1924
threshold=3211691.0000000005 7714069.5000000009 6.5000000000000009 10052930.500000002 69.500000000000014 25.500000000000004 5320895.5000000009 10.535714149475099 0.22190125286579135 1.0000000180025095e-35 0.069241665303707137 0.2105745151638985 -0.11716270074248313 15.612500190734865 0.12513667345047 0.53343984484672557 15089427.500000002 23.500000000000004 -0.049232875928282731 0.44452822208404547 45.500000000000007 5320895.5000000009 0.045086666941642768 1289243.5000000002 21.774999618530277 71.500000000000014 79.500000000000014 5320895.5000000009 45.500000000000007 0.038648245856165893
decision_type=8 10 2 2 2 2 2 2 10 2 10 8 2 2 8 10 2 2 2 10 2 2 10 2 2 2 2 2 2 2
left_child=8 2 7 5 -5 6 -4 9 29 19 11 21 13 14 -9 -10 -17 18 -14 -2 -7 -3 -23 -19 27 -6 -27 -25 -16 -1
right_child=1 10 3 4 25 20 -8 12 15 -11 -12 -13 17 -15 28 16 -18 23 -20 -21 -22 22 -24 24 -26 26 -28 -29 -30 -31
leaf_value=0.0025083505403071986 0.00096257684465941786 -0.012721605185981782 0.012314547732035296 0.0024400091149764836 0.082700146950190789 0.0024400091149764836 0.034382954759516186 -0.046540641054956804 0.0068141969232512235 0.0024400091149764836 0.014148292048451387 0.0048462639717246798 -0.0043932952962777013 -0.092242991792366807 -0.0060752816004265332 0.026944268498975354 0.013225242389629072 -0.0060752816004265332 0.00096257684465941786 0.0024400091149764836 0.014667594520770422 -0.11355216731604192 -0.013861210988106798 0.00096257684465941786 -0.0019677318263051978 0.0024400091149764836 0.037122994763621325 -0.00059640901196366931 -0.026307961327691667 0.0068141969232512235
leaf_weight=32858.999580800533 32281.790571033955 73.653868094086647 892.58932194858789 10937.294415727258 25.858919262886047 655.34589183330536 641.05317197740078 59.40473373234272 1721.9128768071532 31779.800908245146 1290.5213595926762 8237.8046320304275 4334.6941142529249 27.551917225122452 501.1377599388361 639.80561352521181 132.98304922133684 708.9395938012749 59484.927458800375 14749.864686265588 793.35021552443504 24.72647862136364 35.96206633746624 34083.635173093528 24257.904581632465 60.482820942997932 178.85004353523254 52350.342562824488 47.066567093133926 2322.7527109384537
leaf_count=63999 68244 138 1480 37592 22 1557 960 168 2871 46826 1876 14247 8826 119 855 817 276 2993 154061 27157 1643 107 71 70941 92960 193 431 128835 140 3030
internal_value=0.00129272 0.00100279 0.000837643 0.00423144 0.00244001 0.014723 0.0215718 0.000648579 0.00343584 0.00178661 0.00559662 0.00427536 0.000138545 -0.0123345 -0.00842028 0.0107089 0.0196363 0.000183899 0.000962577 0.000962577 0.00745281 -0.0302895 -0.0568054 -0.000353851 -0.000273903 0.0322911 0.0262043 0.000201508 -0.00607528 0.00291954
internal_weight=316191 278515 268852 14184.8 11202.5 2982.34 1533.64 254667 37676.5 78811.5 9662.67 8372.15 175856 635.161 607.609 2494.7 772.789 175220 63819.6 47031.7 1448.7 134.342 60.6885 111401 110692 265.192 239.333 86434 548.204 35181.8
internal_count=733435 662442 646003 43878 38238 5640 2440 602125 70993 142227 16439 14563 459898 1282 1163 3964 1093 458616 162887 95401 3200 316 178 295729 292736 646 624 199776 995 67029
is_linear=0
shrinkage=0.05


Tree=98
num_leaves=31
num_cat=0
split_feature=4 5 5 5 15 4 5 2 7 0 4 6 0 15 4 6 6 6 11 7 11 0 11 0 15 4 7 7 7 6
split_gain=62.1558 50.7994 93.3439 95.4002 131.783 103.136 58.8472 54.462 53.1532 55.1468 53.5529 52.1218 91.6357 42.2421 43.5486 94.5388 62.5074 38.4896 38.1233 91.2739 32.2048 67.9098 31.7807 70.0208 31.5349 30.6506 34.0095 29.1445 28.4133 27.602
threshold=2149.9001464843755 5320895.5000000009 13439690.500000002 10052930.500000002 6.5000000000000009 inf 1289243.5000000002 0.088472485542297377 0.36671064794063574 0.06042351387441159 45055.000000000007 1.0000000180025095e-35 0.012579114176332952 6.5000000000000009 98200.000000000015 7714069.5000000009 1.0000000180025095e-35 1.0000000180025095e-35 -0.05368408374488353 0.14287638664245608 -0.079001326113939271 0.068337485194206252 -0.080750361084938035 0.10612764954566957 6.5000000000000009 198800.00000000003 0.29989059269428259 0.19986378401517871 0.53343984484672557 3211691.0000000005
decision_type=8 2 2 2 2 8 2 2 10 2 10 10 2 2 8 8 10 10 2 8 2 2 2 2 2 10 10 10 10 8
left_child=-1 6 3 4 5 7 8 17 9 10 29 18 -13 14 15 -8 22 -3 19 -5 21 -7 23 -16 -4 -18 -27 -14 -24 -2
right_child=1 2 24 11 -6 20 13 -9 -10 -11 -12 12 27 -15 16 -17 25 -19 -20 -21 -22 -23 28 -25 -26 26 -28 -29 -30 -31
leaf_value=0.021504040273608988 -0.033080705744719843 8.1163191597176962e-05 0.0015141247147889645 -0.025174246958411167 0.011166014390571449 -0.057714131213722923 0.00560236114987093 0.0057168175294721388 0.0030237491897061662 -0.0062234285439069434 -0.049747562648896709 -0.03006389705712767 -0.0094489413332781106 0.0095750111772094654 -0.097166745657639525 0.0014712899948821166 0.0010573843812188054 0.0032910989148777986 -0.0017547689263742693 -0.0045360451202833959 -0.0024517627255277452 -0.0079852339686897877 -0.0075310062649204222 -0.021429525360137206 0.0084501542506219291 -0.081412264650863 -0.016461086718619549 0.011166014390571449 0.0014712899948821166 -0.015085742872048086
leaf_weight=361.9089959859848 86.405303448438644 32047.896061554551 74758.208124194294 594.19100125133991 1278.192384570837 73.404285565018654 17576.820868447423 2950.5195581316948 657.2135242074728 251.02573770284653 154.59238358400762 407.46243080496788 67.582904994487762 1694.4793738871813 32.213234558701515 52740.961694668978 46594.098680190742 13177.295614603907 42049.655897647142 2727.8382922187448 17576.033303827047 780.40727630257607 2802.7623168230057 41.010956913232803 1673.5843463167548 22.829840030521154 37.67592166364193 98.966704294085503 915.37477897107601 454.17355457693338
leaf_count=465 341 84997 157120 1452 2543 242 31083 3835 1736 380 982 1601 179 3106 117 111777 98666 27782 133046 5404 49367 1474 7522 53 3260 111 108 117 2140 1972
internal_value=0.000851904 0.000827989 0.000314702 -0.000592798 0.000598051 0.000267621 0.00161515 0.00148455 -0.00789573 -0.0154706 -0.0239481 -0.0023522 -0.0172987 0.00173981 0.00162971 0.0024339 0.000508675 0.00101655 -0.00216235 -0.00731732 -0.00291326 -0.0123854 -0.00566369 -0.0378492 0.00166622 0.00101049 -0.0339796 0.011166 -0.00500983 -0.0164138
internal_weight=314685 314323 190261 113829 67883.7 66605.6 124062 48175.7 1603.41 946.197 695.171 45945.7 574.012 122458 120764 70317.8 50446 45225.2 45371.7 3322.03 18429.8 853.812 3791.36 73.2242 76431.8 46654.6 60.5058 166.55 3718.14 540.579
internal_count=732978 732513 472419 312039 170240 167697 260094 116614 5411 3675 3295 141799 1897 254683 251577 142860 108717 112779 139902 6856 51083 1716 9832 170 160380 98885 219 296 9662 2313
is_linear=0
shrinkage=0.05


Tree=99
num_leaves=31
num_cat=0
split_feature=8 4 3 9 8 10 10 5 9 4 9 5 11 8 5 8 8 10 4 8 9 1 8 7 5 5 0 8 11 5
split_gain=84.3913 57.4405 36.8984 115.556 68.2481 64.9321 47.8731 45.8684 51.4111 40.4932 33.9223 31.5652 53.9998 31.5554 30.3112 27.5577 26.7738 40.5131 26.2782 29.3785 24.5816 23.4554 23.3292 28.3989 22.1348 21.7592 21.508 20.528 19.5026 18.4858
threshold=170.50000000000003 2149.9001464843755 0.013957562390714886 5.0625000000000009 65.500000000000014 -0.028970110230147835 -0.22840908914804456 13439690.500000002 15.535714149475099 197600.00000000003 18.366666793823246 15089427.500000002 -0.043046252802014344 75.500000000000014 5320895.5000000009 67.500000000000014 178.50000000000003 -1.0000000180025095e-35 45977.000000000007 23.500000000000004 21.633333206176761 15.500000000000002 43.500000000000007 0.32859666645526892 5320895.5000000009 15089427.500000002 0.050210084766149528 12.500000000000002 -0.075058858841657625 5320895.5000000009
decision_type=2 8 10 2 2 2 2 2 2 10 2 2 2 2 2 2 2 2 10 2 2 2 2 8 2 2 2 2 2 2
left_child=1 -1 4 21 6 10 -3 8 15 20 11 12 -6 24 18 -7 -2 -18 19 27 29 28 -22 -24 -10 -25 -13 -5 -4 -8
right_child=16 2 3 14 5 7 9 -9 13 -11 -12 26 -14 -15 -16 -17 17 -19 -20 -21 22 -23 23 25 -26 -27 -28 -29 -30 -31
leaf_value=0.021144183298782395 0.049171949120005054 -0.047152154227397186 0.0069145497477409203 0.0019484508139333973 -0.046401245616991556 -0.0054005248026129139 0.0007803756171123606 0.0007803756171123606 -0.0054005248026129139 -0.023341320141927389 -0.072708049639707339 -0.046401245616991556 -0.014156054480421509 -0.014156054480421509 0.0007803756171123606 0.0007803756171123606 -0.03598492961012744 0.03050198737125058 0.00092993207016382447 0.0019484508139333973 -0.00011897125230746496 0.0044693211300187085 -0.011422922683867145 -0.0012845027955497121 -0.014156054480421509 -0.007178478612065004 -0.014156054480421509 0.0044693211300187085 0.010994406372463288 -6.5448025972314781e-05
leaf_weight=346.87645550072193 107.01864106953144 50.795295245945454 1983.7835023775697 3193.4115671217442 65.101176984608173 301.91521889716387 43556.553473606706 1153.4293311461806 910.36324769258499 110.50932817533612 31.846276819705963 31.961070537567139 257.08035176992416 855.29512862861156 105701.38458648324 971.38662483543158 28.318926699459553 93.420408204197884 30873.185606842861 20077.075225934386 19859.427915327251 918.01196742802858 85.746361207216978 4322.1754214316607 457.03499385342002 988.87152436375618 22.414028078317642 9229.7955429553986 3603.719359241426 64556.533358052373
leaf_count=449 139 127 2815 5373 224 625 77430 3079 3195 443 148 132 595 3698 267240 1702 95 177 69210 42532 61813 1473 696 17106 2435 4121 34 18237 4390 142677
internal_value=0.000889334 0.000867152 0.000844629 0.00132604 0.000234713 -0.00546525 0.000450693 -0.00378065 -0.00699425 0.000469514 -0.0245315 -0.0200944 -0.0141561 -0.0115814 0.00107438 0.000780376 0.0311155 0.0147042 0.00197466 0.00296697 0.000495475 0.00786427 -0.000911272 -0.0038257 -0.00586934 -0.00293403 -0.0464012 0.00446932 0.00935978 0.000780376
internal_weight=314744 314516 314169 175580 138588 5057.83 133531 4649.42 3496 133480 408.403 376.557 322.182 2222.69 169075 1273.3 228.758 121.739 63373.5 32500.3 133369 6505.51 25256.2 5396.79 1367.4 5311.05 54.3751 12423.2 5587.5 108113
internal_count=732410 731999 731550 411270 320280 15867 304413 14734 11655 304286 1133 985 819 9328 402592 2327 411 272 135352 66142 303843 8678 83736 21923 5630 21227 166 23610 7205 220107
is_linear=0
shrinkage=0.05


Tree=100
num_leaves=31
num_cat=0
split_feature=6 10 8 8 2 8 0 9 3 8 7 8 10 4 4 8 5 8 4 9 8 8 8 8 10 8 8 8 8 8
split_gain=57.0593 74.9826 64.7803 64.7791 64.4728 56.889 53.5994 47.1732 53.4272 51.4148 42.9713 35.9812 44.2277 35.1676 34.1669 34.098 39.2578 28.8471 28.8121 24.6113 101.663 146.125 49.2826 43.4539 49.7073 24.4458 65.6844 80.6791 67.3076 24.329
threshold=3211691.0000000005 -0.049675324931740754 100.50000000000001 130.50000000000003 0.030151515267789367 170.50000000000003 0.046620300039649017 9.7750000953674334 0.0090917046181857603 1.0000000180025095e-35 0.64007574319839489 13.500000000000002 -0.033003883436322205 39610.000000000007 2149.9001464843755 33.500000000000007 13439690.500000002 58.500000000000007 80100.000000000015 11.949999809265138 1.0000000180025095e-35 11.500000000000002 12.500000000000002 56.500000000000007 0.07006461545825006 40.500000000000007 23.500000000000004 33.500000000000007 34.500000000000007 55.500000000000007
decision_type=8 2 2 2 2 2 2 2 8 2 10 2 2 10 8 2 2 2 8 2 2 2 2 2 2 2 2 2 2 2
left_child=4 2 6 -4 7 14 -2 9 10 18 13 -10 15 -9 -3 16 -13 -14 -1 20 -16 -22 -21 25 -25 26 -23 -28 -29 -24
right_child=1 5 3 -5 -6 -7 -8 8 11 -11 -12 12 17 -15 19 -17 -18 -19 -20 22 21 23 29 24 -26 -27 27 28 -30 -31
leaf_value=0.0062217518286543537 -0.0052966717354501654 0.017483300060921369 -0.11333942410101493 -0.00078637438816401672 0.010234917084695599 0.028313290684194321 -0.00078637438816401672 -0.034288565005742011 -0.0039505358994670284 0.0062217518286543537 -0.015520100354598311 -0.015520100354598311 0.0027192833061297963 -0.079091480105851361 0.0010502148107098938 -0.0019992211933317649 -0.0019992211933317649 -0.0019992211933317649 0.0027192833061297963 -0.00078637438816401672 0.0091810319278425381 0.0010502148107098938 0.0010502148107098938 0.0010502148107098938 0.0091810319278425381 0.0010502148107098938 0.0091810319278425381 0.0010502148107098938 0.0091810319278425381 -0.0001847118953936183
leaf_weight=993.90182210505009 8581.4578702226281 308.18261882662773 24.305642440915108 23.37660713493824 2694.3223140388727 187.37409041076899 8556.1978538110852 37.824306949973106 3150.1739931851625 2803.8907152339816 22.740335687994957 448.2436948120594 15429.323589846492 60.592942237854004 55882.21251630038 756.35165746510029 255.61714708805084 1861.1672888882458 8935.5391954779625 19976.766025170684 2845.3851791098714 8457.5874611660838 110487.38274596818 1860.3680311739445 3384.5041560605168 6770.9841858372092 2393.1576393246651 4212.9679835960269 997.67836779356003 42804.918807623908
leaf_count=1315 17857 416 104 41 3463 356 14010 103 5701 3512 43 1024 33365 302 120130 1313 406 4413 15957 40569 3340 12630 304145 3092 4338 10639 3035 6719 1279 119686
internal_value=0.000954529 0.000707498 -0.00249123 -0.0595046 0.00278656 0.000918482 -0.00232568 0.00220859 0.000807723 0.00463084 -0.0320325 0.000992307 0.00182305 -0.053057 0.000898551 -0.00652738 -0.0147763 0.00252893 0.00271928 0.000878764 0.00156595 0.00404443 0.000534483 0.00269455 0.00679782 0.00175147 0.00317242 0.00662717 0.00223532 0.000879685
internal_weight=315204 277755 17185.3 47.6822 37449.7 260569 17137.7 34755.4 22022 12733.3 121.158 21900.9 18750.7 98.4172 260382 1460.21 703.861 17290.5 9929.44 260074 86804.8 30922.6 173269 28077.2 5244.87 22832.4 16061.4 7603.8 5210.65 153292
internal_count=733303 662386 32012 145 70917 630374 31867 67454 46670 20784 448 46222 40521 405 630018 2743 1430 37778 17272 629602 165202 45072 464400 41732 7430 34302 23663 11033 7998 423831
is_linear=0
shrinkage=0.05


Tree=101
num_leaves=31
num_cat=0
split_feature=11 5 8 8 5 15 4 5 5 8 8 8 8 3 8 8 4 3 2 8 8 8 8 15 8 10 11 8 3 3
split_gain=53.7186 47.5257 85.0218 70.9185 49.0798 110.126 93.166 56.0511 52.5081 61.071 77.8881 57.4155 144.16 51.2908 81.5199 70.0158 64.5273 53.3743 50.6575 50.1359 68.3509 56.5745 49.7266 49.3076 55.3439 48.5442 48.2544 45.9927 69.8347 42.9054
threshold=-0.31677702069282526 1289243.5000000002 59.500000000000007 23.500000000000004 5320895.5000000009 6.5000000000000009 194500.00000000003 12130922.500000002 10052930.500000002 22.500000000000004 30.500000000000004 125.50000000000001 122.50000000000001 0.20257303118705752 35.500000000000007 43.500000000000007 39010.000000000007 0.054519793018698699 0.15891053527593615 65.500000000000014 56.500000000000007 68.500000000000014 44.500000000000007 6.5000000000000009 69.500000000000014 -0.024864718317985531 -0.0021793566411361094 13.500000000000002 0.07426562532782556 0.12838535755872729
decision_type=2 2 2 2 2 2 10 2 2 2 2 2 2 8 2 2 10 10 2 2 2 2 2 2 2 2 2 2 8 10
left_child=-1 2 3 27 5 6 19 8 11 -10 -11 12 18 14 26 16 -15 -16 -6 20 -3 -21 -20 -9 -25 -23 -12 -2 -29 -27
right_child=1 4 -4 -5 7 -7 -8 23 9 10 13 -13 -14 15 17 -17 -18 -19 22 21 -22 25 -24 24 -26 29 -28 28 -30 -31
leaf_value=-0.038021871264737571 -0.013773542700172128 0.0015551760372372527 0.014591247127139688 -0.018685921223455384 0.00013044085646085604 0.013874219825570397 -0.018685921223455384 0.0010071856790148494 -0.0034447671582013848 0.01025010121297759 -0.018685921223455384 -0.018685921223455384 0.070178794665408453 0.013451018415430824 -0.018685921223455384 -0.00070324304429170321 -0.0010447041172925381 -0.0010447041172925381 0.0043321348213402333 -0.0048723514015797239 0.0075837327701282903 -0.0086605844290357746 0.021374430317236154 0.0065494987712905409 0.038971124781581212 -0.0029907166942821882 -0.0070164251479628448 -0.018685921223455384 0.023924951696768684 0.0048557576068930025
leaf_weight=87.825747728347778 351.5953920558095 104433.72096098959 328.13259757682681 572.76701458357275 65710.650266785175 1762.8764803782105 277.85456074401736 75981.094572380185 25684.989846810699 1783.9341127425432 522.25878457725048 238.43931332230568 72.013730689883232 1937.7513117194176 238.79300376772881 7018.1522025465965 285.94036974012852 5269.6759874299169 1303.4854385778308 6472.5955464243889 1663.6038760766387 650.20712248980999 538.22679808735847 2014.451190777123 138.98133360594511 1670.1320289224386 1377.0887877047062 58.909971464425325 267.11621820926666 5469.5544118136168
leaf_count=197 848 212749 1023 2388 167183 3060 1003 160063 81870 3466 1291 796 71 4770 1041 21944 853 17226 1782 17597 2550 1431 549 4044 202 4624 4896 339 789 12139
internal_value=0.000638977 0.000650029 -0.00799846 -0.0139404 0.000693763 0.00147467 0.00129325 0.000190991 -0.000526142 -0.00186891 0.000326983 0.000346842 0.000436216 -0.000737337 -0.00383652 0.00174711 0.0094743 -0.0010447 0.000359792 0.00136475 0.0017389 -0.00141838 0.00853383 0.00121876 0.00867619 0.00145202 -0.0127734 -0.00126748 0.0122211 0.00267915
internal_weight=314183 314095 1578.52 1250.39 312516 122401 120638 190116 111981 44118.6 18433.6 67862.8 67624.4 16649.7 7407.82 9241.84 2223.69 5508.47 67552.4 120360 106097 14262.5 1841.71 78134.5 2153.43 7789.89 1899.35 677.622 326.026 7139.69
internal_count=732784 732587 5387 4364 727200 255153 252093 472047 307738 137357 55487 170381 169585 52021 24454 27567 5623 18267 169514 251090 215299 35791 2331 164309 4246 18194 6187 1976 1128 16763
is_linear=0
shrinkage=0.05


Tree=102
num_leaves=31
num_cat=0
split_feature=15 5 8 9 8 9 10 8 4 4 3 6 8 5 5 8 8 5 11 9 10 8 4 8 8 5 14 5 6 8
split_gain=45.1513 152.382 99.868 61.437 47.6718 76.6482 92.4223 76.1359 89.7835 84.306 62.7027 73.6569 82.2669 52.4816 104.953 40.9537 35.7405 55.1056 32.0988 50.2141 37.9009 30.8818 27.3338 27.3228 26.7532 23.4138 39.004 118.926 36.3272 22.8542
threshold=6.5000000000000009 10052930.500000002 69.500000000000014 21.22500038146973 33.500000000000007 12.354166507720949 -0.11660353466868399 1.0000000180025095e-35 197024.50000000003 32820.000000000007 0.0058937692083418378 1.0000000180025095e-35 13.500000000000002 13439690.500000002 12130922.500000002 23.500000000000004 25.500000000000004 5320895.5000000009 -0.026495215483009812 9.7750000953674334 0.2023827210068703 72.500000000000014 56050.000000000007 45.500000000000007 99.500000000000014 5320895.5000000009 1.0000000180025095e-35 10052930.500000002 1.0000000180025095e-35 88.500000000000014
decision_type=2 2 2 2 2 2 2 2 10 8 8 10 2 2 2 2 2 2 2 2 2 2 10 2 2 2 2 2 10 2
left_child=4 3 -3 16 7 23 -7 8 9 -1 11 22 -13 14 25 -14 17 -2 19 -12 -21 -4 -9 -6 -23 -11 27 -27 -28 -8
right_child=1 2 21 -5 5 6 29 10 -10 13 18 12 15 -15 -16 -17 -18 -19 -20 20 -22 24 -24 -25 -26 26 28 -29 -30 -31
leaf_value=0.0021626217875025241 0.013820949031239375 0.0021626217875025241 0.077119692670825968 0.0021626217875025241 0.0007768019786358769 -0.10684446436894002 -0.00081867525633854939 -0.0049286453821403625 -0.070319620456227153 -0.0012160060385517182 0.0010509798795665841 -0.082253760557985972 -0.0049286453821403625 0.00042111244835022735 -0.035205750074916636 -0.071240034382024378 0.011293912110596487 0.035242897306337735 0.0021626217875025241 -0.0049286453821403625 -0.0011900838799272417 0.017165600387035119 -0.029272914822228675 0.0021626217875025241 0.055558612350027042 -0.0056668446740451468 -0.0041598090694838349 -0.035205750074916636 0.00042111244835022735 0.0007768019786358769
leaf_weight=17428.65807197988 685.24290128797293 10901.952255278826 32.869949355721474 492.61073930561543 14840.240778319538 18.468917742371559 99429.579036667943 465.70338556542993 43.545907154679298 18249.393201112747 8997.4741696938872 67.693827718496323 106.30361004546285 12556.794916197658 110.25668686628342 24.153820708394051 1273.1504289880395 538.54497504234314 90199.295160058886 5188.9800770282745 2057.2481447011232 197.05736852437258 117.17864190042019 13634.400035135448 58.34309022128582 5666.6627756357193 5008.9951858371496 160.0533207654953 716.48499681055546 5726.8203987181187
leaf_count=32346 980 37534 23 1571 23793 78 274424 1442 219 33988 13924 248 338 22206 349 80 2383 669 206648 10451 3242 504 505 20667 132 13569 13932 686 1106 14857
internal_value=0.000849108 0.00360612 0.00216262 0.0138769 0.000719125 1.51753e-05 -0.000609018 0.00128193 -0.000145243 -9.18797e-05 0.00207974 -0.0120199 -0.03835 -0.0013204 -0.00252711 -0.0146706 0.0171874 0.0232901 0.00216262 -6.0662e-05 -0.00343115 0.0325857 -0.00492865 0.00216262 0.0262996 -0.00233128 -0.00409259 -0.00697185 -0.00116101 -0.000588328
internal_weight=314994 14179.8 11190.2 2989.55 300814 133650 105175 167165 59940.8 59897.3 107224 781.033 198.151 42468.6 29911.8 130.457 2496.94 1223.79 106443 16243.7 7246.23 288.27 582.882 28474.6 255.4 29801.6 11552.2 5826.72 5725.48 105156
internal_count=732894 43796 38193 5603 689098 333819 289359 355279 118401 118182 236878 2613 666 85836 63630 418 4032 1649 234265 27617 13693 659 1947 44460 636 63281 29293 14255 15038 289281
is_linear=0
shrinkage=0.05


Tree=103
num_leaves=31
num_cat=0
split_feature=6 4 9 8 9 5 8 5 4 8 3 2 10 11 8 4 9 1 11 11 8 8 3 8 8 4 8 5 8 3
split_gain=70.2964 144.047 113.041 57.5783 72.2141 57.8121 55.1119 47.4767 119.486 118.726 87.2145 79.0083 68.2524 107.568 68.8399 70.8028 69.0176 66.3047 53.3085 49.7196 41.7256 41.3069 33.7173 30.5951 45.5593 125.588 43.579 39.3208 34.8039 44.7651
threshold=1.0000000180025095e-35 198800.00000000003 7.9444444179534921 1.0000000180025095e-35 10.267857074737551 1289243.5000000002 22.500000000000004 10052930.500000002 3004.200073242188 126.50000000000001 0.1907056346535683 0.020101009868085388 0.082257445901632323 -0.14247304946184156 33.500000000000007 39610.000000000007 14.22499990463257 19.500000000000004 -0.10883838310837744 -0.10753119364380835 144.50000000000003 13.500000000000002 0.17261101305484775 22.500000000000004 36.500000000000007 36820.000000000007 34.500000000000007 16151869.500000002 66.500000000000014 0.29243683815002447
decision_type=10 8 2 2 2 2 2 2 10 2 8 2 2 2 2 10 2 2 2 2 2 2 10 2 2 10 2 2 2 8
left_child=7 2 22 5 -5 -3 21 8 17 12 18 20 13 -10 15 -15 -16 -1 -9 -17 -11 -4 -2 -12 25 26 -25 28 -26 -30
right_child=1 3 6 4 -6 -7 -8 10 9 11 23 -13 -14 14 16 19 -18 -19 -20 -21 -22 -23 -24 24 27 -27 -28 -29 29 -31
leaf_value=0.016739147179763457 0.0075447149603502048 -0.055562725650806943 0.0020096216559028664 0.0020096216559028664 -6.9343311325940603e-05 -0.0014815756717117404 0.0020096216559028664 -0.011933474166493712 -0.036759365844206131 -0.058956006015915212 -0.00051548696365922545 0.0052275425656117249 0.0038604269686539276 0.0019075690011766796 0.0019075690011766796 -0.018355074152023348 -0.0026178380839359779 0.0052275425656117249 -0.0019224809823733967 -0.0010222723303421686 -0.018923752136147498 0.005879126965783351 0.015785153512307578 0.009405769279475576 -0.00051548696365922545 -0.00051548696365922545 0.026769354544344814 0.026937051874862651 -0.00051548696365922545 0.0088139949202057748
leaf_weight=1833.4152492061257 6425.0316744297743 47.505488872528076 4268.4247357994318 10489.858017675579 52520.566388353705 27842.932920530438 28919.868594687432 1364.9715124666691 196.99438993632793 157.88393552601337 12015.923927523196 123.89256517589092 13070.187779977918 21283.119187049568 8584.3885678201914 135.40888288617134 29580.651974383742 1487.3375996425748 49013.356480829418 17721.128905225545 99.33207131177187 6587.3160990811884 1540.2771278768778 3775.9804841205478 10431.474609419703 837.15667245537043 398.57223726063967 142.32206420600414 1267.2958313152194 2527.4688130542636
leaf_count=2505 9678 167 7196 14584 136264 54106 58672 2646 448 696 38002 190 20182 41369 14705 321 92647 3765 129546 40588 366 12858 1756 8206 29312 2216 557 260 3502 6085
internal_value=0.000639619 0.00148171 0.00370554 0.000313706 0.00115091 -0.00157767 0.0026165 -2.35555e-05 0.000741167 0.000400931 -0.000905163 -0.0273748 0.000518407 -4.5289e-05 4.92175e-05 0.00152255 -0.00146174 0.0100542 -0.00219419 -0.00129195 -0.043075 0.00575656 0.00914176 0.00116321 0.00240194 0.00650574 0.0110756 0.000969834 0.000706303 0.00482409
internal_weight=314690 138642 47740.9 90900.9 63010.4 27890.4 39775.6 176048 94273.7 90953 81774.5 381.109 90571.9 77501.7 77304.7 39139.7 38165 3320.75 50378.3 17856.5 257.216 10855.7 7965.31 31396.2 19380.3 5011.71 4174.55 14368.6 14226.2 3794.76
internal_count=733395 295281 90160 205121 150848 54273 78726 438114 217782 211512 220332 1252 210260 190078 189630 82278 107352 6270 132192 40909 1062 20054 11434 88140 50138 10979 8763 39159 38899 9587
is_linear=0
shrinkage=0.05


Tree=104
num_leaves=31
num_cat=0
split_feature=5 7 5 5 5 4 6 8 8 6 8 8 0 8 4 11 10 0 6 7 10 8 2 7 6 8 10 7 10 0
split_gain=131.573 71.6875 65.069 72.9781 65.2406 63.0722 70.7029 57.7056 107.291 55.6307 56.0947 54.7434 128.9 54.4174 77.4522 53.4326 50.7076 45.5878 44.5351 79.8745 79.2283 93.9013 179.995 135.659 43.7083 44.6163 65.3665 48.2764 43.1242 47.9053
threshold=1289243.5000000002 0.95346027612686168 5320895.5000000009 12130922.500000002 10052930.500000002 98200.000000000015 7714069.5000000009 63.500000000000007 31.500000000000004 3211691.0000000005 59.500000000000007 114.50000000000001 0.033445190638303764 71.500000000000014 58060.000000000007 0.45565807819366461 0.26242439448833471 0.012579114176332952 3211691.0000000005 0.40629123151302343 -0.051346169784665101 36.500000000000007 0.014815627597272398 0.097182542085647597 1.0000000180025095e-35 98.500000000000014 0.041128674522042281 0.097182542085647597 -0.057489683851599686 0.073282610625028624
decision_type=2 10 2 2 2 8 8 2 2 8 2 2 2 2 10 2 2 2 10 10 2 2 2 10 10 2 2 8 2 2
left_child=13 2 5 4 18 6 -2 8 -5 -6 -11 -7 -13 15 17 -1 -10 -15 20 -20 21 -4 23 -23 -9 -26 27 -27 29 -12
right_child=1 -3 3 7 9 11 -8 24 16 10 28 12 -14 14 -16 -17 -18 -19 19 -21 -22 22 -24 -25 25 26 -28 -29 -30 -31
leaf_value=-0.018852513109490099 0.0051939621177130996 0.014320286167542893 -0.0037518731738598122 0.0020659267148290992 -0.067039797895144457 0.00025676755230959235 0.0015308687104882738 0.0018374628319802009 -0.0026972316414835325 -0.0028597028014806158 -0.094555858084861166 -0.062130555502777574 0.0013009669033279363 -0.0229404992160612 -0.072967894990039334 0.043371024607943925 0.0073612669088375009 0.042775037773080081 -0.0029776772258661537 0.00457354785650331 0.0015301701198060474 -0.1009350998461237 -0.0037518731738598122 -0.030679900062723517 0.007445696181204795 -0.087657476506123488 0.007445696181204795 -0.018715728954050586 0.0038296835880586664 -0.017730158322672763
leaf_weight=1339.9080319944769 17589.413057908416 948.94575195759535 1144.1672457158566 46538.969658896327 31.189605183899403 51690.925038065761 52457.196286130697 5054.3355187438428 21585.61370364204 39729.589588291943 23.030354619026184 115.15639753639698 101.78633243590593 32.547981794923544 20.471324469894171 33.573997475206852 1328.2949677109718 106.20691384375095 19297.288317095488 4276.4340113550425 42156.175170127302 83.79012955725193 258.86496645212173 364.03268724679947 3120.3658611476421 27.12188533693552 141.41491542011499 216.57080084830523 4127.4732549786568 33.791147485375404
leaf_count=4989 31132 1429 1836 90579 120 111219 111149 13100 51603 124001 96 578 150 152 130 18 1793 132 52939 8636 104864 356 430 990 6255 115 204 630 13102 56
internal_value=0.000541225 0.000612956 0.000571106 -8.56969e-06 -0.000829128 0.00147201 0.00245083 0.00116448 0.000687009 -0.00232876 -0.00227975 0.000151103 -0.0247979 -0.014063 0.0134775 -0.0172706 -0.00211356 0.0270869 0.000146061 -0.00160756 0.00108547 -0.00903392 -0.0238575 -0.0442154 0.00503754 0.0074457 -0.0107852 -0.0270397 0.00322564 -0.03929
internal_weight=313975 312442 311493 189539 111526 121954 70046.6 78012.7 69452.9 43945.1 43913.9 51907.9 216.943 1532.71 159.226 1373.48 22913.9 138.755 67580.8 23573.7 44007 1850.86 706.688 447.823 8559.81 3505.47 385.108 243.693 4184.29 56.8215
internal_count=732783 727362 725933 471705 307426 254228 142281 164279 143975 137375 137255 111947 728 5421 414 5007 53396 284 170051 61575 108476 3612 1776 1346 20304 7204 949 745 13254 152
is_linear=0
shrinkage=0.05


Tree=105
num_leaves=31
num_cat=0
split_feature=6 8 8 4 3 4 8 8 6 3 4 3 11 8 11 8 8 5 15 8 0 4 5 5 11 6 4 8 8 0
split_gain=62.6923 53.0614 385.161 89.3276 63.3823 62.2296 62.0824 72.2429 76.2841 51.2367 49.5096 40.4146 66.9553 70.4582 34.3916 54.2017 32.99 41.1887 42.5643 34.6311 34.1558 26.2252 29.7985 28.5721 25.5525 25.4753 30.5786 23.9823 75.0951 59.4628
threshold=7714069.5000000009 1.0000000180025095e-35 11.500000000000002 197024.50000000003 0.48041111230850225 4804.8000488281259 2.5000000000000004 1.5000000000000002 3211691.0000000005 0.0058937692083418378 26040.000000000004 0.013957562390714886 -0.072723474353551851 21.500000000000004 0.34924985468387609 24.500000000000004 13.500000000000002 12130922.500000002 2.5000000000000004 68.500000000000014 0.10045871511101724 15605.300292968752 5320895.5000000009 1289243.5000000002 -0.017661913298070427 3211691.0000000005 80100.000000000015 33.500000000000007 22.500000000000004 1.0000000180025095e-35
decision_type=10 2 2 10 8 8 2 2 10 10 10 8 2 2 2 2 2 2 2 2 2 8 2 2 2 8 10 2 2 2
left_child=1 3 4 5 6 -1 7 -3 -9 10 -2 12 13 -4 27 -16 17 18 -14 -18 -21 22 -7 -23 -11 26 -25 28 -13 -29
right_child=9 2 11 -5 -6 21 -8 8 -10 24 -12 14 16 -15 15 -17 19 -19 -20 20 -22 23 -24 25 -26 -27 -28 29 -30 -31
leaf_value=0.011607710917425903 0.0035487555294444551 0.010218705982091424 -0.029261026124992963 -0.068898215785840974 0.023936145531629437 0.0054219849986331531 0.01339420040441437 -0.10047232462527107 0.015532631830922631 0.0078907751509101846 -0.032261462858134429 0.00074296667994116561 -0.029261026124992963 -0.10118245537948092 0.0030790052913973287 0.01598348840211148 -0.0023400052499626227 -0.029261026124992963 -0.0023400052499626227 -0.029261026124992963 -0.0023400052499626227 -0.021480522476359124 0.0006429524457764531 0.0006429524457764531 0.016285439539392405 -0.0015648433832835048 -0.034727369959539033 -0.00064816673046351296 0.0030790052913973287 0.0014658403108822806
leaf_weight=1031.7933059632778 7810.5939588546753 77.889237686991692 25.620341196656227 45.851126566529274 1905.5232721343637 1787.1935994178057 1243.1241764202714 39.962159089744091 20.673153683543205 240.33790559321642 95.74241915345192 88006.743851725012 80.037499323487282 40.705615013837814 3211.5084573999047 943.20461494475603 1957.9350786842406 54.951698794960976 210.12041129171848 84.450495921075344 28.839432545006275 169.53841079771519 4150.1615259498358 9684.0680156350136 1458.6175514534116 44851.241775587201 37.133865505456924 70719.28312545456 12120.398780748248 62801.887342393398
leaf_count=1453 13699 103 28 235 1977 2521 1542 142 23 412 231 211613 232 154 4607 1049 7066 192 424 471 24 457 7720 16955 2105 102269 98 215532 20193 119130
internal_value=0.000824651 0.000699511 0.00103141 -0.000609494 0.0180254 -0.000556524 0.00985073 -0.0216866 -0.0616882 0.0048016 0.00310706 0.000798775 -0.00554506 -0.0543608 0.000865051 0.00537317 -0.00416127 -0.0184877 -0.00698526 -0.00234001 -0.029261 -0.000763741 0.00239199 -0.00110609 0.0126745 -0.00104201 0.000642952 0.000784843 0.00136981 0.000346167
internal_weight=314935 305330 243573 61757 3287.17 61711.1 1381.65 138.525 60.6353 9605.29 7906.34 240286 2482.66 66.326 237803 4154.71 2416.33 345.11 290.158 2071.23 113.29 60679.3 5937.36 54742 1698.96 54572.4 9721.2 233648 100127 133521
internal_count=732657 716210 584502 131708 3787 131473 1810 268 165 16447 13930 580715 8591 182 572124 5656 8409 848 656 7561 495 130020 10241 119779 2517 119322 17053 566468 231806 334662
is_linear=0
shrinkage=0.05


Tree=106
num_leaves=31
num_cat=0
split_feature=4 9 8 8 8 8 8 8 5 8 10 10 8 8 6 8 8 9 10 7 3 5 7 8 10 5 3 9 4 9
split_gain=68.8353 46.8641 150.409 151.983 38.5526 135.754 61.0165 35.2163 31.8305 109.436 74.8732 31.3182 30.8458 85.9109 68.6108 30.1645 28.246 41.3127 37.6448 125.489 31.304 77.7927 27.9342 25.3499 71.5949 26.8285 37.1552 47.5706 36.1719 24.2073
threshold=2149.9001464843755 9.3452377319335955 1.0000000180025095e-35 10.500000000000002 23.500000000000004 33.500000000000007 21.500000000000004 44.500000000000007 1289243.5000000002 20.500000000000004 -0.052248043939471238 0.18045505881309512 23.500000000000004 40.500000000000007 3211691.0000000005 49.500000000000007 33.500000000000007 12.464285850524904 -0.063008658587932573 0.36377695202827459 0.086733855307102217 10052930.500000002 0.07427492737770082 44.500000000000007 -0.071431696414947496 10052930.500000002 0.032394221052527435 14.845237731933596 48010.000000000007 14.690476417541506
decision_type=8 2 2 2 2 2 2 2 2 2 2 2 2 2 8 2 2 2 2 8 10 2 8 2 2 2 8 2 8 2
left_child=-1 2 -2 -4 6 -6 22 -7 9 -3 -11 15 -12 14 -14 -9 18 -18 19 20 21 -10 -5 25 29 -19 27 -27 -28 -25
right_child=1 8 3 4 5 7 -8 11 16 10 12 -13 13 -15 -16 -17 17 23 -20 -21 -22 -23 -24 24 -26 26 28 -29 -30 -31
leaf_value=0.021846334248426677 0.00085075392473765157 -0.065451966608777834 0.01122042585475668 0.00085075392473765157 0.01122042585475668 0.00085075392473765157 0.00085075392473765157 0.0068056993297566344 -0.1044721483217568 -0.090269187026167166 0.00085075392473765157 0.010823971253872716 0.00085075392473765157 -0.00081707371907421226 -0.046067934437508562 0.00085075392473765157 0.00085075392473765157 -0.0005997979042987728 0.00085075392473765157 -0.0035662215420496782 -0.022410347041125198 -0.039988473786561986 0.0084409972999888762 -0.019428862811215395 7.5809859804136829e-05 -0.011186001552684434 -0.00044468654812458746 -0.034831512417202011 -0.0046964795103423169 -0.061671313018857768
leaf_weight=379.49487244337797 65250.49544813484 75.727968499064445 2735.366628266871 340.711122430861 2581.3097009658813 6767.4607912153006 9419.7764903083444 987.86928582191467 55.376301050186157 22.529916658997536 252.76996715739369 1924.2478927969933 31.519226841628551 602.70384026318789 134.38803055137396 2288.1874452680349 17484.67195109278 34417.767386235297 90857.284525994211 970.97392989695072 105.12247881293297 74.986795991659164 3930.1446336209774 106.63701678812504 52012.513484552503 66.195302367210388 9781.5845594853163 253.36272154003382 10236.885897137225 49.980515897274017
leaf_count=471 136998 287 3182 596 3172 10189 14858 1343 212 101 1000 2347 56 2464 618 3529 28602 94240 219742 1678 220 167 5423 259 139940 71 27507 1242 32088 183
internal_value=0.000620325 0.000594517 0.00151332 0.00452533 0.00330661 0.00509855 0.00140183 0.00262194 0.000188188 -0.00821304 -0.00394357 0.00576418 -0.00186668 -0.00963151 -0.0412612 0.00278743 0.000231716 -0.000260274 0.000850754 -0.0079832 -0.0412545 -0.0575666 0.00690663 -0.000699134 7.58099e-05 -0.00145064 -0.00289031 -0.0197528 -0.00261919 -0.0335171
internal_weight=314198 313819 96225.6 30975.1 28239.7 14549.1 13690.6 11967.8 217593 1119.64 1043.91 5200.3 1021.38 768.611 165.907 3276.06 216473 124410 92063.7 1206.46 235.486 130.363 4270.86 106925 52169.1 54755.8 20338 319.558 20018.5 156.618
internal_count=732785 732314 181637 44639 41457 20580 20877 17408 550677 4526 4239 7219 4138 3138 674 4872 546151 324132 222019 2277 599 379 6019 295530 140382 155148 60908 1313 59595 442
is_linear=0
shrinkage=0.05


Tree=107
num_leaves=31
num_cat=0
split_feature=6 8 8 11 15 5 8 8 4 6 8 5 9 0 8 8 10 11 7 8 8 5 8 7 8 8 8 6 9 5
split_gain=80.9424 46.3663 85.0404 60.2111 45.5036 73.7254 86.6031 62.7548 62.3834 96.7926 54.2916 49.0735 38.2425 35.1642 34.0979 30.0473 34.1065 28.9413 22.1228 21.7235 18.8514 24.4437 18.0057 17.9436 16.422 35.0903 20.729 16.2978 34.7036 28.8799
threshold=7714069.5000000009 170.50000000000003 199.00000000000003 0.039864521473646171 6.5000000000000009 10052930.500000002 69.500000000000014 20.500000000000004 inf 1.0000000180025095e-35 1.0000000180025095e-35 5320895.5000000009 21.585714340209964 0.033445190638303764 72.500000000000014 91.500000000000014 0.16314934939146045 -0.1906926408410072 0.050065962597727783 107.50000000000001 99.500000000000014 13439690.500000002 35.500000000000007 0.87161171436309826 56.500000000000007 76.500000000000014 46.500000000000007 3211691.0000000005 16.763889312744144 15089427.500000002
decision_type=10 2 2 2 2 2 2 2 8 10 2 2 2 2 2 2 2 2 8 2 2 2 2 10 2 2 2 10 2 2
left_child=1 4 27 -4 8 7 -7 11 9 15 -10 -6 -12 -9 -8 16 -1 -2 22 -14 21 -16 -19 24 26 -26 -20 28 -3 -30
right_child=17 2 3 -5 5 6 14 13 10 -11 12 -13 19 -15 20 -17 -18 18 23 -21 -22 -23 -24 -25 25 -27 -28 -29 29 -31
leaf_value=-0.00011154111600723012 -0.041622296764609136 0.047119792514569374 -0.082621529982556952 0.039247682524318761 0.011336697245608802 0.0016973784943984833 0.076784503466392068 0.0016973784943984833 -0.0029109936057422226 0.0016973784943984833 -0.00011154111600723012 0.036027994265214677 -0.0021707154610706892 0.014562267625090634 0.0016973784943984833 0.0016973784943984833 0.0016973784943984833 -0.002481706929756185 0.0053450659577587364 -0.051278108852344233 0.04672662492263633 0.032889549987440841 -0.018219981017034328 0.030662289951779848 0.018008735278836903 -0.002481706929756185 -0.002481706929756185 0.052768632363054103 -0.066954589855891311 0.013055757853727937
leaf_weight=142341.6767105218 31.163908258080482 46.054564759135246 26.335933733731508 14.281819343566893 473.2924964427948 10870.281752049923 32.395972937345505 1364.4442858919501 24259.083546325564 46081.945178277791 36454.806350886822 351.75107337534428 21436.356630008668 726.35080153495073 87.183410003781319 3697.5961309131235 15736.488641098142 148.54497703164816 8841.7996359914541 20.548189919441938 60.640049263834953 91.43956895172596 69.257047146558762 68.665255792438984 307.98174649477005 115.74484875053167 148.66464642435312 95.493407472968102 14.966165546327829 14.119758814573288
leaf_count=359988 73 49 130 11 705 37469 21 3464 48750 87921 71297 433 70417 1010 333 9160 24217 246 14971 228 136 144 179 62 433 252 340 90 77 32
internal_value=0.000535657 0.000392085 0.0236984 -0.0399396 0.000375738 0.00315369 0.00169738 0.0102641 0.000241069 0.00070213 -0.000925212 0.0219253 -0.000111541 0.00564598 0.0299444 3.35075e-05 -0.000111541 0.00502393 0.00518233 -0.00222252 0.0230183 0.0145414 -0.0105083 0.00554486 0.00535518 0.0149564 0.00489944 0.039134 0.0208873 -0.0210083
internal_weight=314029 304298 211.252 40.6178 304086 14057.8 11141.9 2915.84 290029 207858 82170.8 825.044 57911.7 2090.8 271.659 161776 158078 9731.82 9700.66 21456.9 239.263 178.623 217.802 9482.86 9414.19 423.727 8990.46 170.634 75.1405 29.0859
internal_count=732638 716082 389 141 715693 43715 38103 5612 671978 481286 190692 1138 141942 4474 634 393365 384205 16556 16483 70645 613 477 425 16058 15996 685 15311 248 158 109
is_linear=0
shrinkage=0.05


Tree=108
num_leaves=31
num_cat=0
split_feature=8 5 0 7 8 7 8 4 8 8 8 11 8 9 8 7 4 9 5 5 4 7 8 8 8 8 4 11 11 8
split_gain=56.6476 45.0435 62.8163 41.3068 52.6782 95.2047 69.6835 37.6186 37.5812 45.0144 36.4536 60.7897 30.1835 68.3088 54.8243 57.9895 42.7368 23.3986 23.2688 48.8089 52.9514 56.2922 45.0828 91.9069 74.3409 53.0099 49.812 46.8983 46.8164 99.82
threshold=170.50000000000003 5320895.5000000009 0.0082305916585028189 0.52384921908378612 90.500000000000014 0.12494444474577905 107.50000000000001 80100.000000000015 65.500000000000014 56.500000000000007 178.50000000000003 -0.0029897185740992423 132.50000000000003 18.816666603088382 141.50000000000003 0.29989059269428259 46010.000000000007 15.267857074737551 13439690.500000002 10052930.500000002 195300.00000000003 0.74998226761817943 110.50000000000001 103.50000000000001 125.50000000000001 106.50000000000001 19013.600585937504 -1.0000000180025095e-35 -0.044947260990738862 64.500000000000014
decision_type=2 2 2 10 2 10 2 8 2 2 2 2 2 2 2 10 8 2 2 2 10 10 2 2 2 2 10 2 2 2
left_child=1 2 3 4 -1 7 -7 -6 9 -4 -2 -12 18 14 -14 16 -16 -11 19 22 -21 -22 23 28 -24 -25 -27 -26 29 -3
right_child=10 12 8 -5 5 6 -8 -9 -10 17 11 -13 13 -15 15 -17 -18 -19 -20 20 21 -23 24 25 27 26 -28 -29 -30 -31
leaf_value=0.0002388022489015952 0.047583617487536492 -0.0012195659120273537 0.0039441321358388501 0.0019135732435479826 -0.019446179373763927 -0.019446179373763927 0.001007717074878579 -0.057732347230272645 0.0019135732435479826 0.019324860726458212 -0.052481003974584606 0.029422911216957094 -0.035489001296478445 -0.06743663380592281 0.0082676086020768199 0.039890329146388306 -0.035489001296478445 0.0019135732435479826 0.00081286105085212406 -0.0014906366469877839 -0.072652881747848758 -0.019187347353842945 0.026521110648633786 -0.10074705175297427 -0.07801540387066859 0.022679899242099059 -0.030008561152515646 -0.00024528033530014969 0.0010473941175786199 -0.020277165128026339
leaf_weight=74663.467464370653 102.12641114741564 7214.7170160263777 25102.027892291546 14950.108128711581 129.68562888540328 172.90776163339615 375.76621982455254 122.05242362245917 7901.8858621567488 708.59057454019785 29.895246289670467 76.316160842776299 50.548876039683819 51.367662750184536 26.051624715328217 82.186804842203856 35.839554063975811 39.867233216762543 75902.85219155997 45999.872588202357 59.093232229351997 44.829028017818928 357.08695352822542 20.357883766293526 25.969278112053871 53.230872996151447 245.67205058038235 63.204128064215183 58877.80847363919 757.4665632173419
leaf_count=171441 139 13441 39412 30457 447 552 1038 695 15451 847 107 159 164 282 26 134 132 104 160117 141146 359 129 703 89 125 166 859 204 152060 1795
internal_value=0.000613756 0.000596378 0.00133686 0.000649703 0.000101861 -0.012641 -0.000925409 -0.0379669 0.00317744 0.00430524 0.026553 0.00582559 0.000112121 -0.01732 -0.00354137 0.0127744 -0.0233551 0.0163735 0.000134918 -0.000317587 -0.00157201 -0.0368841 0.000537767 0.000432285 0.0163417 -0.026247 -0.020537 -0.0241082 0.000560481 -0.00303493
internal_weight=314243 314035 124166 90414 75463.9 800.412 548.674 251.738 33752.4 25850.5 208.338 106.211 189868 245.995 194.627 144.078 61.8912 748.458 189622 113719 46103.8 103.922 67615.5 67169.3 446.26 319.261 298.903 89.1734 66850 7972.18
internal_count=732780 732375 260444 204630 174173 2732 1590 1142 55814 40363 405 266 471931 738 456 292 158 951 471193 311076 141634 488 169442 168410 1032 1114 1025 329 167296 15236
is_linear=0
shrinkage=0.05


Tree=109
num_leaves=31
num_cat=0
split_feature=6 6 8 15 8 5 4 8 5 4 3 5 5 8 10 3 8 3 8 3 8 8 8 2 4 5 4 8 10 8
split_gain=59.518 55.8576 56.5424 51.2327 98.5736 62.1364 49.6435 49.236 42.8011 43.8384 41.7442 41.5849 41.1352 49.4745 70.8932 147.634 53.6111 73.8449 62.9719 47.2129 44.0656 38.0443 37.2648 36.6204 35.8291 38.3512 34.6656 55.4884 52.4356 118.352
threshold=3211691.0000000005 7714069.5000000009 150.50000000000003 6.5000000000000009 69.500000000000014 10052930.500000002 32013.600585937504 76.500000000000014 1289243.5000000002 138500.00000000003 0.64834192395210277 15089427.500000002 5320895.5000000009 57.500000000000007 -0.083802308887243257 0.39620284736156469 55.500000000000007 0.013957562390714886 44.500000000000007 0.032394221052527435 33.500000000000007 37.500000000000007 72.500000000000014 0.10968749970197679 66050.000000000015 15089427.500000002 47865.000000000007 1.0000000180025095e-35 -0.010152646806091068 106.50000000000001
decision_type=8 10 2 2 2 2 8 2 2 8 8 2 2 2 2 10 2 8 2 8 2 2 2 2 8 2 8 2 2 2
left_child=23 2 3 8 5 21 -4 -3 9 -2 11 -9 26 16 15 -15 18 -18 20 -16 24 -5 -6 -1 -14 -26 -10 -28 29 -29
right_child=1 7 6 4 22 -7 -8 10 12 -11 -12 -13 13 14 19 -17 17 -19 -20 -21 -22 -23 -24 -25 25 -27 27 28 -30 -31
leaf_value=0.0020434008195349151 -0.0054794600079935965 0.0043232769038165303 0.050872524382695197 0.013278370004621948 0.059206246894962122 0.0013953580665205206 0.009228499255085813 -0.11383600039255021 0.0013953580665205206 -0.031952751514214325 -0.0055164341611442548 -0.036634426990082174 0.00029089617044715705 -0.12067171498440875 -0.021123545182183831 -0.021123545182183831 -0.071207531956051479 -0.0048086319987125856 0.0013953580665205206 0.0013953580665205206 -0.002562866500540805 0.0013953580665205206 0.018930552529271887 0.011808449360417294 -0.0038773420393237445 -0.00082053705786081562 -0.003433487144474852 -0.0026708916878333397 0.00064321393117607397 -0.055379043073994411
leaf_weight=36445.866874951869 1159.1554236747324 9469.2193979173899 89.774502590298653 1821.3606489747763 64.333083614706993 10949.152506932616 331.06667282804847 22.825841642916203 38570.682435028255 179.02988167107105 74.187894307076931 17.84309221804142 54368.9164301157 39.822522178292274 190.88655364885926 45.886256650090218 40.134030908346176 7105.8323775455356 6080.0392173826694 21912.527110815048 35393.045512903482 818.12266013771296 468.6510413736105 984.18608105182648 13854.214656248689 13339.151888892055 10369.039837092161 8041.2817948237062 41193.405299868435 105.94044051319361
leaf_count=69990 3924 16231 104 3115 46 37570 824 100 76278 947 159 30 124478 173 849 52 223 19532 12373 58905 99474 1985 1119 1169 39587 27800 20499 15774 99042 362
internal_value=0.000429814 0.000176172 4.13033e-05 1.22737e-05 0.00294269 0.00211354 0.0183107 0.00392606 -0.00015197 -0.0090636 -0.0283356 -0.0677524 -0.000104321 -0.000618746 0.00139536 -0.0436424 -0.000991726 -0.00520137 -0.000747147 0.00139536 -0.0010896 0.00923523 0.0239951 0.00230078 -0.00045025 -0.00193197 0.000693223 -0.00010893 0.000589843 -0.00336969
internal_weight=313546 276116 266531 266111 14121.6 13588.6 420.841 9584.08 251989 1338.19 114.857 40.6689 250651 152370 22189.1 85.7088 130181 7145.97 123035 22103.4 116955 2639.48 532.984 37430.1 81562.3 27193.4 98280.3 59709.7 49340.6 8147.22
internal_count=732714 661555 645035 644107 43835 42670 928 16520 600272 4871 289 130 595401 383446 59979 225 323467 19755 303712 59754 291339 5100 1165 71159 191865 67387 211955 135677 115178 16136
is_linear=0
shrinkage=0.05


Tree=110
num_leaves=31
num_cat=0
split_feature=6 4 4 1 5 4 1 10 1 7 10 5 5 3 4 5 5 4 7 7 5 4 1 11 5 7 5 1 11 4
split_gain=43.1364 89.7859 83.6662 141.349 63.5272 148.826 64.5897 38.8396 36.0529 34.6912 30.17 25.7833 27.9593 24.1776 45.942 27.65 59.2247 50.6846 37.3315 21.5236 18.3578 51.0464 33.0577 26.6235 20.1429 38.4601 40.2682 26.7007 16.4249 29.4856
threshold=1.0000000180025095e-35 39610.000000000007 inf 4.5000000000000009 10052930.500000002 3004.200073242188 10.500000000000002 0.095914501696825041 19.500000000000004 0.37263815104961401 0.33731061220169073 5320895.5000000009 10052930.500000002 0.013957562390714886 57650.000000000007 12130922.500000002 13439690.500000002 147776.39843750003 0.54550504684448253 0.40629123151302343 12130922.500000002 7010.0000000000009 21.500000000000004 0.071252468973398222 16151869.500000002 0.96026313304901134 15089427.500000002 7.5000000000000009 -0.053241055458784096 196090.00000000003
decision_type=10 10 8 2 2 10 2 2 2 10 2 2 2 10 10 2 2 10 10 10 2 10 2 2 2 8 2 2 2 10
left_child=1 4 3 11 5 8 9 -8 -1 -7 -5 -2 -13 14 -3 28 -17 -18 -19 -14 -6 22 24 -23 25 -22 -27 -28 -16 -30
right_child=2 13 -4 10 20 6 7 -9 -10 -11 -12 12 19 -15 15 16 17 18 -20 -21 21 23 -24 -25 -26 26 27 -29 29 -31
leaf_value=0.01702148472320927 0.0062718485109171142 -0.0022557409177348694 0.00013743903812085686 0.0015030630922606308 -0.00019174278649126107 0.002565410509445381 -0.00019174278649126107 0.002565410509445381 0.0069111388089339908 0.0069111388089339908 0.006245709084459196 0.018923801362337241 0.006245709084459196 -0.00099668015009893784 -0.043213052530306766 -0.087546980037220015 -0.0089572851400352097 -0.083705450391585987 -0.027390135589885831 0.015288586089794857 0.0069393115021095936 -0.00019174278649126107 0.0033440998690342678 0.0033440998690342678 0.0069393115021095936 0.013126334924573706 0.035662437959990322 0.017051988776047699 -0.0048730740923683367 -0.024202589676966854
leaf_weight=1867.1830292195082 1988.2663304582238 6126.1333947964013 90284.995429132134 40916.992563795298 27538.337232001126 3176.6808466166258 25633.457351651043 4363.8942152708769 1535.3756137415767 7323.4998452439904 1757.6912780478597 1359.8992655277252 802.07219199836254 73587.678629633039 26.664427936077118 25.201004683971405 926.47904260084033 39.036090902984142 62.896700337529182 831.50005407631397 911.61873266100883 14750.96781489253 1414.7997398227453 1167.2563736587763 293.26743897795677 371.33931422233582 404.67615627497435 379.5001597777009 3695.5731949862093 47.613322678953409
leaf_count=2514 3057 14576 204376 81057 84530 5698 63223 6659 3740 11228 2263 2005 1296 192428 86 103 2135 185 188 1094 1330 32038 3505 1562 571 713 423 500 9607 262
internal_value=0.000370351 -0.000149282 0.0010321 0.00272695 0.000939427 0.00231299 0.00146883 0.000287338 0.0123534 0.00484348 0.00179631 0.0106951 0.0136269 -0.00132291 -0.0035148 -0.00749041 -0.014646 -0.0126931 -0.045823 0.00919961 -0.000191743 0.00135131 0.00657686 0.000111336 0.0105345 0.0131956 0.0193134 0.0267222 -0.00548382 -0.00519213
internal_weight=313611 175669 137941 47656.4 91131.9 43900.1 40497.5 29997.4 3402.56 10500.2 42674.7 4981.74 2993.47 84537.3 10949.6 4823.46 1053.61 1028.41 101.933 1633.57 47231.8 19693.4 3775.2 15918.2 2360.4 2067.13 1155.52 784.176 3769.85 3743.19
internal_count=732952 437804 295148 90772 218234 93062 86808 69882 6254 16926 83320 7452 4395 219570 27142 12566 2611 2508 373 2390 125172 40642 7042 33600 3537 2966 1636 923 9955 9869
is_linear=0
shrinkage=0.05


Tree=111
num_leaves=31
num_cat=0
split_feature=5 11 4 6 9 7 11 7 10 2 5 9 7 11 10 5 5 11 9 7 6 6 5 11 9 9 5 10 7 0
split_gain=37.4446 43.6516 31.2195 61.0468 118.014 32.5769 30.0386 26.1922 47.0655 30.2887 24.2309 41.8976 43.2784 62.1166 25.6278 24.2231 105.876 56.1541 38.9585 30.8877 30.2104 24.8944 22.3975 35.4015 22.1835 20.9603 14.9513 31.1365 13.3482 13.1956
threshold=1289243.5000000002 0.45565807819366461 199700.00000000003 1.0000000180025095e-35 4.9166667461395273 0.45463122427463537 -0.093419488519430147 0.24999500066041949 -0.012438224628567694 0.012579114176332952 10052930.500000002 16.267857551574711 0.73922109603881847 -0.015413943212479351 0.2023827210068703 12130922.500000002 10052930.500000002 -0.043046252802014344 17.267857551574711 0.615535467863083 3211691.0000000005 1.0000000180025095e-35 5320895.5000000009 -0.026065163314342495 1.0000000180025095e-35 18.937500000000004 5320895.5000000009 0.07006461545825006 0.68754562735557567 0.012579114176332952
decision_type=2 2 8 10 2 10 2 10 2 2 2 2 10 2 2 2 2 2 2 8 10 10 2 2 2 2 2 2 8 2
left_child=1 6 3 10 26 -6 -1 8 -8 24 11 12 14 -14 -2 16 19 18 -18 22 -21 28 23 -4 -9 -24 27 -5 -19 -25
right_child=2 -3 15 4 5 -7 7 9 -10 -11 -12 -13 13 -15 -16 -17 17 21 -20 20 -22 -23 25 29 -26 -27 -28 -29 -30 -31
leaf_value=-0.050237404317442939 0.0012701510731765956 0.047047363734181911 -0.097273842386677023 0.0053765377826269726 0.00062187990204064464 0.0036781578701542 -0.028788443948233051 0.0065495203324411888 -0.0082475985367031664 0.01900681398082334 0.00037464965179731557 0.00037464965179731557 0.003809678494066924 0.0096887843285264463 0.003809678494066924 0.00037464965179731557 -0.01627575301608877 -0.011775990040075021 -0.069128438390395758 0.00037464965179731557 -0.0009950396553925192 -0.011775990040075021 -0.0076819817285348289 -0.031404447409978602 -0.0082475985367031664 -0.056546575045163278 0.011231631383735435 0.023868920355233546 -0.0036763108381969931 -0.0076819817285348289
leaf_weight=40.055986285209656 39353.154846087098 34.194222629070282 15.216328799724577 2004.0519346669316 28606.665430881083 12540.097574807703 99.147908590734005 153.74837827682495 535.16652254574001 146.14803050458431 70322.152126546949 38641.872849505395 1058.3326343819499 5385.7001438587904 5960.7401472330093 28837.39637029916 700.8604843467474 33.457849234342575 34.970910638570786 22458.115346025676 43842.603662859648 295.41671085357666 136.37364691495895 102.92869345098734 535.28960434347391 22.785541091114283 3517.8362217321992 228.25705591589212 8153.3970503360033 44.674257040023804
leaf_count=112 72466 16 66 3139 57089 23621 431 265 2427 203 181010 116687 2032 7750 8333 60196 1809 228 167 44879 107897 1233 317 491 1939 170 5119 214 32157 106
internal_value=0.00051077 -0.00725214 0.00054919 0.000904159 0.00249133 0.00155346 -0.00854274 -0.00733948 -0.0149822 -0.00151301 0.000441016 0.00119801 0.00216565 0.00599909 0.00162026 -0.00015486 -0.000714137 -0.00573589 -0.0189682 -1.91622e-05 5.60926e-05 -0.00458379 -0.0154201 -0.0290863 -0.00590777 -0.00768198 0.00919962 0.00599023 -0.00395117 -0.0208504
internal_weight=313841 1543.75 312297 207619 46896.9 41146.8 1509.56 1469.5 634.314 835.186 160722 90399.8 51757.9 6444.03 45313.9 104678 75840.8 9218.1 735.831 66622.7 66300.7 8482.27 321.978 162.819 689.038 159.159 5750.15 2232.31 8186.85 147.603
internal_count=732569 5393 727176 477460 89182 80710 5377 5265 2858 2407 388278 207268 90581 9782 80799 249716 189520 35594 1976 153926 152776 33618 1150 663 2204 487 8472 3353 32385 597
is_linear=0
shrinkage=0.05


Tree=112
num_leaves=31
num_cat=0
split_feature=11 8 8 8 9 7 3 8 10 11 15 6 4 5 3 4 3 9 3 6 4 7 8 8 6 5 5 8 15 5
split_gain=75.108 63.4449 61.4577 278.086 87.1064 73.2538 66.2519 130.033 60.0268 59.2068 53.0734 51.0872 49.1709 49.6569 43.3647 41.8866 39.3967 37.2889 36.0214 29.4915 29.1742 26.7394 26.304 23.2164 45.8388 22.1333 29.0691 21.9163 20.8208 39.3287
threshold=-0.31677702069282526 170.50000000000003 1.0000000180025095e-35 11.500000000000002 4.9166667461395273 0.79789990186691295 0.013957562390714886 56.500000000000007 -0.049416434019803994 -0.044947260990738862 6.5000000000000009 3211691.0000000005 32820.000000000007 10052930.500000002 0.037614908069372184 197024.50000000003 0.35566465556621557 11.949999809265138 0.03994718752801419 1.0000000180025095e-35 199700.00000000003 0.12494444474577905 44.500000000000007 178.50000000000003 3211691.0000000005 13439690.500000002 12130922.500000002 231.50000000000003 6.5000000000000009 10052930.500000002
decision_type=2 2 2 2 2 8 8 2 2 2 2 8 8 2 10 10 10 2 10 10 8 10 2 2 10 2 2 2 2 2
left_child=14 2 12 5 16 -4 7 11 9 -8 17 -6 13 18 -1 25 22 -10 21 -15 -19 -2 -5 -3 27 26 28 -25 29 -14
right_child=1 23 3 4 6 -7 8 -9 10 -11 -12 -13 15 19 -16 -17 -18 20 -20 -21 -22 -23 -24 24 -26 -27 -28 -29 -30 -31
leaf_value=-0.10468174380510974 -0.00041522407274143425 0.045749545857172197 0.0040203402389820389 0.0037137245957828873 -0.024911500899841312 0.020299156460927947 -0.0038511941696866346 -0.024911500899841312 0.001778121976589127 -0.00097064388830381981 0.0031707918951314655 -0.0038511941696866346 -0.0023502917893929612 -0.00041522407274143425 -0.024911500899841312 -0.024911500899841312 0.018502237707209473 0.00050028541097199575 0.046199586822467643 0.010202141209553943 -0.00093660691880876788 0.0048377694921115525 0.011691004172991161 -0.024911500899841312 0.035670142560873933 -0.00041522407274143425 -0.013413641488278859 0.035796313479259587 -0.00041522407274143425 -0.0083979067513903077
leaf_weight=22.610921047627926 645.74382400512695 94.819908544421196 1008.0744368806481 5344.0776595249772 148.50824628770351 2203.7564917430282 13173.289056375623 236.38029961846769 25716.553110957146 4438.3624224364758 7399.8980195820332 2017.4682873692364 26539.493793964386 8028.7171055972576 49.59328580647707 40.22435712069273 581.60126550495625 137432.2545661442 48.334560751914978 764.54876130819321 47544.939461685717 7736.0364798009396 563.76881490647793 26.945370957255363 72.323418937623501 12704.910631433129 325.69519253075123 13.483228478580711 5006.2583212852478 2989.8960409164429
leaf_count=85 1316 128 1455 7609 520 2394 25293 1299 38443 7588 22592 6704 53537 17331 99 215 624 350725 35 1078 128314 12630 629 116 103 22888 810 44 17839 9730
internal_value=0.000231345 0.000243273 0.000224837 0.0005834 0.000391404 0.0151955 0.000235608 -0.00802223 0.000319841 -0.00248788 0.000546592 -0.00385119 -0.00114573 0.00114351 -0.0500663 -0.00197396 0.00610598 0.000385452 0.00402166 -0.000415224 0.000130953 0.00376748 0.00487977 0.0277448 0.01207 -0.00191578 -0.00257379 -0.0249115 -0.00242614 -0.00296315
internal_weight=312919 312846 312639 247809 244597 3211.83 238108 2402.36 235705 17611.7 218094 2165.98 64829.9 17223.4 72.2042 47606.5 6489.45 210694 8430.11 8793.27 184977 8381.78 5907.85 207.572 112.752 47566.3 34861.3 40.4286 34535.6 29529.4
internal_count=732173 731989 731598 594189 590340 3849 581478 8523 572955 32881 540074 7224 137409 32390 184 105019 8862 517482 13981 18409 479039 13946 8238 391 263 104804 81916 160 81106 63267
is_linear=0
shrinkage=0.05


Tree=113
num_leaves=31
num_cat=0
split_feature=8 10 7 0 8 6 8 7 4 8 10 8 7 15 8 11 8 4 11 0 10 8 11 8 7 10 7 7 7 6
split_gain=47.8783 172.94 52.8781 48.6257 57.5128 43.8843 36.9787 82.7451 40.6113 60.2462 33.0853 30.9472 102.664 85.4085 121.389 104.215 109.595 55.2711 52.272 37.8452 36.5584 33.0368 73.6861 58.3762 63.9666 44.4421 50.669 30.8838 30.5973 30.164
threshold=111.50000000000001 -0.01316526625305414 0.010600838810205461 0.015209345612674953 121.50000000000001 7714069.5000000009 105.50000000000001 0.23915284872055056 36009.800781250007 109.50000000000001 -0.017406204715371128 88.500000000000014 0.37263815104961401 2.5000000000000004 96.500000000000014 0.084302932024002089 100.50000000000001 52059.400390625007 -0.0086444807238876802 0.0091326101683080214 -0.010152646806091068 82.500000000000014 -0.042407630011439316 81.500000000000014 0.15794736891984942 0.073747340589761748 0.4584085494279862 0.82505142688751232 0.94803845882415783 1.0000000180025095e-35
decision_type=2 2 8 2 2 10 2 10 8 2 2 2 10 2 2 2 2 10 2 2 2 2 2 2 8 2 10 10 10 10
left_child=5 3 -3 -2 10 6 11 8 -8 -10 -5 21 13 14 20 16 -16 18 -14 -15 -13 23 25 28 -25 26 -23 -7 29 -1
right_child=1 2 -4 4 -6 27 7 -9 9 -11 -12 12 17 19 15 -17 -18 -19 -20 -21 -22 22 -24 24 -26 -27 -28 -29 -30 -31
leaf_value=-0.000176479666640586 -0.077637788389022994 -0.0074694698956547477 0.015361016680733154 -0.048558727213056416 -0.0074694698956547477 0.0034010125372462719 -0.010122908125141923 0.0028918633489050868 -0.10268892439333409 -0.02579884522185771 -0.0074694698956547477 -0.079074812704099412 0.01582649057838259 -0.0060967948195292179 -0.10047075458196045 -0.0081891888909356499 -0.037474902010809899 0.0074449030672028909 0.033573645891954843 0.0074449030672028909 -0.0081891888909356499 -0.072436841989343859 -0.0022194390789421637 -0.041291528273457362 0.035424701288422372 -0.014714928672362885 -0.030945786554813622 0.02974409935075642 0.0084940529773148421 0.00085245348362946978
leaf_weight=166646.6026071012 40.27436588704586 173.60187584906816 1853.6852273195982 43.593024462461472 186.37958680838346 9417.3800620362163 68.396807283163071 707.12685388326645 25.381071984767914 441.01406797394156 29.615016296505928 24.355259403586388 243.30239329487085 653.20506700873375 107.58223029971123 35.398595973849297 74.731827631592751 419.28664670884609 603.91282550990582 1112.5352005362511 241.10667311400175 96.04808109998703 4524.0445530395955 29.64485664665699 201.58944670855999 162.96707357466221 54.558389231562614 110.63001826405525 1131.5337714925408 124397.70336942747
leaf_count=414253 187 511 4165 183 439 16293 146 1803 117 1641 60 84 480 2147 456 36 158 976 964 2065 408 351 13476 81 255 328 107 106 1884 268911
internal_value=0.000425806 0.00756787 0.0128146 -0.0277535 -0.0194797 0.000372407 0.000266987 -0.00833609 -0.0231377 -0.0304038 -0.0485587 0.000302566 0.00496502 -0.00144917 -0.0200307 -0.0493168 -0.0667606 0.016339 0.0242081 0.00365237 -0.00818919 0.000247392 -0.00384993 0.000315204 0.0253197 -0.0272104 -0.0471766 0.00371306 0.000295242 0.000263308
internal_weight=313857 2327.15 2027.29 299.862 259.588 311530 302002 1241.92 534.792 466.395 73.208 300760 3515.42 2248.91 483.175 217.713 182.314 1266.5 847.215 1765.74 265.462 297245 4837.62 292407 231.234 313.574 150.606 9528.01 292176 291044
internal_count=733071 5545 4676 869 682 727526 711127 3707 1904 1758 243 707420 7774 5354 1142 650 614 2420 1444 4212 492 699646 14262 685384 336 786 458 16399 685048 683164
is_linear=0
shrinkage=0.05


Tree=114
num_leaves=31
num_cat=0
split_feature=8 8 4 1 7 6 3 8 8 4 11 5 3 9 8 8 7 5 3 7 5 6 4 6 5 4 5 4 8 8
split_gain=50.7588 313.416 71.707 58.9764 54.3598 39.2539 38.3269 106.854 38.862 30.8807 29.8237 28.3824 55.2281 28.2424 27.5469 25.0696 26.5866 25.8205 42.3644 24.3538 50.0962 52.7223 27.5923 26.0073 28.9581 32.5863 54.0153 31.3466 22.9522 43.8818
threshold=1.0000000180025095e-35 11.500000000000002 197024.50000000003 5.5000000000000009 0.28542743623256689 7714069.5000000009 0.064251437783241286 8.5000000000000018 6.5000000000000009 2149.9001464843755 -0.31677702069282526 1289243.5000000002 0.07426562532782556 4.0833332538604745 7.5000000000000009 12.500000000000002 0.19364918768405917 5320895.5000000009 0.090072538703680052 0.44452822208404547 5320895.5000000009 7714069.5000000009 46010.000000000007 1.0000000180025095e-35 13439690.500000002 8010.0000000000009 12130922.500000002 24050.000000000004 57.500000000000007 23.500000000000004
decision_type=2 2 10 2 8 10 10 2 2 8 2 2 8 2 2 2 8 2 10 10 2 8 10 10 2 10 2 10 2 2
left_child=2 4 9 -3 6 10 7 8 -2 -1 -5 12 -12 -13 -8 16 -7 18 -18 23 22 -22 -21 24 25 -11 -27 -28 29 -14
right_child=1 3 -4 5 -6 15 14 -9 -10 19 11 13 28 -15 -16 -17 17 -19 -20 20 21 -23 -24 -25 -26 26 27 -29 -30 -31
leaf_value=0.021520924801949178 -0.1455075338876804 0.010442879831209362 -0.066837833587691228 -0.042533094806861349 0.017835083547453265 -0.035709262325869198 0.006237054466117678 -0.013823707958674037 -0.031509112351385114 -0.00067321317659625474 -0.021139923336834385 0.0041574541858654191 0.0053941041182580486 0.00021627283148354114 -0.013823707958674037 0.0053941041182580486 -0.018392748428199754 0.0053941041182580486 0.0053941041182580486 0.0069570573745761982 0.010276599853339924 -0.00033051636049368248 -0.00033051636049368248 -0.00057934071127939543 -0.00033051636049368248 -0.0050253532177244381 -0.00308674793298087 -0.033876361192030177 0.0053941041182580486 -0.011942823717348748
leaf_weight=151.01433815062046 20.6972366720438 1452.6950871199369 39.2769720479846 38.734907671809196 3028.970961689949 57.405972763895988 148.31732034683228 46.816046297550201 13.176608830690382 5211.8940745741129 131.91257750429213 4634.450588837266 306.62985596060753 231919.74397149868 45.646747030317783 4950.8874580860138 285.54658824205399 492.18649798631668 49.227021440863609 4024.9502471387386 1144.1155439466238 8681.5522312819958 768.65787318348885 30659.688944280148 3823.4939221292734 10440.827344238758 73.906449690461159 108.57535277307034 332.45439778082073 513.19109668582678
leaf_count=167 97 1789 213 94 3435 134 173 57 30 18325 724 6586 971 567912 108 9003 587 765 31 6080 1670 18325 1494 58751 6986 25262 143 343 1034 2054
internal_value=0.000285772 0.000611449 -0.000956696 0.000405245 0.0159046 0.000345328 -0.00536097 -0.0338845 -0.105392 -0.000914889 0.000245923 0.000253248 -0.00715414 0.000293521 0.00623705 0.00439615 -0.00339984 -0.00107623 -0.0117785 -0.000967725 0.000828601 -0.000330516 0.00516603 -0.00148963 -0.00290912 -0.00391182 -0.00550028 -0.0323246 -0.00274572 -0.00737116
internal_weight=313597 248469 65128 245165 3303.62 243712 274.654 80.6899 33.8738 65088.7 237877 237838 1284.19 236554 193.964 5835.25 884.366 826.96 334.774 64937.7 14619.3 9825.67 4793.61 50318.4 19658.7 15835.2 10623.3 182.482 1152.28 819.821
internal_count=733343 595584 137759 591684 3900 589895 465 184 127 137546 579375 579281 4783 574498 281 10520 1517 1383 618 137379 27569 19995 7574 109810 51059 44073 25748 486 4059 3025
is_linear=0
shrinkage=0.05


Tree=115
num_leaves=31
num_cat=0
split_feature=6 8 11 10 11 3 8 4 8 10 7 9 8 8 8 8 7 9 8 4 8 3 10 8 7 8 8 9 11 3
split_gain=72.4034 71.248 43.2705 46.6381 41.8997 41.0167 70.6049 45.2841 38.6042 164.063 92.056 79.3071 48.2467 95.5609 57.8287 167.256 65.2508 54.8413 65.6026 79.098 82.4903 70.6137 66.3316 46.2672 45.3638 44.1328 40.3444 38.0142 35.4276 34.7435
threshold=3211691.0000000005 170.50000000000003 -0.31677702069282526 0.20959808677434924 0.36872987449169164 0.046998459845781333 100.50000000000001 140100.00000000003 88.500000000000014 -0.010152646806091068 0.4167881458997727 15.354166507720949 42.500000000000007 38.500000000000007 1.0000000180025095e-35 11.500000000000002 0.9333486557006837 18.414285659790043 44.500000000000007 66050.000000000015 55.500000000000007 0.095231425017118468 0.26698686182498937 21.500000000000004 0.82013070583343517 8.5000000000000018 107.50000000000001 12.949999809265138 -0.040225563570857041 0.10686470568180086
decision_type=8 2 2 2 2 10 2 10 2 2 8 2 2 2 2 2 10 2 2 10 2 10 2 2 10 2 2 2 2 10
left_child=4 2 3 -2 5 6 7 -1 12 26 11 -11 13 14 24 25 -17 18 -14 20 21 -20 -22 -18 -4 -16 29 -9 -19 -10
right_child=1 -3 8 -5 -6 -7 -8 27 9 10 -12 -13 17 -15 15 16 23 28 19 -21 22 -23 -24 -25 -26 -27 -28 -29 -30 -31
leaf_value=0.0016671308339378686 -0.083396658190200562 0.029090466330370841 -0.001235605158332949 -0.018369904831729861 0.0174491366608568 0.0055259994239551143 -0.073662760549394773 -0.016770014436268053 -0.018369904831729861 0.0087351952823092813 0.01531971747833891 -0.0040954691379550745 -0.0010260527744612063 0.017633494958803717 0.0089178949184967726 0.00070686195720776296 0.031022635489579842 -0.017920507476123348 0.00094305038607813731 -0.0010260527744612063 0.00094305038607813731 0.0096475789829047354 0.010688821546557844 0.0073703030392660287 0.0045914524747093345 0.022512102675487731 -0.018369904831729861 -0.080528702859959389 -0.0021325617088059716 -0.0041039728529447626
leaf_weight=28930.704436816275 32.130903504788876 211.23238479346037 51739.80736784637 44.419743992388248 463.49332459270954 7987.2943182736635 29.227807629853487 53.005311466753483 54.067921854555607 1340.3828857839108 2153.8857478052378 2113.3935066815466 14129.672489784658 814.22729177027941 1872.9569621607661 121284.63159114122 278.40873478353024 356.71462930738926 1813.6283348053694 7759.3296602964401 18363.638293638825 6489.2182448729873 1755.9989505633712 645.08585838973522 3568.5670813471079 878.0519123673439 390.00344042479992 28.498978346586227 38121.321291880682 488.02082903683186
leaf_count=56652 105 372 114555 69 511 13475 193 99 199 2037 4855 6547 27648 1179 2463 282755 255 963 4042 16394 37443 11946 2243 1200 5665 932 1218 127 136208 958
internal_value=0.000478883 0.000199479 0.000177197 -0.0369275 0.00254081 0.00235327 0.00148035 0.00156112 0.00018774 0.00398298 0.00721252 0.00215067 9.57414e-05 0.000563872 0.000486578 0.00108236 0.000807798 -0.00085898 0.000227744 0.00156596 0.00291215 0.00710465 0.00118149 0.0140337 -0.000859484 0.01327 -0.0154205 -0.0352072 -0.00227985 -0.00417303
internal_weight=314191 276699 276488 76.5506 37492.2 37028.7 29041.4 29012.2 276411 6539.75 5607.66 3453.78 269871 181082 180268 124959 122208 88789.5 50311.5 36181.8 28422.5 8302.85 20119.6 923.495 55308.4 2751.01 932.092 81.5043 38478 542.089
internal_count=733308 662251 661879 174 71057 70546 57071 56878 661705 15814 13439 8584 645891 409004 407825 287605 284210 236887 99716 72068 55674 15988 39686 1455 120220 3395 2375 226 137171 1157
is_linear=0
shrinkage=0.05


Tree=116
num_leaves=31
num_cat=0
split_feature=8 6 15 5 8 8 4 2 8 8 3 6 8 8 10 5 10 5 9 5 8 4 0 6 10 8 8 7 7 2
split_gain=46.6698 42.3201 47.2483 92.1154 76.1896 54.8778 37.0018 34.6099 47.0137 35.9489 30.6424 44.4351 35.667 41.1985 37.2426 28.1281 26.604 31.2031 117.223 48.5861 34.1235 33.3673 28.9892 30.9803 28.484 25.9224 25.7491 22.304 21.8799 21.6668
threshold=170.50000000000003 3211691.0000000005 6.5000000000000009 10052930.500000002 69.500000000000014 11.500000000000002 195300.00000000003 0.0065800866577774295 110.50000000000001 57.500000000000007 0.013957562390714886 3211691.0000000005 91.500000000000014 99.500000000000014 -0.021418264135718342 5320895.5000000009 -0.010152646806091068 12130922.500000002 18.612500190734867 15089427.500000002 31.500000000000004 32820.000000000007 0.016438479535281662 7714069.5000000009 -0.10132575780153273 72.500000000000014 41.500000000000007 0.39987500011920935 0.54296705126762401 0.0096620614640414732
decision_type=2 8 2 2 2 2 10 2 2 2 10 10 2 2 2 2 2 2 2 2 2 10 2 8 2 2 2 10 10 2
left_child=1 6 10 5 -5 -4 7 8 28 -9 12 -12 16 -14 -15 27 17 22 19 20 -19 24 23 -3 -21 -6 -20 -11 -1 -16
right_child=-2 2 3 4 25 -7 -8 9 -10 15 11 -13 13 14 29 -17 -18 18 26 21 -22 -23 -24 -25 -26 -27 -28 -29 -30 -31
leaf_value=0.0013054993267404122 0.023192966540156131 -0.01288126832286357 0.024345685348890353 0.0015791865858145839 0.068692546041112565 0.0075005234601116287 -0.049414516956620164 0.004217599826096422 -0.023659614601489298 0.004217599826096422 7.3456108533269878e-05 0.0015791865858145839 -0.073685171136630118 -0.075859015899040871 -0.019204949429195598 0.023289987193490305 -0.00030961966650607073 -0.031988436322629071 -0.031988436322629071 -0.016924953361853186 -0.0040883858510193521 -0.031988436322629071 -0.0018614704010772951 -0.071611985277631962 -0.0018614704010772951 0.02180393484787866 -0.077736781270103306 0.028397920454125553 0.004217599826096422 -5.0860788180141261e-05
leaf_weight=31988.231708526611 224.07284857705235 230.28893231600523 605.63696423172951 10972.126445755363 32.140847235918045 2384.683979280293 32.900254957377911 2644.9744850322604 28.797721058130264 253.3994175940752 132863.86702552624 33686.16459749639 27.004635460674763 18.920270219445229 183.33182814717293 503.91132427752018 87738.378181068227 47.724985763430595 45.29730424284935 186.40834798663855 110.2233262360096 29.632207795977592 5439.469693377614 23.105043523013592 1312.9434554725885 256.52600611746311 67.1346430554986 93.612142100930214 1781.4719126820564 118.65804453194141
leaf_count=63009 410 862 798 37810 22 4900 116 3732 153 418 330670 66123 102 85 907 621 203590 175 121 376 242 100 11333 114 2392 619 293 92 2923 185
internal_value=0.000483425 0.000467056 0.000253626 0.00305719 0.00157919 0.0109262 0.00204724 0.00209529 0.00160518 0.00683002 0.000101183 0.000510707 -0.000612428 -0.0165465 -0.0113117 0.0157675 -0.000553869 -0.00341332 -0.00916405 -0.00583473 -0.0319884 -0.00308758 -0.00186147 -0.0187553 -0.00186147 0.0274614 -0.0581421 0.00477289 0.00168536 -0.0067952
internal_weight=313931 313707 276380 14251.1 11260.8 2990.32 37327.3 37294.4 33798.5 3495.9 262129 166550 95578.5 347.915 320.91 850.923 95230.6 7492.23 1799.36 1686.93 157.948 1528.98 5692.86 253.394 1499.35 288.667 112.432 347.012 33769.7 301.99
internal_count=733293 732883 661819 44149 38451 5698 71064 70948 66085 4863 617670 396793 220877 1279 1177 1131 219598 16008 3699 3285 417 2868 12309 976 2768 641 414 510 65932 1092
is_linear=0
shrinkage=0.05


Tree=117
num_leaves=31
num_cat=0
split_feature=8 4 4 3 6 8 11 8 9 11 11 6 2 8 11 8 8 1 6 4 8 8 0 7 8 11 8 8 8 6
split_gain=39.1131 33.3301 30.4382 83.7451 58.0838 131.531 49.6394 80.7958 59.8914 40.7853 37.2829 33.7984 39.6105 31.1704 27.8918 27.6858 55.8291 40.5112 27.6002 27.0636 26.4967 26.0121 23.913 21.3831 20.8263 68.5361 29.1534 24.6876 30.9543 48.6782
threshold=153.00000000000003 32013.600585937504 197600.00000000003 0.0058937692083418378 1.0000000180025095e-35 22.500000000000004 -0.044408369809389107 76.500000000000014 12.464285850524904 -0.13621868193149564 0.34924985468387609 3211691.0000000005 0.027149877510964874 1.0000000180025095e-35 -0.067498289048671709 12.500000000000002 21.500000000000004 11.500000000000002 7714069.5000000009 2149.9001464843755 3.5000000000000004 112.50000000000001 0.3712316900491715 0.053365696221590049 170.50000000000003 -0.015106421429663895 160.50000000000003 178.50000000000003 231.50000000000003 3211691.0000000005
decision_type=2 8 8 8 10 2 2 2 2 2 2 10 2 2 2 2 2 2 8 10 2 2 2 10 2 2 2 2 2 10
left_child=2 -2 4 -4 19 14 7 8 -5 -10 11 12 23 18 -6 17 -17 20 -8 -1 -16 -13 -21 -7 25 -3 -27 -26 29 -29
right_child=1 24 3 6 5 10 13 -9 9 -11 -12 21 -14 -15 15 16 -18 -19 -20 22 -22 -23 -24 -25 27 26 -28 28 -30 -31
leaf_value=0.015267569485742505 0.041492776304418333 -0.092757631975433269 -0.065802325226523822 -0.0016449701658769876 0.00037580717720055542 0.00037580717720055542 -0.0016449701658769876 -0.03295930903170903 -0.03295930903170903 -0.0081633738356516831 0.024203526510978915 0.00037580717720055542 0.012289666844089735 0.00037580717720055542 0.0072757643982428385 0.025212344241594555 0.007627708547313778 0.0034295462977492579 0.00037580717720055542 0.00037580717720055542 0.022179704240555473 0.012289666844089735 0.0070182110374785271 0.0045410491260543893 0.024790797935765732 0.019105856904625806 -0.034997464001751792 -0.081743268395855051 0.024790797935765732 0.0081622172986722183
leaf_weight=305.47572490572929 94.714314974844456 17.588360875844955 46.546154096722603 6510.4647426828742 828.32467337697744 798.82960775494576 24385.051397010684 115.03099125623703 37.343175947666168 3040.3433207795024 162.60373286902905 23520.73161200434 702.4621305167675 61443.314815554768 4679.3417570888996 483.69674973934889 6487.7590097598732 4105.6017137020826 9017.3090569078922 159782.65674456023 317.20002597570419 419.66881904751062 1359.8982454314828 4593.6559480726719 89.144609890878201 109.06729235500097 30.14945375919342 20.58315246924758 23.501678023487329 44.230138018727303
leaf_count=420 120 77 281 10831 1307 1671 48714 349 129 6697 152 49025 812 159050 7261 506 12762 6980 24518 388615 317 757 1733 8200 128 294 112 106 53 80
internal_value=0.00057001 0.0156224 0.000549289 -0.000146782 0.000898396 0.00244326 -0.000116293 -0.00352215 -0.00298884 -0.00901 0.000466394 0.000375807 0.00409958 0.00023221 0.00597477 0.00648329 0.00885465 0.00466548 -0.0011706 0.000447682 0.00823042 0.000375807 0.000419399 0.0025827 0.00808882 -0.00516409 0.00705927 0.0197263 -0.0025579 -0.0219819
internal_weight=313572 428.979 313143 104595 208548 47099.9 104549 9703.18 9588.15 3077.69 30198 30035.3 6094.95 94845.7 16901.9 16073.6 6971.46 9102.14 33402.4 161448 4996.54 23940.4 161143 5392.49 334.265 156.805 139.217 177.46 88.315 64.8133
internal_count=732057 970 731087 250569 480518 89750 250288 18006 17657 6826 60617 60465 10683 232282 29133 27826 13268 14558 73232 390768 7578 49782 390348 9871 850 483 406 367 239 186
is_linear=0
shrinkage=0.05


Tree=118
num_leaves=31
num_cat=0
split_feature=5 7 10 4 7 5 5 9 11 3 4 3 4 5 15 10 3 15 0 4 5 4 11 11 3 5 4 10 0 9
split_gain=82.3952 61.0735 43.3426 41.9737 37.6127 38.8102 51.492 41.5605 35.2188 72.5543 60.5837 31.8531 26.1715 25.7576 24.3342 24.321 51.2421 24.1919 23.0668 20.4855 21.3143 19.9963 19.9153 17.2207 16.866 14.3989 19.8732 14.5907 13.8402 13.4696
threshold=5320895.5000000009 0.91771242022514354 0.46431924402713781 197900.00000000003 0.96026313304901134 12130922.500000002 10052930.500000002 21.708333015441898 -0.18495246767997739 0.088506285101175322 51900.000000000007 0.0025190354790538554 37980.000000000007 1289243.5000000002 6.5000000000000009 0.12629869580268863 0.10600131377577783 2.5000000000000004 1.0000000180025095e-35 71055.500000000015 15089427.500000002 7420.0000000000009 -1.0000000180025095e-35 -0.20471097528934476 0.43162754178047186 13439690.500000002 27005.600585937504 0.52484878897666942 0.012579114176332952 9.5277776718139666
decision_type=2 10 2 10 10 2 2 2 2 8 10 10 10 2 2 2 10 2 2 10 2 10 2 2 10 2 8 2 2 2
left_child=1 2 3 13 5 6 8 12 9 10 -2 -8 25 -1 23 -10 -17 28 -14 -9 -21 -13 -3 -15 -6 26 -7 -27 -5 -25
right_child=4 22 -4 17 24 7 11 19 15 -11 -12 21 18 14 -16 16 -18 -19 -20 20 -22 -23 -24 29 -26 27 -28 -29 -30 -31
leaf_value=-0.0054035154618623862 -0.039920414217331959 0.0074181171302590406 0.0074181171302590406 -0.070755783092500607 0.0068507359153828391 0.0068507359153828391 -0.0040637703222327756 -0.0010377617380511648 -0.00042380636656609984 -0.0087632946818554883 -0.14337916196725731 0.005661475907153303 -0.00016494564391342817 -0.0093117337165344958 0.0042468227730350517 0.00095704398911352576 0.0063418605557600399 -0.011231281797291654 0.00089389065411799972 -0.02426533036444261 -0.0050397141639887425 -0.0015404227161887924 0.017362133034479404 0.001988384064365831 0.022386831367829249 0.0016183574254203755 0.00089389065411799972 0.0068507359153828391 -0.030461017815378355 0.00079144960360768505
leaf_weight=1493.7323600891978 33.240314111113548 102.88537991791964 2258.2882506102324 32.498649820685387 177.01565696299076 561.44689743965864 16392.229570358992 18573.523588769138 58066.489230852574 238.37914941459894 17.204369410872459 998.3496421277523 11756.07362768054 281.51460544019938 1700.7093003615737 4214.9184606969357 5023.7086885496974 188.79722237586975 8626.0488251820207 160.35693230479956 1306.8680147826672 26437.083824150264 891.77074083685875 32545.793459862471 270.70464766025543 35031.305124185979 541.86300456523895 814.37653955817223 18.392310529947281 84618.919917844236
leaf_count=5331 70 203 2843 169 285 815 55278 53245 154706 392 81 2020 25438 470 3073 7104 7633 683 14644 612 4364 80166 1310 54372 408 62484 1145 1023 51 192016
internal_value=0.000303198 0.00130423 0.00120444 0.00107553 -0.000353439 -0.000387838 -0.000985219 0.00047244 -0.000119687 -0.0174819 -0.0710775 -0.00232003 0.00115758 0.00111721 0.00119905 -4.46637e-05 0.00233789 -0.0197407 -0.000164946 -0.00148747 -0.0071711 -0.00127796 0.0136318 0.00109378 0.0140893 0.00195273 0.00685074 0.0017777 -0.0496908 0.00112396
internal_weight=313374 124133 123139 120880 189241 188793 111422 77371.9 67593.9 288.824 50.4447 43827.7 57331.1 120641 119147 67305.1 9238.63 239.688 20382.1 20040.7 1467.22 27435.4 994.656 117446 447.72 36949 1103.31 35845.7 50.891 117165
internal_count=732434 260521 259008 256165 471913 471220 307450 163770 169986 543 151 137464 105549 255262 249931 169443 14737 903 40082 58221 4976 82186 1513 246858 693 65467 1960 63507 220 246388
is_linear=0
shrinkage=0.05


Tree=119
num_leaves=31
num_cat=0
split_feature=5 5 4 8 0 8 8 4 8 9 8 7 5 6 0 11 7 6 0 0 4 0 1 7 6 8 8 0 8 4
split_gain=54.6936 84.3747 53.8322 75.7827 53.5754 50.7727 89.4284 126.202 57.8661 57.697 84.2807 47.8865 41.5801 53.5805 78.2993 44.3342 50.4286 46.8868 39.787 39.6911 60.4455 38.1298 38.0097 35.6277 37.7116 47.1303 113.882 36.0951 44.7307 60.0379
threshold=12130922.500000002 5320895.5000000009 198800.00000000003 33.500000000000007 0.0082305916585028189 43.500000000000007 35.500000000000007 96100.000000000015 45.500000000000007 14.535714149475099 53.500000000000007 0.29989059269428259 10052930.500000002 1.0000000180025095e-35 0.044709488749504096 -0.015413943212479351 0.94803845882415783 3211691.0000000005 0.14793770760297778 0.01835016813129187 54100.000000000007 0.64376321434974682 11.500000000000002 0.61116281151771557 3211691.0000000005 60.500000000000007 72.500000000000014 0.014319890644401314 27.500000000000004 170200.00000000003
decision_type=2 2 10 2 2 2 2 10 2 2 2 10 2 10 2 2 10 10 2 2 8 2 2 10 10 2 2 2 2 10
left_child=1 2 4 -4 -1 6 12 -8 -7 10 19 -5 15 21 -15 -3 17 18 -17 -10 -21 -14 -12 27 -25 -26 -27 28 -2 -30
right_child=23 5 3 11 -6 8 7 -9 9 -11 22 -13 13 14 -16 16 -18 -19 -20 20 -22 -23 -24 24 25 26 -28 -29 29 -31
leaf_value=-2.5977747060967987e-05 0.0011308784438425529 -0.0039088938065754367 -0.081818308112602781 -0.054227268692033703 0.0023221354335099167 -0.00555225398662091 0.011571907010294442 -0.071238451964275765 -0.0009895327808096357 -0.0034359864964294815 0.014414504784236571 -0.011098760018220785 -0.0020761460491671392 -0.030874442338209136 0.02583086328245799 0.0015538609928125603 0.023470687204001889 -0.001520781059482369 0.010254133645687906 0.020100977953591531 0.0058125085140689542 0.037918948869321061 -0.0009895327808096357 0.0024833865923121049 0.0070150051694137438 0.051147020931286605 0.0024183194734904404 0.0024183194734904404 -0.0017279603701177973 -0.032956843955979073
leaf_weight=89758.842271275818 35126.061458654702 5651.2887600436807 42.671939179301262 62.734928969293833 33304.16778485477 12847.825271423906 2015.812816105783 45.110458299517632 288.69083850085735 14618.93966165185 398.47780472785234 138.51967810094357 30815.542325600982 325.71893636882305 73.153589680790901 20312.626575794071 243.01067239046097 12601.614486277103 1403.0754376724362 1193.1353340446949 810.96658296883106 57.712971173226833 7555.2976258918643 7666.9449647851288 1611.1601497456431 203.55547942966223 82.356803402304649 17173.246267937124 16407.469938535243 153.37072046101093
leaf_count=204062 71798 10588 211 319 55512 43923 3428 159 645 50210 464 378 95357 1346 104 48717 327 33406 1754 1679 1468 39 14293 15058 2684 223 195 28387 45724 655
internal_value=4.42286e-05 -0.000337952 0.00056282 -0.022807 0.000609512 -0.00133627 -0.000571359 0.00969201 -0.0028278 -0.00141976 0.00145692 -0.0110988 -0.000867522 -0.00223489 -0.0203976 0.000195926 0.000867332 0.000705912 0.00211689 0.00989841 0.0126145 -0.00199893 -0.00097834 0.0011873 0.00404657 0.0103548 0.0289959 0.000790069 0.000120918 -0.00202112
internal_weight=312989 234565 123307 243.927 123063 111258 73544.7 2060.92 37713.3 24865.5 10246.6 201.255 71483.7 31272.1 398.873 40211.6 34560.3 34317.3 21715.7 2292.79 2004.1 30873.3 7953.78 78424.2 9564.02 1897.07 285.912 68860.1 51686.9 16560.8
internal_count=733113 568389 260482 908 259574 307907 195225 3587 112682 68759 18549 697 191638 96846 1450 94792 84204 83877 50471 3792 3147 95396 14757 164724 18160 3102 418 146564 118177 46379
is_linear=0
shrinkage=0.05


Tree=120
num_leaves=31
num_cat=0
split_feature=5 7 3 9 8 6 8 8 10 8 10 7 5 2 5 8 6 3 9 8 3 7 8 5 9 5 11 10 8 10
split_gain=29.8743 50.147 66.327 43.6809 41.7438 32.1734 30.6072 44.6685 73.7812 37.1551 119.704 77.1589 58.8849 49.2581 31.0061 29.7942 84.6797 28.8547 40.734 28.594 102.306 89.0208 88.5609 65.3306 55.8234 120.653 76.658 54.5096 43.6816 61.6001
threshold=1289243.5000000002 0.24999500066041949 0.082482058554887785 20.585714340209964 23.500000000000004 3211691.0000000005 170.50000000000003 178.50000000000003 -1.0000000180025095e-35 125.50000000000001 -0.0055510462261736384 0.16675345599651339 10052930.500000002 0.030418691225349907 5320895.5000000009 87.500000000000014 1.0000000180025095e-35 0.060731600970029838 1.0000000180025095e-35 88.500000000000014 0.046083213761448867 0.4167881458997727 84.500000000000014 5320895.5000000009 18.038461685180668 15089427.500000002 -0.010719696991145609 0.089218374341726317 86.500000000000014 0.044275460764765746
decision_type=2 10 8 2 2 10 2 2 2 2 2 8 2 2 2 2 10 10 2 2 8 10 2 2 2 2 2 2 2 2
left_child=1 2 -1 -4 5 17 9 -8 -9 19 12 -12 13 -11 -13 -6 -17 18 -3 22 -21 24 -2 -23 -22 26 -26 -27 29 -24
right_child=6 4 3 -5 15 -7 7 8 -10 10 11 14 -14 -15 -16 16 -18 -19 -20 20 21 23 28 -25 25 27 -28 -29 -30 -31
leaf_value=-0.05870242617791778 0.00052614182457357906 0.019396712791409285 -0.0074734127679158997 -0.034742030395420807 -0.0074734127679158997 -0.0074734127679158997 0.041467324812612061 -0.086366172911163427 0.016870899918493568 -0.082088544705624392 -0.02281746450977612 0.020699958667540944 -0.02281746450977612 -0.02281746450977612 -0.0034666978430760889 -0.0074734127679158997 0.076212074258372731 0.033669403290960576 -0.0074734127679158997 -0.076407186037517755 0.0040160318720931605 0.024570226828229975 -0.095904265295566782 0.0072866167470673733 -0.035968139842610734 -0.035968139842610734 -0.0025281709872819812 -0.0025281709872819812 -0.0057482039684575367 -0.0086101813277975128
leaf_weight=80.159721767529845 300381.05178447068 150.89875712990761 510.16369387507439 100.43818239681423 420.20486152544618 29.094100445508957 108.53964788466692 19.745666742324829 82.862642396241426 102.44576965644956 180.89476082846522 282.89009686559439 66.734055824577808 15.798797771334646 247.56459748744965 23.864109225571156 38.935492478311062 174.74691691249609 28.170448128134012 37.367262115702033 3042.7245601043105 808.22268237173557 30.598817884922028 903.47838229686022 74.196368336677551 188.6281444132328 818.58395618200302 28.882247358560562 4575.6452651359141 54.351794272661209
leaf_count=501 696464 224 1505 934 1471 98 141 94 179 479 604 569 186 16 731 105 30 383 159 201 6208 1369 138 2064 302 828 2913 24 13842 94
internal_value=0.000435842 -0.0064691 -0.016496 -0.0107816 0.00154922 0.0138568 0.000470329 0.0194109 -0.00426716 0.000457379 -0.00969661 -0.000338122 -0.0452968 -0.0677474 0.00945066 -0.00747341 0.0265181 0.0193324 0.00512402 0.000486712 0.00393314 0.00447091 0.000420003 0.014059 0.00051422 -0.00907237 -0.00252817 -0.0359681 -0.00641806 -0.0415358
internal_weight=313608 1556.68 690.762 610.602 865.915 382.91 312051 211.148 102.608 311840 896.328 711.349 184.979 118.245 530.455 483.004 62.7996 353.816 179.069 310944 5902.08 5864.72 305042 1711.7 4153.02 1110.29 892.78 217.51 4660.6 84.9506
internal_count=732856 5410 2940 2439 2470 864 727446 414 273 727032 2585 1904 681 495 1300 1606 135 766 383 724447 13909 13708 710538 3433 10275 4067 3215 852 14074 232
is_linear=0
shrinkage=0.05


Tree=121
num_leaves=31
num_cat=0
split_feature=8 3 7 11 8 11 0 8 5 9 8 5 5 3 7 11 7 5 8 6 0 5 15 9 11 9 8 8 3 9
split_gain=36.4183 110.812 76.7265 83.0269 48.0871 116.796 122.315 81.568 48.8688 50.0472 46.5953 46.1366 68.0971 45.3115 51.8351 42.6724 43.5706 42.063 45.8021 41.416 34.6545 34.2501 54.4395 91.5873 34.0405 33.5408 31.4639 260.198 54.344 53.7137
threshold=88.500000000000014 0.046083213761448867 0.42319878935813909 -0.080518092960119234 77.500000000000014 -0.04111917503178119 0.046620300039649017 68.500000000000014 16151869.500000002 14.690476417541506 115.50000000000001 13439690.500000002 5320895.5000000009 0.14503416419029239 0.16658333688974383 -0.043343897908926003 0.66650778055191051 15089427.500000002 96.500000000000014 inf 0.0076340327505022296 1289243.5000000002 2.5000000000000004 12.464285850524904 0.45565807819366461 17.94999980926514 1.0000000180025095e-35 11.500000000000002 0.23240856826305392 4.9166667461395273
decision_type=2 8 10 2 2 2 2 2 2 2 2 2 2 8 10 2 8 2 2 8 2 2 2 2 2 2 2 2 8 2
left_child=4 -2 3 -3 7 6 15 21 9 19 11 12 -4 14 -9 16 -6 20 -19 -7 -5 22 23 -1 -24 -15 -23 28 -28 -29
right_child=1 2 10 17 5 8 -8 13 -10 -11 -12 -13 -14 25 -16 -17 -18 18 -20 -21 -22 26 24 -25 -26 -27 27 29 -30 -31
leaf_value=-0.018083745293912306 -0.075200769546298521 -0.035341333929949273 0.024071719880906089 -0.0022582696530686086 -0.096125779813686918 0.00055889862155807243 -0.011412267608703175 -0.072430839197162061 0.072793001501030116 -0.0035728370288227343 0.0069339147236891496 0.032988595506256213 0.0069339147236891496 0.017675825287478103 -0.00023111756720418654 -0.032433856244913843 -0.052582588205158189 0.0069339147236891496 -0.014601264231587334 0.0099589534013461919 0.0069339147236891496 -0.00047253985058623682 -0.0050046815040920333 -0.07617474146481229 0.044014000462473196 -0.00023111756720418654 0.004996055311272344 0.0051739995954418238 0.019027171758458764 0.0004415921177453472
leaf_weight=105.16387445479631 41.868180057033896 31.356023922562599 729.59494575858116 1427.977105146274 85.394875228404999 776.25020954757929 570.42277371138334 28.853148937225342 20.136308133602142 7597.7727872282267 430.57648669928312 373.67685651034117 506.75158896297216 1231.106960311532 101.44853031635284 91.454784706234932 38.833653673529625 230.79384638369083 673.50585986301303 1636.2742843851447 2639.4423962458968 64898.650111675262 1130.7190617844462 77.734432239085436 34.570954516530037 86.180991277098656 992.31962445378304 6163.1773960478604 2277.3047439530492 218528.43392067216
leaf_count=190 237 118 1214 4865 355 1394 1096 103 32 23429 1076 584 1284 1820 201 258 100 446 1945 2467 5251 136951 4289 411 18 307 1406 8549 2496 530112
internal_value=0.000482577 0.00402596 0.0045181 0.00118369 0.00040063 -0.00287351 -0.0214076 0.000520433 -0.00141698 -0.00158077 0.0126841 0.0176212 0.0129308 0.012352 -0.0155984 -0.0534554 -0.0727313 0.00187053 -0.00787197 0.00469063 0.00403936 0.000462134 -0.00748309 -0.03269 -0.00347751 0.0151362 0.000498761 0.000775284 0.0147744 0.000571445
internal_weight=313558 7085.54 7043.68 5003.08 306472 10816.5 786.106 295656 10030.4 10010.3 2040.6 1610.02 1236.35 1447.59 130.302 215.683 124.229 4971.72 904.3 2412.52 4067.42 294208 1348.19 182.898 1165.29 1317.29 292860 227961 3269.62 224692
internal_count=733004 17020 16783 12625 715984 29131 1809 686853 27322 27290 4158 3082 2498 2431 304 713 455 12507 2391 3861 10116 684422 4908 601 4307 2127 679514 542563 3902 538661
is_linear=0
shrinkage=0.05


Tree=122
num_leaves=31
num_cat=0
split_feature=6 6 11 2 15 4 6 11 10 1 7 10 2 0 11 2 11 11 9 1 9 4 10 11 7 9 11 9 2 10
split_gain=41.7399 27.4065 64.2824 35.7926 30.2286 26.1704 47.5893 24.7688 19.8757 66.1745 19.0972 15.0184 16.0876 14.5882 14.1221 17.5967 12.9003 46.3826 11.7956 10.542 10.3631 26.8141 17.8371 9.76305 10.4122 9.31214 8.964 14.5718 8.3749 6.5706
threshold=7714069.5000000009 3211691.0000000005 0.39604739844799047 0.11215933039784433 6.5000000000000009 inf 3211691.0000000005 -0.077705629169940935 -0.10828754678368567 7.5000000000000009 0.87161171436309826 0.32855078577995306 0.034286834299564369 0.29587541520595556 -0.01471808413043618 0.035587640479207046 -0.095060903578996644 -0.12109820172190665 21.633333206176761 12.500000000000002 9.3452377319335955 116200.00000000001 -0.10132575780153273 0.2137585058808327 0.050065962597727783 7.9444444179534921 -0.053670633584260934 10.267857074737551 0.5847701132297517 -0.024623334407806393
decision_type=10 8 2 2 2 8 10 2 2 2 10 2 2 2 2 2 2 2 2 2 2 8 2 2 10 2 2 2 2 2
left_child=1 2 3 20 5 6 13 11 9 -7 23 12 -2 -3 15 26 17 -11 -16 -18 21 -1 -22 24 -9 -5 -10 -28 -6 -26
right_child=7 4 -4 25 28 8 -8 10 14 16 -12 -13 -14 -15 18 -17 19 -19 -20 -21 22 -23 -24 -25 29 -27 27 -29 -30 -31
leaf_value=0.0058923842081266059 -0.032492051385278713 -0.00034412665995844238 0.020314923651847394 0.010776172999270989 0.0022216851150163655 -0.0075715581747110919 0.001082332579598395 0.0027911988586466832 -0.0073628201028639361 -0.12998808631398504 0.030550895275964003 -0.0033794031469789308 -0.011774293569402626 0.001082332579598395 -0.00045613328908144845 -0.0018303425562917999 -0.023695205751295498 -0.047065656148177086 -0.0018303425562917999 -0.047065656148177086 -0.01857352332189946 0.001263843957342792 0.00047954777091679143 0.013379897085099035 0.0051324295487121495 0.0058923842081266059 -0.0032669324035935741 -0.0053909338274976664 0.031898216927621466 0.0084552714041048228
leaf_weight=1777.9693880528212 123.53453305363655 158819.55438004434 444.93596012890339 421.2428902760148 14065.823793105781 118.31739040464163 36068.192662948743 7531.2040058746934 2137.8634692206979 17.252860188484192 65.294659607112408 103.12543475627899 64.412551835179329 2643.7219054959714 31991.117398455739 1158.4656951054931 87.121035143733025 26.250139340758324 14892.515351675451 38.58642865717411 121.49626791477203 11040.464296735823 23082.045046359301 257.20576234161854 113.68554267287254 341.86290760338306 1192.5746673047543 3242.9914265945554 21.825517810881138 1295.2508786767721
leaf_count=2424 265 390543 465 418 43859 135 70929 13414 4272 79 59 142 89 3467 66686 1695 171 53 53132 111 244 18942 48185 312 211 488 1948 8059 16 1999
internal_value=0.000298156 0.000195794 0.0014665 0.00123742 1.82826e-05 -0.000107518 0.000160883 0.00355194 -0.00107315 -0.0141393 0.004004 -0.0107628 -0.0201692 -0.000250178 -0.00100385 -0.00298342 -0.0398189 -0.0633039 -0.00067727 -0.0308274 0.0010086 0.0021495 0.000378192 0.00380893 0.00353065 0.0107762 -0.00470352 -0.00341905 0.00227218 0.00747366
internal_weight=313306 303752 37230 36785.1 266522 252435 197531 9553.71 54903.1 287.528 9262.64 291.073 187.947 161463 54615.5 7731.9 169.21 43.503 46883.6 125.707 36022 12818.4 23203.5 9197.35 8940.14 763.106 6573.43 4435.57 14087.6 1408.94
internal_count=732812 716321 71166 70701 645155 601280 464939 16491 136341 549 15995 496 354 394010 135792 15974 414 132 119818 282 69795 21366 48429 15936 15624 906 14279 10007 43875 2210
is_linear=0
shrinkage=0.05


Tree=123
num_leaves=31
num_cat=0
split_feature=8 8 8 7 3 5 5 6 9 8 7 11 3 0 8 8 7 6 5 8 6 8 5 8 7 11 5 9 6 9
split_gain=39.0428 35.8495 197.253 69.6748 53.7877 44.6351 39.3863 36.2581 32.9001 49.159 30.1188 29.1565 28.0548 25.81 25.464 27.5295 39.3846 24.7362 22.3229 54.9759 41.2461 33.8463 51.1896 31.6393 57.588 27.99 32.76 27.4234 23.3206 79.1496
threshold=170.50000000000003 1.0000000180025095e-35 11.500000000000002 0.44452822208404547 0.23240856826305392 5320895.5000000009 13439690.500000002 1.0000000180025095e-35 5.0625000000000009 44.500000000000007 0.96746334433555614 -0.17248234897851941 0.03994718752801419 0.41042780876159674 191.50000000000003 231.50000000000003 0.37263815104961401 7714069.5000000009 5320895.5000000009 12.500000000000002 1.0000000180025095e-35 21.500000000000004 10052930.500000002 65.500000000000014 0.083527132868766799 -0.054528366774320595 13439690.500000002 19.612500190734867 3211691.0000000005 13.887499809265138
decision_type=2 2 2 10 8 2 2 10 2 2 10 2 10 2 2 2 10 10 2 2 10 2 2 2 10 2 2 2 10 2
left_child=1 3 4 6 -3 12 -1 10 9 13 -7 -10 -5 -4 -2 16 -16 18 19 20 -13 -20 28 -21 -25 26 -24 -26 29 -23
right_child=14 2 8 5 -6 7 -8 -9 11 -11 -12 17 -14 -15 15 -17 -18 -19 21 23 -22 22 25 24 27 -27 -28 -29 -30 -31
leaf_value=-0.0025089045631589194 0.032285495212047821 0.0028807328930469272 0.0018934073133224994 0.005836521498820856 0.0171561684369393 0.00030681701562531221 0.00030681701562531221 0.0089987608052193597 -0.010283311041522952 0.014869780631201306 0.029565326131617976 -0.0049744167736799696 0.048606815809742777 0.0097398356819405271 -0.086700195166577287 0.031112988744052369 0.015457738521618747 0.0018934073133224994 0.0018934073133224994 0.001651860162883221 0.00029468403208408823 0.0018934073133224994 -0.0049744167736799696 -0.0049744167736799696 0.0018934073133224994 0.00061444386988739996 -0.0012056435607375724 -0.0019348193294701256 -0.0034442629291293993 -0.0029308360204352789
leaf_weight=36300.870293855667 153.61383602023125 936.39421855658293 6534.8862262442708 4838.2934656590223 2239.757621742785 8722.4420118480921 13575.274976909161 1198.008395716548 646.33692660182714 850.05403304100037 99.305940523743629 3459.1144016608596 36.689390629529953 1057.9879784286022 16.124260757118464 26.979818060994148 18.619635723531246 5660.8827224299312 16472.794318303466 70051.355032093823 4804.3068330064416 11302.675632767379 2393.1686764955521 4133.1541941110045 7162.21190661937 69571.364548478276 3319.3746462091804 3197.5371123272926 14458.077456122264 19794.009996119887
leaf_count=85203 220 1369 9750 7565 2528 18206 24215 1770 1139 963 99 6646 21 1283 84 69 32 10255 33094 154982 8357 18979 5260 11783 14386 189721 5377 10807 42487 65747
internal_value=0.000316737 0.000302016 0.000575537 -0.00074544 0.0129519 0.00225523 -0.0016416 0.000345706 0.000414901 0.00348145 0.000306817 0.000305364 0.00617821 0.0022029 0.0215015 -0.00550808 -0.0340912 0.000334477 0.000232442 0.000831438 -0.00306057 -0.000172421 -0.000462371 0.00121191 -0.000914524 0.000338154 -0.00302573 0.00110478 -0.00178528 -0.00101378
internal_weight=313032 312816 248045 64770.9 3176.15 14894.7 49876.1 10019.8 244869 8442.93 8821.75 236426 4874.98 7592.87 215.338 61.7237 34.7439 235780 230119 92807.7 8263.42 137311 120839 84544.3 14492.9 75283.9 5712.54 10359.7 45554.8 31096.7
internal_count=732397 731992 594913 137079 3897 27661 109418 20075 591016 11996 18305 579020 7586 11033 405 185 116 577881 567626 206961 15003 360665 327571 191958 36976 200358 10637 25193 127213 84726
is_linear=0
shrinkage=0.05


Tree=124
num_leaves=31
num_cat=0
split_feature=5 8 9 8 3 8 7 11 10 8 11 6 4 3 3 9 8 5 8 8 8 8 5 7 6 9 10 4 4 8
split_gain=67.1215 70.3004 88.0378 128.148 58.979 75.8516 79.8167 55.4966 51.1393 51.1334 50.1779 42.0754 41.7935 38.8278 37.7832 33.9811 90.7632 54.6912 53.1213 113.197 39.4208 114.071 33.7696 29.7546 29.6062 55.2047 40.7805 28.6688 28.109 69.1994
threshold=5320895.5000000009 45.500000000000007 14.348484516143801 46.500000000000007 0.10327889770269395 54.500000000000007 0.16658333688974383 -0.017661913298070427 0.37281277775764471 122.50000000000001 -0.079001326113939271 1.0000000180025095e-35 54100.000000000007 0.0090917046181857603 0.8671717941761018 11.949999809265138 12.500000000000002 1289243.5000000002 1.5000000000000002 21.500000000000004 23.500000000000004 33.500000000000007 10052930.500000002 0.22810026258230212 3211691.0000000005 20.366666793823246 -0.01316526625305414 17002.200195312504 59020.000000000007 9.5000000000000018
decision_type=2 2 2 2 10 2 10 2 2 2 2 10 8 8 10 2 2 2 2 2 2 2 2 8 10 2 2 8 8 2
left_child=15 7 3 12 5 6 -4 -2 -5 10 -7 14 -3 -12 -9 18 17 -17 27 -20 -21 23 -6 -22 -15 26 -26 -1 29 -13
right_child=1 2 4 8 22 9 -8 11 -10 -11 13 28 -14 24 -16 16 -18 -19 19 20 21 -23 -24 -25 25 -27 -28 -29 -30 -31
leaf_value=0.0072863207930901315 -0.0033269548333119459 0.019890980326453159 -0.029881707363344303 0.0020557730219344737 -0.0016647883670422364 -0.081354628937323537 -0.0019226744406229592 -0.001463411046914245 0.015111769216291879 -0.064360954569539802 -0.034444809126479813 0.010312717162630689 0.0069967351441837973 -0.0019226744406229592 0.010668964251763684 -0.044580561804323654 0.00095259609355333175 -0.0041439068809568155 0.013091097631153348 0.0012863316112622784 0.00243914947878475 0.0027450332522401294 0.0020557730219344737 0.023453152798156449 -0.010925207271153642 -0.018183741783551387 -0.0019226744406229592 0.0012863316112622784 -0.00013067677982317639 0.0012793424381579536
leaf_weight=2305.5480137169361 22106.509573049843 1517.36111292243 555.62958713620901 10867.188527621329 7977.6803560554981 17.88755102455616 325.49487364292145 75111.705552510917 750.91885069012642 31.085841372609138 90.058860687538981 2395.0590722486377 1077.1208239495754 3022.9171916469932 645.27729642391205 82.50470370054245 75157.745573120192 8217.7111884057522 3072.655435487628 4701.714314378798 205.99194791167974 7741.0440680459142 11933.650919236243 934.7510059773922 312.36384883522987 367.24739208817482 1233.0439586490393 21647.748217985034 39669.494614452124 8971.6739617958665
leaf_count=3277 44156 2059 1809 18848 25002 76 813 208922 859 224 581 3556 1803 9917 1276 291 179394 15049 3700 7240 299 11114 33377 957 1112 2135 3679 39635 94070 18495
internal_value=7.82504e-05 -0.000514971 0.00134376 0.00450486 -0.000393314 -0.00475788 -0.0182822 -0.0010153 0.00226012 -0.00240332 -0.00199608 -0.000612215 0.0145473 -0.00192267 -0.00135979 0.000981838 0.0004046 -0.00455649 0.00216806 0.00442764 0.00246629 0.00492268 0.000912528 0.0196694 -0.00192267 -0.00828953 -0.00366667 0.00128633 0.00049748 0.00268936
internal_weight=313047 188979 40079.6 14212.6 25867.1 5955.73 881.124 148900 11618.1 5074.6 5043.52 126793 2594.48 5025.63 75757 124067 83458 8300.22 40609.5 16656.2 13583.5 8881.79 19911.3 1140.74 4935.57 1912.66 1545.41 23953.3 51036.2 11366.7
internal_count=733725 472769 102294 23569 78725 20346 2622 370475 19707 17724 17500 326319 3862 17424 210198 260956 194734 15340 66222 23310 19610 12370 58379 1256 16843 6926 4791 42912 116121 22051
is_linear=0
shrinkage=0.05


Tree=125
num_leaves=31
num_cat=0
split_feature=3 6 9 4 4 6 5 5 5 11 9 7 4 9 11 7 7 6 7 5 9 11 9 9 6 6 5 11 4 5
split_gain=34.8721 46.7805 38.2424 35.8202 30.4312 28.8623 25.1739 24.5905 36.7255 36.9724 36.75 29.7885 28.6216 24.2246 23.7008 22.4345 22.424 19.6875 15.6603 14.6328 13.5745 12.9221 12.4063 12.0718 12.1113 11.6044 11.2884 10.1715 10.4504 8.65002
threshold=0.013957562390714886 7714069.5000000009 5.0625000000000009 52059.400390625007 198800.00000000003 3211691.0000000005 15089427.500000002 5320895.5000000009 12130922.500000002 -0.043046252802014344 13.519230842590334 0.26474732160568243 55900.000000000007 13.519230842590334 -0.10753119364380835 0.6000007987022401 0.46679636836051946 1.0000000180025095e-35 0.81675708293914806 5320895.5000000009 18.683333396911625 -0.036368066444993012 1.1666666865348818 21.708333015441898 7714069.5000000009 1.0000000180025095e-35 5320895.5000000009 0.12417027354240419 36009.800781250007 10052930.500000002
decision_type=10 10 2 10 10 10 2 2 2 2 2 8 10 2 2 10 10 10 10 2 2 2 2 2 8 10 2 2 10 2
left_child=4 2 14 18 7 27 -6 11 9 10 25 13 23 17 -2 -16 19 -1 21 -7 -14 -3 26 -10 -25 -9 -17 -4 -29 -11
right_child=1 3 5 -5 6 16 -8 8 12 29 -12 -13 20 -15 15 22 -18 -19 -20 -21 -22 -23 -24 24 -26 -27 -28 28 -30 -31
leaf_value=-0.0064723514929246224 0.0025191316107164227 0.0070440728892832653 0.00021292938233698157 0.00021292938233698157 -0.05372445030748995 0.0016341888989178039 -0.01491705397880305 -0.0096552778137494501 0.00021292938233698157 -0.0008946143353102834 -0.01491705397880305 0.00021292938233698157 -0.0052208478005670786 -0.01491705397880305 0.0045740435123287383 0.035439716451862106 0.0025191316107164227 -0.0020615006551241823 0.032943995353194366 0.00021292938233698157 -0.01491705397880305 0.014824027514312776 0.010003450258541187 -0.0032656152744638166 -0.00085343920768836618 -0.0043935016486958507 0.016585277983683578 0.0025191316107164227 0.0011003903668863947 -0.0024008365324387111
leaf_weight=2746.454707056284 1243.9930028617382 90.259398147463799 128154.95277469978 420.2812725007534 52.721707109361887 9273.6684631742537 34.350647494196892 690.35913471877575 27658.969727016985 24052.224402811378 622.94312826544046 54471.51863515377 1415.5104421600699 294.37677719816566 3603.0979581847787 105.00627916678786 9347.2923188731074 809.26610018312931 97.348051771521568 12455.212812036276 62.932780645787716 990.97093548625708 1159.3791386336088 6395.7563459463418 1169.9290522821248 1632.1164528280497 106.94646737724543 3783.6919099986553 4286.7200020328164 15791.635186083615
leaf_count=5581 1956 166 326232 765 304 17749 111 1595 49232 63036 1915 113665 2900 1390 5022 80 17759 1260 86 26726 409 1402 1467 19535 3135 3139 135 5467 6876 53633
internal_value=0.000276126 0.00074444 0.000665939 0.00925255 -0.000318582 0.000522804 -0.0295344 -0.000299694 -0.000895637 -0.0018915 -0.00729533 0.000212929 0.000212929 -0.00433593 0.00451546 0.00662896 0.00189776 -0.0031539 0.0138752 0.000749246 -0.00674416 0.0121007 0.0120688 0.000212929 -0.00191981 -0.0043935 0.0231671 0.000212929 0.00198785 -0.00149168
internal_weight=313020 175119 173520 1598.86 137901 167302 87.0724 137814 79492.4 42789.3 2945.42 58321.6 36703.1 3850.1 6218.42 4974.43 31076.2 3555.72 1178.58 21728.9 1478.44 1081.23 1371.33 35224.7 7565.69 2322.48 211.953 136225 8070.41 39843.9
internal_count=732728 411888 409469 2419 320840 400809 415 320425 198529 123318 6649 121896 75211 8231 8660 6704 62234 6841 1654 44475 3309 1568 1682 71902 22670 4734 215 338575 12343 116669
is_linear=0
shrinkage=0.05


Tree=126
num_leaves=31
num_cat=0
split_feature=6 11 11 9 11 3 6 11 3 11 4 4 9 3 6 11 3 9 4 9 3 11 9 0 11 10 0 4 4 4
split_gain=54.5625 20.2871 19.8141 19.3668 18.3844 18.0346 18.6963 27.4787 17.2632 17.6496 15.6127 13.5883 12.3671 14.4314 12.1892 35.3418 25.1521 15.6547 10.3964 22.608 31.7661 11.8038 9.21129 7.30654 6.96853 6.6732 6.59666 6.25536 6.19811 6.09714
threshold=7714069.5000000009 -0.31677702069282526 -0.17593795061111447 3.1000000238418584 0.3292758315801621 0.013957562390714886 3211691.0000000005 -0.072723474353551851 0.081684678792953505 -0.035260498523712151 57650.000000000007 53020.000000000007 11.354166507720949 0.013957562390714886 3211691.0000000005 0.36872987449169164 0.080908220261335387 9.3452377319335955 38060.000000000007 5.5357143878936776 0.32970714569091802 0.071252468973398222 7.3541667461395273 0.016438479535281662 0.15856517106294635 -0.049675324931740754 0.33630952239036566 4804.8000488281259 193000.00000000003 26040.000000000004
decision_type=10 2 2 2 2 8 10 2 10 2 10 8 2 8 8 2 10 2 8 2 10 2 2 2 2 2 2 10 8 10
left_child=1 3 -2 -1 8 6 7 -3 12 -10 27 -5 29 -14 15 16 22 -18 19 20 26 -21 23 -7 -19 -20 -16 -9 -15 -4
right_child=2 5 4 11 -6 14 -8 10 9 -11 -12 -13 13 28 18 -17 17 24 25 21 -22 -23 -24 -25 -26 -27 -28 -29 -30 -31
leaf_value=-0.011274008930691665 -0.032219009756213952 -0.011274008930691665 0.0056032169789634019 -0.029336478002572386 0.020062882222718167 0.00063610698819370384 -0.00028345324633813584 -0.00028345324633813584 0.0063395206442149526 0.011957275112240307 -0.0040872126222556704 -0.076586960134371759 -0.014032379020649931 0.0028845897046450662 0.0026377262093393592 0.015023082581587672 0.0080169665228429065 0.002272534436336049 -0.00028345324633813584 0.00034664952217932569 0.0132034878672872 0.0026376540377922881 -0.00028345324633813584 0.0021212675294657456 0.005440304883839963 0.00014579894946765469 0.0079206070383132793 -0.001410063960998719 0.00018328239455226908 0.0028845897046450662
leaf_weight=49.418968319892883 35.612696617841721 49.950058683753014 4356.4524575918913 24.157705992460251 176.33758971095085 9207.1709636002779 4003.2769469730556 930.2604977786541 81.786471046507359 1055.2447762340307 5099.2380226086825 20.857008643448353 27.017986685037613 358.70223087072372 1998.9012365415692 453.80918717384338 738.60979910939932 5466.0245569571853 10876.173591069877 60271.535221833736 842.3447167724371 5960.3498647883534 18373.001643292606 1452.7496126592159 163.66858402639627 153235.29833189212 434.90629378706217 23528.941011145711 3384.4089466035366 138.11641354113817
leaf_count=74 76 165 6611 49 182 16305 7207 1372 193 1522 12968 68 87 558 2975 520 894 9848 20886 144542 990 9049 39238 1920 173 395554 531 50627 6939 275
internal_value=0.000304773 0.000187167 0.00401284 -0.0227425 0.00415425 0.000194461 -0.000897585 -0.00170003 0.00385167 0.00962359 -0.00157099 -0.0473989 0.00305545 0.000942856 0.000330678 0.00118903 0.00101085 0.00385598 0.000198933 0.000711441 0.00476464 0.000510812 0.000386555 0.00155567 0.00286364 -1.8142e-05 0.00263773 -0.00104612 0.00131735 0.00482632
internal_weight=312794 303181 9613.68 94.4337 9578.07 303086 33611.7 29608.4 9401.73 1137.03 29558.4 45.0147 8264.7 3770.13 269475 35855 35401.2 6368.3 233620 69508 3276.15 66231.9 29032.9 10659.9 5629.69 164111 2433.81 24459.2 3743.11 4494.57
internal_count=732398 715955 16443 191 16367 715764 72339 65132 16185 1715 64967 117 14470 7584 643425 68898 68378 10915 574527 158087 4496 153591 57463 18225 10021 416440 3506 51999 7497 6886
is_linear=0
shrinkage=0.05


Tree=127
num_leaves=31
num_cat=0
split_feature=8 3 10 7 0 4 5 5 15 8 10 15 5 8 8 0 8 8 5 8 0 10 6 5 4 6 8 4 7 8
split_gain=48.6113 76.1892 69.8077 62.8147 47.9465 45.3396 54.1511 41.2191 60.3129 41.2292 31.4805 31.4337 116.142 53.7039 45.1074 34.9927 63.0859 30.4658 30.3489 48.2126 27.2991 23.9627 23.6857 23.4643 52.9469 59.57 21.0623 24.4793 18.9585 18.8598
threshold=88.500000000000014 0.046083213761448867 -0.022907647304236885 0.28001515567302709 0.054669987410306937 64010.000000000007 12130922.500000002 5320895.5000000009 2.5000000000000004 110.50000000000001 -0.0055510462261736384 6.5000000000000009 10052930.500000002 69.500000000000014 11.500000000000002 0.011428944766521456 43.500000000000007 23.500000000000004 13439690.500000002 71.500000000000014 1.0000000180025095e-35 0.52779263257980358 3211691.0000000005 1289243.5000000002 64010.000000000007 3211691.0000000005 12.500000000000002 16034.600097656252 0.24999500066041949 79.500000000000014
decision_type=2 8 2 8 2 8 2 2 2 2 2 2 2 2 2 2 2 2 2 2 2 2 10 2 10 10 2 8 8 2
left_child=11 -2 4 20 22 6 7 8 -5 -10 -8 15 14 -14 -13 16 23 -17 19 -15 -4 -16 -3 24 25 28 27 -25 -1 -20
right_child=1 2 3 5 -6 -7 10 -9 9 -11 -12 12 13 18 21 17 -18 -19 29 -21 -22 -23 -24 26 -26 -27 -28 -29 -30 -31
leaf_value=-0.0234773909961444 -0.058133878354670078 -0.013756064418150705 -0.0033762739526054207 0.010371832663422155 -0.0033762739526054207 0.0055127459925695321 0.010371832663422155 0.010371832663422155 0.037263445060121504 0.019787913892578335 0.035005791084524666 0.023832906221779675 0.0012590408261200564 0.080577038660903655 0.0074511079390977555 0.00030648787809110209 -0.0018944813966032062 0.0012590408261200564 0.016586552064329851 0.0012590408261200564 0.0045906392940983391 0.035429645751065622 -0.026691239807027301 0.00030648787809110209 -0.069436377168233629 -0.035421140155805518 0.00030648787809110209 -0.00094200121762955341 0.00030648787809110209 0.059140644119090507
leaf_weight=85.880841586738825 46.503660600632429 302.67509917914867 1087.2679972052574 222.50966155529022 132.28240792453289 1561.4757915213704 69.118885412812233 709.8066483810544 546.48716552555561 169.38796295970678 434.75002425163984 596.71468777954578 10852.565897278488 17.79050886631012 2235.4044007956982 22562.479021556675 47811.180534431711 60675.343837201595 42.379895240068436 87.48774753510952 1786.5021349787712 77.433135628700256 82.767363011837006 10168.482819274068 32.728196982294321 133.08641727268696 76242.147903308272 73959.870642386377 386.21152698248625 75.138440102338791
leaf_count=434 242 730 3620 436 171 4113 158 1816 833 384 664 780 37681 13 4606 37517 156531 111614 72 321 3538 54 294 17040 198 640 199896 147508 1021 73
internal_value=0.000251964 0.00432634 0.0047514 0.00614174 -0.0128943 0.0104351 0.0152309 0.010822 0.0208678 0.029204 0.029553 0.000156727 0.00247225 0.00125904 0.0115933 4.58338e-05 -0.000299707 0.000912683 0.027074 0.00734563 0.000590393 0.00841762 -0.0241359 0.000173876 -0.00938156 -0.00591577 0.000212001 -0.000495325 0.000306488 0.044329
internal_weight=313194 7151.53 7105.03 6587.31 517.725 3713.54 2152.06 1648.19 938.385 715.875 503.869 306042 13984.9 11075.4 2909.55 292057 208820 83237.8 222.797 105.278 2873.77 2312.84 385.442 161008 637.907 605.179 160371 84128.4 472.092 117.518
internal_count=732998 16999 16757 15562 1195 8404 4291 3469 1653 1217 822 715999 43600 38160 5440 672399 523268 149131 479 334 7158 4660 1024 366737 2293 2095 364444 164548 1455 145
is_linear=0
shrinkage=0.05


Tree=128
num_leaves=31
num_cat=0
split_feature=6 3 7 14 8 8 9 10 8 8 6 8 8 8 10 8 7 8 7 0 9 7 7 10 8 8 8 3 6 4
split_gain=34.4359 53.6865 44.93 30.0369 53.8977 225.234 60.4315 80.3347 70.1302 63.4454 53.6833 108.455 129.211 124.501 94.8586 67.4855 55.3443 52.5099 120.018 58.7772 51.2953 93.8338 45.5074 36.7083 46.9117 37.6826 36.2591 34.3663 31.4134 31.2161
threshold=7714069.5000000009 0.0058937692083418378 0.23075190186500552 1.0000000180025095e-35 1.0000000180025095e-35 11.500000000000002 7.5357143878936776 -0.11524075269699095 17.500000000000004 12.500000000000002 3211691.0000000005 22.500000000000004 24.500000000000004 33.500000000000007 -0.10132575780153273 57.500000000000007 0.24999500066041949 55.500000000000007 0.86544084548950206 0.022305141203105453 19.612500190734867 0.16658333688974383 0.45011143386363989 -0.049416434019803994 43.500000000000007 23.500000000000004 57.500000000000007 0.40503749251365667 3211691.0000000005 100200.00000000001
decision_type=10 8 10 2 2 2 2 2 2 2 10 2 2 2 2 2 10 2 10 2 2 10 10 2 2 2 2 10 8 10
left_child=3 2 -2 4 -1 -6 8 28 -7 -9 -5 14 29 -14 16 17 -12 19 -19 -15 -17 -22 -16 -11 25 -25 -26 -21 -8 -13
right_child=1 -3 -4 10 5 6 7 9 -10 23 11 12 13 15 22 20 -18 18 -20 27 21 -23 -24 24 26 -27 -28 -29 -30 -31
leaf_value=-0.002571682560950589 -0.074254347826929454 0.0034619626399373486 -0.011218008461364917 -0.00010827878505862848 0.018480681084531325 0.015739381401935246 -0.090755408821193956 -0.0053743014956590873 0.0018066034214653502 -0.0047081294000392215 -0.079357500055688021 -0.014158216540216704 0.028543972628566186 -0.0032397986736361576 0.0038421157916830075 0.0062148845999168397 -0.014483886505577052 -0.010563224546700941 0.06051720948574766 0.0026474295231613434 -0.021105982267612317 0.0015931964200754677 0.010047583617425273 -0.00039663321912271034 -0.002280538379600057 0.0018066034214653502 0.0018066034214653502 0.017346120918217196 -0.027295255264841212 -0.056010616228998437
leaf_weight=29849.9015160501 34.527077108621597 9425.8093105554581 129.45596370100975 170832.85819764994 1604.7140522226691 1113.9103325381875 22.433707132935524 6843.4297520965338 4350.556696459651 4239.3511402904987 41.01060639321804 1182.5602674260736 397.53306779265404 6996.0029259473085 7439.8516285680234 6195.1540386900306 145.18133309483528 2226.7116678506136 59.043615251779556 4027.722174666822 535.42390186153352 1443.8303775563836 4903.2451243773103 20996.9285255 11605.017533332109 9739.8396762311459 5068.1301281936467 439.39415864646435 115.77995988726616 44.600343927741051
leaf_count=68037 117 16226 238 410770 1790 1402 78 14227 6546 8775 132 2301 439 16686 13652 11417 266 5253 61 6621 1738 3727 7995 61588 35941 20882 14840 571 265 128
internal_value=1.67722e-05 0.00296626 -0.0252253 -7.67632e-05 -0.000809981 -9.52374e-06 -0.000473013 -0.000941767 0.00455497 -0.000851123 0.000261838 0.00201432 1.45155e-05 0.000883545 0.00577222 0.000379423 -0.0294644 -0.00175956 -0.00867584 -0.000379171 0.00397661 -0.00302849 0.00630844 -0.000251626 0.000147053 0.00130542 -0.00198829 0.00410034 -0.0387432 -0.015768
internal_weight=312050 9589.79 163.983 302460 95550 65700.1 64095.4 58630.9 5464.47 58492.7 206910 36077.3 23548 22320.8 12529.3 21923.3 186.192 13748.9 2285.76 11463.1 8174.41 1979.25 12343.1 51649.3 47409.9 30736.8 16673.1 4467.12 138.214 1227.16
internal_count=732709 16581 355 716128 234371 166334 164544 156596 7948 156253 481757 70987 48942 46513 22045 46074 398 29192 5314 23878 16882 5465 21647 142026 133251 82470 50781 7192 343 2429
is_linear=0
shrinkage=0.05


Tree=129
num_leaves=31
num_cat=0
split_feature=6 3 8 8 7 4 8 8 11 8 8 7 3 10 0 11 8 7 0 6 8 5 3 15 5 8 11 5 14 6
split_gain=40.1679 40.8316 37.8613 37.4511 27.002 29.8055 46.6525 26.6765 55.1794 32.762 35.2719 23.7937 22.9062 21.4582 48.2734 48.2952 67.1784 37.1825 25.2792 21.3567 34.8549 46.3305 18.6811 18.0126 109.055 64.7007 48.6298 34.3088 21.9918 26.2578
threshold=7714069.5000000009 0.17979500442743304 35.500000000000007 26.500000000000004 0.2105745151638985 71620.000000000015 21.500000000000004 199.00000000000003 0.027958904393017295 170.50000000000003 165.50000000000003 0.49488030374050146 0.032394221052527435 -0.049675324931740754 0.046620300039649017 -0.034559885039925568 68.500000000000014 0.63649576902389537 0.86007702350616466 3211691.0000000005 173.50000000000003 5320895.5000000009 1.0000000180025095e-35 6.5000000000000009 10052930.500000002 69.500000000000014 -0.025937951169908043 5320895.5000000009 1.0000000180025095e-35 1.0000000180025095e-35
decision_type=10 10 2 2 8 10 2 2 2 2 2 8 10 2 2 2 2 10 2 10 2 2 10 2 2 2 2 2 2 10
left_child=7 4 3 -3 5 12 -7 9 -9 10 13 -12 -2 14 15 16 22 -18 23 20 -11 -22 -1 28 26 -26 -25 -28 -15 -30
right_child=1 2 -4 -5 -6 6 -8 8 -10 19 11 -13 -14 18 -16 -17 17 -19 -20 -21 21 -23 -24 24 25 -27 27 -29 29 -31
leaf_value=-0.0095508578857176549 -0.028582505304335128 0.0091655690512388744 0.0091655690512388744 0.044212619196661453 0.0031536881749221479 -0.028582505304335128 -0.10974437441904619 -0.082507472919685326 0.036907700470747658 0.05321804498046017 -0.085312891631739551 0.0026072266546897892 -0.0037716423235842332 -0.0005387565159068198 -0.00059091000409036243 -0.0024672540145018445 -0.088197169113539586 -0.0046284519557843488 0.042957519205918747 0.039759818945116744 0.015177417770455538 -0.082230851017504297 -0.0046284519557843488 0.0011227461494706993 0.0011227461494706993 0.021612732944720686 0.0088668980795650002 0.020734404230783838 0.00012656875055833944 0.0011227461494706993
leaf_weight=3026.4822150543332 41.674127414822578 118.48462542146444 336.95997175574303 173.80821593105793 8576.2419943884015 18.814195320010185 19.134607717394829 24.845996353775263 13.663700565695761 21.347311958670616 18.200223315507177 12.244114592671393 285.38479057699442 76433.851720049977 9588.8212919384241 1316.7730380147696 37.087724015116692 13.174122393131254 32.682776890695095 84.019014358520508 32.355868719518185 17.139840167015791 5190.7760540097952 308.73881697654724 10180.727766208351 279.11653652787209 1463.1194517686963 1048.2291631400585 151603.24497307464 42803.609143169597
leaf_count=6566 116 162 545 148 14876 26 83 125 11 16 88 32 494 180370 15490 2570 157 23 17 91 66 85 10368 614 36117 640 2730 2011 375535 83358
internal_value=0.000265307 0.00345431 0.0157451 0.0295385 0.002586 -0.010697 -0.0514848 0.00016474 -0.0404072 0.000170154 0.000158341 -0.0519721 -0.00568018 0.000163915 -0.00145498 -0.0043436 -0.00678965 -0.0633123 0.000273159 0.0230148 0.00260898 -0.0204377 -0.0064286 0.000267947 0.00206571 0.00112275 0.0111624 0.0138329 0.000179784 0.000462291
internal_weight=313121 9570.5 629.253 292.293 8941.25 365.008 37.9488 303550 38.5097 303512 303357 30.4443 327.059 303326 19173.1 9584.29 8267.52 50.2618 284153 154.862 70.843 49.4957 8217.26 284121 13279.9 10459.8 2820.09 2511.35 270841 194407
internal_count=733530 16450 855 310 15595 719 109 717080 136 716944 716686 120 610 716566 35174 19684 17114 180 681392 258 167 151 16934 681375 42112 36757 5355 4741 639263 458893
is_linear=0
shrinkage=0.05


Tree=130
num_leaves=31
num_cat=0
split_feature=8 10 8 3 5 7 8 10 4 8 5 7 3 7 8 2 8 5 3 4 6 1 8 0 7 5 3 4 3 8
split_gain=33.7738 118.091 102.002 84.5161 57.3717 45.1811 37.7416 59.023 36.926 38.8219 36.4986 54.8434 53.0865 32.9508 31.1148 36.1402 30.8059 30.5233 31.8071 30.1317 51.812 33.0838 29.8571 48.919 43.6547 36.193 52.804 44.5551 57.8761 37.7611
threshold=55.500000000000007 0.33731061220169073 49.500000000000007 0.013957562390714886 15089427.500000002 0.90672317147254955 112.50000000000001 -0.01316526625305414 41950.000000000007 65.500000000000014 1289243.5000000002 0.24999500066041949 0.081684678792953505 0.5997946858406068 41.500000000000007 0.044859969988465316 7.5000000000000009 5320895.5000000009 0.1427215784788132 2608.400024414063 1.0000000180025095e-35 17.500000000000004 44.500000000000007 0.020101009868085388 0.51930531859397899 15089427.500000002 0.0090917046181857603 79040.000000000015 0.1116105578839779 46.500000000000007
decision_type=2 2 2 8 2 10 2 2 10 2 2 10 8 10 2 2 2 2 10 10 10 2 2 2 10 2 8 10 10 2
left_child=2 3 5 4 8 10 19 -8 -2 -10 11 12 -1 -4 16 -16 -14 18 -7 20 -5 -22 -12 24 25 26 -24 29 -29 -27
right_child=1 -3 13 6 -6 17 7 -9 9 -11 22 -13 14 -15 15 -17 -18 -19 -20 -21 21 -23 23 -25 -26 27 -28 28 -30 -31
leaf_value=-0.058133931228379267 -0.013271127102019289 0.012576120822249431 0.013658540282442101 0.00554141549541751 -0.07427963896711845 0.0028969100734452737 -0.013271127102019289 0.00554141549541751 -0.074700445286585773 -0.026134950088355025 6.4629995005197166e-05 0.00152293341322919 -0.035971670275945021 0.040514448346022768 -0.035971670275945021 -0.0095249445911187551 -0.0095249445911187551 0.0028969100734452737 0.017945163091803034 -0.0020890269322982307 0.00554141549541751 -0.00037149112397984847 -0.071496650652299251 0.0028969100734452737 0.00070722944960319222 -0.0055936571380261783 -0.0018911096918704708 -0.089155175411791604 -0.025794510202461852 -0.025794510202461852
leaf_weight=78.056557442992926 175.55737583711743 1532.606560125947 576.36521495878696 1386.5499641746283 49.557921761646867 345.67592655867338 251.80525800585747 1624.6266334541142 50.088862515985966 95.582940623164177 241567.57405755669 598.41575570032001 48.927033185958862 141.88511285930872 73.987351913005114 31.079516872763634 294.68958778679371 2604.6219794005156 812.82826320827007 43305.041794233024 707.43215899169445 5392.3675920665264 25.413120292127132 4131.2647699937224 1209.4578359872103 895.87709765136242 4063.0085840672255 42.129171222448349 68.167156085371971 78.229705467820168
leaf_count=469 580 1868 917 3578 349 536 709 3921 266 583 559145 1724 178 139 589 36 986 4743 1224 112121 945 16290 116 6238 2351 2054 9547 172 157 209
internal_value=3.22382e-05 -0.00109771 0.000271537 -0.00149329 -0.0252169 0.00021887 -0.00132532 0.00554142 -0.017235 -0.0389988 0.000138023 -0.00883931 -0.0205728 0.0190615 -0.0138094 -0.0359717 -0.00952494 0.0056558 0.0124081 -0.00158268 0.00134604 -0.000371491 0.000178163 0.00278627 -0.00148245 -0.00448945 -0.00233266 -0.0126017 -0.0424466 -0.0091424
internal_weight=312259 54571.2 257688 53038.6 370.787 256969 52667.8 1876.43 321.229 145.672 253206 1125.16 526.74 718.25 448.683 105.067 343.617 3763.13 1158.5 50791.4 7486.35 6099.8 252081 10513.5 6382.28 5172.82 4088.42 1084.4 110.296 974.107
internal_count=732740 141210 591530 139342 1778 590474 137564 4630 1429 849 583971 3982 2258 1056 1789 625 1164 6503 1760 132934 20813 17235 579989 20844 14606 12255 9663 2592 329 2263
is_linear=0
shrinkage=0.05


Tree=131
num_leaves=31
num_cat=0
split_feature=6 8 8 11 4 15 8 8 6 8 6 4 8 9 8 8 8 6 8 4 8 4 3 8 3 9 3 7 8 8
split_gain=38.3455 34.3365 35.8147 94.8015 34.0303 24.9317 28.904 21.6028 42.6554 51.3878 21.5696 27.6937 56.488 28.01 57.0388 22.4283 20.4352 20.593 24.8191 21.1481 17.2192 99.4067 22.0411 16.5661 60.1247 52.9565 22.5949 14.3624 12.878 33.8087
threshold=7714069.5000000009 170.50000000000003 156.50000000000003 0.01758784614503384 2149.9001464843755 6.5000000000000009 69.500000000000014 178.50000000000003 3211691.0000000005 231.50000000000003 3211691.0000000005 inf 130.50000000000003 21.585714340209964 43.500000000000007 1.0000000180025095e-35 21.500000000000004 3211691.0000000005 12.500000000000002 18020.000000000004 80.500000000000014 29679.900390625004 0.34456743299961096 12.500000000000002 0.0090917046181857603 11.949999809265138 0.064251437783241286 0.65732145309448253 46.500000000000007 66.500000000000014
decision_type=10 2 2 2 8 2 2 2 10 2 8 8 2 2 2 2 2 10 2 10 2 10 10 2 8 2 10 10 2 2
left_child=1 2 4 -4 -1 10 -7 -3 9 -9 23 16 13 15 -15 -13 17 18 19 -12 22 -22 28 25 -25 -6 -27 -24 -2 -30
right_child=20 7 3 -5 5 6 -8 8 -10 -11 11 12 -14 14 -16 -17 -18 -19 -20 -21 21 -23 27 24 -26 26 -28 -29 29 -31
leaf_value=0.016194215197850036 0.0036850380703223138 0.036581402660934022 -0.086755145802741046 0.04124909020029658 0.0011348651570666005 0.0017431162372320442 0.0082088651633580104 -0.082822873357616456 0.026519348512445223 0.035316093458447273 0.0012009018731474681 -0.0016343391200539419 -0.079623444506018104 -0.0016343391200539419 -0.0085262596528411314 -0.00040033995049284761 -6.0872462852572251e-05 0.0012009018731474681 0.0012009018731474681 -0.00040033995049284761 0.013939120626882927 -0.11487610346887576 0.011672127307087284 -0.040844828949420715 0.0012009018731474681 -0.0089950316144765813 -0.0026010979152960795 0.033722067957629755 -0.014625344035672894 0.011672127307087284
leaf_weight=331.91554925590754 8931.6439499109983 102.34885556250811 35.842788025736809 21.875953450798988 10536.655417576432 13571.117655590177 502.36279847472906 22.223040249198675 71.976304788142443 13.389229003340004 10083.885055080056 15695.371768400073 20.856305595487356 11287.863876953721 3473.5433531552553 24433.233118325472 147445.70891443081 7232.0019619613886 1229.0608883984387 31077.660819686949 55.414103925228119 18.351126812398434 97.047928631305695 98.969290900975466 23263.573295991868 2424.6808577775955 633.18637318909168 101.36640850454569 291.71716085076332 110.02546403557062
leaf_count=441 15321 132 175 24 18221 42797 1131 115 111 41 17472 32914 166 36574 16448 50412 366797 11291 1700 66984 106 82 148 412 46536 4707 983 90 637 157
internal_value=0.000345946 0.000247531 0.000233476 -0.0384837 0.000241097 0.000223515 0.00227839 0.0203659 0.00455402 -0.0388898 0.000123411 -4.21887e-05 -0.00103519 -0.00100243 -0.00286834 -0.00040034 0.000234507 0.00111215 9.46872e-05 -0.00040034 0.00345591 -0.0202937 0.00364393 0.0012009 0.0012009 -0.000546508 -0.00633706 0.0200534 0.00329086 -0.00544738
internal_weight=313215 303609 303399 57.7187 303342 303010 14073.5 209.937 107.589 35.6123 288936 251979 54910.9 54890 14761.4 40128.6 197068 49622.6 42390.6 41161.5 9605.57 73.7652 9531.8 36957.1 23362.5 13594.5 3057.87 198.414 9333.39 401.743
internal_count=733125 716584 716185 199 715986 715545 43928 399 267 156 671617 600758 136514 136348 53022 83326 464244 97447 86156 84456 16541 188 16353 70859 46948 23911 5690 238 16115 794
is_linear=0
shrinkage=0.05


Tree=132
num_leaves=31
num_cat=0
split_feature=8 6 8 8 8 7 8 8 11 11 0 4 8 6 6 9 8 9 7 8 11 4 4 7 7 7 8 7 7 11
split_gain=35.3989 35.6279 36.486 33.9713 196.084 160.258 45.1372 44.2959 40.8228 37.2798 57.1274 36.8943 35.5531 102.205 72.5893 97.6482 101.977 70.1136 150.121 46.6735 70.6545 45.5186 44.6619 39.621 36.0871 33.3338 34.0762 36.3475 32.8749 32.1732
threshold=153.00000000000003 3211691.0000000005 23.500000000000004 33.500000000000007 25.500000000000004 0.32438437640666967 30.500000000000004 26.500000000000004 0.34924985468387609 -0.0073870457708835593 0.15047170221805575 26040.000000000004 57.500000000000007 7714069.5000000009 7714069.5000000009 14.062500000000002 136.50000000000003 21.774999618530277 0.16658333688974383 55.500000000000007 -0.095060903578996644 56050.000000000007 150200.00000000003 0.66670760512352001 0.75033333897590648 0.84489440917968761 33.500000000000007 0.41183473169803625 0.86544084548950206 0.36872987449169164
decision_type=2 8 2 2 2 8 2 2 2 2 2 10 2 8 8 2 2 2 8 2 2 8 10 10 8 10 2 10 10 2
left_child=1 2 29 4 -3 6 -6 -7 12 10 -8 -9 13 19 17 -16 22 -14 -19 21 -21 -5 -17 -24 -18 26 27 -4 -22 -1
right_child=-2 3 25 8 5 7 9 11 -10 -11 -12 -13 14 -15 15 16 24 18 -20 20 28 -23 23 -25 -26 -27 -28 -29 -30 -31
leaf_value=0.00052776243838392148 0.014902499420946701 0.0006738988302217102 0.0067324353288314423 0.00049014116231180162 0.004799134203218737 0.048078759093175889 -0.13002233762611501 0.02756357333169231 0.011013537435140486 -0.015425558288875974 -0.042221389090223216 0.0082747661554807717 0.0053485309410323768 0.00025151921484239525 0.0045100115571739385 -0.0017459110774021081 -0.077851008722554252 -0.033520533345974504 0.00045812677053133632 -0.083478218475445121 -0.0092373703214815844 -0.0043038766333735523 -0.030361617136288727 -0.010140626533466623 0.0010961362446223317 0.034270770055632511 0.0029150589992463019 0.019032788623609992 0.0053485309410323768 0.015259543823742054
leaf_weight=22363.731509037316 429.22625430673361 150427.04172075912 1389.8283152282238 7469.911967009306 250.94264758378267 187.12019212543964 20.918506935238838 844.36695205420256 798.1952917277813 148.80746325105429 19.274142250418663 353.7668040394783 9459.9826244190335 59519.891619149595 7166.9042111262679 18953.650503261015 58.040483772754669 363.81720248050988 1601.546448033303 29.539766058325768 3342.1762781515718 14681.815181847662 310.48086208291352 92.105292592197657 11.69556652009487 88.323591634631157 12695.810128886253 261.12161885201931 52.779783479869366 374.86643718183041
leaf_count=42559 976 339986 2093 15371 413 150 94 1003 964 332 26 548 19143 153107 11510 59240 274 1328 6143 102 8478 40405 1460 269 20 111 25354 247 64 429
internal_value=0.00058671 0.000567005 0.00202016 0.000371387 0.000871667 0.0171525 -0.00910616 0.0254931 -0.000243316 -0.0274257 -0.0690172 0.0218915 -0.000316476 -0.000884401 0.00095469 -0.000477428 -0.00231774 0.00428749 -0.00443228 -0.00352768 -0.00895862 -0.00268736 -0.00209699 -0.0185353 -0.0618231 0.003986 0.00379481 0.0105484 -0.00826146 0.00077195
internal_weight=313768 313338 37173.7 276165 152252 1825.2 439.943 1385.25 123913 189 40.1926 1198.13 123114 85096.1 38018.2 26592.9 19426 11425.3 1965.36 25576.2 3424.5 22151.7 19356.2 402.586 69.7361 14435.1 14346.8 1650.95 3394.96 22738.6
internal_count=732199 731223 70793 660430 342552 2566 865 1701 317878 452 120 1551 316914 217527 99387 72773 61263 26614 7471 64420 8644 55776 60969 1729 294 27805 27694 2340 8542 42988
is_linear=0
shrinkage=0.05


Tree=133
num_leaves=31
num_cat=0
split_feature=8 8 4 11 10 8 11 9 8 8 3 8 8 8 4 8 10 4 4 11 8 1 8 3 8 4 10 3 8 11
split_gain=27.4836 21.6666 40.871 31.5462 18.3214 23.3169 17.3824 35.3597 17.1019 74.0661 60.7591 48.517 41.7643 41.0688 27.7183 25.5858 39.4077 24.6209 23.1529 22.9429 22.7456 64.0818 45.1013 40.9703 32.4861 22.0354 21.3484 20.5174 20.0389 19.8295
threshold=170.50000000000003 178.50000000000003 82100.000000000015 -0.0029897185740992423 0.52779263257980358 43.500000000000007 -0.31677702069282526 3.1000000238418584 55.500000000000007 57.500000000000007 0.12740166485309604 44.500000000000007 43.500000000000007 34.500000000000007 91620.000000000015 65.500000000000014 0.10509692505002023 7420.0000000000009 56050.000000000007 -0.032192412763833993 12.500000000000002 11.500000000000002 33.500000000000007 0.03636132366955281 1.0000000180025095e-35 118100.00000000001 0.24371013045310977 0.0058937692083418378 77.500000000000014 -0.0076178452000021926
decision_type=2 2 10 2 2 2 2 2 2 2 8 2 2 2 10 2 2 8 8 2 2 2 2 8 2 8 2 8 2 2
left_child=4 -2 3 -3 6 -6 7 -1 11 18 15 12 13 17 28 -11 -17 -8 26 25 21 24 -22 -24 -19 -14 -10 -23 -12 -25
right_child=1 2 -4 -5 5 -7 8 -9 9 10 14 -13 19 -15 -16 16 -18 20 -20 -21 22 27 23 29 -26 -27 -28 -29 -30 -31
leaf_value=-0.0098556221064408436 0.034957585078183522 -0.019862657977286279 -0.058168495795064279 0.037863217132166303 0.0019993429352284618 0.010875353672753905 0.0019993429352284618 -0.059323171745603948 -0.0027129125810219697 -0.0012792493168286879 0.0019993429352284618 0.0019993429352284618 -0.0025123798542189962 0.0019993429352284618 -0.0012792493168286879 -0.0082600047685031635 -0.0012792493168286879 -0.00016057440864348539 -0.0058813454737778881 -0.0006904992740655113 0.0011644885023918865 -0.0098556221064408436 -0.0098556221064408436 -0.0030322107265214407 0.0011644885023918865 -0.0097584441603269442 0.0019993429352284618 -0.0023670967482949169 0.00029894753542030909 0.00014473740233239831
leaf_weight=62.885115064680576 100.82167542725801 22.039536021649837 20.096672594547272 58.052302218973637 3559.0022721961141 885.44842771440744 6165.8599420748651 38.645507052540779 6951.8077168688178 582.00993501394987 18553.175605151802 11507.648628979921 3637.5325442329049 5119.3819761946797 1869.8019176777452 4245.8823976088315 1157.5797365233302 62418.202097527683 6178.3385756611824 31645.063233250752 76545.099184062332 224.72950066626072 762.66799256950617 6472.1358939781785 5349.4660006836057 1363.7310182750225 344.02897811681032 22331.924201890826 14350.133215259761 20351.565532401204
leaf_count=88 140 70 84 109 5003 1065 10729 112 17504 994 46495 22196 7041 8338 5071 14626 2013 132613 16498 96412 187421 570 2216 11459 7199 2967 388 44929 36488 50860
internal_value=0.000440949 0.0188321 0.00223806 0.0184432 0.000429005 0.00361565 0.000383033 -0.0201012 0.000389913 -0.000416053 0.000646383 0.000562072 0.000367087 0.000644084 0.00144735 -0.00400585 -0.00575906 0.000451635 -0.00362948 -0.00118799 0.000329634 -0.00025099 0.000833266 -0.000957111 0.000517375 -0.00433426 -0.00172144 -0.00255926 0.00187714 -0.000621979
internal_weight=312875 201.01 100.189 80.0918 312674 4444.45 308229 101.531 308128 54232.8 40758.6 253895 242387 205741 34773.1 5985.47 5403.46 200622 13474.2 36646.3 194456 90324.3 104131 27586.4 67767.7 5001.26 7295.84 22556.7 32903.3 26823.7
internal_count=731698 403 263 179 731295 6068 725227 200 725027 140077 105687 584950 562754 456334 88054 17633 16639 447996 34390 106420 437267 185311 251956 64535 139812 10008 17892 45499 82983 62319
is_linear=0
shrinkage=0.05


end of trees

feature_importances:
agg_dpd_count=868
declared_income_type_code=582
monthly_income=389
current_clean_streak_24m=382
declared_employment_code=362
declared_income_gap=317
debt_to_income=302
dpd_late_autocorr_lag2_24m=233
dpd_late_autocorr_lag1_24m=211
pct_dpd_payments_24m=129
longest_clean_streak_24m=91
pct_overdue_payments_24m=86
n_features_missing=39
declared_provided=29

parameters:
[boosting: gbdt]
[objective: binary]
[metric: auc]
[tree_learner: serial]
[device_type: cpu]
[data_sample_strategy: bagging]
[data: ]
[valid: ]
[num_iterations: 3000]
[learning_rate: 0.05]
[num_leaves: 31]
[num_threads: 0]
[seed: 42]
[deterministic: 0]
[force_col_wise: 0]
[force_row_wise: 0]
[histogram_pool_size: -1]
[max_depth: -1]
[min_data_in_leaf: 50]
[min_sum_hessian_in_leaf: 0.001]
[bagging_fraction: 0.8]
[pos_bagging_fraction: 1]
[neg_bagging_fraction: 1]
[bagging_freq: 1]
[bagging_seed: 400]
[bagging_by_query: 0]
[feature_fraction: 0.8]
[feature_fraction_bynode: 1]
[feature_fraction_seed: 30056]
[extra_trees: 0]
[extra_seed: 12879]
[early_stopping_round: 0]
[early_stopping_min_delta: 0]
[first_metric_only: 0]
[max_delta_step: 0]
[lambda_l1: 0]
[lambda_l2: 2]
[linear_lambda: 0]
[min_gain_to_split: 0]
[drop_rate: 0.1]
[max_drop: 50]
[skip_drop: 0.5]
[xgboost_dart_mode: 0]
[uniform_drop: 0]
[drop_seed: 17869]
[top_rate: 0.2]
[other_rate: 0.1]
[min_data_per_group: 100]
[max_cat_threshold: 32]
[cat_l2: 10]
[cat_smooth: 10]
[max_cat_to_onehot: 4]
[top_k: 20]
[monotone_constraints: 1,-1,1,1,-1,0,0,1,0,-1,1,1,-1,1,0,1]
[monotone_constraints_method: basic]
[monotone_penalty: 0]
[feature_contri: ]
[forcedsplits_filename: ]
[refit_decay_rate: 0.9]
[cegb_tradeoff: 1]
[cegb_penalty_split: 0]
[cegb_penalty_feature_lazy: ]
[cegb_penalty_feature_coupled: ]
[path_smooth: 0]
[interaction_constraints: ]
[verbosity: -1]
[saved_feature_importance_type: 0]
[use_quantized_grad: 0]
[num_grad_quant_bins: 4]
[quant_train_renew_leaf: 0]
[stochastic_rounding: 1]
[linear_tree: 0]
[max_bin: 255]
[max_bin_by_feature: ]
[min_data_in_bin: 3]
[bin_construct_sample_cnt: 200000]
[data_random_seed: 175]
[is_enable_sparse: 1]
[enable_bundle: 1]
[use_missing: 1]
[zero_as_missing: 0]
[feature_pre_filter: 1]
[pre_partition: 0]
[two_round: 0]
[header: 0]
[label_column: ]
[weight_column: ]
[group_column: ]
[ignore_column: ]
[categorical_feature: ]
[forcedbins_filename: ]
[precise_float_parser: 0]
[parser_config_file: ]
[objective_seed: 16083]
[num_class: 1]
[is_unbalance: 0]
[scale_pos_weight: 31.972]
[sigmoid: 1]
[boost_from_average: 1]
[reg_sqrt: 0]
[alpha: 0.9]
[fair_c: 1]
[poisson_max_delta_step: 0.7]
[tweedie_variance_power: 1.5]
[lambdarank_truncation_level: 30]
[lambdarank_norm: 1]
[label_gain: ]
[lambdarank_position_bias_regularization: 0]
[eval_at: ]
[multi_error_top_k: 1]
[auc_mu_weights: ]
[num_machines: 1]
[local_listen_port: 12400]
[time_out: 120]
[machine_list_filename: ]
[machines: ]
[gpu_platform_id: -1]
[gpu_device_id: -1]
[gpu_use_dp: 0]
[num_gpu: 1]

end of parameters

pandas_categorical:null
