tree
version=v4
num_class=1
num_tree_per_iteration=1
label_index=0
max_feature_idx=15
objective=binary sigmoid:1
feature_names=pct_dpd_payments_24m longest_clean_streak_24m total_overdue_amount debt_to_income monthly_income declared_income_type_code declared_employment_code declared_income_gap agg_dpd_count current_clean_streak_24m dpd_late_autocorr_lag1_24m dpd_late_autocorr_lag2_24m income_detected thin_file declared_provided n_features_missing
monotone_constraints=1 -1 1 1 -1 0 0 1 0 -1 1 1 -1 1 0 1
feature_infos=[0:0.95454543828964233] [0:22] [0:1060262] [0:9.6991043090820312] [200:200000] [218884:16566093] [1487881:10492638] [0:0.99500000476837158] [0:1024] [0:22] [-0.4166666567325592:0.83593076467514038] [-0.60000002384185791:0.72979795932769775] [0:1] [0:1] [0:1] [2:7]
tree_sizes=3414 3422 3434 3437 3443 3427 3452 3450 3486 3489 3494 3463 3507 3483 3489 3489 3491 3478 3487 3492 3501 3500 3483 3480 3485 3488 3490 3520 3477 3498 3490 3485 3492 3509 3492 3514 3500 3496 3490 3531 3521 3482 3476 3518 3515 3506 3523 3540 3504 3526 3526 3521 3515 3549 3524 3507 3548 3508 3512 3563 3509 3538 3538 3522 3551 3511 3532 3540 3526 3556 3540 3532 3541 3496 3546 3506 3566 3522 3511 3541 3528 3526 3525 3525 3522 3544 3535 3546 3545 3523 3529 3522 3543 3532 3536 3526 3522 3554 3566 3522 3515 3540 3509 3577 3525 3545 3553 3511 3562 3506 3527 3540 3568 3568 3510 3579 3529 3538 3547 3478 3531 3487 3525 3495 3504 3552 3539 3497 3541 3513 3560 3545

Tree=0
num_leaves=31
num_cat=0
split_feature=9 0 5 5 5 5 9 9 0 2 0 4 9 1 9 4 0 0 4 3 11 4 5 9 5 9 5 4 9 5
split_gain=679495 181891 39330.2 69583.7 28449.9 39870.9 26507.1 12972.6 10661.3 9267.49 6716.37 5736.58 5355.11 4941.55 4750.63 3546.04 3349.88 3117.31 2300.73 2224.67 2177.48 1478.98 1279.13 1238.76 1153.74 1121.4 1018.32 1003.3 996.178 846.926
threshold=16.937500000000004 0.045663053169846542 5320895.5000000009 13439690.500000002 5320895.5000000009 12130922.500000002 11.354166507720949 21.791666984558109 0.066915426403284087 128.00000000000003 1.0000000180025095e-35 50005.099609375007 15.041666507720949 21.500000000000004 21.791666984558109 8014.4001464843759 0.019737697206437591 0.18016393482685092 80100.000000000015 0.010001999791711571 0.15203962475061419 39633.500000000007 5320895.5000000009 18.527777671813968 10052930.500000002 18.038461685180668 1289243.5000000002 197024.50000000003 14.775000095367433 10052930.500000002
decision_type=2 2 2 2 2 2 2 2 2 2 2 8 2 2 2 8 2 2 8 8 2 8 2 2 2 2 2 10 2 2
left_child=1 2 13 15 7 8 9 16 14 22 19 -9 -5 21 29 -4 25 -11 -16 -7 -8 -1 -3 -21 -20 -2 -13 -28 -15 -6
right_child=4 6 3 12 5 10 20 11 -10 17 -12 26 -14 28 18 -17 -18 -19 24 23 -22 -23 -24 -25 -26 -27 27 -29 -30 -31
leaf_value=-2.4400344869929862 -2.7521464506194775 -2.2475354639885956 -2.4731547699388359 -2.468879887175583 -2.979907053479395 -3.2393082845497014 -2.4400344869929862 -2.8187894844928789 -2.7097266723643978 -2.2428599457914022 -2.7097266723643978 -3.237038859541526 -2.6851647056785244 -2.5322380717042003 -3.0746695435644789 -2.7097266723643978 -2.7097266723643978 -2.1226111122651408 -3.1262319685447819 -2.8003338196281318 -2.3312572142559764 -2.4926230893915404 -2.3290527562766439 -2.8855496902701376 -3.2350425062844943 -2.8177375739588948 -2.9344842228431123 -3.505536998841416 -2.6446198701637122 -3.0528977868043805
leaf_weight=1436.1174693387002 1192.4520851299167 708.34145093336701 365.85095978714526 4048.228738239035 1297.2507146373391 44.517264928668737 1689.1143909562379 1716.7127456441522 132.59834910370409 1304.7725092843175 422.99841413274407 32.696862831711769 353.89591073431075 513.71043635718524 2375.6408900618553 6526.3110023476183 532.30175575427711 1874.4637819379568 760.25361054204404 634.36849506385624 644.18477066233754 4168.699534278363 1029.7597619071603 2960.2780258990824 390.33557431586087 757.73963246680796 2478.6686337329447 7.4402010124176732 674.73812028393149 750.02382803335786
leaf_count=18109 22863 6494 5007 55455 30608 1266 23274 35146 2124 12125 7260 926 6304 7588 60433 126836 8437 13068 20091 12744 7069 59025 12406 64455 11136 15979 56317 253 11515 18752
internal_value=-2.66604 -2.50345 -2.58852 -2.64624 -2.916 -2.97076 -2.29155 -2.83654 -3.05629 -2.22467 -2.85088 -2.89056 -2.48591 -2.49283 -3.06743 -2.70973 -2.74492 -2.17116 -3.1032 -2.87454 -2.43344 -2.47202 -2.32391 -2.87015 -3.16268 -2.79004 -2.93995 -2.93622 -2.59246 -3.00622
internal_weight=41824.5 25338.2 18087.6 11294.3 16486.3 9768.27 7250.64 6718.01 5706.1 4917.34 4062.16 4235.52 4402.12 6793.27 5573.5 6892.16 2482.49 3179.24 3526.23 3639.16 2333.3 5604.82 1738.1 3594.65 1150.59 1950.19 2518.81 2486.11 1188.45 2047.27
internal_count=733065 364275 289839 193602 368790 228869 74436 139921 143144 44093 85725 92642 61759 96237 141020 131843 47279 25193 91660 78465 30343 77134 18900 77199 31227 38842 57496 56570 19103 49360
is_linear=0
shrinkage=1


Tree=1
num_leaves=31
num_cat=0
split_feature=9 8 6 8 8 1 4 6 4 9 0 4 8 6 5 5 11 4 6 5 9 4 5 5 8 9 8 8 10 6
split_gain=25973.1 8495.19 7234.17 6410.57 9627 5125.85 3725.78 3587.31 5042.94 1951.06 1691.39 1481.2 1311.01 1173.48 2184.76 1479.09 1160.5 1027.81 946.752 909.124 908.786 883.586 848.048 943.355 758.996 688.551 618.418 616.639 560.085 470.805
threshold=18.527777671813968 43.500000000000007 3211691.0000000005 1.0000000180025095e-35 11.500000000000002 21.500000000000004 16011.300292968752 1.0000000180025095e-35 197900.00000000003 14.408333301544191 0.018265220336616043 124200.00000000001 12.500000000000002 1.0000000180025095e-35 5320895.5000000009 12130922.500000002 -0.053738197311758988 8014.4001464843759 7714069.5000000009 5320895.5000000009 21.050000190734867 26020.000000000004 10052930.500000002 12130922.500000002 20.500000000000004 21.708333015441898 56.500000000000007 65.500000000000014 0.086582936346530928 7714069.5000000009
decision_type=2 2 8 2 2 2 8 10 8 2 2 8 2 10 2 2 2 8 10 2 2 8 2 2 2 2 2 2 2 10
left_child=2 13 11 6 -5 12 22 10 -9 -7 25 -1 17 14 -2 21 -14 -6 -8 26 -21 -16 -4 -24 -18 -3 -10 -27 -11 -26
right_child=1 7 3 4 5 9 18 8 19 28 -12 -13 16 -15 15 -17 24 -19 -20 20 -22 -23 23 -25 29 27 -28 -29 -30 -31
leaf_value=0.43977831099843478 0.3293824868530541 0.26240402103870603 0.42760436380450878 0.51467467211454954 0.45105526743872881 0.35654094872130548 0.3293824868530541 0.3293824868530541 0.28504275182451749 0.3293824868530541 0.3293824868530541 0.39128051784408213 0.35762474363810309 0.3293824868530541 0.3067338732304532 0.32127181752779788 0.44984421762428489 0.35654094872130548 0.36187240513780677 0.28504275182451749 0.16701304876674405 0.23085027726879256 0.36187240513780677 0.42500652975558656 0.38353211824196559 0.23827421634951534 0.19248378518625187 0.19694351128048215 0.34296171778717977 0.4362209336530003
leaf_weight=2354.0788439773023 1920.0249595306814 1849.6771950758994 1103.2449358403683 1060.521922416985 317.64912896603346 4575.9784310311079 12528.683878853917 1782.9960861057043 852.68286761268973 9170.7382612675428 466.46321011334658 6281.3459350392222 4522.7013169787824 4857.750239521265 550.39968218281865 1263.3271390460432 546.55080372840166 6283.4549319595098 1028.9622242078185 229.87074743956327 602.85313604399562 1523.1272933632135 506.76515375077724 655.40561975538731 15050.619102906436 2938.4983475841582 220.02654376626015 1426.9243398755789 1885.6042365767062 548.41154237091541
leaf_count=11247 22057 26100 5397 3412 1156 25907 101785 21155 11669 98705 5384 35147 18420 63513 9178 16140 2082 42723 5672 3079 10733 28978 4460 3043 67726 46256 3357 23633 12968 1808
internal_value=0.346723 0.297235 0.36153 0.355295 0.365196 0.361477 0.329382 0.265275 0.305101 0.338404 0.243205 0.4046 0.374678 0.329382 0.304893 0.277949 0.381135 0.356541 0.329382 0.240703 0.200319 0.251269 0.394362 0.362125 0.387676 0.236115 0.271621 0.224861 0.329382 0.38544
internal_weight=88905.3 20484.6 68420.7 59785.3 43962.2 42901.7 15823.1 10370 3688.43 15632.3 6681.56 8635.42 27269.4 10114.6 5256.88 3336.85 20668.3 6601.1 13557.6 1905.43 832.724 2073.53 2265.42 1162.17 16145.6 6215.1 1072.71 4365.42 11056.3 15599
internal_count=732890 291232 441658 395264 274907 271495 120357 151366 49993 137580 101373 46394 133915 139866 76353 54296 90036 43879 107457 28838 13812 38156 12900 7503 71616 95989 15026 69889 111673 69534
is_linear=0
shrinkage=0.05


Tree=2
num_leaves=31
num_cat=0
split_feature=9 8 5 5 5 0 4 8 1 10 3 5 5 8 4 1 8 8 5 4 5 8 10 7 3 5 10 8 2 3
split_gain=9887.03 5100.21 3893.94 6808.55 2594.57 2028.44 1375.23 1025.15 772.651 731.1 724.624 604.46 1055.56 591.007 490.488 482.038 475.547 468.289 412.718 967.245 681.081 394.919 485.333 392.588 378.338 446.939 368.933 362.864 352.917 319.569
threshold=21.791666984558109 43.500000000000007 5320895.5000000009 12130922.500000002 10052930.500000002 0.032876959070563323 39633.500000000007 30.500000000000004 21.500000000000004 0.14775640517473224 0.032465927302837379 5320895.5000000009 12130922.500000002 12.500000000000002 27050.000000000004 21.500000000000004 65.500000000000014 1.0000000180025095e-35 5320895.5000000009 56050.000000000007 12130922.500000002 43.500000000000007 0.25244107842445379 0.37333899736404424 0.0041960095986723909 10052930.500000002 0.12629869580268863 1.0000000180025095e-35 1689.5500488281252 0.079314317554235472
decision_type=2 2 2 2 2 2 8 2 2 2 8 2 2 2 8 2 2 2 2 8 2 2 2 10 10 2 2 2 2 10
left_child=2 11 5 4 6 8 7 -4 13 15 23 -2 24 14 -1 17 18 -5 -12 20 -20 27 -23 -3 -13 -26 -9 -8 -7 -18
right_child=1 10 3 9 -6 28 21 26 -10 -11 16 12 -14 -15 -16 -17 29 -19 19 -21 -22 22 -24 -25 25 -27 -28 -29 -30 -31
leaf_value=0.26662037531251981 0.23163639919436091 0.012163058344993247 0.28878848017466258 0.25460949735510557 0.23163639919436091 0.27056543704135044 0.2317079201345317 0.25462239016817079 0.24129077003438948 0.28256522424544428 0.2078935270429213 0.17285340202630917 0.23163639919436091 0.26662037531251981 0.25097147333534525 0.24545522954715723 0.13498069594502182 0.2706731885325912 0.17582137144489077 0.14700237781254955 0.23163639919436091 0.23163639919436091 0.25462239016817079 0.13498069594502182 0.23163639919436091 0.19071638074964584 0.28465685876735874 0.25462239016817079 0.28820422275727042 0.17451976353875123
leaf_weight=2491.607061676681 5614.9807703755796 97.356463178992271 3449.0909469015896 7043.1945650354028 12976.206353873014 7155.6373203992844 2649.5108109787107 2271.3082773461938 8122.3054426163435 4199.9953113570809 2553.359265320003 1195.3444440625608 3681.6311149820685 3425.9218747839332 11089.874458953738 5496.887892358005 463.2274629957974 7557.6263688579202 1039.6094841361046 1332.8245894089341 794.37076232582331 4697.3135374858975 958.93317886441946 97.204293318092823 1129.8131440281868 1294.9843039959669 1307.4246464185417 5757.582756228745 6244.2646861970425 1962.9861180633307
leaf_count=8326 51059 1602 15112 31404 96279 23294 18914 16434 58574 9921 27459 18166 34753 12329 51208 37763 6906 27065 15072 19567 8131 32697 2217 1311 14759 18618 3584 30862 14157 25295
internal_value=0.243721 0.212765 0.250508 0.242307 0.231636 0.262918 0.250048 0.268408 0.254414 0.262915 0.182152 0.231636 0.216706 0.260652 0.25382 0.258781 0.184438 0.263764 0.192483 0.179934 0.20368 0.240837 0.231636 0.085523 0.196885 0.208579 0.254622 0.248121 0.278827 0.16533
internal_weight=118152 21257.7 96894.7 58365.1 34067.4 38529.6 21091.2 7027.82 25129.7 24297.7 8340.94 12916.8 7301.77 17007.4 13581.5 20097.7 8146.38 14600.8 5720.16 3166.8 1833.98 14063.3 5656.25 194.561 3620.14 2424.8 3578.73 8407.09 13399.9 2426.21
internal_count=732838 242698 490140 322252 216099 167888 119820 35130 130437 106153 105343 137355 86296 71863 59534 96232 102430 58469 70229 42770 23203 84690 34914 2913 51543 33377 20018 49776 37451 32201
is_linear=0
shrinkage=0.05


Tree=3
num_leaves=31
num_cat=0
split_feature=9 8 6 8 10 8 3 6 6 6 8 5 5 5 4 9 3 8 5 6 5 3 4 8 3 4 5 7 3 6
split_gain=6582.04 4405.27 2845.97 2615.36 1428.39 1574.98 1411.09 1795.76 1166.68 1058.4 885.566 802.344 841.082 758.927 709.743 570.608 549.361 510.265 449.432 399.281 394.9 334.447 305.8 282.366 579.095 488.678 266.484 249.752 248.575 258.442
threshold=15.267857074737551 1.0000000180025095e-35 1.0000000180025095e-35 11.500000000000002 0.08523841574788095 41.500000000000007 0.010001999791711571 3211691.0000000005 7714069.5000000009 7714069.5000000009 12.500000000000002 5320895.5000000009 15089427.500000002 10052930.500000002 38040.000000000007 17.774999618530277 0.0041960095986723909 43.500000000000007 5320895.5000000009 1.0000000180025095e-35 5320895.5000000009 0.0060159999411553153 57700.000000000007 65.500000000000014 0.051693541929125793 83020.000000000015 1289243.5000000002 0.37934589385986334 0.0152323329821229 3211691.0000000005
decision_type=2 2 10 2 2 2 10 10 10 10 2 2 2 2 10 2 10 2 2 10 2 10 10 2 8 10 2 8 10 8
left_child=1 8 4 -3 5 14 7 -4 -1 17 19 26 13 28 -2 22 -16 -9 27 -5 -18 -21 -7 -17 -25 -26 -12 -19 -13 -30
right_child=2 3 6 10 -6 15 -8 9 -10 -11 11 12 -14 -15 16 23 20 18 -20 21 -22 -23 -24 24 25 -27 -28 -29 29 -31
leaf_value=0.18685742806588412 0.17422785811393282 0.2589135581563442 0.1781957767678336 0.18685742806588412 0.18685742806588412 0.17422785811393282 0.18685742806588412 0.15639571691266932 0.23390474489406171 0.1781957767678336 0.18685742806588412 0.18950693944767572 0.21316245271489809 0.18685742806588412 0.025363625796491165 0.1501705206903573 0.16538529748406786 -0.04861360293816152 0.1083728127429799 0.19217842076806835 0.1455805067753175 0.21783507860307344 0.15475599119582342 0.01165166092196376 0.14266690522604303 0.087455081367740231 0.2159720357154348 0.14940333269588812 0.2402514453147192 0.20475588990142168
leaf_weight=28270.306835591793 6735.0670457221568 2267.0977996736765 3466.5025526694953 6724.5598161965609 2207.4504179507494 2758.7822726815939 7956.1696818806231 5439.3919455073774 1705.1936109811068 724.76185112446547 307.09633230417967 2981.5613374784589 10590.666492953897 6199.1820233613253 79.577502984553576 6356.1945647783577 2401.7240763902664 15.206222239881752 1341.6495623588562 3591.888057090342 3388.2288531213999 2276.3086949214339 1411.8951319977641 97.16585099324584 3180.6046803556383 472.35774388536811 19022.081889480352 1694.518487919122 618.65426792949438 9057.524192944169
leaf_count=131593 56579 3919 25020 29190 10327 17048 50259 46396 5688 5128 1076 10407 25665 23845 994 64467 17230 189 14067 13654 33714 7268 9567 1375 32749 5371 45771 14064 1490 28361
internal_value=0.190313 0.198137 0.175578 0.205865 0.165306 0.161598 0.186857 0.169534 0.186857 0.153759 0.203897 0.206999 0.201686 0.195218 0.174228 0.150138 0.156543 0.147096 0.130428 0.191851 0.158336 0.202202 0.165917 0.143595 0.132376 0.135579 0.215073 0.147587 0.202967 0.207075
internal_weight=143339 93612.1 49727.2 63636.6 29089 26881.6 20638.2 12682 29975.5 9215.53 61369.5 48776.8 29447.6 18856.9 12604.6 14277 5869.53 8490.77 3051.37 12592.8 5789.95 5868.2 4170.68 10106.3 3750.13 3652.96 19329.2 1709.72 12657.7 9676.18
internal_count=732471 327927 404544 190646 249421 239094 155123 104864 137281 79844 186727 136615 89768 64103 108517 130577 51938 74716 28320 50112 50944 20922 26615 103962 39495 38120 46847 14253 40258 29851
is_linear=0
shrinkage=0.05


Tree=4
num_leaves=31
num_cat=0
split_feature=2 6 5 5 9 14 14 1 6 6 5 1 3 5 5 5 7 6 6 5 5 6 11 9 3 9 3 3 10 5
split_gain=4930.43 4950.22 3622.92 6102.31 2962.24 2674.83 1862.48 2300.26 1689.5 1209.31 1119.56 946.223 702.543 640.113 934.216 607.112 382.057 375.709 582.39 412.36 374.696 367.52 405.634 342.252 413.323 319.934 266.316 219.891 196.196 180.55
threshold=1464.3000488281252 1.0000000180025095e-35 10052930.500000002 12130922.500000002 16.267857551574711 1.0000000180025095e-35 1.0000000180025095e-35 21.500000000000004 3211691.0000000005 7714069.5000000009 5320895.5000000009 21.500000000000004 0.20351833105087283 5320895.5000000009 13439690.500000002 1289243.5000000002 0.47834612429142004 3211691.0000000005 7714069.5000000009 15089427.500000002 1289243.5000000002 7714069.5000000009 0.09253986552357675 16.062500000000004 0.0041960095986723909 12.354166507720949 0.010001999791711571 0.010001999791711571 0.11896592006087305 1289243.5000000002
decision_type=2 10 2 2 2 2 2 2 10 10 2 2 10 2 2 2 10 10 10 2 2 8 2 2 10 2 8 8 2 2
left_child=1 2 4 5 29 28 7 17 -9 13 15 -5 23 20 -15 16 -6 -3 19 -19 -10 -2 -23 24 -7 -14 -17 -12 -4 -1
right_child=21 6 3 11 10 12 -8 8 9 -11 27 -13 25 14 -16 26 -18 18 -20 -21 -22 22 -24 -25 -26 -27 -28 -29 -30 -31
leaf_value=0.15137756853194051 0.18568945443161161 0.16507051321688371 0.075396307168984239 0.16507051321688371 0.012951389105869815 0.11248837286744147 0.16507051321688371 0.15060186420460162 0.0021034892215301988 0.15060186420460162 0.037351152705668626 0.14156815224311484 0.16507051321688371 0.078159557268663499 0.12452054291194192 0.091927942622357248 0.14652571185720312 0.15060186420460162 0.16507051321688371 0.16507051321688371 0.13269855007588305 0.16547835454326021 0.18096946869301961 0.10227416156061736 0.13006879578906255 0.13217075956799759 0.14965736334405755 0.11894359235691586 0.12383069105924163 0.16507051321688371
leaf_weight=247.58487321436405 8524.9163617566228 9464.4751135706902 4153.9343573376536 8629.8075120672584 139.18372117355466 3502.929063744843 20540.843415696174 4134.7259799465537 55.568072158843279 890.16771734505892 86.342637222260237 7883.995188087225 1055.3204702138901 1857.8806802071631 2672.4109153747559 215.52316804975271 85.438151407986879 11714.187836833298 3134.7347028106451 4694.7388330772519 5272.5645608976483 9667.6114740669727 8325.467846006155 3040.8741421550512 3434.4978831931949 2147.1122005395591 10253.219037093222 4720.568059142679 223.90686689317226 23411.014309123158
leaf_count=1154 14861 27213 32327 25750 1365 20060 80928 25316 627 5106 1063 52069 3914 18848 19307 1848 590 43195 8317 13789 36655 25852 13454 32791 16505 18220 68264 45040 781 77485
internal_value=0.157087 0.153275 0.144362 0.132409 0.154756 0.111858 0.1634 0.154515 0.138463 0.126084 0.137685 0.154244 0.123114 0.119512 0.105551 0.146737 0.064603 0.162741 0.157396 0.152335 0.131338 0.176866 0.172665 0.116499 0.122703 0.143639 0.148487 0.117494 0.0779289 0.165071
internal_weight=164182 137664 73231.3 34072.4 39158.9 17558.6 64432.3 43891.5 14883.3 10748.6 15500.3 16513.8 13180.7 9858.42 4530.29 10693.4 224.622 29008.1 19543.7 16408.9 5328.13 26518 17993.1 9978.3 6937.43 3202.43 10468.7 4806.91 4377.84 23658.6
internal_count=732694 678527 399226 202417 196809 124598 279301 198373 105859 80543 118170 77819 91490 75437 38155 72067 1955 92514 65301 56984 37282 54167 39306 69356 36565 22134 70112 46103 33108 78639
is_linear=0
shrinkage=0.05


Tree=5
num_leaves=31
num_cat=0
split_feature=2 6 4 5 5 8 4 1 6 8 9 6 8 8 5 5 5 5 8 7 4 5 5 8 8 4 2 5 8 3
split_gain=3816.56 3737.93 2553.39 1619.36 3426.31 1739.62 1376.28 1370.08 1192.54 1135.48 1054.3 834.839 587.626 502.888 562.083 515.27 364.027 821.929 351.471 305.583 292.061 269.11 411.876 226.696 218.337 208.354 190.069 149.767 147.373 141.448
threshold=1506.2500000000002 1.0000000180025095e-35 39440.000000000007 10052930.500000002 12130922.500000002 1.0000000180025095e-35 198400.00000000003 21.500000000000004 3211691.0000000005 42.500000000000007 17.354166984558109 7714069.5000000009 34.500000000000007 43.500000000000007 5320895.5000000009 13439690.500000002 10052930.500000002 12130922.500000002 45.500000000000007 0.29989059269428259 168200.00000000003 5320895.5000000009 13439690.500000002 90.500000000000014 1.0000000180025095e-35 98200.000000000015 15931.600097656252 1289243.5000000002 65.500000000000014 0.075067687779665007
decision_type=2 10 8 2 2 2 8 2 10 2 2 10 2 2 2 2 2 2 2 10 10 2 2 2 2 8 2 2 2 8
left_child=1 2 9 10 5 19 -3 24 -9 16 -4 13 -12 -10 27 -16 -1 -18 -17 -5 -6 28 26 -20 -8 -7 -23 -15 -2 -14
right_child=21 6 3 4 20 25 7 8 11 -11 12 -13 29 14 15 18 17 -19 23 -21 -22 22 -24 -25 -26 -27 -28 -29 -30 -31
leaf_value=0.1411001275640876 0.1612234333358587 0.1411001275640876 0.1248689591875396 0.052966617490023821 0.1248689591875396 0.10694145339693911 0.13026022817973879 0.12864130984528857 0.1136426653252314 0.1248689591875396 0.11555103276097273 0.12864130984528857 0.075154252650302469 -0.0029843305048072948 0.042881088772432241 0.062696882246882552 0.1248689591875396 0.1411001275640876 0.12864130984528857 0.091164665138478346 0.066557456715336638 0.1411001275640876 0.15792282607388464 -0.0070682034481476287 0.13677371012670703 0.088949970807984891 0.15381189074781526 0.10837278635359722 0.1461146726880613 0.098552369508103144
leaf_weight=14424.487718693912 7840.1432137414813 22941.370855238289 16470.751539431512 3179.0485161095858 9588.6484839767218 4962.8864122442901 16185.879862621427 4659.1532942801714 6488.3809212893248 8560.3131535574794 2637.9345285855234 983.44226833432913 806.30377106741071 30.456655234098434 887.25419903174043 455.89853737875819 6319.0944955572486 6871.1656645163894 506.62073544412851 631.66834623366594 241.51725560054183 9380.7285028919578 6343.0003947094083 31.551668033003807 16039.391237415373 2519.182502027601 3245.878817923367 2494.6480685994029 2388.2596822828054 4233.2036923952401
leaf_count=50242 10611 80538 59114 20860 42785 34716 54296 25304 44903 50647 18020 5095 7266 342 8515 3906 34321 23152 2734 3550 1494 23379 9913 248 38561 19917 4619 15182 5277 33488
internal_value=0.134385 0.131219 0.123875 0.115939 0.10579 0.0868957 0.139558 0.132447 0.120509 0.133799 0.124807 0.110045 0.106233 0.104733 0.091569 0.070728 0.139304 0.132226 0.0954466 0.0593429 0.124869 0.150981 0.147329 0.122855 0.136774 0.100909 0.141982 0.107028 0.157725 0.0948401
internal_weight=182348 153150 81446.2 45271.1 21123 11292.8 71704 48762.7 16537.4 36175.1 24148.2 11878.3 7677.44 10894.8 4406.43 1881.33 27614.7 13190.3 994.071 3810.72 9830.17 29198 18969.6 538.172 32225.3 7482.07 12626.6 2525.1 10228.4 5039.51
internal_count=732995 679196 399572 241210 123322 79043 279624 199086 106229 158362 117888 80925 58774 75830 30927 15403 107715 57473 6888 24410 44279 53799 37911 2982 92857 54633 27998 15524 15888 40754
is_linear=0
shrinkage=0.05


Tree=6
num_leaves=31
num_cat=0
split_feature=0 6 4 5 5 8 9 9 4 8 5 8 8 6 1 6 9 8 4 7 3 3 3 8 7 8 6 3 8 8
split_gain=4822.08 3294.43 2684.28 855.968 1516.07 1066.66 867.854 854.667 624.62 1157.44 616.104 530.39 478.944 371.439 1009 428.117 339.065 314.018 299.8 282.186 272.441 262.466 241.089 228.828 194.256 190.1 423.551 183.037 178.143 243.451
threshold=0.015209345612674953 1.0000000180025095e-35 29795.700195312504 10052930.500000002 13439690.500000002 1.0000000180025095e-35 16.816666603088382 9.5357141494750994 198400.00000000003 42.500000000000007 5320895.5000000009 36.500000000000007 34.500000000000007 3211691.0000000005 21.500000000000004 7714069.5000000009 15.22499990463257 26.500000000000004 170200.00000000003 0.4167881458997727 0.039758460596203811 0.010001999791711571 0.050747435539960868 118.50000000000001 0.28566965460777288 1.0000000180025095e-35 7714069.5000000009 0.073307387530803694 40.500000000000007 55.500000000000007
decision_type=2 10 8 2 2 2 2 2 8 2 2 2 2 10 2 10 2 2 8 8 8 8 10 2 10 2 10 10 2 2
left_child=1 2 11 6 5 18 -4 -2 -3 13 -9 -1 21 -10 25 -16 -11 -6 -5 22 24 -8 -14 -18 -19 26 -15 28 -7 -30
right_child=7 8 3 4 17 27 12 10 9 16 -12 -13 19 14 15 -17 23 20 -20 -21 -22 -23 -24 -25 -26 -27 -28 -29 29 -31
leaf_value=0.11996353121249986 0.13476649229954829 0.11996353121249986 0.10896172892533039 0.075701651451668128 0.10896172892533039 0.086246720805280272 0.027932281528466159 0.12908889766986881 0.11683655238847722 0.11683655238847722 0.11996353121249986 0.10896172892533039 0.027896707819397515 0.10600226925636427 0.088920441535029926 0.10600226925636427 0.086181274258029322 -0.054117161029238629 0.050894228475030348 0.10077539862220311 0.096584118733560098 0.10177208672315469 0.080790632843442123 -0.052945916503852733 0.060589751118314411 0.11683655238847722 0.11683655238847722 0.097336538788640792 0.019860131082220192 0.089576121010425364
leaf_weight=16979.390023887157 28850.454945489764 18941.023617010564 12572.070141084492 2164.1325075104833 6132.0972035005689 2902.8591399341822 131.94077472761273 15872.171304233372 11405.431229889393 483.62827613204718 24490.972934924066 3028.8350786715746 229.07046727463603 9685.9592736959457 6746.9885559007525 718.22202584147453 4164.2837378941476 49.172724455595016 2845.3626637756824 2022.1584425792098 4339.0016904249787 6263.7687915563583 4506.1824592985213 28.526468619704247 88.015152648091316 5452.235445715487 2253.7096222341061 4820.236039660871 256.04370997846127 164.93193731829524
leaf_count=59950 41421 65931 40750 11559 22219 21698 1140 37254 37424 1378 73504 19684 2260 33011 44420 3417 30852 547 17800 14337 24571 36268 33392 286 676 13378 5411 33909 2973 1502
internal_value=0.117485 0.111779 0.104355 0.0980933 0.0912168 0.079843 0.104437 0.128148 0.119964 0.11371 0.123411 0.11983 0.0945824 0.116737 0.110634 0.095168 0.090194 0.105302 0.0616371 0.0850149 0.0943898 0.101772 0.0782447 0.0852099 0.0245954 0.116837 0.110329 0.0910237 0.0818157 0.0509981
internal_weight=198589 129375 69495.3 49487 23761.9 13153.6 25725.2 69213.6 59880 40939 40363.1 20008.2 13153.1 36262.5 24857.1 7465.21 4676.44 10608.3 5009.5 6757.41 4476.19 6395.71 4735.25 4192.81 137.188 17391.9 11939.7 8144.07 3323.83 420.976
internal_count=732922 580743 345235 265601 137454 89441 128147 152179 235508 169577 110758 79634 87397 137061 99637 47837 32516 48013 29359 49989 25794 37408 35652 31138 1223 51800 38422 60082 26173 4475
is_linear=0
shrinkage=0.05


Tree=7
num_leaves=31
num_cat=0
split_feature=1 8 8 0 6 8 8 5 8 5 7 9 2 3 8 8 3 7 3 8 7 5 5 3 9 5 4 3 5 5
split_gain=4236.6 2527.27 1346.41 1232.02 1141.05 836.602 699.537 726.731 662.665 415.516 380.075 371.745 345.421 315.979 296.372 286.422 278.844 269.206 229.683 627.194 250.41 199.652 188.175 186.098 178.005 175.943 168.537 142.876 133.27 164.5
threshold=21.500000000000004 1.0000000180025095e-35 11.500000000000002 0.0080972984433174151 1.0000000180025095e-35 12.500000000000002 58.500000000000007 5320895.5000000009 21.500000000000004 12130922.500000002 0.72473496198654186 11.958333492279055 3113.599975585938 0.010001999791711571 22.500000000000004 33.500000000000007 0.0656707137823105 0.54298031330108654 0.010001999791711571 59.500000000000007 0.32889381051063543 1289243.5000000002 5320895.5000000009 0.25726506114006048 11.958333492279055 13439690.500000002 49001.400390625007 0.86518332362174999 12130922.500000002 10052930.500000002
decision_type=2 2 2 2 10 2 2 2 2 2 10 2 2 8 2 2 8 8 10 2 8 2 2 8 2 2 10 10 2 2
left_child=1 10 23 4 6 11 7 13 -7 15 -1 -4 14 -2 22 -9 -8 25 19 20 -6 -15 -10 -3 -16 -18 -11 -17 29 -12
right_child=3 2 5 -5 18 8 16 9 12 26 28 -13 -14 21 24 27 17 -19 -20 -21 -22 -23 -24 -25 -26 -27 -28 -29 -30 -31
leaf_value=0.10287125096853805 0.034436074158382061 0.1280507617292993 0.12217660807653036 0.10287125096853805 0.010559321017356635 0.14134790134140146 0.010151181496779281 0.085826111534210103 0.11400692645568743 0.097307826290842392 0.12511785554510244 0.10287125096853805 0.12157233833017603 0.065871950224612216 0.11730343269592769 0.068119965657043396 0.059340939185859011 0.092551032325237231 0.097307826290842392 0.049861095615736255 0.09332592253633927 0.097307826290842392 0.10287125096853805 0.15423518580948609 0.11082895118343102 0.078990397180323857 0.081344775102675029 0.097307826290842392 0.13329851611557639 0.11116331080262931
leaf_weight=39554.552838087082 208.0693202316761 1074.093806296587 2741.4357649087906 26643.956698358059 92.491169225424528 2726.7812240943313 192.77205147221684 4712.4919860810041 5448.4829943925142 4621.7077484130859 2359.756847679615 15874.635402560234 18353.944963112473 214.94780950248241 12157.997561126947 6301.8554285392165 3165.2192140296102 1191.3894903361797 10334.119867872447 908.03140316531062 15044.451121885329 11077.173709303141 7110.6058726236224 2376.0701480656862 11794.379246227443 1022.9404748976231 2539.6879722625017 145.52325555682182 1335.8627259880304 979.05170650780201
leaf_count=126770 1542 1480 3893 83622 665 3947 1916 37700 9938 23356 4623 46214 21430 1473 20984 46209 22785 7574 43039 6763 87447 52822 17391 2470 29555 6107 14288 747 2352 3540
internal_value=0.10407 0.110042 0.115503 0.0957001 0.0917444 0.114111 0.0856826 0.0887293 0.117105 0.0824766 0.102871 0.104837 0.115895 0.0973078 0.113035 0.0763966 0.0693515 0.0714684 0.0973078 0.0903969 0.0928217 0.0973078 0.106701 0.146162 0.116346 0.0654298 0.0919272 0.06948 0.119455 0.11384
internal_weight=212304 123888 79658.4 88416.8 61772.9 76208.3 35393.8 29821.5 57592.2 18321.3 44229.2 18616.1 54865.4 11500.2 36511.5 11159.9 5572.32 5379.55 26379.1 16045 15136.9 11292.1 12559.1 3450.16 23952.4 4188.16 7161.4 6447.38 4674.67 3338.81
internal_count=732642 294587 157302 438055 354433 153352 216519 178137 103245 122300 137285 50107 99298 55837 77868 84656 38382 36466 137914 94875 88112 54295 27329 3950 50539 28892 37644 46956 10515 8163
is_linear=0
shrinkage=0.05


Tree=8
num_leaves=31
num_cat=0
split_feature=9 8 9 6 5 7 8 3 6 6 5 10 5 10 10 4 8 10 5 5 7 6 7 8 1 11 4 7 9 4
split_gain=3688.6 1934.19 2293.88 1140.02 671.623 594.005 557.495 514.74 584.2 478.017 443.271 416.318 392.328 392.094 351.254 345.284 326.457 336.015 209.439 214.404 202.774 199.777 190.16 174.145 172.395 169.264 163.192 143.239 133.669 123.405
threshold=15.837718963623049 1.0000000180025095e-35 11.958333492279055 1.0000000180025095e-35 5320895.5000000009 0.82505142688751232 11.500000000000002 0.010001999791711571 3211691.0000000005 7714069.5000000009 1289243.5000000002 0.16680990904569629 12130922.500000002 -0.049738455563783639 0.16317073255777362 45977.000000000007 43.500000000000007 0.14775640517473224 12130922.500000002 5320895.5000000009 0.7336021661758424 7714069.5000000009 0.47834612429142004 65.500000000000014 21.500000000000004 -0.054528366774320595 194500.00000000003 0.32007904350757604 7.9444444179534921 35020.000000000007
decision_type=2 2 2 10 2 10 2 10 10 10 2 2 2 2 2 10 2 2 2 2 10 10 10 2 2 2 10 8 2 10
left_child=1 5 6 4 10 21 -3 8 -5 16 22 12 20 -8 18 -12 24 27 19 -4 -6 -1 -2 -14 -10 -15 -17 -18 -27 -25
right_child=3 2 14 7 11 -7 13 -9 9 -11 15 -13 23 25 -16 26 17 -19 -20 -21 -22 -23 -24 29 -26 28 -28 -29 -30 -31
leaf_value=0.090848246144574984 -0.0020102856100036831 0.1284360128197102 0.096242994835284437 0.086699812630313997 0.065179534193859121 0.11441860428303136 0.1018491913652794 0.090848246144574984 0.086699812630313997 0.086699812630313997 0.090848246144574984 0.090848246144574984 0.081443912366182064 0.10612517183154102 0.1018491913652794 0.079606226690299889 -0.053464942850111531 0.086699812630313997 0.097323488223436422 0.090848246144574984 0.081443912366182064 0.10263342521380317 0.075645079891085099 0.081443912366182064 0.073883074966186207 0.11644434996627753 -0.0039665685550562321 0.055122518970498871 0.10927949575715334 0.057020672059027
leaf_weight=41174.671240538359 198.54282706230879 3574.8209218382835 18983.868755549192 5399.4686885401607 13926.180509656668 2963.1797230094671 10493.508528739214 12074.672208301723 618.55613115429878 1168.5299834683537 8778.2509364411235 1260.1001293882728 7630.3609370142221 8289.5464459210634 7209.0924205631018 7171.7752894759178 29.133378200232983 323.18460451811552 11861.886864118278 16967.278800077736 1318.9609578847885 2709.0461681038141 128.64182808250189 548.00392347201705 7866.7160775512457 12353.254222363234 58.705629512667656 3622.6936538666487 15404.508407860994 1320.4617595523596
leaf_count=125826 1496 3905 45023 24225 100585 5485 19070 46303 1742 4946 37128 3650 37402 11667 12754 36067 280 1005 27235 57009 8203 5660 628 2691 44654 12062 468 24714 22696 7547
internal_value=0.0932286 0.097678 0.101505 0.0840185 0.0786577 0.0908482 0.109256 0.0908482 0.0825514 0.0751987 0.0866279 0.0736445 0.0720396 0.107777 0.0944426 0.0878061 0.0711506 0.0592451 0.0927978 0.0908482 0.0670381 0.0908482 0.0287962 0.080051 0.0767126 0.110401 0.0789268 0.0542274 0.112434 0.0656419
internal_weight=225428 151985 105138 73442.9 42340 46846.9 50115.6 31103 19028.3 13628.8 16335.9 26004.1 24744 46540.8 55022.1 16008.7 12460.3 3975.01 47813 35951.1 15245.1 43883.7 327.185 9498.83 8485.27 36047.3 7230.48 3651.83 27757.8 1868.47
internal_count=732126 348392 211421 383734 235865 136971 69400 147869 101566 77341 75787 160078 156428 65495 142021 73663 72395 25999 129267 102032 108788 131486 2124 47640 46396 46425 36535 24994 34758 10238
is_linear=0
shrinkage=0.05


Tree=9
num_leaves=31
num_cat=0
split_feature=9 8 6 9 8 0 8 6 9 0 3 3 8 7 4 7 8 6 3 7 4 4 8 3 7 9 8 6 6 8
split_gain=3392.45 2001.42 1452.73 1392.27 509.263 496.378 458.082 417.363 265.438 258.757 332.152 256.736 448.506 196.158 180.511 177.433 185.243 175.589 164.297 161.688 151.267 136.346 150.805 133.344 121.592 120.45 117.465 105.548 250.367 122.355
threshold=15.267857074737551 1.0000000180025095e-35 1.0000000180025095e-35 11.958333492279055 11.500000000000002 0.018265220336616043 56.500000000000007 7714069.5000000009 7.5357143878936776 0.0080972984433174151 0.079314317554235472 0.010001999791711571 45.500000000000007 0.32889381051063543 98200.000000000015 0.57124060392379772 13.500000000000002 3211691.0000000005 0.1964589133858681 0.82007193565368663 59650.000000000007 46010.000000000007 32.500000000000007 0.1881310045719147 1.0000000180025095e-35 21.916666984558109 100.50000000000001 3211691.0000000005 7714069.5000000009 43.500000000000007
decision_type=2 2 10 2 2 2 2 10 2 2 8 10 2 8 10 10 2 10 10 10 10 8 2 8 8 2 2 10 10 2
left_child=1 7 5 4 23 6 21 19 18 10 -8 12 20 -14 24 16 -5 26 -6 -1 27 22 -2 -3 -12 -23 -15 -4 29 -29
right_child=2 3 11 15 8 -7 9 -9 -10 -11 14 -13 13 17 -16 -17 -18 -19 -20 -21 -22 25 -24 -25 -26 -27 -28 28 -30 -31
leaf_value=0.082620507776322086 0.075325576096387931 0.098607717802861095 0.079675040934945845 0.082620507776322086 0.098866051344526459 0.082219808108089432 0.0011580426847174878 0.1037988974710401 0.093812352743275484 0.073725399353034252 0.042788178783338689 0.082620507776322086 -0.056145132678585501 0.079675040934945845 0.028009672360099803 0.09289434260973449 0.088264394781973621 0.052593534395831136 0.10918416170718542 0.10083165734605455 -0.017534904320494191 0.070524118346921696 0.070524118346921696 0.12149680999773307 0.060278345472237108 0.062973118366272438 0.0019993671670051451 0.073653387917658422 0.079675040934945845 0.061297319831870582
leaf_weight=43246.181110605597 8851.875198200345 892.34970232844353 5206.0920665487647 14931.015478566289 16827.928818553686 7847.6195854768157 304.13833799958229 2913.9034682363272 26094.300270989537 1826.0477994605899 424.34421273320913 14316.681873172522 35.233771782368422 792.70002873986959 430.07600037753582 8198.0134237110615 28650.509860426188 2160.8165634945035 5333.2752282172441 3204.9263137280941 39.362616419792175 6145.7034726440907 9946.8320636600256 2977.5551221370697 4573.0128949582577 8163.7696058601141 18.683456845581532 9115.2782179117203 1205.2773315086961 2674.8743257671595
leaf_count=125690 43786 1197 21741 39606 20679 26251 2776 5686 40054 8633 2873 50220 287 3198 2996 17524 64315 12063 4923 5797 286 28837 51139 2735 28554 53513 139 46385 4617 16469
internal_value=0.0844444 0.0888748 0.0763662 0.0929154 0.0986964 0.0706651 0.0684313 0.0826205 0.0972821 0.0572772 0.052013 0.0826205 0.0767296 0.0587451 0.0548613 0.0870923 0.0857831 0.0601439 0.101359 0.0826205 0.079675 0.0709739 0.07381 0.116273 0.0575667 0.0672383 0.079675 0.079675 0.0750545 0.070861
internal_weight=237348 153270 84078.4 103905 52125.4 48513.4 40665.8 49365 48255.5 7557.62 5731.57 35565 21248.3 3007.43 5427.43 51779.5 43581.5 2972.2 22161.2 46451.1 18240.9 33108.2 18798.7 3869.9 4997.36 14309.5 811.383 18201.5 12995.4 11790.2
internal_count=732969 328206 404763 191033 69588 249358 223107 137173 65656 45832 37199 155405 105185 15687 34423 121445 103921 15400 25602 131487 89498 177275 94925 3932 31427 82350 3337 89212 67471 62854
is_linear=0
shrinkage=0.05


Tree=10
num_leaves=31
num_cat=0
split_feature=10 6 5 5 5 1 3 4 6 6 4 1 1 5 5 7 8 3 5 7 2 8 11 5 8 5 5 8 8 8
split_gain=3271.15 1988.4 1003.67 1480.1 1213.53 1405.8 963.777 861.152 713.786 1025.24 618.363 572.65 381.343 343.688 482.12 310.25 295.178 290.247 273.862 317.81 249.242 235.175 184.623 183.834 181.887 177.2 405.95 181.722 236.177 169.105
threshold=0.073633704334497466 1.0000000180025095e-35 5320895.5000000009 12130922.500000002 10052930.500000002 21.500000000000004 1.0000000180025095e-35 198400.00000000003 3211691.0000000005 7714069.5000000009 39633.500000000007 21.500000000000004 21.500000000000004 5320895.5000000009 13439690.500000002 0.29989059269428259 1.0000000180025095e-35 0.21254285424947741 1289243.5000000002 0.34289832413196569 14240.300292968752 1.0000000180025095e-35 -0.035401016473770135 15089427.500000002 44.500000000000007 5320895.5000000009 13439690.500000002 62.500000000000007 66.500000000000014 65.500000000000014
decision_type=2 10 2 2 2 2 10 8 10 10 10 2 2 2 2 10 2 10 2 10 2 2 2 2 2 2 2 2 2 2
left_child=1 2 10 4 5 -4 15 -3 -9 11 -1 16 -5 -2 20 21 23 -8 19 -12 -15 -6 -18 -10 -19 -13 27 -27 -29 -20
right_child=13 7 3 12 6 -7 17 8 9 -11 18 25 -14 14 -16 -17 22 24 29 -21 -22 -23 -24 -25 -26 26 -28 28 -30 -31
leaf_value=0.082030369484765275 0.095325894283914595 0.082030369484765275 0.082030369484765275 0.082030369484765275 0.030576709643840475 0.057039897846005896 0.057447754776084138 0.078779581990628275 0.065666884012779717 0.078779581990628275 -0.015404919374655504 0.064377285766372722 0.069987548710317621 0.082030369484765275 0.094948297532127635 0.052611247093815865 0.065666884012779717 0.080411207631684717 0.073327177209501868 0.076251463446296339 0.094225691323784569 0.044901066328951501 0.078779581990628275 0.077089214223920524 0.064786999716725399 0.042445843087999813 0.063186174451124122 -0.056425782457055797 0.03533336714912045 0.061089132737084086
leaf_weight=18014.635832577944 16450.450139813125 31693.614136360586 10401.811349064112 12742.964126057923 5101.4182794094086 10097.478845328093 10375.76491676271 19172.206949353218 8308.8380348533392 5829.6659577041864 197.5722658187151 7761.2758300155401 12389.554647248238 12923.455553866923 10008.458644792438 3485.9248677194118 2632.7236679494381 3012.7119778245687 16714.491225551814 138.89763294160366 4408.6219026148319 2553.6040115207434 7367.4376213997602 3700.5433469712734 2050.3533806726336 2307.5734298825264 3981.5285032130778 110.57477810978889 183.9764696881175 3492.7518957071006
leaf_count=47172 20230 80445 25089 25461 24455 54563 51634 50572 24350 12919 1151 36581 51990 25077 12442 12496 5843 11858 52591 487 4745 15278 14758 8594 9477 16027 19218 1115 1156 15119
internal_value=0.0771603 0.0744939 0.0699619 0.066476 0.0612378 0.0703868 0.0541769 0.0798874 0.0755288 0.0711662 0.0764864 0.067028 0.0762827 0.0895668 0.0860949 0.0429523 0.0721062 0.0622702 0.0704726 0.0255398 0.0820304 0.0371909 0.078489 0.0667791 0.0721262 0.0592275 0.053139 0.0377289 0.000738675 0.0712181
internal_weight=247611 203820 110770 72211.6 47079.1 20499.3 26579.8 93050 61356.3 42184.1 38558.3 36354.5 25132.5 43791 27340.5 11140.9 22009.5 15438.8 20543.7 336.47 17332.1 7655.02 10000.2 12009.4 5063.07 14344.9 6583.65 2602.12 294.551 20207.2
internal_count=732893 670399 398821 282301 204850 79652 125198 271578 191133 140561 116520 127642 77451 62494 42264 52229 53545 72969 69348 1638 29822 39733 20601 32944 21335 74097 37516 18298 2271 67710
is_linear=0
shrinkage=0.05


Tree=11
num_leaves=31
num_cat=0
split_feature=0 6 5 5 5 9 10 4 4 1 9 8 6 6 9 8 9 4 5 8 5 9 3 3 8 9 8 9 3 3
split_gain=3168.07 2179.74 1157.63 1054.91 972.299 1332.69 666.241 593.262 556.682 555.821 543.069 503.596 490.519 458.688 447.21 412.261 354.67 319.854 280.752 276.938 241.632 230.194 168.275 167.81 162.33 165.837 413.349 160.761 202.912 103.12
threshold=0.032876959070563323 1.0000000180025095e-35 5320895.5000000009 12130922.500000002 10052930.500000002 14.22499990463257 0.17052266746759417 inf 96300.000000000015 21.500000000000004 17.211111068725589 34.500000000000007 3211691.0000000005 7714069.5000000009 15.354166507720949 43.500000000000007 9.5357141494750994 11690.000000000002 5320895.5000000009 1.0000000180025095e-35 13439690.500000002 19.535714149475101 0.031066166236996654 0.0025190354790538554 118.50000000000001 18.354166984558109 56.500000000000007 20.354166984558109 0.075067687779665007 0.0041960095986723909
decision_type=2 10 2 2 2 2 2 8 8 2 2 2 10 10 2 2 2 10 2 2 2 2 10 8 2 2 2 2 8 8
left_child=1 2 10 4 5 -4 16 -3 17 -9 -1 23 -11 24 -5 29 -2 -6 -8 -10 -20 -17 -19 -12 25 -14 -27 -13 -29 -7
right_child=6 7 3 14 8 15 18 9 19 12 11 27 13 -15 -16 21 -18 22 20 -21 -22 -23 -24 -25 -26 26 -28 28 -30 -31
leaf_value=0.073083257337992244 0.079528690377065725 0.073083257337992244 0.073083257337992244 0.073083257337992244 0.069562783552986632 -0.01736533253319936 0.090191039888852687 0.070488725258086735 0.024560107366752688 0.065987870370671151 -0.055580362393556307 0.061180575961875608 0.06128017873189108 0.065987870370671151 0.0589767069611635 0.048151518634654222 0.073083257337992244 0.042593678038395436 0.079528690377065725 0.042593678038395436 0.088527340144727462 0.026803991794019544 0.052009936354011466 0.067113978378519332 -0.056193164380240093 0.051391532798517527 0.0098076552612616705 0.018822148805572841 0.050104459076115049 0.060698439327274104
leaf_weight=21787.132555559278 16560.953944504261 28702.25079651922 8515.6018425375223 12174.593146309257 2098.2865137904882 41.756786532700062 12990.162437468767 33803.681519508362 3603.8840319812298 6361.4915657192469 40.281482547521591 2900.5558867529035 3677.0359086617827 1383.0082272291183 10578.042415745556 3055.1697058230639 21661.873969957232 4192.4578458219767 13178.760331384838 2833.9248111322522 8012.263666421175 2169.290544167161 11309.789490677416 5778.380119368434 33.150871120393276 9804.3377063348889 637.50693514198065 598.41275786980987 4037.5469088852406 3564.8651123046875
leaf_count=49582 23160 73425 21317 25635 6263 386 13959 75534 17726 24198 330 12190 14175 4908 46720 14112 47238 17211 19969 17851 8790 16456 58264 21309 270 52843 4838 4028 20954 19219
internal_value=0.0703991 0.0669048 0.0618779 0.0578748 0.0531124 0.0621415 0.0792617 0.0728162 0.0465922 0.0678942 0.06918 0.0611447 0.061487 0.0555936 0.0665318 0.0483136 0.074707 0.0511974 0.0843504 0.03399 0.0807619 0.0393013 0.0487029 0.067114 0.0518376 0.0520992 0.0488551 0.0519042 0.0460764 0.0606984
internal_weight=256086 183682 99280 64137.7 41385 17346.7 72404 84402.5 24038.3 55700.2 35142.3 13355.2 21896.5 15535 22752.6 8831.08 38222.8 17600.5 34181.2 6437.81 21191 5224.46 15502.2 5818.66 14152 14118.9 10441.8 7536.52 4635.96 3606.62
internal_count=732860 619744 369553 261160 188805 71490 113116 250191 117315 176766 108393 58811 101232 77034 72355 50173 70398 81738 42718 35577 28759 30568 75475 21639 72126 71856 57681 37172 24982 19605
is_linear=0
shrinkage=0.05


Tree=12
num_leaves=31
num_cat=0
split_feature=9 8 9 5 5 5 4 5 11 5 11 8 6 8 8 6 4 5 9 9 9 4 5 2 4 7 8 7 10 11
split_gain=3225.49 1522.07 1491.91 903.526 951.788 572.692 349.128 326.754 320.229 306.785 282.821 253.581 240.723 218.093 207.727 202.584 211.415 179.301 169.987 164.647 134.679 126.447 122.346 119.253 129.109 118.437 116.722 111.057 107.95 102.258
threshold=15.267857074737551 1.0000000180025095e-35 10.535714149475099 5320895.5000000009 13439690.500000002 1289243.5000000002 27670.000000000004 5320895.5000000009 0.088816627860069289 15089427.500000002 -0.053655603900551789 13.500000000000002 1.0000000180025095e-35 43.500000000000007 54.500000000000007 1.0000000180025095e-35 180600.00000000003 5320895.5000000009 21.708333015441898 19.612500190734867 7.9444444179534921 37990.000000000007 12130922.500000002 2167.1999511718755 14016.500000000002 0.55561870336532604 12.500000000000002 0.57124060392379772 -0.024824134074151512 -0.026495215483009812
decision_type=2 2 2 2 2 2 8 2 2 2 2 2 10 2 2 10 10 2 2 2 2 10 2 2 10 10 2 10 2 2
left_child=1 6 10 5 8 23 17 26 13 27 -3 -12 18 25 -7 16 -16 -1 21 -15 -13 -6 -19 24 -2 -5 -4 -9 -28 -21
right_child=3 2 7 4 12 14 -8 9 -10 -11 11 20 -14 19 15 -17 -18 22 -20 29 -22 -23 -24 -25 -26 -27 28 -29 -30 -31
leaf_value=0.08121109571195835 0.035753714790162733 0.073348975305537897 0.066604355077646879 0.047841477281127053 0.063327917032427683 0.063327917032427683 0.063327917032427683 0.063327917032427683 0.063327917032427683 0.070977367840601421 0.092597847583035409 0.083279405922289274 0.063327917032427683 0.046466538441383619 0.05091047680072297 0.063327917032427683 -0.058365483679409892 0.067809271480247152 0.049729537052962576 -0.020264094463677107 0.077467629967647611 0.055680466802993517 0.077590437785702904 0.063327917032427683 -0.0083541378084010919 0.054725225253107405 0.065198889370535751 0.072631685325142609 0.073348975305537897 0.03653552258287962
leaf_weight=3869.4720849841833 182.90843999385834 13322.841845721006 7861.2829789370298 10979.518689014018 2342.2131493911147 30946.828719299287 43216.395577058196 20259.260669350624 1418.1719464883208 14417.688235655427 4615.1257521361113 15416.589603722095 11598.131492711604 8613.5906762853265 5978.6512248590589 4128.0941841416061 43.018292956054211 4689.4875894635916 6395.6292982175946 79.065280690789223 14340.630962565541 3460.4163419380784 3292.7562619894743 61.709676846861839 389.84492386132479 2627.0505350381136 4407.5949051678181 4860.341963917017 13825.106152325869 6300.9293586760759
leaf_count=5889 991 17341 15670 62431 7121 109797 113223 52709 3337 25323 4465 15438 41962 37327 25114 14151 328 12545 29422 471 19581 12732 5603 127 2328 12943 8469 10158 21890 44047
internal_value=0.0649164 0.0690816 0.0724295 0.0575743 0.0532852 0.0631025 0.0633279 0.0675308 0.0473559 0.0646467 0.0791671 0.0815863 0.0607601 0.0461225 0.0633279 0.0560493 0.0501107 0.0722906 0.0554003 0.041944 0.0798724 0.0616314 0.0679471 0.0157312 0.00817951 0.0507202 0.0718954 0.0633279 0.073349 0.0358255
internal_weight=263940 168395 113326 95545.8 53814.7 41731.1 55068.1 65631.3 30018.3 39537.3 47695.2 34372.3 23796.4 28600.2 41096.6 10149.8 6021.67 11851.7 12198.3 14993.6 29757.2 5802.63 7982.24 634.463 572.753 13606.6 26094 25119.6 18232.7 6379.99
internal_count=732933 328304 191044 404629 251793 152836 137260 134219 160556 88190 56825 39484 91237 157219 149390 39593 25442 24037 49275 81845 35019 19853 18148 3446 3319 75374 46029 62867 30359 44518
is_linear=0
shrinkage=0.05


Tree=13
num_leaves=31
num_cat=0
split_feature=0 1 9 5 5 5 5 10 5 7 3 5 8 8 9 8 5 7 7 3 3 3 3 5 5 7 3 8 8 9
split_gain=3129.36 1635.21 970.049 639.156 895.651 583.062 963.682 346.079 313.75 280.385 255.804 229.257 227.125 189.152 183.707 166.473 175.412 153.73 140.478 125.39 112.365 109.176 107.807 82.4747 93.766 66.642 64.8204 63.7492 55.095 155.221
threshold=0.0080972984433174151 21.500000000000004 12.354166507720949 10052930.500000002 12130922.500000002 5320895.5000000009 12130922.500000002 -0.049416434019803994 1289243.5000000002 0.38344748318195349 0.010001999791711571 5320895.5000000009 95.500000000000014 58.500000000000007 5.0625000000000009 33.500000000000007 10052930.500000002 0.058891532942652709 0.69240385293960582 0.0060159999411553153 0.26916733384132391 0.0041960095986723909 0.1296774968504906 15089427.500000002 5320895.5000000009 0.18343675136566165 0.86518332362174999 69.500000000000014 35.500000000000007 21.708333015441898
decision_type=2 2 2 2 2 2 2 2 2 8 8 2 2 2 2 2 2 10 10 8 8 10 10 2 2 10 10 2 2 2
left_child=1 3 7 -1 -5 8 15 -2 9 -3 -10 -4 19 -12 -9 16 21 -14 -17 25 -18 -7 -15 24 -16 -8 -20 -24 -21 -30
right_child=2 5 11 4 -6 6 12 14 10 -11 13 -13 17 22 23 18 20 -19 26 28 -22 -23 27 -25 -26 -27 -28 -29 29 -31
leaf_value=0.061554786284113885 0.06647881291567212 -0.033541761674097059 0.06647881291567212 0.055574385659847347 0.061554786284113885 0.04216273910279679 -0.054336029924070745 0.080119595665018833 0.01734864996277577 0.044065903364599153 0.055574385659847347 0.061554786284113885 -0.059902477510550257 0.036461517811311565 0.074620735659407467 0.035237640113647502 0.031973082485983816 0.029026676562526013 0.043805002919479474 0.055574385659847347 0.050921235264240139 0.055574385659847347 0.043429208163244012 0.076059895072722178 0.070110705233338871 0.026822100322531392 0.055574385659847347 0.055574385659847347 0.055574385659847347 0.044963519102167962
leaf_weight=54112.748099118471 13786.025810196996 181.30930583924055 15422.61897905916 14473.22388446331 25757.657016277313 1991.8351517915726 32.469330005347729 9073.1198789477348 444.78321123868227 317.38450442254543 30409.286837376654 23397.261231049895 58.765688985586166 1500.5009563043714 12400.867054536939 13582.153419725597 2772.0241684317589 241.48466016352177 1009.0191031172872 12553.693107634783 1102.9493974968791 3046.5981336981058 1504.8362905606627 6978.8237964212894 13916.865910813212 93.147688299417496 311.73182567954063 1946.6621823534369 3836.8602428212762 4778.3387146741152
leaf_count=111704 22111 1290 32279 53425 47491 11797 296 7520 2411 1619 108872 62123 404 7544 13641 76536 17601 1078 5223 45618 7667 14988 6588 7506 20397 629 1157 7291 12453 23022
internal_value=0.0598701 0.0559218 0.0671878 0.0604091 0.0555744 0.0507396 0.0469554 0.0714028 0.0554702 0.0158289 0.0555744 0.0615548 0.0546092 0.0555744 0.0737426 0.0400115 0.0454335 0.0113401 0.036763 0.0552182 0.0373899 0.0516024 0.0454301 0.0720002 0.0706632 0.00532166 0.0523724 0.0503969 0.0555138 0.0514866
internal_weight=271035 176059 94975.6 94343.6 40230.9 81715.8 45411.1 56155.7 36304.8 498.694 35806.1 38819.9 21594.8 35361.3 42369.7 23816.3 8913.41 300.25 14902.9 21294.5 3874.97 5038.43 4952 33296.6 26317.7 125.617 1320.75 3451.5 21168.9 8615.2
internal_count=732281 566704 165577 212620 100916 354084 218469 71175 135615 2909 132706 94402 83500 130295 49064 134969 52053 1482 82916 82018 25268 26785 21423 41544 34038 925 6380 13879 81093 35475
is_linear=0
shrinkage=0.05


Tree=14
num_leaves=31
num_cat=0
split_feature=0 6 7 5 5 8 2 8 4 6 6 8 5 10 0 4 8 5 8 8 5 5 8 8 0 8 0 5 5 5
split_gain=2988.63 1878.33 919.438 840.968 1249.45 784.198 708.495 535.255 511.663 474.013 741.555 478.933 354.832 283.114 236.512 219.016 206.287 177.963 167.477 150.082 134.317 178.649 149.022 191.505 132.704 126.057 125.554 125.15 409.677 115.434
threshold=0.035898379981517799 1.0000000180025095e-35 0.73856505751609813 10052930.500000002 12130922.500000002 1.0000000180025095e-35 2842.900024414063 36.500000000000007 198400.00000000003 3211691.0000000005 7714069.5000000009 21.500000000000004 5320895.5000000009 0.22306149452924731 0.0080972984433174151 170200.00000000003 1.0000000180025095e-35 5320895.5000000009 45.500000000000007 136.50000000000003 15089427.500000002 5320895.5000000009 62.500000000000007 87.500000000000014 0.028915830887854103 78.500000000000014 0.008850250858813526 15089427.500000002 5320895.5000000009 1289243.5000000002
decision_type=2 10 10 2 2 2 2 2 8 10 10 2 2 2 2 8 2 2 2 2 2 2 2 2 2 2 2 2 2 2
left_child=1 2 3 7 5 15 12 29 -3 -10 11 16 -2 -8 17 -5 27 18 -9 -20 21 25 -23 24 -24 -13 -27 28 -11 -1
right_child=6 8 -4 4 -6 -7 13 14 9 10 -12 20 -14 -15 -16 -17 -18 -19 19 -21 -22 22 23 -25 -26 26 -28 -29 -30 -31
leaf_value=0.013097350505141773 0.064521126724764719 0.05817015187745489 0.05817015187745489 0.028242873846688495 0.049847084698915675 0.039905205514403824 0.064521126724764719 0.033389644443434681 0.055852439717025207 0.051995400814805838 0.055852439717025207 0.042452651354098148 0.05817015187745489 0.073700625837404152 0.051690416294319821 0.011823274126799432 0.055852439717025207 0.030836194228737235 0.045675852497444727 -0.059258625926225134 0.047930568077735249 0.031691351067659419 -0.049137162938614559 0.05307316504574712 0.048273758386957265 -0.032269552132260092 0.040945845302199524 0.055416062453560615 0.029716321065443321 0.052180779923415001
leaf_weight=348.89183530956507 17096.994321912527 31407.968902844936 12598.114026140422 4470.7566653192043 22003.721498407423 15520.912911348045 15591.20255510509 3083.414839528501 19099.267021425068 6487.0344794392586 5885.1054127961397 9230.4199442863464 24398.25963357836 18056.92760977149 5977.5351861491799 3728.8142559379339 5071.6910830438137 4005.8481741920114 6040.5650875233114 37.290023565292358 4410.9108996018767 3587.338950201869 176.14996505528688 98.683032639324665 41.795374661684036 113.31112470477819 117.00519315898418 4098.4517911821604 3040.956397280097 31451.213057085872
leaf_count=1356 24339 73815 31616 16463 66208 75519 22253 14387 46913 14698 12123 36464 45334 17204 17423 17148 9208 22949 22796 244 17025 19443 1543 593 162 753 385 8543 9684 85848
internal_value=0.0554951 0.0523284 0.0478819 0.0461914 0.041263 0.0332966 0.0640119 0.050613 0.0575591 0.0535347 0.0498595 0.046224 0.0596282 0.069414 0.0434222 0.0207806 0.0518175 0.0396613 0.0435126 0.0456759 0.040335 0.0378214 0.0287906 -0.00406759 -0.0301876 0.0415411 0.00495759 0.0480654 0.0448925 0.0521808
internal_weight=277277 202133 109267 96669 45724.2 23720.5 75143.4 50944.8 92866.1 61458.1 42358.9 36473.7 41495.3 33648.1 19144.7 8199.57 18698.1 13167.1 9161.27 6077.86 17775.6 13364.7 3903.97 316.628 217.945 9460.74 230.316 13626.4 9527.99 31800.1
internal_count=732439 623309 371957 340341 175338 109130 109130 165003 251352 177537 130624 118501 69673 39457 77799 33611 42133 60376 37427 23040 76368 59343 21741 2298 1705 37602 1138 32925 24382 87204
is_linear=0
shrinkage=0.05


Tree=15
num_leaves=31
num_cat=0
split_feature=9 2 5 5 6 3 0 5 9 5 5 10 6 6 10 5 3 9 4 3 11 3 2 4 9 6 4 11 9 11
split_gain=3020.76 1294.7 908.429 926.521 560.265 420.055 376.159 357.14 279.187 255.196 206.394 202.26 190.275 223.046 179.095 128.222 88.1401 74.5336 73.9697 66.1649 65.9998 65.9851 58.9728 55.2971 55.2603 51.2669 47.4911 117.125 55.0487 46.2414
threshold=15.22499990463257 128.00000000000003 5320895.5000000009 12130922.500000002 1.0000000180025095e-35 0.010001999791711571 0.027874902822077278 5320895.5000000009 5.0625000000000009 12130922.500000002 1289243.5000000002 0.25244107842445379 3211691.0000000005 7714069.5000000009 0.12785669416189197 1289243.5000000002 0.010001999791711571 12.763888835906984 7820.0000000000009 0.010001999791711571 -0.010405071079730986 0.038571339100599296 5091.5000000000009 45977.000000000007 17.354166984558109 3211691.0000000005 80100.000000000015 -0.0092200008220970613 15.690476417541506 -0.026495215483009812
decision_type=2 2 2 2 10 10 2 2 2 2 2 2 10 10 2 2 8 2 8 8 2 8 2 10 2 8 8 2 2 2
left_child=1 2 15 -4 6 12 7 10 -3 18 -2 25 19 14 -14 -1 -12 -5 -9 -6 21 -11 -13 -18 -23 -10 -20 28 -28 -26
right_child=4 8 3 17 5 -7 -8 9 11 20 16 22 13 -15 -16 -17 23 -19 26 -21 -22 24 -24 -25 29 -27 27 -29 -30 -31
leaf_value=0.050524947805393378 0.0070770675799537138 0.072283796906293135 0.050524947805393378 0.058751619989886456 -0.01936278876859808 0.050524947805393378 0.050524947805393378 0.045534084286972198 0.062520390978825002 -0.060155704136670041 0.019106244552514556 0.062520390978825002 0.036879923093857368 0.047280416221935823 0.047280416221935823 0.058751619989886456 0.045534084286972198 0.050812251766727684 0.034213678997160095 0.047280416221935823 0.043808565102087423 0.0365490867923993 0.067017312863427117 0.041202993474613682 -0.014383977406207083 0.058751619989886456 0.013888350862791636 0.030501372043356786 -0.016047524242004955 0.022204966224535182
leaf_weight=657.65502491593361 349.86122388392687 7985.9764271080494 47768.659997209907 33428.29246494174 71.001069948077202 17992.540109097958 7354.9431255608797 630.35072172433138 1567.8172091245651 18.371128141880035 336.66328473389149 4525.4291763752699 16369.100869175047 1609.9511809945107 810.93443830311298 54276.775894790888 11032.044112384319 3099.8881537020206 15886.006385810673 7394.5910087674856 11692.555813290179 402.46570885181427 9453.276095315814 9182.8388377651572 24.021777495741844 15773.941574215889 48.992716103792191 2924.2111587300897 242.33702151477337 412.02935273945332
leaf_count=1604 2020 6080 127080 56626 360 50570 18105 2704 1573 99 1831 5239 73284 5059 1654 92111 35756 5874 84562 24636 45240 1150 8686 35518 123 22822 137 19499 1350 1474
internal_value=0.0519177 0.055874 0.0536088 0.0505249 0.0451759 0.0494576 0.0420448 0.0405432 0.0638944 0.0372383 0.0455341 0.0617508 0.0440359 0.0409353 0.0385199 0.0586204 0.0455341 0.0585015 0.033683 0.0472804 0.042822 0.0292896 0.0662892 0.0455341 0.0313877 0.0587516 0.033085 0.0274913 -0.00272467 0.0172465
internal_weight=283324 178538 139231 84296.8 104786 44248.1 60537.7 53182.7 39306.4 32281.3 20901.4 31320.5 26255.6 18790 17180 54934.4 20551.5 36528.2 19731.9 7465.59 12549.4 856.888 13978.7 20214.9 838.517 17341.8 19101.5 3215.54 291.33 436.051
internal_count=732826 327695 283295 189580 405131 155563 249568 231463 44400 156338 75125 38320 104993 79997 74938 93715 73105 62500 108252 24996 48086 2846 13925 71274 2747 24395 105548 20986 1487 1597
is_linear=0
shrinkage=0.05


Tree=16
num_leaves=31
num_cat=0
split_feature=1 8 9 9 8 2 8 9 7 10 3 4 6 8 6 4 9 10 3 6 7 3 7 8 4 6 9 3 8 3
split_gain=2534.72 1943.31 977.157 622.626 537.119 374.857 267.043 260.066 188.601 179.272 168.252 149.974 124.945 124.28 107.833 96.0329 90.2472 87.026 84.4674 75.2889 225.407 138.731 109.601 85.3215 62.2012 59.039 57.9501 47.7865 47.7462 108.008
threshold=21.500000000000004 1.0000000180025095e-35 9.3452377319335955 18.527777671813968 43.500000000000007 128.00000000000003 10.500000000000002 21.791666984558109 0.83344665169715892 -0.049738455563783639 0.12773632258176806 39633.500000000007 1.0000000180025095e-35 65.500000000000014 3211691.0000000005 62020.000000000007 5.0625000000000009 -0.03313863463699817 0.0060159999411553153 1.0000000180025095e-35 0.11670542508363725 0.057977156713604934 0.54298031330108654 109.50000000000001 2292.0000000000005 3211691.0000000005 14.527777671813967 0.18978130072355273 65.500000000000014 0.29971750080585485
decision_type=2 2 2 2 2 2 2 2 10 2 10 8 10 2 8 8 2 2 8 10 10 8 8 2 10 10 2 8 2 10
left_child=1 8 6 10 18 11 27 28 -1 -8 26 -4 -13 15 -11 -9 -16 -14 -5 21 23 -15 -23 25 -10 -21 -2 -3 -6 -30
right_child=3 2 5 4 7 -7 9 13 24 14 -12 12 17 19 16 -17 -18 -19 -20 20 -22 22 -24 -25 -26 -27 -28 -29 29 -31
leaf_value=0.047793817354252671 0.045620805117886215 0.065704817129736512 0.054494790789558024 0.01489394140421358 0.043355057539727918 0.058023560183743689 0.058023560183743689 0.036478443847912261 0.090866627421128665 0.072404058283498982 0.047793817354252671 0.047793817354252671 0.047793817354252671 -0.03013511758829537 0.067202001611847292 0.029252026608775451 0.061004352417543629 0.051799196861848279 0.043355057539727918 0.023952735382431277 0.036478443847912261 0.018819649230251666 0.036478443847912261 -0.05753884747221763 0.062345039580753298 0.0057447901795093098 0.043355057539727918 0.079624002580739248 0.036478443847912261 0.043355057539727918
leaf_weight=56504.142247512937 7055.9087545126677 903.71013537049294 15901.989750266075 294.83498585224152 6854.5709451809525 12344.876246064901 9364.4108212590218 9051.7757159769535 212.45599956810474 3414.1579621732235 32518.953041300178 14804.123973891139 3326.759878590703 122.88821287080646 7926.2722533494234 5998.7803753986955 15487.363708540797 16713.378038629889 34368.424519583583 211.67610362172127 1131.6206134185195 3005.4777612909675 900.84806368499994 40.864901393651962 3270.1200062483549 674.59427332878113 17911.127557836473 2670.1639873087406 3511.1438326090574 1693.1688993647695
leaf_count=132471 13511 1024 29121 1668 25715 15046 13257 40778 189 2837 79486 33118 6750 1169 6654 31712 17679 29737 136285 939 3773 17685 4806 318 4909 4229 56024 2229 14349 5934
internal_value=0.0484097 0.0525249 0.0568885 0.0430627 0.0398148 0.0530133 0.0630339 0.03522 0.0477938 0.0617352 0.0468953 0.050966 0.0491036 0.0318691 0.0639851 0.0343124 0.0627514 0.0517992 0.0433551 0.0258196 0.0336129 0.0218228 0.0234719 0.011427 0.0641362 0.0147294 0.0434478 0.076143 0.0410878 0.037392
internal_weight=288191 162844 102857 125347 67860.7 63091.1 39766.1 33197.4 59986.7 36192.2 57486 50746.3 34844.3 21138.5 26827.8 15050.6 23413.6 20040.1 34663.3 6087.97 2058.76 4029.21 3906.33 927.135 3482.58 886.27 24967 3573.87 12058.9 5204.31
internal_count=733402 295021 157452 438381 289360 113772 43680 151407 137569 40427 149021 98726 69605 105409 27170 72490 24333 36487 137953 32919 9259 23660 22491 5486 5098 5168 69535 3253 45998 20283
is_linear=0
shrinkage=0.05


Tree=17
num_leaves=31
num_cat=0
split_feature=0 9 9 5 5 5 5 2 5 7 9 8 5 7 8 9 10 5 8 4 5 4 4 8 11 4 11 7 2 9
split_gain=2874.3 1402.22 678.106 611.762 939.961 526.906 546.521 271.026 240.078 262.129 184.779 170.197 167.047 107.494 104.272 137.69 209.844 103.033 83.0075 81.6772 79.7003 170.625 72.3774 84.5289 65.0026 52.6796 96.7505 80.7197 55.9088 52.6647
threshold=0.038648245856165893 15.267857074737551 10.535714149475099 10052930.500000002 15089427.500000002 5320895.5000000009 12130922.500000002 2511.099975585938 1289243.5000000002 0.24912462383508685 5.5277776718139657 43.500000000000007 5320895.5000000009 0.57604345679283153 54.500000000000007 18.038461685180668 -0.025527597405016419 15089427.500000002 99.500000000000014 49620.000000000007 10052930.500000002 38040.000000000007 197900.00000000003 75.500000000000014 -0.0043176121544092885 132400.00000000003 -0.029517923481762406 0.47107473015785223 5926.3498535156259 21.633333206176761
decision_type=2 2 2 2 2 2 2 2 2 8 2 2 2 10 2 2 2 2 2 10 2 8 8 2 2 8 2 8 2 2
left_child=1 3 10 -1 -5 8 11 -4 9 -3 24 13 -12 20 -10 -16 -17 -14 25 -8 -7 -22 -18 -24 -2 28 -27 -28 -13 -20
right_child=2 5 7 4 -6 6 19 -9 14 -11 12 18 17 -15 15 16 22 -19 29 -21 21 -23 23 -25 -26 26 27 -29 -30 -31
leaf_value=0.047734611613839628 0.05887435414075945 -0.049405882054334098 0.047734611613839628 0.041780304861895913 0.047734611613839628 0.035076203515280104 0.041693547309394174 0.052887429373524822 0.041780304861895913 0.028024852237783622 0.05887435414075945 0.026227518437884859 0.052887429373524822 0.041780304861895913 0.041780304861895913 -0.047919584698804057 0.035518474722344283 0.05887435414075945 0.041780304861895913 0.035452162080541569 0.036753730862203363 0.019550077289834378 0.028464929741492364 -0.0028052700081107086 0.065891848784702292 -0.040215995929039849 -0.010016045515894285 0.022502312431487172 0.041780304861895913 0.0051568125128182221
leaf_weight=67836.036902830005 6701.5100776702166 138.70757414400578 19146.712190896273 20170.283827602863 28415.40613207221 7248.3685723915696 18139.606015086174 15456.71445633471 32564.710214219987 488.49001260846853 10961.222109466791 12026.301900669932 11725.211374223232 2636.4148998782039 3057.2848153859377 78.560472995042801 6080.275165438652 6012.2582478225231 624.68600682169199 7532.1500732749701 1837.0070331692696 3102.4392696022987 811.59046301618218 270.95408210158348 6949.1557012349367 66.500799730420113 119.96986434608698 2139.6963733881712 96.3700060993433 99.286658719182014
leaf_count=130997 7570 965 38001 63224 47993 32964 62281 23362 105102 2294 11017 58608 16572 11394 8163 361 23274 6317 2472 26771 8967 19210 3674 1520 5311 352 797 13116 245 673
internal_value=0.045067 0.0421048 0.0533644 0.0458278 0.0417803 0.0377328 0.0345068 0.0481621 0.0417803 0.0107981 0.0576128 0.0299186 0.055316 0.0337346 0.0417803 0.0366002 0.0324979 0.0528874 0.0261863 0.0398652 0.0317272 0.0268004 0.033393 0.0214114 0.0624327 0.0253499 0.0184241 0.0201839 0.0266756 0.0417803
internal_weight=292534 215581 76952.8 116422 48585.7 99159.4 55668.8 34603.4 43490.6 627.198 42349.4 29997 28698.7 14824.2 42863.4 10298.7 7241.38 17737.5 15172.8 25671.8 12187.8 4939.45 7162.82 1082.54 13650.7 14448.8 2326.17 2259.67 12122.7 723.973
internal_count=733567 625417 108150 242214 111217 383203 237850 61363 145353 3259 46787 148798 33906 72535 142094 36992 28829 22889 76263 89052 61141 28177 28468 5194 12881 73118 14265 13913 58853 3145
is_linear=0
shrinkage=0.05


Tree=18
num_leaves=31
num_cat=0
split_feature=0 6 5 5 4 4 2 4 5 6 6 10 5 5 4 3 4 5 3 4 5 5 4 7 5 7 5 5 3 7
split_gain=2521.45 1408.93 861.167 1212.55 690.179 640.036 638.793 411.284 337.95 308.395 547.069 288.5 243.966 522.023 214.984 213.817 138.487 135.876 107.219 107.082 110.206 107.703 88.427 87.9819 87.8605 83.3789 79.1577 74.1685 70.6029 69.8197
threshold=0.022814018651843074 1.0000000180025095e-35 10052930.500000002 12130922.500000002 197600.00000000003 35630.000000000007 2842.900024414063 198400.00000000003 5320895.5000000009 3211691.0000000005 7714069.5000000009 0.22306149452924731 15089427.500000002 5320895.5000000009 20900.000000000004 0.1744116693735123 138100.00000000003 13439690.500000002 0.29218964278697973 199654.00000000003 5320895.5000000009 1289243.5000000002 20900.000000000004 0.5801234543323518 5320895.5000000009 0.81263214349746715 1289243.5000000002 15089427.500000002 0.036343250423669822 0.37333899736404424
decision_type=2 10 2 2 8 10 2 8 2 10 10 2 2 2 10 10 10 2 8 10 2 2 8 8 2 10 2 2 10 10
left_child=1 2 5 4 15 23 8 -3 -2 -9 12 24 13 26 -5 -4 -16 -10 -6 20 21 29 -13 -1 -8 -17 -11 -18 -21 -7
right_child=6 7 3 14 18 19 11 9 17 10 -12 22 -14 -15 16 25 27 -19 -20 28 -22 -23 -24 -25 -26 -27 -28 -29 -30 -31
leaf_value=0.039882311910276989 0.050417661498345881 0.044525892133131975 0.024986556809946218 0.044525892133131975 -0.060805020305082669 0.016837534068114179 0.054825692827048328 0.042493436279506976 0.044525892133131975 -0.00028164017918964781 0.042493436279506976 0.066710203939456952 0.041103807340678367 0.021813918146120964 0.036687224834144265 0.03354703034183508 -0.040130700143933586 0.050417661498345881 0.010239288563414529 -0.043801574353069805 0.031188103881633664 0.03781741837929635 0.057535387064826526 0.044525892133131975 0.050417661498345881 0.044525892133131975 0.036914947626442395 0.017742486457174685 0.016837534068114179 0.039882311910276989
leaf_weight=12417.78634788096 20878.687910839915 31795.677451185882 15025.81900588423 7314.6197977811098 51.58049002289772 202.48324145004153 5844.2690233290195 19885.831478275359 18653.469169415534 144.05377025902271 6120.8153105825186 3320.1438036262989 10532.780868507922 8512.3833438754082 18150.691878631711 5414.9612793177366 60.333148621022701 12025.807956144214 6526.0660838261247 64.632094513624907 10539.795704938471 22935.517408888787 14692.614260062575 13412.906614787877 11334.131682723761 739.04519231617451 19546.569405086339 499.18046989291906 129.45710907131433 150.51217611134052
leaf_count=34635 29957 70242 59059 16417 352 1160 7000 45911 38293 747 11877 2570 27281 33393 52303 22489 300 17936 30593 337 41141 66196 14612 30720 17544 2134 55170 1880 596 469
internal_value=0.0424198 0.0394585 0.0356832 0.0310882 0.0238155 0.039811 0.0495933 0.0439016 0.046042 0.040461 0.0376737 0.0547933 0.0346005 0.0321689 0.0388427 0.0282091 0.0359318 0.0445259 0.00966386 0.0352387 0.0354512 0.0373777 0.0592337 0.0445259 0.0504177 0.0360666 0.0366428 0.0113812 -0.00177613 0.0168375
internal_weight=296923 210173 113635 53782.3 27757.5 59853.1 86749.1 96538.1 51558 64742.4 44856.6 35191.2 38735.8 28203 26024.8 21179.8 18710.2 30679.3 6577.65 34022.4 33828.3 23288.5 18012.8 25830.7 17178.4 6154.01 19690.6 559.514 194.089 352.995
internal_count=733314 605402 360781 185527 114627 175254 127912 244621 86186 174379 128468 41726 116591 89310 70900 83682 54483 56229 30945 109899 108966 67825 17182 65355 24544 24623 55917 2180 933 1629
is_linear=0
shrinkage=0.05


Tree=19
num_leaves=31
num_cat=0
split_feature=9 8 9 6 11 8 8 10 6 3 7 6 7 1 6 6 9 9 6 7 7 3 6 3 3 11 8 9 7 8
split_gain=2804.16 1487.68 1448.49 654.305 500.314 372.946 317.979 338.63 250.834 239.911 325.351 175.057 177.712 165.192 158.934 239.327 143.344 132.882 127.953 145.75 125.327 123.437 112.498 101.854 98.4689 95.7107 93.4627 79.4266 74.8975 68.3641
threshold=15.267857074737551 1.0000000180025095e-35 11.958333492279055 1.0000000180025095e-35 -0.044970994815230363 13.500000000000002 43.500000000000007 0.16680990904569629 7714069.5000000009 0.010001999791711571 0.32889381051063543 3211691.0000000005 0.76009592413902294 21.500000000000004 3211691.0000000005 7714069.5000000009 21.708333015441898 21.550000190734867 3211691.0000000005 1.0000000180025095e-35 0.5004003942012788 0.17884450405836108 3211691.0000000005 0.0152323329821229 0.1034602001309395 0.07125283777713777 64.500000000000014 4.9285714626312265 0.77553287148475658 30.500000000000004
decision_type=2 2 2 10 2 2 2 2 10 10 8 8 10 2 10 10 2 2 8 10 10 10 8 8 10 2 2 2 8 2
left_child=1 8 4 6 27 28 13 16 18 10 -5 -4 25 -2 -12 17 -8 -16 19 -1 23 -7 -23 29 -18 -13 -19 -3 -6 -15
right_child=3 2 11 9 5 21 7 -9 -10 -11 14 12 -14 20 15 -17 24 26 -20 -21 -22 22 -24 -25 -26 -27 -28 -29 -30 -31
leaf_value=0.0448956868545628 0.03873401272356404 0.051580365901003178 0.047135898565299969 -0.040965886743586921 0.059836495451768251 0.051682586201120317 0.028643221619732408 0.03873401272356404 0.053217574403141614 0.03873401272356404 0.03641796245687464 0.039058944583799445 0.047135898565299969 0.014877638545781877 0.034468957813664824 0.03641796245687464 0.0151034626015779 0.026452833594813038 0.03873401272356404 0.065289069173430678 0.03574709619572377 0.075950699284330125 0.056771409758713781 0.030885754528290149 0.024550485545133765 0.043516942716574337 0.0035108069010607972 0.047135898565299969 0.072339430827281823 -0.039411916750226955
leaf_weight=8800.4754806607962 1762.7824254930019 4256.2941816747189 8075.0673848837614 142.03658649325371 1920.411540299654 21115.035675019026 19172.153047896922 2485.3029760718346 3605.9283426403999 19219.846635229886 8210.017983160913 47164.701800718904 3739.4991185367107 271.27722779661417 6487.3455563560128 1861.019984215498 3812.6993883401155 11604.233129948378 49076.255462959409 984.07174210250378 8096.962001517415 844.36605623364449 10456.368468597531 19503.178490422666 10101.391385920346 5847.2119284570217 462.27271319180727 17733.828622967005 3629.5363657921553 71.61880387365818
leaf_count=16033 3469 4645 12790 817 1939 23470 65028 4848 5703 50132 24863 94801 5688 1450 20926 5144 21204 49994 114186 1254 27981 554 11056 76441 48675 8244 3252 25099 2844 428
internal_value=0.0399614 0.0437184 0.0469261 0.0337496 0.0525303 0.0560248 0.0304885 0.0272949 0.038734 0.0381844 0.0341019 0.0417415 0.0407305 0.0343106 0.0344772 0.0314308 0.025836 0.0286879 0.038734 0.0469597 0.0327602 0.0539643 0.0582176 0.0304108 0.0219644 0.039898 0.0255746 0.0471359 0.0680362 0.00337569
internal_weight=300513 187249 124782 113264 59955.8 37965.7 65277.4 35571.5 62466.7 47986.8 28766.9 64826.5 56751.4 29705.8 28624.9 20414.9 33086.2 18553.9 58860.8 9784.55 27943 32415.8 11300.7 19846.1 13914.1 53011.9 12066.5 21990.1 5549.95 342.896
internal_count=732958 328306 191130 404652 69607 39863 249524 139755 137176 155128 104996 121523 108733 109769 104179 79316 134907 74172 131473 17287 106300 35080 11610 78319 69879 103045 53246 29744 4783 1878
is_linear=0
shrinkage=0.05


Tree=20
num_leaves=31
num_cat=0
split_feature=10 1 8 6 5 9 9 8 7 2 5 5 6 6 5 5 11 5 7 8 0 8 0 10 10 9 7 8 11 7
split_gain=2570.6 1514.65 953.058 488.609 292.133 277.341 244.852 221.139 215.014 198.242 177.188 250.368 166.323 225.989 158.564 153.535 144.811 112.486 105.444 104.109 138.916 101.275 123.115 98.2657 97.94 93.7081 90.0915 87.3882 88.7686 80.6221
threshold=0.16317073255777362 21.500000000000004 1.0000000180025095e-35 1.0000000180025095e-35 5320895.5000000009 11.958333492279055 14.267857074737551 12.500000000000002 0.016688563860952858 2692.6999511718755 5320895.5000000009 12130922.500000002 3211691.0000000005 7714069.5000000009 5320895.5000000009 5320895.5000000009 -0.018235931172966954 13439690.500000002 0.57124060392379772 58.500000000000007 0.0080972984433174151 100.50000000000001 0.056980520486831672 -0.049738455563783639 -0.069642856717109666 18.038461685180668 0.44452822208404547 54.500000000000007 -0.010405071079730986 0.82007193565368663
decision_type=2 2 2 10 2 2 2 2 10 2 2 2 10 10 2 2 2 2 8 2 2 2 2 2 2 2 8 2 2 10
left_child=1 2 4 6 26 -4 -3 -7 12 15 19 23 -5 14 21 -2 -9 24 -11 -8 -21 25 -23 -12 -16 -14 -1 -27 -29 -25
right_child=9 3 5 8 -6 7 10 16 -10 18 11 -13 13 -15 17 -17 -18 -19 -20 20 -22 22 -24 29 -26 27 -28 28 -30 -31
leaf_value=0.035376830840040827 0.048549365192244523 0.035299041198453507 0.042509314350800805 0.033259679020664512 0.035299041198453507 0.035299041198453507 0.031569680637478913 0.035299041198453507 0.035299041198453507 0.049557891508382163 -0.0031571867035374624 0.030814953593820266 0.033259679020664512 0.033259679020664512 -0.072604412202202928 0.042509314350800805 0.040506092050847764 0.025843718747657014 0.056468454355341348 0.017967887257571317 0.031569680637478913 -0.04921761659068348 0.033259679020664512 0.022365442679428152 0.015732494253836531 0.028794527237295288 0.042509314350800805 -0.03298172076015625 0.017624859442700081 0.031569680637478913
leaf_weight=5541.6466850787401 5815.5645567029715 7266.5909953415394 32396.262128442526 9020.0817892700434 39409.348176494241 22487.235936358571 19334.56421110034 6111.6276258230209 19794.081142373383 14082.409244671464 362.09593679010868 15315.980310857296 3516.7920449376106 1969.2647299468517 29.680032551288605 8178.4818174988031 15494.552439793944 5933.1664941310883 9389.9744016230106 3327.8646167330444 2394.7938480824232 86.227431520819664 42.111107781529427 23368.213658608496 4068.9724491834641 6915.2509584277868 18175.579084292054 95.057729721069336 816.70881660282612 1187.7858238890767
leaf_count=10644 6792 13690 41589 26262 95018 46323 59458 12507 49026 15728 1219 50973 8718 5239 133 12515 26875 21187 8745 14373 6110 455 48 111477 20495 26247 31939 451 3669 4511
internal_value=0.0372482 0.0355111 0.0390901 0.0315079 0.035299 0.0425093 0.02885 0.0385029 0.0351951 0.0495076 0.0278403 0.0257804 0.0312203 0.0284054 0.026042 0.0447717 0.0405061 0.0214408 0.052327 0.0311457 0.0247432 0.0300611 -0.0139235 0.0226836 0.0150577 0.0305611 0.041012 0.0268753 0.0122881 0.0230649
internal_weight=301928 264462 139616 124845 63126.6 76489.7 72557.9 44093.4 52287.4 37466.4 65291.3 40234.1 32493.3 23473.2 21504 13994 21606.2 10031.8 23472.4 25057.2 5722.66 11472.1 128.339 24918.1 4098.65 11343.8 23717.2 7827.02 911.767 24556
internal_count=732416 688636 264895 423741 137601 127294 261811 85705 161930 43780 248121 168180 112904 86642 81403 19307 39382 41815 24473 79941 20483 39588 503 117207 20628 39085 42583 30367 4120 115988
is_linear=0
shrinkage=0.05


Tree=21
num_leaves=31
num_cat=0
split_feature=0 6 4 5 5 5 9 3 9 9 6 6 9 9 4 3 5 4 8 4 8 3 3 5 4 8 8 8 5 11
split_gain=2493.64 1361.33 883.765 826.181 644.15 725.603 808.884 631.414 597.394 404.678 363.97 623.652 338.41 318.953 257.156 239.804 239.798 227.444 217.385 183.303 166.135 159.434 144.71 144.27 138.751 136.847 218.067 131.443 141.111 130.977
threshold=0.091287881135940566 1.0000000180025095e-35 198400.00000000003 5320895.5000000009 12130922.500000002 10052930.500000002 13.845237731933596 0.0025190354790538554 16.683333396911625 17.464285850524906 3211691.0000000005 7714069.5000000009 5.0625000000000009 12.267857074737551 38040.000000000007 0.19810738414525988 5320895.5000000009 29020.000000000004 1.0000000180025095e-35 31050.000000000004 13.500000000000002 0.010001999791711571 0.010001999791711571 13439690.500000002 57700.000000000007 65.500000000000014 67.500000000000014 43.500000000000007 5320895.5000000009 -0.085363533347845064
decision_type=2 10 8 2 2 2 2 10 2 2 10 10 2 2 10 10 2 8 2 10 2 10 8 2 10 2 2 2 2 2
left_child=1 3 -3 8 5 6 22 17 24 19 -4 13 -2 18 -10 -9 -14 -7 -12 -6 -19 -16 -5 -18 -1 -23 -27 -15 -29 -30
right_child=12 2 10 4 9 7 -8 15 14 -11 11 -13 16 27 21 -17 23 20 -20 -21 -22 25 -24 -25 -26 26 -28 28 29 -31
leaf_value=0.040070086480773676 0.05501697925287833 0.040070086480773676 0.036873526309869634 0.030773085820709246 0.040070086480773676 0.018264301265874205 0.021639786734460556 0.021007666903470525 0.034517458991511811 0.025160250128303474 0.028345302500399357 0.036873526309869634 0.049591377331008726 0.02695512597467746 -0.020237996170815734 0.03203986114604794 0.040070086480773676 0.0036216804792448261 0.036873526309869634 0.032513229996552144 0.012971851460198287 0.028138268428586521 0.040070086480773676 0.047775218105028557 0.034517458991511811 0.0024226828708777365 0.026069777674917746 0.024640066924394903 -0.075196364528651055 0.012111495086456148
leaf_weight=20731.475392371416 9611.8078335672617 42086.949788630009 24084.099180914462 4464.1697358489037 9833.6651629954576 3280.8066044300795 13366.808185234666 13413.601848483086 9421.1605936661363 10911.221752762794 15116.405333682895 7149.8079480305314 11010.578279703856 13372.036530598998 195.68654266744852 7807.458114027977 11810.739367634058 8267.7314040511847 10741.639328092337 11623.779380142689 2701.7739356532693 9370.170923486352 9533.1400278508663 6210.5171610563993 7650.9625355154276 1154.5650547668338 2057.8851496353745 4383.9808542430401 41.557069882750511 3289.0203678160906
leaf_count=33152 7851 83817 51423 9985 16997 8694 55619 50967 27458 38995 33108 12982 11279 47848 1217 25487 16398 30895 18106 23882 13407 31112 17116 6754 14526 5477 7518 15493 182 15290
internal_value=0.0349972 0.0332727 0.0372115 0.0300229 0.0272777 0.0243239 0.0304423 0.0196025 0.0351886 0.0330099 0.033677 0.0312488 0.0468675 0.0285234 0.0290383 0.0250692 0.0441658 0.0114594 0.0322476 0.0369987 0.0076794 0.0243863 0.038844 0.0405938 0.0399966 0.0250834 0.0161608 0.0239539 0.018746 0.0109776
internal_weight=304695 266052 120265 145786 95204.2 62835.5 27364.1 35471.4 50581.9 32368.7 78178.5 54094.4 38643.6 46944.6 22199.5 21221.1 29031.8 14250.3 25858 21457.4 10969.5 12778.3 13997.3 18021.3 28382.4 12582.6 3212.45 21086.6 7714.56 3330.58
internal_count=733035 690753 278249 412504 292044 212170 82720 129450 120460 79874 194432 143009 42282 130027 72782 76454 34431 52996 51214 40879 44302 45324 27101 23152 47678 44107 12995 78813 30965 15472
is_linear=0
shrinkage=0.05


Tree=22
num_leaves=31
num_cat=0
split_feature=10 9 8 5 5 4 9 9 5 7 5 11 6 8 10 4 2 5 8 4 7 4 8 4 8 8 8 9 4 0
split_gain=2198.76 1131.5 653.855 398.139 376.695 310.704 286.995 280.318 266.892 277.149 204.469 173.271 164.855 146.059 143.142 139.67 106.676 104.011 100.932 96.7161 96.6123 95.9037 91.4735 166.687 103.666 94.1156 84.0187 202.217 83.545 76.5485
threshold=0.073633704334497466 14.267857074737551 1.0000000180025095e-35 5320895.5000000009 15089427.500000002 17002.200195312504 10.775000095367433 10.535714149475099 1289243.5000000002 0.47834612429142004 5320895.5000000009 -0.05978646129369735 7714069.5000000009 22.500000000000004 0.52484878897666942 197900.00000000003 2399.099975585938 15089427.500000002 33.500000000000007 41954.701171875007 0.53040972352027904 197600.00000000003 43.500000000000007 150300.00000000003 57.500000000000007 66.500000000000014 58.500000000000007 20.944444656372074 197024.50000000003 0.37904910743236547
decision_type=2 2 2 2 2 8 2 2 2 8 2 2 10 2 2 10 2 2 2 8 10 8 2 8 2 2 2 2 8 2
left_child=1 2 5 8 11 -1 14 -4 9 -3 -8 19 16 20 17 26 18 29 21 -5 -9 -13 -6 25 -25 -24 -10 -28 -29 -2
right_child=6 3 7 4 22 -7 10 13 15 -11 -12 12 -14 -15 -16 -17 -18 -19 -20 -21 -22 -23 23 24 -26 -27 27 28 -30 -31
leaf_value=0.037277088110246763 0.042954199217978176 -0.034547404052257549 0.037277088110246763 -0.0056100671734136756 0.031159070993354063 0.031159070993354063 0.042954199217978176 0.031159070993354063 0.031159070993354063 0.027539397903823128 0.037277088110246763 0.026143686913724415 0.031159070993354063 0.035429280114286192 0.054054991339023098 -0.024320929034633388 0.031159070993354063 0.049431992339038555 0.019222968778963064 -0.077305047403553637 0.035429280114286192 0.018085726219233565 0.031159070993354063 0.0061354954116589269 0.021843907780107315 0.021843907780107315 0.031159070993354063 0.019125682011090619 0.0034190709793603365 0.049431992339038555
leaf_weight=8300.2191299647093 13741.624040871859 312.66064693406224 25726.410707518458 71.600732892751694 14453.33330783993 55843.428327709436 9006.3645292669535 21707.967851817608 41610.645250305533 417.21381537616253 14592.382324427366 8656.4226751551032 573.47810883820057 25261.976678058505 5399.6890879869461 115.1174692697823 1132.3854881823063 4403.6093048900366 24145.887750014663 66.243789523839951 5084.0925112515688 4104.4399535432458 8170.3784011304379 1574.7688471972942 796.55637694150209 1984.0036736056209 5607.9298033490777 2542.4083049818873 397.63591029495001 1508.7585658282042
leaf_count=13433 15399 1784 32664 188 42420 124058 12456 44173 119629 1592 25649 37140 1544 45526 4086 627 2905 3839 103788 291 8938 20402 24905 6613 2747 6396 15443 10691 2326 1055
internal_value=0.0333179 0.031483 0.034483 0.0278351 0.0252605 0.0311591 0.0430711 0.0372771 0.0311521 0.000921179 0.0391025 0.0220993 0.0222995 0.0335815 0.0468059 0.0311591 0.0216428 0.044809 0.0211283 -0.0335197 0.0311591 0.02473 0.029799 0.0264269 0.0144727 0.0292151 0.0311591 0.0259976 0.0153503 0.0429542
internal_weight=307310 258657 141924 116733 65729.5 64143.6 48652.4 77780.4 51003.6 729.874 23598.7 38750.5 38612.6 52054 25053.7 50273.7 38039.1 19654 36906.8 137.845 26792.1 12760.9 26979 12525.7 2371.33 10154.4 50158.6 8547.97 2940.04 15250.4
internal_count=732707 670223 268792 401431 249339 137491 62484 131301 152092 3376 38105 166258 165779 98637 24379 148716 164235 20293 161330 479 53111 57542 83081 40661 9360 31301 148089 28460 13017 16454
is_linear=0
shrinkage=0.05


Tree=23
num_leaves=31
num_cat=0
split_feature=2 9 5 5 5 5 9 10 3 6 5 6 10 3 11 8 8 11 7 9 3 8 3 9 7 8 8 11 3 9
split_gain=2184.38 1234.05 728.718 894.352 511.784 537.939 361.429 292.644 209.006 178.096 129.168 103.269 230.429 111.678 191.068 132.313 101.349 101.116 100.169 72.704 69.703 68.2189 81.9039 75.02 64.0316 63.5136 53.9528 52.1433 48.1327 47.2832
threshold=128.00000000000003 14.22499990463257 5320895.5000000009 12130922.500000002 5320895.5000000009 12130922.500000002 7.6833331584930429 0.24646140635013583 0.010001999791711571 7714069.5000000009 1289243.5000000002 3211691.0000000005 -0.049416434019803994 0.0060159999411553153 -0.035261765122413628 33.500000000000007 43.500000000000007 -0.034559885039925568 0.4944437593221665 18.527777671813968 0.0060159999411553153 43.500000000000007 0.032465927302837379 21.267857551574711 0.8175736963748933 79.500000000000014 77.500000000000014 0.12295627593994142 0.18500532954931262 14.348484516143801
decision_type=2 2 2 2 2 2 2 2 8 10 2 8 2 10 2 2 2 2 10 2 8 2 10 2 10 2 2 2 10 2
left_child=1 2 -1 -4 8 9 17 16 18 11 -10 12 -6 14 29 24 -8 -2 -3 27 -7 -22 23 -23 -15 -14 -24 -17 -19 -13
right_child=6 4 3 -5 5 20 7 -9 10 -11 -12 13 25 15 -16 19 -18 28 -20 -21 21 22 26 -25 -26 -27 -28 -29 -30 -31
leaf_value=0.035645791724616481 0.043358338271739537 -0.015803185131481347 0.02946595839727147 0.035645791724616481 -0.074496210067734103 -0.0024220143908381432 0.039502064998178016 0.043358338271739537 0.014629724143706072 0.02946595839727147 0.02946595839727147 -0.0073765673857291818 0.02946595839727147 0.022314994088881223 0.013325475731018013 0.0190018059736855 0.035645791724616481 0.048466012506007426 0.014629724143706072 0.015060821134120923 0.02946595839727147 0.022460083744756942 0.028994140035620536 0.012873683928146959 0.02946595839727147 -0.019913632482962629 0.022460083744756942 0.02946595839727147 0.055933050244476028 -0.037047702012821884
leaf_weight=56104.478231996298 3923.0719670504332 411.43576035648584 50909.057291567326 37362.309399113059 51.996081411838531 187.04741983860731 5071.4157643169165 12520.874879673123 741.32533278316259 520.9406535550952 50717.041801042855 16.31240701675415 2449.123896561563 7181.5031528249383 5500.7625404521823 10012.383885651827 15295.468133077025 7116.2817261219025 186.52143327891827 8848.9881832078099 16441.703864529729 1442.6480988934636 9459.6586899533868 1238.0139472261071 681.95766754448414 64.303009681403637 1815.4513191282749 283.66146795451641 3289.6975300163031 275.35156953334808
leaf_count=88911 4279 2048 121841 59807 232 1054 6402 13926 3388 1398 146572 16 7851 32040 30541 34270 27603 5906 630 45344 47651 4143 28301 6153 2245 265 5897 526 2234 1161
internal_value=0.0315836 0.0298047 0.0329092 0.0299086 0.0260227 0.0231087 0.0414869 0.0385921 0.029466 0.0189541 0.029466 0.0182962 0.0279646 0.0175383 0.0112317 0.0188899 0.0356458 0.0481246 -0.00020651 0.0166433 0.0279821 0.0281694 0.0254654 0.0175846 0.0243542 0.029466 0.0273356 0.0197884 0.0508369 -0.0280786
internal_weight=310121 262904 144376 88271.4 118528 66471.8 47216.8 32887.8 52056.3 35887.3 51458.4 35366.3 2565.42 32800.9 5792.43 27008.5 20366.9 14329.1 597.957 19145 30584.5 30397.5 13955.8 2680.66 7863.46 2513.43 11275.1 10296 10406 291.664
internal_count=732635 672285 270559 181648 401726 249088 60350 47931 152638 155889 149960 154491 8348 146143 31718 114425 34005 12419 2678 80140 93199 92145 44494 10296 34285 8116 34198 34796 8140 1177
is_linear=0
shrinkage=0.05


Tree=24
num_leaves=31
num_cat=0
split_feature=1 8 9 0 8 11 5 8 9 5 7 6 8 2 5 5 6 7 7 8 9 7 8 7 6 5 8 5 9 7
split_gain=2131.98 1628.26 1001.89 578.534 509.987 425.792 285.826 274.848 249.61 221.514 180.247 146.943 142.918 112.372 99.4585 80.7635 75.0792 74.0797 73.0404 71.1788 62.3561 62.0269 61.0331 96.8717 54.4496 87.2901 64.5026 49.9679 48.403 48.4009
threshold=21.500000000000004 1.0000000180025095e-35 10.775000095367433 0.0080972984433174151 43.500000000000007 -0.01728896144777536 5320895.5000000009 15.500000000000002 15.464285850524904 15089427.500000002 0.82505142688751232 3211691.0000000005 12.500000000000002 16567.500000000004 1289243.5000000002 5320895.5000000009 7714069.5000000009 0.61115431785583507 0.24912462383508685 34.500000000000007 19.535714149475101 0.63334861397743236 65.500000000000014 0.4167881458997727 1.0000000180025095e-35 5320895.5000000009 34.500000000000007 5320895.5000000009 11.958333492279055 0.55561870336532604
decision_type=2 2 2 2 2 2 2 2 2 2 10 8 2 2 2 2 10 8 8 2 2 8 2 10 10 2 2 2 2 10
left_child=1 10 5 4 14 15 12 17 -6 19 -1 -10 28 27 18 -3 20 -7 -2 -8 -13 -11 -22 -24 25 26 -16 -9 -4 -27
right_child=3 2 6 -5 8 7 9 13 11 21 -12 16 -14 -15 24 -17 -18 -19 -20 -21 22 -23 23 -25 -26 29 -28 -29 -30 -31
leaf_value=0.029264538661034092 -0.059411478579719748 0.042368429912863215 0.037778124593789847 0.029264538661034092 0.026164528007674062 0.047439642708164045 0.029264538661034092 0.046454636530290111 0.021680222350467217 0.032411455346822542 0.043731536225863933 0.018674052245373437 0.037778124593789847 0.050540843147717 0.026164528007674062 0.037778124593789847 0.021680222350467217 0.060339565826145206 0.007935538273708298 0.037778124593789847 0.01567864142342916 0.037778124593789847 0.0060013595074790392 0.016286631960904036 0.026164528007674062 0.020347779838707874 -0.038645347983393731 0.042368429912863215 0.030268327419891078 0.026164528007674062
leaf_weight=60992.812846913934 46.433352284133434 8486.5975900739431 269.84921577572823 39509.884462870657 8113.0803246796131 1601.6013186722994 17764.928515732288 5953.0023024231195 3066.3325052112341 6900.6401395350695 3896.4988331347704 9931.7546729892492 14122.410534441471 5385.5729332715273 11050.384051240981 14160.329489558935 515.37781952321529 4083.3571743369102 236.73079221695662 4226.6048057675362 15180.280803333968 5856.870815679431 4880.2246255017817 2089.9469074010849 26700.265339896083 14218.53603772819 43.325902834534645 9383.5509888380766 8700.9589670300484 4558.6803750470281
leaf_count=131750 314 9642 184 84075 19478 1713 39894 5436 9542 11141 5507 35435 19846 3989 30452 20269 1472 3297 1008 7169 65974 8627 24588 9089 81907 58734 165 10778 15295 16320
internal_value=0.0296863 0.0334203 0.0373793 0.0251088 0.0230645 0.0426378 0.0329185 0.0469587 0.019006 0.0300478 0.0292645 0.0171959 0.0372351 0.0442747 0.0261645 0.0377781 0.0159098 0.0567233 -0.00344728 0.0292645 0.0153784 0.0359881 0.0138992 0.0100204 0.0261645 0.024006 0.0261645 0.0423684 0.0313831 0.0217936
internal_weight=311927 171786 106896 140141 100631 49054 57842.3 26407.1 43777 34749 64889.3 35663.9 23093.2 20722.1 56854.4 22646.9 32597.6 5684.96 283.164 21991.5 32082.2 12757.5 22150.5 6970.17 56571.2 29870.9 11093.7 15336.6 8970.81 18777.2
internal_count=733090 294537 157280 438553 354478 55124 102156 25213 165578 66831 137257 146100 35325 20203 188900 29911 136558 5010 1322 47063 135086 19768 99651 33677 187578 105671 30617 16214 15479 75054
is_linear=0
shrinkage=0.05


Tree=25
num_leaves=31
num_cat=0
split_feature=10 9 8 6 9 4 5 2 5 8 5 5 9 10 4 4 5 8 4 9 7 6 8 4 6 6 8 7 8 8
split_gain=2141.47 1231.55 873.75 582.322 349.226 315.414 276.088 361.257 217.281 196.237 169.106 170.273 149.361 139.263 133.491 116.91 92.2744 96.628 116.465 82.4543 199.718 75.0715 73.6338 66.1262 152.186 222.82 82.4301 62.9392 61.4905 60.0716
threshold=0.16317073255777362 15.267857074737551 1.0000000180025095e-35 1.0000000180025095e-35 11.958333492279055 17620.000000000004 5320895.5000000009 14240.300292968752 13439690.500000002 65.500000000000014 5320895.5000000009 12130922.500000002 17.774999618530277 -0.077302787452936159 199654.00000000003 90100.000000000015 1289243.5000000002 87.500000000000014 3805.0000000000005 21.916666984558109 0.25717143714427954 1.0000000180025095e-35 45.500000000000007 197600.00000000003 3211691.0000000005 7714069.5000000009 43.500000000000007 0.75016000866889965 43.500000000000007 126.50000000000001
decision_type=2 2 2 10 2 8 2 2 2 2 2 2 2 2 8 10 2 2 10 2 8 10 2 8 10 10 2 10 2 2
left_child=1 2 5 9 -4 -1 -2 8 -8 10 19 13 -11 -12 21 -14 17 18 28 -3 -21 27 -9 -18 -25 26 -26 -6 -5 -28
right_child=6 3 4 16 14 -7 7 22 -10 12 11 -13 15 -15 -16 -17 23 -19 -20 20 -22 -23 -24 24 25 -27 29 -29 -30 -31
leaf_value=0.032860883639617811 0.04475520920956598 0.025966451121321496 0.032860883639617811 0.025966451121321496 0.028209237303777834 0.025966451121321496 0.032860883639617811 0.041262675582363406 0.03965758068028627 0.021736777589091968 -0.076746808691230517 0.023196697023216716 0.01244922382218416 0.01599336647221759 0.025966451121321496 -0.0063235217028022031 0.025966451121321496 0.025966451121321496 -0.069606939865126546 0.011865776311933706 0.023632327918336127 0.030913589066894443 0.052464535921536617 0.024643666310023484 0.019717645050985527 0.024643666310023484 0.013028137004453575 0.030913589066894443 -0.032514197299320896 -0.058849091193136471
leaf_weight=8611.7493275403976 14146.980751678348 8696.2199337184429 35417.56538233161 100.65067072212696 28127.292663261294 56563.116080448031 10531.643213436007 3247.1956818848848 6624.7823030501604 4450.2706410139799 38.619974955916405 12750.092843569815 8447.8576779067516 20113.14381095767 15703.536587804556 918.38602041825652 20112.109184347093 37.346743494272232 76.893352568149567 4067.2267319113016 7490.6271089985967 11838.770116761327 2789.1650607138872 8668.3313269540668 12868.846506893635 1962.8955348581076 6181.3345886021852 2868.1330812573433 59.27730068564415 27.269026562571526
leaf_count=13668 14469 21963 46133 398 55537 123920 16595 3139 7308 12596 166 39634 36580 91174 30845 4823 49814 55 380 14195 22689 18800 2360 24238 45452 4965 26445 4415 369 190
internal_value=0.028001 0.0264812 0.0293454 0.0225875 0.0324933 0.0259665 0.0392405 0.0358732 0.0328609 0.0195078 0.0208882 0.0186725 0.0141949 0.015808 0.0289663 0.0106075 0.0259665 -0.00467394 -0.0198899 0.0244854 0.0212982 0.030452 0.0464543 0.0259665 0.0233209 0.0201039 0.0174333 0.0283816 0.00457855 0.0126936
internal_weight=313537 276198 159130 117067 93955.3 65174.9 37339.8 23192.8 17156.4 66972.4 53155.9 32901.9 13816.5 20151.8 58537.7 9366.24 50095 274.168 236.821 20254.1 11557.9 42834.2 6036.36 49820.8 29708.7 21040.3 19077.5 30995.4 159.928 6208.6
internal_count=733315 689444 293318 396126 155730 137588 43871 29402 23903 243820 189821 130974 53999 91340 109597 41403 152306 1202 1147 58847 36884 78752 5499 151104 101290 77052 72087 59952 767 26635
is_linear=0
shrinkage=0.05


Tree=26
num_leaves=31
num_cat=0
split_feature=0 1 8 9 5 5 5 5 5 5 3 7 7 2 3 3 10 11 8 5 8 7 9 10 8 9 3 9 8 7
split_gain=1976.44 878.237 589.817 497.601 453.582 319.702 324.811 261.917 216.683 176.935 122.523 100.987 89.5619 88.2361 84.3837 81.8175 77.9745 75.7112 69.6816 61.9707 55.7604 59.7189 54.4001 53.4031 44.0751 43.9318 46.7721 42.5025 171.7 41.636
threshold=0.045663053169846542 21.500000000000004 1.0000000180025095e-35 5.0625000000000009 5320895.5000000009 5320895.5000000009 12130922.500000002 15089427.500000002 1289243.5000000002 13439690.500000002 0.010001999791711571 0.30556239187717443 0.24912462383508685 3434.2500000000005 0.033802343532443054 0.1964589133858681 0.14775640517473224 -0.013979076407849787 25.500000000000004 15089427.500000002 84.500000000000014 0.30556239187717443 12.354166507720949 -1.0000000180025095e-35 27.500000000000004 15.464285850524904 0.010001999791711571 21.050000190734867 42.500000000000007 0.67395654320716869
decision_type=2 2 2 2 2 2 2 2 2 2 8 10 8 2 8 10 2 2 2 2 2 10 2 2 2 2 10 2 2 10
left_child=1 2 7 15 -5 8 13 -1 12 -6 11 24 -3 22 18 17 -11 -2 -8 -20 -16 -22 -7 -21 -10 -25 -27 -12 -29 -24
right_child=3 5 -4 4 9 6 14 -9 10 16 27 -13 -14 -15 20 -17 -18 -19 19 23 21 -23 29 25 -26 26 -28 28 -30 -31
leaf_value=0.024676457056110171 0.038157151376108117 -0.031360175598267356 0.029623455668095988 0.038157151376108117 0.029623455668095988 0.020345341867934737 0.016635104327513868 0.029623455668095988 -0.0037570705165992954 0.030639792163828946 0.024676457056110171 0.013430030204637315 0.0079368742706881316 0.024676457056110171 0.024237728205782481 0.051846569964946 0.038157151376108117 0.045936946006792281 0.016635104327513868 -0.073257215338203591 0.016635104327513868 0.024676457056110171 0.014880989776395079 0.016635104327513868 -0.035019591614572486 -0.04185388469745982 -0.001440758997822038 0.023617375636718424 0.01709159135545461 0.017958361163385405
leaf_weight=49675.522505179048 4168.9438907206059 188.62762968614697 59754.872609049082 19395.790902093053 21079.685295552015 762.64162403345108 724.11309143900871 16349.423072874546 82.713091880083084 4199.9540598094463 25315.246845170856 338.16294553130865 603.70207856595516 1122.3687176853418 29526.649020798504 2554.7654378116131 6543.6906314790249 5012.6840997934341 49.75190894305706 36.683384045958519 941.87190129607916 717.1396602243185 33608.335477106273 39.062884449958801 195.44759385287762 103.01254383474588 137.50835040956736 17073.596371561289 10839.048911869526 3871.9637747257948
leaf_count=110245 4834 1105 103335 22730 32966 1466 2417 27563 363 6121 59915 1256 2491 2773 85396 1838 7311 4129 134 167 3327 1894 143230 82 1040 718 530 49574 39836 14273
internal_value=0.0266506 0.0246708 0.0276286 0.0345761 0.032445 0.0217243 0.0195256 0.0246765 0.0246064 0.0296235 0.0246765 0.0021836 -0.00147386 0.0164752 0.0232448 0.0438693 0.0362373 0.0416388 0.00954724 -0.0083438 0.023723 0.0166351 0.0160142 -0.01815 -0.0209442 -0.0104506 -0.0195166 0.0246765 0.0225583 0.0155714
internal_weight=315013 252057 125780 62955.5 51219.1 126278 71641.1 66024.9 54636.5 31823.3 53844.2 616.324 792.33 39365.3 32275.8 11736.4 10743.6 9181.63 1090.13 366.019 31185.7 1659.01 38242.9 316.267 278.161 279.584 240.521 53227.9 27912.6 37480.3
internal_count=733059 653130 241143 79929 69128 411987 256407 137808 155580 46398 151984 2659 3596 161742 94665 10801 13432 8963 4048 1631 90617 5221 158969 1497 1403 1330 1248 149325 89410 157503
is_linear=0
shrinkage=0.05


Tree=27
num_leaves=31
num_cat=0
split_feature=2 6 6 5 5 14 5 1 8 1 1 5 1 8 11 3 11 0 8 7 8 5 6 8 7 8 7 3 7 6
split_gain=1859.45 1057.46 907.232 734.543 1211.34 803.639 500.728 363.917 357.372 348.787 294.374 260.849 648.549 324.138 236.064 214.289 158.604 140.344 163.416 131.777 126.767 125.096 188.474 115.489 111.008 105.647 105.585 104.555 97.6818 95.8294
threshold=1464.3000488281252 3211691.0000000005 7714069.5000000009 5320895.5000000009 12130922.500000002 1.0000000180025095e-35 1289243.5000000002 21.500000000000004 1.0000000180025095e-35 21.500000000000004 21.500000000000004 10052930.500000002 21.500000000000004 1.0000000180025095e-35 -0.035401016473770135 0.010001999791711571 -0.025937951169908043 0.016326801851391796 102.50000000000001 0.29989059269428259 11.500000000000002 10052930.500000002 3211691.0000000005 31.500000000000004 0.85612499713897716 1.0000000180025095e-35 0.44452822208404547 0.0041960095986723909 0.86670219898223888 3211691.0000000005
decision_type=2 8 10 2 2 2 2 2 2 2 2 2 2 2 2 10 2 2 2 8 2 2 10 2 10 2 10 10 10 10
left_child=1 -1 3 6 5 8 -3 25 21 -6 16 12 -7 24 -10 19 -2 18 -11 -9 -16 22 -5 -21 -13 26 -8 -14 -15 -17
right_child=10 2 -4 4 9 11 7 15 14 17 -12 13 27 28 20 29 -18 -19 -20 23 -22 -23 -24 -25 -26 -27 -28 -29 -30 -31
leaf_value=0.029668611884165669 0.034026472577150947 -0.0060734832942478702 0.029668611884165669 0.029668611884165669 0.029104452994722342 0.028491169715618887 0.026059572213088286 -0.017868699712872391 -0.0043204390717545638 0.019946283261338689 0.029668611884165669 0.003221836297191848 -0.033357170586487378 0.017270816512673641 0.029668611884165669 0.022792516429061046 0.041034320756172298 0.02519819548439961 -0.018503269562993672 0.012373090973557668 0.014038578573653022 -0.0065171553217315747 0.0024848854339539128 0.021060017138735222 0.023925541043473116 0.029668611884165669 0.029668611884165669 0.01510965294982749 0.029668611884165669 0.026059572213088286
leaf_weight=35724.838672176003 8654.9150622934103 1242.3514517880976 9620.1124903410673 182.78227943181992 28852.272296696901 16684.622733905911 12999.343151405454 260.184759542346 1787.8872852921486 23926.813738510013 14660.131561815739 6107.7837759405375 110.15864641219378 19851.54947797209 364.57271385192871 27104.91547581926 18696.849569290876 4171.2750167548656 278.10030884295702 5363.6525762155652 9425.1823083460331 4764.7666770666838 2777.3733144551516 6860.9355937168002 722.34802550077438 24322.902935758233 4945.3923662155867 17922.01472146064 720.07919271290302 7728.5051803961396
leaf_count=68169 10939 4579 15953 253 46994 30828 25205 1325 4663 74486 25202 18540 682 70308 414 75866 17730 8002 1176 18715 38433 17783 7824 20857 1423 35581 7286 65672 1676 16885
internal_value=0.0255187 0.0240207 0.02276 0.0219471 0.0196568 0.0157379 0.0254429 0.0258801 0.00682573 0.0252316 0.0353165 0.0185069 0.0213863 0.0148575 0.0123822 0.0228654 0.0383843 0.0212919 0.019503 0.0172392 0.0154329 -0.00150305 0.00656678 0.0179892 0.0054178 0.0292537 0.0260596 0.0148099 0.0179908 0.0248809
internal_weight=316835 274823 239098 229478 138650 81421.1 90828.2 89585.8 19302.6 57228.5 42011.9 62118.6 34716.8 27401.8 11577.6 47318.2 27351.8 28376.2 24204.9 12484.8 9789.76 7724.92 2960.16 12224.6 6830.13 42267.6 17944.7 18032.2 20571.6 34833.4
internal_count=733449 679578 611409 595456 389157 258499 206299 201720 69370 130658 53871 189129 97182 91947 43510 133648 28669 83664 75662 40897 38847 25860 8077 39572 19963 68072 32491 66354 71984 92751
is_linear=0
shrinkage=0.05


Tree=28
num_leaves=31
num_cat=0
split_feature=0 6 4 5 5 9 1 9 3 9 4 8 8 8 4 6 6 4 8 8 4 9 8 8 4 0 2 2 7 8
split_gain=1694.25 1019.08 695.748 601.037 1214.98 785.967 487.235 440.797 412.039 351.489 262.067 243.912 177.852 156.524 193.474 154.305 230.794 151.232 147.207 104.63 111.278 110.147 95.5323 84.0328 83.1722 77.7198 77.2266 73.6083 69.8479 118.585
threshold=0.091287881135940566 1.0000000180025095e-35 198400.00000000003 10052930.500000002 12130922.500000002 15.041666507720949 21.500000000000004 17.522727012634281 0.1744116693735123 7.9444444179534921 39633.500000000007 56.500000000000007 99.500000000000014 13.500000000000002 33020.000000000007 3211691.0000000005 7714069.5000000009 22040.000000000004 43.500000000000007 33.500000000000007 43020.000000000007 20.944444656372074 104.50000000000001 22.500000000000004 37990.000000000007 0.014319890644401314 3675.099975585938 1464.3000488281252 0.011134954635053875 101.50000000000001
decision_type=2 10 8 2 2 2 2 2 10 2 10 2 2 2 8 10 10 10 2 2 10 2 2 2 10 2 2 2 10 2
left_child=1 3 -3 5 8 10 -4 24 13 26 -1 19 -13 14 -5 22 27 -10 -11 20 -7 -21 -8 -12 -6 -26 -2 -17 29 -14
right_child=9 2 6 4 7 11 15 -9 17 18 23 12 28 -15 -16 16 -18 -19 -20 21 -22 -23 -24 -25 25 -27 -28 -29 -30 -31
leaf_value=0.0282833722538962 0.035414434456191045 0.0282833722538962 0.025567092010063099 0.011741651610534859 0.0282833722538962 0.022701601398247562 0.021819152067040937 0.015421231744805048 0.02785882587198062 0.034643298894684461 0.022701601398247562 0.0074537425720651342 0.0052083647698205199 0.011386842428665179 -0.00013580086898370571 0.012991586249679438 0.021819152067040937 0.014693075260440362 0.0282833722538962 0.020167348646031084 0.014057193314891412 0.01197468970835712 -0.069247473689109926 0.025492486826071883 0.021407814678876799 0.02598463119200646 0.042502669434734595 0.021819152067040937 0.022701601398247562 -0.053959937499392922
leaf_weight=21805.170382425189 6706.4279905855656 43821.289088435471 49654.996276855469 5177.6208517551422 12012.932564690709 7855.4779016077518 9271.5337855219841 11618.175797000527 3345.7359504103661 9946.5552377998829 9754.2684330940247 7656.3662665002048 63.977993503212929 12701.141160160303 10141.745811522007 20607.213178500533 2059.1769251823425 6292.909206584096 11421.17342326045 13031.041806355119 3902.3820336982608 6005.01319045946 31.114151909947395 10376.077014803886 7106.7291071712971 3655.9353768080473 9341.7949509620667 517.34502559900284 1362.1655472740531 96.937723442912102
leaf_count=33991 7286 83887 87849 13501 20203 22213 25123 38593 9118 11307 19876 29288 160 51874 33948 75105 5101 21202 16160 36869 13593 25002 158 17492 15255 5791 7675 859 4149 484
internal_value=0.0239545 0.0226185 0.0259543 0.019889 0.0165571 0.0228195 0.0228508 0.023351 0.0103514 0.0339483 0.027602 0.0178012 0.0106438 0.00728302 0.00387953 0.0180712 0.0157891 0.019268 0.0297413 0.0199339 0.0227016 0.0175845 0.0218192 0.0227016 0.0273944 0.0236859 0.0395453 0.0136178 0.0227016 -0.0122849
internal_weight=317340 279924 125963 153962 72052.9 81908.9 82141.4 34393.8 37659.2 37416 41935.5 39973.4 9179.45 28020.5 15319.4 32486.4 23183.7 9638.65 21367.7 30793.9 11757.9 19036.1 9302.65 20130.3 22775.6 10762.7 16048.2 21124.6 1523.08 160.916
internal_count=733112 690684 278082 412602 209485 203117 194195 79842 129643 42428 71359 131758 34081 99323 47449 106346 81065 30320 27467 97677 35806 61871 25281 37368 41249 21046 14961 75964 4793 644
is_linear=0
shrinkage=0.05


Tree=29
num_leaves=31
num_cat=0
split_feature=10 1 5 5 6 2 5 6 5 5 9 5 14 9 11 9 10 9 3 3 7 7 2 3 7 6 6 10 2 7
split_gain=1614.53 1114.99 624.05 641.525 320.706 259.836 277.047 241.246 247.371 206.327 155.942 149.636 145.294 125.184 116.652 106.269 131.569 90.6773 83.9716 71.0328 63.9847 57.7174 73.0925 63.846 53.049 42.571 42.0975 99.6648 72.9462 42.6945
threshold=0.16680990904569629 21.500000000000004 5320895.5000000009 15089427.500000002 3211691.0000000005 10298.250000000002 5320895.5000000009 7714069.5000000009 5320895.5000000009 13439690.500000002 18.22500038146973 13439690.500000002 1.0000000180025095e-35 16.937500000000004 -0.043046252802014344 12.949999809265138 -0.055080883204936974 13.845237731933596 0.018871096894145015 0.16075100004673007 0.23431457579135898 0.28566965460777288 3972.6499023437505 0.18657371401786807 0.69240385293960582 3211691.0000000005 3211691.0000000005 -0.025527597405016419 2900.849975585938 0.5004003942012788
decision_type=2 2 2 2 8 2 2 10 2 2 2 2 2 2 2 2 2 2 8 8 10 10 2 10 10 10 10 2 2 10
left_child=1 2 -1 -4 -3 6 -2 8 10 14 -6 -8 -12 -11 15 -10 -17 25 -15 -7 -20 22 23 -18 -19 -16 27 28 -14 -29
right_child=5 4 3 -5 7 19 11 -9 9 13 12 -13 26 18 17 16 21 24 20 -21 -22 -23 -24 -25 -26 -27 -28 29 -30 -31
leaf_value=0.02697125806835627 0.034283630258662025 0.021226105207004083 0.021226105207004083 0.02697125806835627 0.021226105207004083 0.034283630258662025 0.02697125806835627 0.021226105207004083 0.0068296789585946018 0.021226105207004083 0.011097650072566934 0.034283630258662025 -0.072987528127845133 -0.0088154233514649676 0.021226105207004083 -0.08197951720226776 -0.043776458762812678 0.011471383864729578 0.013648478725745837 0.041539308483725543 0.01851699858964995 -0.0009711702361552034 -0.0090040604033999432 -0.01975097894177592 0.016679515141798853 0.016679515141798853 0.018971871673959792 0.01503987082213932 -0.010421274536537599 0.018971871673959792
leaf_weight=55771.462068602443 9454.7616108506918 14270.614070735872 56411.327695161104 33439.509821161628 19456.499672353268 3403.2304516285658 9081.1846245229244 2865.0602167248726 748.87416924536228 5969.2895644456148 8343.9658289179206 5917.2987827509642 60.667818680405617 339.88596442341805 2158.3108519911766 56.822067514061928 329.45411887764931 31977.737742111087 11925.475545652211 7947.4460128396749 10467.677895992994 681.78471191227436 180.50971737504005 158.00990444421768 3540.6841388866305 552.62830190360546 4528.1226273849607 12408.514960374683 22.217122420668602 4904.8763933181763
leaf_count=86735 10603 35106 126563 52105 42472 3617 14940 6450 1414 11519 30323 6815 274 1688 4052 241 1242 135820 39238 7398 30966 1729 385 449 12730 1371 10860 41512 32 14340
internal_value=0.0226065 0.0213344 0.0243748 0.021651 0.0180774 0.0326081 0.0296995 0.0170221 0.0164111 0.0144745 0.0191012 0.0269713 0.0167176 0.0177164 0.0121696 0.000851666 -0.00877202 0.0128077 0.0158079 0.0388677 0.0161824 -0.0055734 -0.017037 -0.0304979 0.0121329 0.0212261 0.0188553 0.0165005 -0.0376064 0.0167639
internal_weight=317374 281570 145622 89850.8 135948 35803.9 24453.2 121677 118812 69087.1 49724.9 14998.5 30268.4 28702.3 40384.8 2155.45 1406.58 38229.4 22733 11350.7 22393.2 1349.76 667.974 487.464 35518.4 2710.94 21924.4 17396.3 82.8849 17313.4
internal_count=732989 689616 265403 178668 424213 43373 32358 389107 382657 242844 139813 21755 97341 83411 159433 5460 4046 153973 71892 11015 70204 3805 2076 1691 148550 5423 67018 56158 306 55852
is_linear=0
shrinkage=0.05


Tree=30
num_leaves=31
num_cat=0
split_feature=0 1 8 3 5 5 1 2 7 5 7 0 8 5 3 3 5 8 7 8 0 5 3 3 8 7 5 2 5 11
split_gain=1616.16 785.281 734.388 327.865 279.965 373.884 240 172.835 171.708 163.262 127.191 88.2421 96.5936 73.3605 76.0387 70.5662 75.0316 69.3503 153.522 108.546 55.4856 54.0065 48.1914 46.8286 57.8494 47.7586 41.4309 40.262 33.9995 26.8764
threshold=0.091287881135940566 21.500000000000004 1.0000000180025095e-35 0.010001999791711571 5320895.5000000009 12130922.500000002 19.500000000000004 2692.6999511718755 0.69984984397888195 1289243.5000000002 0.69240385293960582 1.0000000180025095e-35 43.500000000000007 5320895.5000000009 0.31545834243297582 0.077695716172456755 10052930.500000002 43.500000000000007 0.30912230908870703 22.500000000000004 0.022305141203105453 15089427.500000002 0.12773632258176806 0.11761099845170976 55.500000000000007 0.65004602074623119 5320895.5000000009 1.0000000180025095e-35 13439690.500000002 0.44098219275474554
decision_type=2 2 2 8 2 2 2 2 10 2 10 2 2 2 10 8 2 2 10 2 2 2 10 8 2 10 2 2 2 2
left_child=1 2 8 17 9 10 7 26 -1 -5 11 12 -6 29 28 16 -4 19 20 21 -19 -3 -13 24 -7 -26 -2 -21 -15 -9
right_child=6 3 15 4 5 23 -8 13 -10 -11 -12 22 -14 14 -16 -17 -18 18 -20 27 -22 -23 -24 -25 25 -27 -28 -29 -30 -31
leaf_value=0.020026017554658854 0.032856209360340428 0.0042177364915594066 0.023858105152147469 0.0049841330500250266 0.012738536290403727 0.017979063617635179 0.025617665742433168 0.039230344754452001 0.025617665742433168 0.020026017554658854 0.020026017554658854 0.012738536290403727 0.0069046364902036975 0.032856209360340428 0.042479431429596731 0.025617665742433168 0.020026017554658854 -0.043354789783687925 0.0049841330500250266 -0.058642778692269061 -0.012179075835227766 -0.041692073795914587 0.015874683564912048 0.020026017554658854 0.0049841330500250266 0.018212506673949875 0.029439798711313275 0.0049841330500250266 0.037667820394968576 0.048548990832822027
leaf_weight=58531.368530720472 4779.9385567009449 301.74876682460308 9830.5513554513454 864.27951017394662 15309.894031494856 8244.7382345497608 7122.1066127121449 5469.7659391462803 7647.6475377082825 57887.356817610562 4152.5533330962062 4294.3569204360247 12475.145765148103 6558.9508887380362 2239.8226105719805 59997.570385113358 6250.351097792387 240.90599791333079 403.15399602800608 172.39625006914139 86.638543099164963 79.223906248807907 7726.5278463810682 25320.882485724986 1228.27506185323 139.58796089887619 6440.3873978108168 10.672019734978674 3411.6479028016329 951.16413304209709
leaf_count=124858 5031 1416 16401 3652 65024 23318 10795 4802 12211 154519 13720 12271 57384 7485 1871 96653 12284 1584 1459 898 227 459 19396 68882 3823 295 8811 12 3075 621
internal_value=0.0213498 0.0200574 0.022669 0.017383 0.0176186 0.0156679 0.031178 0.0332619 0.020026 0.020026 0.0125983 0.0117233 0.0101734 0.0362726 0.0339774 0.0256177 0.0220985 -0.00765035 0.00252019 -0.0207883 -0.0293423 -0.00549716 0.0153037 0.0195296 0.016399 0.00686286 0.0294398 -0.0522066 0.0328562 0.0406254
internal_weight=318170 281196 142257 138938 137644 78892 36973.8 29851.7 66179 58751.6 43958.5 39805.9 27785 18631.4 12210.4 76078.5 16080.9 1294.74 730.699 564.041 327.545 380.973 12020.9 34933.5 9612.6 1367.86 11220.3 183.068 9970.6 6420.93
internal_count=733237 690746 262407 428339 422284 264113 42491 31696 137069 158171 167795 154075 122408 17854 12431 125338 28685 6055 3270 2785 1811 1875 31667 96318 27436 4118 13842 910 10560 5423
is_linear=0
shrinkage=0.05


Tree=31
num_leaves=31
num_cat=0
split_feature=2 6 6 4 9 1 6 4 3 8 6 8 1 8 11 6 10 8 9 3 8 8 9 8 10 8 9 11 8 10
split_gain=1543.33 836.348 801.508 537.51 565.844 397.52 255.134 241.055 188.664 185.667 148.826 139.855 124.597 209.7 97.4551 65.8466 73.1911 65.9057 64.086 52.617 48.7635 50.8728 47.0075 43.7232 42.7417 31.2916 30.6639 128.751 33.0811 45.3342
threshold=1506.2500000000002 3211691.0000000005 7714069.5000000009 199654.00000000003 15.22499990463257 21.500000000000004 3211691.0000000005 17002.200195312504 0.0060159999411553153 22.500000000000004 1.0000000180025095e-35 33.500000000000007 21.500000000000004 1.0000000180025095e-35 -0.025937951169908043 3211691.0000000005 -0.033011505380272858 103.50000000000001 5.9500000476837167 0.73043215274810802 43.500000000000007 66.500000000000014 20.22500038146973 90.500000000000014 0.30341003835201269 204.50000000000003 12.464285850524904 -0.063675213605165468 65.500000000000014 0.066437397152185454
decision_type=2 8 10 8 2 2 10 10 8 2 10 2 2 2 2 10 2 2 2 10 2 2 2 2 2 2 2 2 2 2
left_child=1 23 3 4 6 10 7 -3 -5 -9 14 -6 13 -10 -2 16 -14 20 -16 -12 -17 26 -23 -1 -7 -19 -22 -28 -29 -30
right_child=5 2 -4 8 11 24 -8 9 12 -11 19 -13 15 -15 18 17 -18 25 -20 -21 21 22 -24 -25 -26 -27 27 28 29 -31
leaf_value=0.024223150596737922 0.028655388259473259 0.024223150596737922 0.024223150596737922 -0.079707586207347914 0.018738437221163248 0.024223150596737922 0.024223150596737922 0.018738437221163248 0.012901817601133439 0.021480793908950583 0.03745614977896377 0.01598938032038183 -0.033159017418912168 0.01598938032038183 0.039890550331184688 0.011311148510215176 0.012901817601133439 -0.032712037315944867 0.031448861522267224 0.057309320819801696 0.012901817601133439 0.012901817601133439 -0.020772954037334236 -0.017546893437268434 0.028655388259473259 0.012901817601133439 -0.033159017418912168 0.0060707464385164134 -0.011292706172116671 0.0083714888657592888
leaf_weight=35634.141600497067 5741.2577904015779 13103.403885915875 9663.0320358276367 52.50630234181881 24702.794976323843 12430.84996573627 15291.44245788455 36463.889931738377 21554.027318820357 21517.580486342311 8909.794200450182 55786.464325059205 112.39802329242229 18112.186138391495 3092.4806024432182 12966.731004588306 4213.2490216642618 132.86542121320963 8661.5385128259659 352.73017682135105 279.27625493705273 964.86595349013805 119.46693267673254 164.77974231541157 1945.3529669940472 9.8417673557996732 81.762294828891754 5774.2861931100488 654.70002998411655 186.95601706206799
leaf_count=67581 7900 20748 15881 239 77522 22815 23494 75567 51963 37028 8584 183197 415 30959 2490 44774 17695 691 9488 182 497 2777 739 509 2368 17 315 21861 3508 439
internal_value=0.0203736 0.0190338 0.0179326 0.0171621 0.0186666 0.0294125 0.0214875 0.0199708 0.0133122 0.0187384 0.0330876 0.0159894 0.0133896 0.015143 0.030364 0.0106606 0.0129018 0.00918164 0.0336763 0.0382244 0.00941228 0.00635587 0.0129018 0.0242232 0.0242232 -0.0244641 0.00466906 0.00384116 0.00472101 -0.00453148
internal_weight=318677 277543 241744 232081 166866 41134 86376.3 71084.9 65215.1 57981.5 26757.8 80489.3 65162.6 39666.2 17495.3 25496.4 4325.65 21170.8 11754 9262.52 21028 8061.31 1084.33 35798.9 14376.2 142.707 6976.98 6697.7 6615.94 841.656
internal_count=732243 678416 610326 594445 417556 53827 156837 133343 176889 112595 28644 260719 176650 82922 19878 93728 18110 75618 11978 8766 74910 30136 3516 68090 25183 708 26620 26123 25808 3947
is_linear=0
shrinkage=0.05


Tree=32
num_leaves=31
num_cat=0
split_feature=10 6 4 9 9 5 5 1 4 2 6 6 8 8 4 6 10 8 7 5 9 8 5 5 5 5 8 8 8 8
split_gain=1393.58 826.902 462.792 411.846 381.469 564.088 482.495 266.627 201.414 166.787 138.44 199.506 119.268 115.668 107.981 102.611 102.109 93.7092 84.1855 72.1439 70.319 87.9261 69.0524 68.0287 67.067 63.6246 58.4884 58.3705 73.4708 116.87
threshold=0.073633704334497466 1.0000000180025095e-35 198400.00000000003 12.464285850524904 15.354166507720949 10052930.500000002 12130922.500000002 21.500000000000004 39440.000000000007 3675.099975585938 3211691.0000000005 7714069.5000000009 41.500000000000007 1.0000000180025095e-35 38040.000000000007 7714069.5000000009 0.52484878897666942 22.500000000000004 0.25029273331165319 5320895.5000000009 18.038461685180668 56.500000000000007 13439690.500000002 15089427.500000002 1289243.5000000002 5320895.5000000009 104.50000000000001 22.500000000000004 89.500000000000014 62.500000000000007
decision_type=2 10 8 2 2 2 2 2 10 2 10 10 2 2 10 10 2 2 8 2 2 2 2 2 2 2 2 2 2 2
left_child=1 4 -3 9 5 8 -7 13 -1 -2 26 18 14 15 -6 -4 23 -10 -12 20 -20 -22 27 -11 -14 -5 -9 -21 29 -29
right_child=3 2 7 25 12 6 -8 10 17 16 11 -13 24 -15 -16 -17 -18 -19 19 22 21 -23 -24 -25 -26 -27 -28 28 -30 -31
leaf_value=0.022436923788075359 0.026584616946727514 0.022436923788075359 0.017459183029176869 0.026584616946727514 0.014930359285881434 0.014930359285881434 0.022436923788075359 0.017459183029176869 0.014930359285881434 0.030311274981691519 -0.070748711365992145 0.017459183029176869 -0.01649153157903132 0.020300160252177225 0.010651882243993719 0.020300160252177225 0.04086854483294567 0.019928397241114282 0.017459183029176869 0.0086939568878483201 0.011767580828835843 -0.01018047893453883 0.010509946281507828 0.036327387209283891 0.010396284793108536 0.022436923788075359 -0.067776803345400705 -0.00099291460891551015 0.017459183029176869 -0.030235173641597148
leaf_weight=21582.240790635347 13054.103833124042 41743.975306987762 24601.585041508079 6489.2561147361994 17701.541263833642 23576.069165036082 18228.544547721744 9372.4893546849489 10012.231569126248 9894.4333548545837 30.137808859348297 2060.6326684802771 231.92217729613185 21005.988437846303 15108.922103621066 3591.137531876564 4147.6738011837006 10893.379499316216 3028.3991495966911 1679.0346060246229 7697.2386220246553 483.57867365330458 5737.6030729711056 2721.9631775468588 31676.234175279737 10620.50479015708 28.164766974747181 1674.0131374746561 75.731136575341225 312.02643591910601
leaf_count=34776 16243 80332 48891 9717 56440 64753 30101 24617 19900 10710 148 4969 1267 32965 51983 5373 3234 19842 7365 8075 26486 2556 19200 2356 119678 20171 147 8058 269 1982
internal_value=0.0191442 0.0177717 0.0208041 0.0271022 0.0152659 0.0174829 0.0149304 0.0181634 0.021722 0.0307323 0.0146182 0.0122996 0.0123778 0.0203002 0.0144952 0.0174592 0.0340379 0.0174199 0.0101537 0.0102784 0.0129939 0.010468 0.0070649 0.0317862 0.0101998 0.0224369 0.0174592 0.00177813 -0.00385685 -0.00629749
internal_weight=319061 272133 123122 46927.9 149011 84292.5 41804.6 81377.8 42487.9 29818.2 32179 22778.4 64718.6 49198.7 32810.5 28192.7 16764.1 20905.6 20717.8 20687.6 11209.2 8180.82 9478.41 12616.4 31908.2 17109.8 9400.65 3740.81 2061.77 1986.04
internal_count=732604 670173 271433 62431 398740 169372 94854 191101 74518 32543 103872 79108 229368 87229 108423 54264 16300 39742 74139 73991 36407 29042 37584 13066 120945 29888 24764 18384 10309 10040
is_linear=0
shrinkage=0.05


Tree=33
num_leaves=31
num_cat=0
split_feature=10 6 14 7 6 6 5 5 5 5 8 1 9 5 5 14 1 11 9 9 8 9 3 9 8 0 5 10 11 3
split_gain=1458.78 870.932 513.219 467.464 373.793 584.625 323.767 404.114 320.184 598.437 480.708 325.552 206.963 205.123 251.878 155.992 126.33 97.0331 94.2969 93.666 122.462 117.371 88.7441 85.2096 69.8248 146.68 95.3977 69.5898 69.4297 63.5724
threshold=0.073633704334497466 1.0000000180025095e-35 1.0000000180025095e-35 0.73856505751609813 3211691.0000000005 7714069.5000000009 5320895.5000000009 13439690.500000002 10052930.500000002 12130922.500000002 21.500000000000004 21.500000000000004 21.550000190734867 5320895.5000000009 15089427.500000002 1.0000000180025095e-35 14.500000000000002 -0.11715608090162276 9.6904764175415057 15.464285850524904 31.500000000000004 19.708333015441898 0.27205914258956915 4.9285714626312265 43.500000000000007 0.014319890644401314 5320895.5000000009 0.18921613693237307 -0.054738780483603471 1.0000000180025095e-35
decision_type=2 10 2 10 10 10 2 2 2 2 2 2 2 2 2 2 2 2 2 2 2 2 8 2 2 2 2 2 2 10
left_child=1 3 4 8 24 12 23 -8 11 10 15 -1 13 -6 -15 -10 -5 -13 -9 -19 -21 -22 -20 -2 -3 26 -26 -25 -12 -29
right_child=6 2 -4 16 5 -7 7 18 9 -11 28 17 -14 14 -16 -17 -18 19 22 20 21 -23 -24 27 25 -27 -28 29 -30 -31
leaf_value=0.017856894225111924 0.041744922287640734 0.022012041676476409 0.022012041676476409 0.022012041676476409 0.018778059845595683 0.022012041676476409 0.022012041676476409 0.037389419570619073 -0.0067328093101014577 0.016304946466862626 -0.0031574562263698503 -0.06160470207133021 0.0077065955662573103 0.011333712372005146 0.01963509514300589 0.003834256145989107 0.017856894225111924 0.015289137863342812 0.022012041676476409 0.013360134565373927 0.011996586120552061 0.0046252746451565562 0.032638510109578127 0.025703650876045588 0.014207334321508612 0.022012041676476409 -0.0061284104441739094 0.02939367251075109 0.01248311040008924 0.035916878725630312
leaf_weight=30197.403605937958 2066.2836095392704 21640.254915460944 42637.889842040837 9649.3508232235909 17574.754873037338 7409.7208290547132 19129.016559109092 4722.3869117796421 5619.2821323275566 29639.283083759248 737.79480400681496 41.922087699174881 13677.148613773286 8314.1026034131646 9151.0689714476466 9220.1988555639982 6768.5941954776645 7411.0646833926439 3164.5119384974241 9838.9626047313213 13264.631201975048 9113.8818060010672 2786.0700999647379 4601.4935017377138 1355.4809455573559 1407.8835805803537 909.62330430746078 3580.5267927050591 18067.402618587017 7235.094912648201
leaf_count=52544 1571 40686 81086 14314 34096 12884 29782 4186 19753 70584 1574 138 53067 22800 17031 25566 19668 15160 4711 30405 40319 39242 3555 6675 3822 2425 3357 4354 69666 7594
internal_value=0.0186579 0.0172563 0.0203536 0.0146867 0.0175448 0.0152576 0.0267678 0.0235949 0.0137017 0.0111247 0.00656052 0.0160355 0.0129246 0.0149608 0.0113337 -0.000167554 0.022012 0.0127214 0.032098 0.0128031 0.0114311 0.00899522 0.0278876 0.0321728 0.022012 0.0149223 0.00640263 0.0308846 0.0118692 0.0330837
internal_weight=320933 273648 124078 149570 81440 56126.8 47285.4 29802 133152 63284 33644.7 69867.9 48717.1 35039.9 17465.2 14839.5 16417.9 39670.5 10673 39628.5 32217.5 22378.5 5950.58 17483.4 25313.2 3672.99 2265.1 15417.1 18805.2 10815.6
internal_count=732615 670187 271254 398933 190168 139878 62428 42234 364951 187143 116559 177808 126994 73927 39831 45319 33982 125264 12452 125126 109966 79561 8266 20194 50290 9604 7179 18623 71240 11948
is_linear=0
shrinkage=0.05


Tree=34
num_leaves=31
num_cat=0
split_feature=2 5 5 5 9 8 1 9 9 8 4 4 11 5 5 5 14 4 2 4 8 9 4 8 8 4 0 11 4 10
split_gain=1225.13 746.7 1249.12 541.676 461.393 401.318 379.638 351.215 335.113 277.524 251.806 184.886 165.005 115.895 154.667 90.6519 79.375 70.8186 70.8098 70.246 68.8832 115.979 64.0588 60.9663 99.5127 58.8522 77.7989 75.3563 135.628 57.206
threshold=1506.2500000000002 5320895.5000000009 12130922.500000002 10052930.500000002 21.916666984558109 1.0000000180025095e-35 21.500000000000004 12.050000190734865 12.267857074737551 43.500000000000007 inf 27670.000000000004 -0.11958907917141913 5320895.5000000009 12130922.500000002 1289243.5000000002 1.0000000180025095e-35 7402.0000000000009 17860.149414062504 176700.00000000003 43.500000000000007 19.708333015441898 52044.099609375007 23.500000000000004 33.500000000000007 97020.000000000015 0.009009740315377714 -0.019942849874496456 97020.000000000015 -0.033198051154613488
decision_type=2 2 2 2 2 2 2 2 2 2 8 8 2 2 2 2 2 8 2 10 2 2 10 2 2 8 2 2 10 2
left_child=1 4 3 8 15 11 -4 13 10 19 -3 -5 -10 22 18 -1 29 -7 -15 -6 -18 -22 -2 -19 -25 26 -26 28 -27 -14
right_child=7 2 6 5 9 17 -8 -9 12 -11 -12 -13 16 14 -16 -17 20 23 -20 -21 21 -23 -24 24 25 27 -28 -29 -30 -31
leaf_value=0.017512547108757239 0.036463555742386626 0.020956595281010626 0.020956595281010626 0.0080661581895193814 0.017512547108757239 0.020956595281010626 0.015045175685377067 0.020956595281010626 -0.090435473323160376 0.0079899482304869665 0.013368432467183318 -0.0056811435575801032 -0.011333086868821993 0.025135576720143622 0.033996605499798306 0.020956595281010626 0.013368432467183318 0.0061154135847167751 0.033792884618098006 -0.062530771260899579 0.012075700091233712 0.0018868084549726897 0.026068063312321602 0.014865099773030511 0.0067752895322325665 -0.0068411864300129306 0.014865099773030511 0.005346853372008329 -0.079221720184894262 0.0062775984489946189
leaf_weight=1012.8844293877482 6535.7786092609167 17659.290473356843 37774.668850541115 3402.7999057322741 18429.401022523642 825.77626064419746 34126.257669366896 15430.193334311247 39.249729305505753 11585.764932598919 11143.027407079935 8681.087165042758 495.21982169151306 8178.0009659379721 5584.4444904178381 83228.983683273196 7976.0040614008904 11453.957258686423 2883.5004575401545 25.901635102927685 8613.4710567370057 4133.9342774935067 1950.3974601328373 1655.8209771066904 6032.8572337701917 315.1397799551487 3433.5820830911398 1419.3876990452409 73.824520841240883 6383.0350875556469
leaf_count=2990 5835 31589 59341 8378 51105 1854 94786 26918 160 41437 23705 29536 1488 10989 5352 148908 26153 40463 2717 149 24312 19954 2176 3363 26003 961 8527 6793 332 26350
internal_value=0.0174843 0.0163073 0.0141618 0.0103587 0.0194165 0.00568227 0.0191196 0.0256059 0.0134482 0.0140685 0.0172226 -0.00180924 0.00951427 0.0293146 0.0268808 0.0209566 0.00966294 0.00927298 0.0251356 0.0175125 0.0112077 0.0087723 0.034081 0.0087736 0.0111269 0.00869044 0.010269 0.000424704 -0.0190292 0.00500674
internal_weight=320484 279921 165638 93737.5 114283 37294.2 71900.9 40562.3 56443.2 30041.1 28802.3 12083.9 27640.9 25132.1 16645.9 84241.9 27601.7 25210.3 11061.5 18455.3 20723.4 12747.4 8486.18 24384.6 12930.6 11274.8 9466.44 1808.35 388.964 6878.25
internal_count=732624 678637 434048 279921 244589 126210 154127 53987 153711 92691 55294 37914 98417 27069 19058 151898 98257 88296 13706 51254 70419 44266 8011 86442 45979 42616 34530 8086 1293 27838
is_linear=0
shrinkage=0.05


Tree=35
num_leaves=31
num_cat=0
split_feature=11 6 6 4 8 5 5 8 9 10 5 5 9 5 4 7 11 7 7 8 9 10 3 7 5 5 6 4 6 3
split_gain=1262.02 811.306 740.175 566.657 319.784 291.423 643.451 606.041 258.809 245.951 198.308 218.922 177.734 170.749 143.59 116.507 93.4281 124.641 87.5071 86.347 81.7382 81.5838 72.8107 67.7298 59.0786 71.9741 58.8227 57.9593 71.7203 57.3644
threshold=0.07125283777713777 3211691.0000000005 7714069.5000000009 38040.000000000007 43.500000000000007 5320895.5000000009 13439690.500000002 1.0000000180025095e-35 21.916666984558109 0.2667291015386582 5320895.5000000009 12130922.500000002 21.708333015441898 10052930.500000002 70040.000000000015 0.8175736963748933 -0.054528366774320595 0.047738995403051383 0.26005779206752783 43.500000000000007 21.468750000000004 -0.049232875928282731 0.18978130072355273 0.35009025037288671 13439690.500000002 5320895.5000000009 3211691.0000000005 196200.00000000003 3211691.0000000005 0.10615668073296548
decision_type=2 8 10 8 2 2 2 2 2 2 2 2 2 2 10 10 2 10 10 2 2 2 10 10 2 2 10 8 10 8
left_child=1 -1 3 4 10 8 7 13 -5 19 -3 15 -8 27 -14 -12 17 21 26 -2 -13 29 24 -10 25 -11 -15 28 -7 -9
right_child=9 2 -4 5 -6 6 12 16 23 22 11 20 14 18 -16 -17 -18 -19 -20 -21 -22 -23 -24 -25 -26 -27 -28 -29 -30 -31
leaf_value=0.021252267821617672 0.026324021021584688 0.021252267821617672 0.021252267821617672 0.014847877317379632 0.014847877317379632 0.005409426667537378 0.014847877317379632 -0.072318090739858384 0.0069416078225162511 0.032727611244493714 0.014847877317379632 0.021252267821617672 0.010371545710342661 -0.0091047146644123913 -0.0075927509600110746 0.021252267821617672 0.010725147312103086 0.0071798819111838497 0.0037971888314833322 0.021252267821617672 0.014847877317379632 9.2986502482863566e-05 0.036820971013709736 0.011811412245792087 0.03289922680666655 0.026324021021584688 -0.037328970229913681 4.7271173290897557e-05 0.014847877317379632 -0.01733904610445515
leaf_weight=36262.326983347535 4703.0491381138563 20039.420513004065 9593.5310697853565 49990.455448202789 23496.620989210904 1687.0193930119276 29336.438071720302 50.336978867650032 13975.288058549166 4455.3087976276875 20512.689853712916 11718.634344667196 9034.2264739498496 5828.2071950733662 1267.0478713959455 4123.5238084197044 39441.458632986993 3368.0244708359241 1418.5400584042072 7795.8280488401651 3267.4633603990078 1305.2394718229771 4058.8565208464861 3578.6422318741679 2801.3548262119293 4081.95771458745 188.90774485468864 3081.2899012863636 442.30748841166496 545.44820110499859
leaf_count=67863 5546 34495 15822 96779 64038 4094 55948 175 48443 4415 53132 18525 29854 20933 4752 7732 132395 6114 4225 12672 9045 2684 3770 11144 2669 5342 651 8145 722 1354
internal_value=0.0166536 0.0156876 0.0146784 0.014016 0.0173803 0.0123155 0.010559 0.00715643 0.0148374 0.0268169 0.019575 0.0171571 0.0148479 -0.00250716 0.00816091 0.0148479 0.00988974 0.00363462 -0.00736989 0.0215985 0.0212523 -0.00691299 0.0310496 0.00877495 0.0289775 0.0267368 -0.0100029 0.00443223 0.0107716 -0.0222106
internal_weight=321449 293553 257291 247697 83158.4 164539 96994.5 57356.8 67544.4 27896.4 59661.7 39622.3 39637.7 12646.3 10301.3 24636.2 44710.5 5269.05 7435.65 12498.9 14986.1 1901.02 15397.5 17553.9 11338.6 8537.27 6017.11 5210.62 2129.33 595.785
internal_count=733478 699064 631201 615379 186967 428412 272046 181492 156366 34414 122929 88434 90554 38770 34606 60864 142722 10327 25809 18218 27570 4213 16196 59587 12426 9757 21584 12961 4816 1529
is_linear=0
shrinkage=0.05


Tree=36
num_leaves=31
num_cat=0
split_feature=2 6 6 5 5 14 9 1 9 8 11 9 5 8 6 8 5 5 14 5 5 3 10 3 8 6 7 8 7 8
split_gain=1197.34 735.015 706.771 528.723 784.088 573.816 442.216 318.052 317.879 206.35 231.405 194.479 327.892 175.512 157.314 148.402 143.362 120.568 102.916 102.047 156.129 97.1254 91.4985 91.3897 81.6517 81.3387 115.457 78.1804 76.6241 75.7599
threshold=2806.900024414063 3211691.0000000005 7714069.5000000009 5320895.5000000009 15089427.500000002 1.0000000180025095e-35 16.937500000000004 20.500000000000004 16.535714149475101 1.0000000180025095e-35 -0.080465368926525102 12.763888835906984 10052930.500000002 43.500000000000007 3211691.0000000005 23.500000000000004 10052930.500000002 1289243.5000000002 1.0000000180025095e-35 10052930.500000002 13439690.500000002 0.018871096894145015 0.073282826691865935 0.0656707137823105 55.500000000000007 3211691.0000000005 0.2223445922136307 11.500000000000002 0.51935565471649181 56.500000000000007
decision_type=2 8 10 2 2 2 2 2 2 2 2 2 2 2 10 2 2 2 2 2 2 8 2 10 2 10 10 2 8 2
left_child=1 -1 3 8 5 9 -6 19 18 -5 -11 12 -7 17 16 -14 -12 28 -3 -2 -21 -8 23 29 -13 -23 -27 -16 -10 -15
right_child=7 2 -4 4 6 11 21 -9 13 10 14 24 15 22 27 -17 -18 -19 -20 20 -22 25 -24 -25 -26 26 -28 -29 -30 -31
leaf_value=0.019856121320320459 0.031048270694446791 0.015765681256358004 0.019856121320320459 -0.004485754423702173 0.019856121320320459 0.018490195696622358 -0.016638795071794752 0.019856121320320459 -0.049315171198100111 -0.02156722134735102 0.019856121320320459 0.0097294483703400242 0.010749868840376915 0.0055054647252095381 0.019856121320320459 0.019856121320320459 0.0084493303411195663 0.015765681256358004 0.019856121320320459 0.024146666900558826 0.033253934582359611 0.0086119543623954294 0.015765681256358004 0.010307242228652964 0.0045407637368323648 0.0084437427603566671 0.015281114970325901 0.0016385679640801014 0.0052710588924709569 -0.010151797652403458
leaf_weight=36798.024837963283 13948.220056772232 17390.187451571226 9865.0390233099461 8696.8402353674173 31562.746497437358 17722.386358067393 318.35494902729988 11813.107307702303 110.72023917734623 749.75189732015133 844.92676694691181 24554.91989967972 13541.555920660496 3572.5331062078476 224.95823314785957 3900.0701768249273 4021.8636460006237 22382.154152363539 35486.656128749251 3503.6467952132225 4720.0863124281168 13093.84715963155 884.8203401863575 13571.399589858949 10977.097141064703 6217.4890136420727 2509.5353937447071 7641.4683762937784 148.8326126486063 983.67491323128343
leaf_count=68713 14089 30658 16046 27609 51428 31771 1548 20121 646 1824 1896 89632 34449 12918 265 7150 15960 58973 57014 5294 4480 40033 1588 41839 39641 19432 5190 27822 559 4618
internal_value=0.0159424 0.014894 0.0138931 0.013197 0.0113163 0.00853524 0.0161256 0.0248183 0.0161128 0.00151852 0.00539151 0.0107365 0.0133729 0.0128447 0.00698202 0.0107499 0.0140458 0.0157657 0.0186867 0.0284372 0.0241467 0.0107061 0.00930084 0.00825045 0.00812683 0.0111065 0.0148465 0.00260936 -0.0182134 0.00212213
internal_weight=321757 287772 250974 241109 146578 92875.8 53702 33985.1 94531 22179.8 13483 70696 35164 41654.1 12733.2 17441.6 4866.79 22641.7 52876.8 22172 8223.73 22139.2 19012.4 18127.6 35532 21820.9 8727.02 7866.43 259.553 4556.21
internal_count=733206 689222 620509 604463 395650 278019 117631 43984 208813 75376 47767 202643 73370 121141 45943 41599 17856 60178 87672 23863 9774 66203 60963 59375 129273 64655 24622 28087 1205 17536
is_linear=0
shrinkage=0.05


Tree=37
num_leaves=31
num_cat=0
split_feature=6 2 5 5 5 5 1 1 8 1 4 5 4 6 8 10 4 7 4 10 7 3 7 5 7 4 3 4 8 6
split_gain=847.058 910.839 657.548 1014.23 563.343 355.897 333.092 312.725 292.196 262.544 216.596 205.167 158.522 237.138 172.125 146.942 136.602 120.652 116.182 112.961 111.538 102.771 101.203 76.4861 72.0667 68.536 66.5331 62.4543 66.7794 62.3144
threshold=7714069.5000000009 1689.5500488281252 5320895.5000000009 12130922.500000002 1289243.5000000002 10052930.500000002 20.500000000000004 21.500000000000004 12.500000000000002 21.500000000000004 90100.000000000015 5320895.5000000009 inf 3211691.0000000005 21.500000000000004 -0.10450937971472739 50920.000000000007 0.43341544270515447 32700.000000000004 -0.049738455563783639 0.68759614229202282 0.067271351814270033 0.79983258247375499 13439690.500000002 0.24912462383508685 50920.000000000007 0.040879251435399062 197900.00000000003 45.500000000000007 3211691.0000000005
decision_type=10 2 2 2 2 2 2 2 2 2 8 2 8 10 2 2 8 10 10 2 10 10 10 2 10 10 8 10 2 8
left_child=1 2 4 5 24 12 11 -5 10 -6 17 -3 14 -14 25 18 -11 -7 -10 -15 23 -2 -17 -13 26 -4 -1 -18 -29 -16
right_child=21 6 3 7 9 8 -8 -9 15 16 -12 20 13 19 29 22 27 -19 -20 -21 -22 -23 -24 -25 -26 -27 -28 28 -30 -31
leaf_value=-0.085221126068456277 0.027330328583569083 0.031956665304713125 0.017791843187061736 0.017791843187061736 0.017791843187061736 -0.0011797476406351023 0.017791843187061736 0.01247036296598005 -0.010583577248579501 0.016014361724062766 -0.0079136496257681457 0.021693346049045385 0.0096103940480066433 -0.017587026853209089 0.017791843187061736 0.0079564655404708359 0.012165848817420867 0.00946164404290082 -0.079070201226068976 0.0025531531227368878 0.032938549028714015 0.042010249972871325 0.017791843187061736 0.027315947538879698 -0.0040878033157930446 0.0096103940480066433 -0.022565755753289733 -0.0040131193223509783 -0.054962569508833617 0.0098825684857997819
leaf_weight=43.901199664920568 8810.9183333963156 8344.1992723792791 8098.0925227701664 35603.728389933705 52542.186319068074 5617.7854492515326 13968.696093142033 33760.132374919951 163.17373569309711 24175.938837699592 6147.6059725284576 9263.7983718067408 6517.1159024685621 750.89878264069557 1736.1535472869873 19310.807185433805 32505.616702497005 5062.6812756508589 79.795840740203857 9245.9434506297112 2253.3999669253826 1387.4482263624668 1100.5281101614237 4490.775663331151 716.50476510077715 2194.6961185783148 618.48796912655234 70.626633774489164 77.460593685507774 26261.248695582151
leaf_count=207 14583 8105 14470 56341 82433 16093 24683 93118 350 58504 21670 12644 15083 2018 3611 72691 90948 12082 292 30965 2211 1915 2918 4676 2225 4746 2483 267 379 79096
internal_value=0.0151562 0.0146906 0.0136751 0.0116414 0.0166432 0.00820752 0.0219086 0.0162097 0.00445264 0.0170436 -0.000438236 0.0255948 0.0107754 0.00667931 0.0125415 0.00843712 0.0142369 0.00386524 -0.0300655 0.00103714 0.0222752 0.0293353 0.00889835 0.0216933 -0.0150994 0.0177918 -0.0269624 0.0120179 -0.0201921 0.0105055
internal_weight=320920 310722 272401 161650 110751 92286.5 38320.9 69363.9 37482.4 109372 16828.1 24352.2 54804.1 16514 38290.2 20654.3 56829.6 10680.5 242.97 9996.84 16008 10198.4 20411.3 13754.6 1378.89 10292.8 662.389 32653.7 148.087 27997.4
internal_count=731807 715309 662990 425544 237446 276085 52319 149459 126096 232531 49845 27636 149989 48066 101923 76251 150098 28175 642 32983 19531 16498 75609 17320 4915 19216 2690 91594 646 82707
is_linear=0
shrinkage=0.05


Tree=38
num_leaves=31
num_cat=0
split_feature=10 6 4 7 0 9 9 2 1 6 6 7 7 4 9 11 9 7 0 9 10 10 9 4 1 6 11 9 2 1
split_gain=950.789 668.88 526.23 319.35 385.322 250.52 182.439 136.452 112.087 82.3767 86.0753 111.843 80.5939 76.9893 83.856 73.6082 74.3822 53.681 41.2383 26.1939 25.2085 24.5617 30.0546 19.0771 17.4418 17.173 17.0741 67.1964 16.6714 15.4371
threshold=0.17488476634025577 1.0000000180025095e-35 198400.00000000003 0.73856505751609813 0.0080972984433174151 11.958333492279055 5.0625000000000009 5091.5000000000009 14.500000000000002 7714069.5000000009 3211691.0000000005 0.28001515567302709 0.35723467171192175 199654.00000000003 15.464285850524904 -0.035401016473770135 21.633333206176761 0.040472289547324188 0.4131994247436524 14.348484516143801 0.52484878897666942 0.11540023982524873 17.062500000000004 34820.000000000007 21.500000000000004 3211691.0000000005 -0.044300144538283341 17.062500000000004 7864.9001464843759 20.500000000000004
decision_type=2 10 8 10 2 2 2 2 2 10 10 8 8 8 2 2 2 8 2 2 2 2 2 10 2 8 2 2 2 2
left_child=1 3 -3 4 13 -4 18 25 -5 10 26 -12 -9 14 23 21 -17 -15 20 -6 28 22 -13 -1 -16 -8 27 -7 -2 -21
right_child=6 2 5 8 19 9 7 12 -10 -11 11 15 -14 17 24 16 -18 -19 -20 29 -22 -23 -24 -25 -26 -27 -28 -29 -30 -31
leaf_value=0.011447992021674722 0.025442499220629539 0.017818622846215611 0.015549346930790423 0.017818622846215611 0.014044139526441308 0.0092780964339914604 0.021084814470577463 0.021084814470577463 0.014044139526441308 0.013146053533124997 -0.0764112836600217 -0.0019610252175559918 0.025442499220629539 -0.033940575193534647 0.0093791229235125513 0.011781512707015209 0.0065436083130644947 0.0052396644216092013 0.037183107688348253 0.01276076718323595 0.032437962209554888 0.0039168119020029351 -0.024215949543861099 0.0099125268203128017 0.0076067825313903895 0.017818622846215611 0.013146053533124997 -0.05114462889063609 0.028940230715092215 0.011447992021674722
leaf_weight=18479.694655299187 2122.3168755620718 45085.413697518408 38108.371574059129 9657.4191588759422 22773.987542152405 670.38423407077789 1970.7614076286554 5186.6287909448147 7253.8112981244922 3163.292714998126 36.943966001272202 1511.2447766661644 7692.2431485950947 86.148149628192186 231.00241807103157 13041.54390835017 14133.784198611975 11118.183286555111 1605.1942057162523 1779.9019557386637 1064.9169296622276 181.2143374979496 166.6952483355999 26660.925794497132 48755.146457601339 12587.637912973762 12887.560221515596 47.00866587460041 1046.0118306279182 12125.04077039659
leaf_count=36878 2525 84059 66370 14585 36463 1221 2515 6799 20186 6718 175 3450 8438 426 304 31405 53132 38654 1244 3404 903 364 547 57225 173036 19053 30499 165 899 31101
internal_value=0.0142799 0.013355 0.0160295 0.0111832 0.0104095 0.0132801 0.0222823 0.0205711 0.0176788 0.0107428 0.00982379 0.00828651 0.024351 0.00885184 0.00931828 0.00839954 0.00905798 0.00493241 0.0303139 0.0140441 0.0276928 -0.00122436 -0.00419814 0.0108733 0.00788491 0.0178186 0.013107 0.00541014 0.0254425 0.0114774
internal_weight=321230 287955 129033 158921 142010 83948 33275.7 27437.3 16911.2 45839.7 42676.4 29071.4 12878.9 105331 94126.8 29034.5 27175.3 11204.3 5838.44 36678.9 4233.25 1859.15 1677.94 45140.6 48986.1 14558.4 13605 717.393 3168.33 13904.9
internal_count=732743 690367 278105 412262 377491 194046 42376 36805 34771 127676 120958 89073 15237 306523 267443 88898 84537 39080 5571 70968 4327 4361 3997 94103 173340 21568 31885 1386 3424 34505
is_linear=0
shrinkage=0.05


Tree=39
num_leaves=31
num_cat=0
split_feature=10 5 5 5 9 14 8 9 9 6 6 8 8 5 8 9 7 8 4 6 7 5 5 4 4 8 5 6 6 8
split_gain=948.108 554.794 715.493 449.277 335.071 291.421 267.969 266.301 261.762 226.084 210.852 190.705 143.607 140.298 138.788 118.993 117.356 106.216 108.196 96.8629 90.9148 86.7686 130.408 72.1887 70.5015 68.6616 63.0704 106.973 89.5595 60.7788
threshold=0.073633704334497466 5320895.5000000009 12130922.500000002 1289243.5000000002 16.535714149475101 1.0000000180025095e-35 34.500000000000007 9.3452377319335955 21.708333015441898 1.0000000180025095e-35 7714069.5000000009 1.0000000180025095e-35 43.500000000000007 5320895.5000000009 11.500000000000002 10.354166507720949 0.90667709708213817 65.500000000000014 106200.00000000001 1.0000000180025095e-35 0.24912462383508685 13439690.500000002 5320895.5000000009 36820.000000000007 50005.099609375007 43.500000000000007 10052930.500000002 1.0000000180025095e-35 1.0000000180025095e-35 23.500000000000004
decision_type=2 2 2 2 2 2 2 2 2 10 10 2 2 2 2 2 10 2 8 10 8 2 2 10 8 2 2 10 10 2
left_child=1 3 5 20 -5 10 -6 21 23 16 11 26 -11 -9 -13 -14 -7 -10 -19 25 -1 22 -2 -4 -21 -8 28 -28 -3 -16
right_child=7 2 8 4 6 9 19 13 17 12 -12 14 15 -15 29 -17 -18 18 -20 24 -22 -23 -24 -25 -26 -27 27 -29 -30 -31
leaf_value=-0.03657525582221386 0.028793263541603539 0.016284774059177505 0.016284774059177505 0.016284774059177505 0.014108302094435558 0.0076416323272332394 -0.071362370308394707 0.021060472458325031 0.010612320769286799 0.016284774059177505 0.016284774059177505 0.016284774059177505 0.016284774059177505 0.016284774059177505 0.0011686780741038125 0.0040466005202008199 0.016284774059177505 0.0034165543043272665 -0.028866477715629276 0.014108302094435558 -0.0061760887072290962 0.031261533865176543 0.021060472458325031 0.01306891504203828 0.0080740880448857584 0.0046764111921838367 -0.0060110899529646983 -0.044509291283366614 -0.0011562884542159215 0.0078567286398895497
leaf_weight=318.88681853190064 6324.0521744936705 166.49857586622238 33409.663643792272 61965.980718314648 27341.22574184835 54935.361098662019 27.771849080920219 10208.783231809735 17286.836993977427 6594.1093343943357 1626.4379707276821 447.11829574406147 591.71446803212166 17622.304474681616 7184.5258349627256 4411.0175506919622 1666.3997148275375 1595.173876568675 307.90555662661791 2472.0234938263893 1058.2272855713964 4214.1241876631975 7106.1030946820974 17513.683537237346 6790.5714481696486 11518.349045366049 4674.7259767651558 185.76433242857456 4800.7415849715471 6443.0777094662189
leaf_count=1459 6166 251 58251 100710 69405 166843 124 14058 51272 12777 3234 478 662 29364 25897 11869 3170 5667 1572 5348 3401 3966 8959 35090 21035 38242 17132 674 12058 22945
internal_value=0.0134929 0.0123881 0.0105363 0.015109 0.015464 0.00767823 0.0119318 0.0201815 0.0143566 0.009384 0.00312101 0.00189212 0.0157442 0.0171323 0.00562375 0.00776897 0.00808038 0.0093782 -0.00183145 0.00753785 -0.0132582 0.0249887 0.023016 0.0162322 0.0113463 0.00448119 -0.00345216 -0.00750016 0.000510275 0.00433145
internal_weight=320809 275334 163841 111493 110116 93727.5 48149.9 45475.4 70113.3 68198.6 25528.9 23902.5 11596.8 27831.1 14074.7 5002.73 56601.8 19189.9 1903.08 20808.7 1377.11 17644.3 13430.2 50923.3 9262.59 11546.1 9827.73 4860.49 4967.24 13627.6
internal_count=732079 669566 429842 239724 234864 277990 134154 62513 151852 195321 82669 79435 25308 43422 49320 12531 170013 58511 7239 64749 4860 19091 15125 93341 26383 38366 30115 17806 12309 48842
is_linear=0
shrinkage=0.05


Tree=40
num_leaves=31
num_cat=0
split_feature=0 6 5 5 5 5 3 14 8 5 8 11 6 7 7 11 0 11 5 0 8 3 8 6 8 8 2 6 8 3
split_gain=744.689 615.935 525.241 631.04 447.831 330.596 358.831 165.973 162.07 162.014 149.17 148.86 146.5 147.268 128.114 121.952 115.71 140.429 113.051 111.34 108.097 153.645 110.86 107.342 105.88 100.753 86.5886 84.9031 121.307 179.092
threshold=0.091287881135940566 3211691.0000000005 5320895.5000000009 12130922.500000002 1289243.5000000002 10052930.500000002 0.1964589133858681 1.0000000180025095e-35 21.500000000000004 5320895.5000000009 1.0000000180025095e-35 -0.11192042380571364 7714069.5000000009 0.70050889253616344 0.40629960596561437 -0.053105782717466347 0.016326801851391796 -0.01817232463508844 13439690.500000002 0.0080972984433174151 96.500000000000014 0.12865892797708514 107.50000000000001 3211691.0000000005 44.500000000000007 102.50000000000001 17860.149414062504 3211691.0000000005 60.500000000000007 0.053444501012563712
decision_type=2 8 2 2 2 2 10 2 2 2 2 2 10 10 10 2 2 2 2 2 2 10 2 10 2 2 2 10 2 8
left_child=1 -1 4 5 -3 12 7 10 -5 -2 23 -9 13 27 19 -12 17 -10 26 20 -6 -22 -23 -7 -8 -19 -11 28 -4 -30
right_child=9 2 3 8 14 6 24 11 16 18 15 -13 -14 -15 -16 -17 -18 25 -20 -21 21 22 -24 -25 -26 -27 -28 -29 29 -31
leaf_value=0.016299650042849185 0.02472973652074037 -0.015063276061874645 0.011403465504589297 0.016299650042849185 0.012334191487629298 -0.0093564912115739456 0.016299650042849185 -0.079839461993877425 -0.084407836697795696 0.016299650042849185 -0.027236799192823277 0.0034937371373420208 0.016299650042849185 0.016299650042849185 0.016299650042849185 0.0048762253615969864 0.0158731588159907 0.010340882424766664 0.022911650107565473 0.014871931504060423 -0.067439267700413627 -0.032737192292788146 0.013488121791805861 -0.049394044008960435 0.0066904466783217417 -0.017943726065681481 0.024863899802378856 0.0053138676275766182 -0.068723002204707603 0.0037133933057054203
leaf_weight=35735.863241747022 12534.923455119133 1280.9565468430519 21097.569865979254 22148.669530153275 54670.815611604601 4572.615510225296 5270.2488713115454 51.722455337643623 37.438252165913582 10989.838161364198 319.55881418287754 22238.224552817643 2061.3990200012922 5386.6101187393069 26719.618666037917 3667.668638907373 11270.614586010575 28788.933418504894 7284.8097453415394 15630.787823140621 92.939214944839478 127.55945426225662 369.95257333666086 171.92352479696274 3661.6744841784239 316.58230366557837 3357.2682722061872 17637.569886241108 85.047556847333908 4328.412202745676
leaf_count=67045 13935 4614 57343 36479 129214 17123 14467 181 156 16265 878 70883 3898 12009 52920 15471 19192 80059 8426 26498 527 487 1114 656 11508 1223 3713 50769 540 14708
internal_value=0.0132244 0.0123956 0.0114504 0.00961557 0.0142908 0.0069472 0.00354711 0.00100423 0.0134773 0.0202037 -0.00483838 0.00329322 0.00963183 0.00895767 0.0146764 0.00229014 0.0115701 0.00990491 0.017579 0.0134442 0.0121043 -0.00915037 0.00196488 -0.0108275 0.0123767 0.010032 0.0162997 0.0079823 0.00982661 0.00228704
internal_weight=321908 287741 252005 153112 98892.6 90550.2 39953.6 31021.7 62562.2 34166.8 8731.77 22289.9 50596.6 48535.2 97611.7 3987.23 40413.6 29143 21631.9 70892.1 55261.3 590.451 497.512 4744.54 8931.92 29105.5 14347.1 43148.6 25511 4413.46
internal_count=732301 689962 622917 407543 215374 270434 131167 105192 137109 42339 34128 71064 139267 135369 210760 16349 100630 81438 28404 157840 131342 2128 1601 17779 25975 81282 19978 123360 72591 15248
is_linear=0
shrinkage=0.05


Tree=41
num_leaves=31
num_cat=0
split_feature=1 8 9 8 9 8 8 11 2 4 7 6 9 7 9 8 9 6 8 7 4 8 8 4 6 7 6 9 4 7
split_gain=846.565 787.694 864.459 377.416 255.878 300.595 187.662 161.202 140.268 112.457 110.47 87.6261 88.1882 83.152 69.5954 55.5048 51.6037 62.1856 51.3332 44.3983 42.4823 38.8513 43.8056 38.4375 34.0285 39.347 30.2271 29.2733 25.5838 25.3872
threshold=21.500000000000004 1.0000000180025095e-35 10.683333396911623 10.500000000000002 18.527777671813968 43.500000000000007 34.500000000000007 -0.051935564726591103 128.00000000000003 27050.000000000004 0.44452822208404547 3211691.0000000005 5.0625000000000009 0.79983258247375499 21.791666984558109 44.500000000000007 14.527777671813967 1.0000000180025095e-35 65.500000000000014 0.76803451776504528 197024.50000000003 23.500000000000004 32.500000000000007 4804.8000488281259 3211691.0000000005 0.7073349952697755 7714069.5000000009 10.050000190734865 inf 0.28566965460777288
decision_type=2 2 2 2 2 2 2 2 2 8 10 8 2 8 2 2 2 10 2 10 10 2 2 10 8 8 10 2 8 10
left_child=1 9 3 13 16 -6 8 21 19 10 -1 27 15 29 24 -13 -2 -18 28 -4 -20 -5 -23 -12 -7 -26 -14 -9 -16 -3
right_child=4 2 6 7 5 14 -8 11 -10 -11 23 12 26 -15 18 -17 17 -19 20 -21 -22 22 -24 -25 25 -27 -28 -29 -30 -31
leaf_value=0.015347282513008348 0.012287421305458826 0.018397936183552878 0.012287421305458826 0.018397936183552878 0.0099864427983607576 0.0099864427983607576 0.018397936183552878 0.033932334866906687 0.018397936183552878 0.012287421305458826 0.030242950354433314 0.026454774900681273 0.021388291423787665 0.043634611802192018 0.0054097071399062929 0.040135471991431894 0.0099864427983607576 0.011441022124206536 5.9488930775285334e-05 0.015342678744505851 -0.056077319038529222 0.021388291423787665 0.018397936183552878 0.020489623273647478 0.0054097071399062929 0.0099864427983607576 0.02511716532377516 0.021388291423787665 0.0015367496916440316 0.031901373789649544
leaf_weight=3357.3082459717989 19886.191792935133 303.12945240736008 40526.526337400079 9638.2886930704117 44317.488892860711 1198.1702121198177 10166.12191721797 2755.7293706387281 4955.6094572097063 53089.752806201577 1141.0629262626171 4310.4305893629789 14643.207826539874 2483.4579044878483 14134.390991672873 906.32458518445492 27799.823387622833 18583.123555898666 7602.7236219272017 2589.1550386697054 31.851793639361858 2069.4035924822092 5706.6136549562216 9465.0164182633162 11028.380319453776 2650.0433435663581 596.90742774307728 127.48386670649052 4981.161311224103 848.61866162717342
leaf_count=6936 33986 452 76460 14195 138171 2718 15410 2627 6628 113413 1474 4371 18588 2107 51749 658 73148 41792 32805 3897 263 2264 7784 15533 34685 8512 505 203 20668 919
internal_value=0.0124268 0.0148555 0.0177733 0.0230298 0.00971931 0.00791879 0.0137661 0.0216508 0.0124176 0.0122874 0.0184071 0.0243786 0.023223 0.0384699 0.00480152 0.028846 0.0120541 0.0105946 0.00327649 0.0122874 -0.000189342 0.0183979 0.0213883 0.0215444 0.00754292 0.00641898 0.0213883 0.032556 0.00466059 0.027277
internal_weight=321893 169680 102627 44389.6 152213 85944.2 58237.4 40754.4 48071.3 67053.1 13963.4 23340.1 20456.9 3635.21 41626.7 5216.76 66269.1 46382.9 26750.1 43115.7 7634.58 17414.3 7776.02 10606.1 14876.6 13678.4 15240.1 2883.21 19115.6 1151.75
internal_count=732921 294424 157068 54673 438497 289571 102395 51195 86985 137356 23943 26952 24122 3478 151400 5029 148926 114940 105485 80357 33068 24243 10048 17007 45915 43197 19093 2830 72417 1371
is_linear=0
shrinkage=0.05


Tree=42
num_leaves=31
num_cat=0
split_feature=1 8 8 7 2 5 9 5 6 3 5 5 3 6 5 3 6 8 2 5 5 7 9 9 2 6 4 5 7 5
split_gain=920.024 726.3 551.755 376.417 277.2 278.288 212.409 194.806 162.838 152.397 146.024 106.014 96.2573 95.3543 114.226 75.3982 73.1216 72.5047 70.1737 68.3582 79.8671 60.7096 56.3374 55.824 54.1146 49.8799 58.6675 94.2099 46.7564 46.0876
threshold=21.500000000000004 12.500000000000002 21.500000000000004 0.8175736963748933 14793.500000000002 5320895.5000000009 15.354166507720949 15089427.500000002 3211691.0000000005 0.010001999791711571 5320895.5000000009 1289243.5000000002 0.32859806716442114 7714069.5000000009 10052930.500000002 0.6449512541294099 3211691.0000000005 58.500000000000007 128.00000000000003 10052930.500000002 12130922.500000002 0.021130533888936046 10.275000095367433 5.9500000476837167 1596.9000244140627 3211691.0000000005 58050.000000000007 5320895.5000000009 0.64007574319839489 1289243.5000000002
decision_type=2 2 2 10 2 2 2 2 8 8 2 2 10 10 2 10 10 2 2 2 2 8 2 2 2 8 10 2 10 2
left_child=1 3 19 8 5 16 -2 15 -1 25 11 -11 -5 14 17 -7 29 -12 -9 21 -21 -3 -18 -6 -24 28 -27 -28 -8 -4
right_child=6 2 4 12 23 7 9 18 -10 10 13 -13 -14 -15 -16 -17 22 -19 -20 20 -22 -23 24 -25 -26 26 27 -29 -30 -31
leaf_value=0.017471050729264897 0.011737847755558008 0.011737847755558008 0.011737847755558008 0.021786568520354176 0.033490361863860826 0.011737847755558008 -0.070490879276302307 0.015883918619687298 0.011737847755558008 -0.00083016308446909749 0.0049392168404480486 0.0099187287019210073 0.039902367590389454 0.0099187287019210073 0.0076572277900269275 0.021777145145458938 0.021076082982982757 -0.00083016308446909749 0.021777145145458938 0.011737847755558008 0.036057367282316649 0.044263348157189505 0.011737847755558008 0.023649701106233142 0.017023320001232366 -0.00083016308446909749 -0.013665225580339335 -0.061891739168226927 -0.00083016308446909749 0.021777145145458938
leaf_weight=14725.612404108047 29741.466603130102 57.189234286546707 256.79793444275856 4905.2981662899256 2313.4741805046797 23817.52873916924 58.479116216301918 8895.0245607048273 78044.56395688653 703.12799729406834 16983.989107094705 51493.447241686285 865.14004190266132 1444.933004334569 45177.906909890473 890.14480537176132 3969.1387595385313 5548.4450209140778 4181.5782908499241 325.34411491453648 858.09569548070431 2223.2946598529816 3989.7129779905081 3924.608017116785 707.13873244822025 798.98891101777554 167.85896759107709 119.95466306433082 13.772226661443709 14969.821816533804
leaf_count=23802 55765 118 500 7157 1891 41943 284 13421 159235 3238 63551 138514 850 3179 148115 1153 4890 20978 4647 648 920 2220 6697 4174 721 3475 786 811 34 19197
internal_value=0.0118847 0.014414 0.0182562 0.0117378 0.0172624 0.0162455 0.00906174 0.0135732 0.0117378 0.00809961 0.008272 0.00991873 0.0245155 0.00675014 0.0062069 0.0117378 0.0204699 0.00329855 0.0185929 0.0377197 0.0278764 0.0427988 0.016687 0.0273088 0.0129706 -0.00993232 -0.00720909 -0.0265003 -0.0495976 0.0217771
internal_weight=322172 169920 71378.9 98540.6 67915 61676.9 152252 37784.3 92770.2 122511 121352 52196.6 5770.44 69155.3 67710.3 24707.7 23892.6 22532.4 13076.6 3463.92 1183.44 2280.48 8665.99 6238.08 4696.85 1159.05 1086.8 287.814 72.2513 15226.6
internal_count=732914 294184 103140 191044 99234 93169 438730 61164 183037 382965 377575 141752 8007 235823 232644 43096 32005 84529 18068 3906 1568 2338 12308 6065 7418 5390 5072 1597 318 19697
is_linear=0
shrinkage=0.05


Tree=43
num_leaves=31
num_cat=0
split_feature=1 8 8 9 0 7 8 11 11 3 8 8 9 9 8 8 3 6 8 5 7 3 7 5 7 7 8 3 7 3
split_gain=728.136 652.014 817.075 511.008 176.34 142.88 128.387 237.159 120.185 94.0311 86.86 67.0014 64.7378 64.3033 70.9754 54.751 52.099 47.4296 44.1627 57.5486 163.489 95.412 70.6261 62.3257 71.4353 59.5315 46.6013 40.169 44.7418 90.7605
threshold=21.500000000000004 1.0000000180025095e-35 11.500000000000002 10.683333396911623 0.0080972984433174151 0.82007193565368663 12.500000000000002 -0.022898098453879353 -0.0043176121544092885 0.23290041834115985 33.500000000000007 22.500000000000004 7.9444444179534921 15.464285850524904 154.50000000000003 221.00000000000003 0.6449512541294099 3211691.0000000005 77.500000000000014 5320895.5000000009 0.083427071571350112 0.099023003131151213 0.48579499125480657 13439690.500000002 1.0000000180025095e-35 0.73856505751609813 100.50000000000001 0.027827640064060691 0.28576312959194189 0.010001999791711571
decision_type=2 2 2 2 2 10 2 2 2 8 2 2 2 2 2 2 10 8 2 2 10 8 10 2 8 8 2 10 8 10
left_child=1 5 9 8 10 -1 -5 -8 11 -3 -2 -4 16 -12 18 -16 17 -10 27 20 26 22 -21 25 -25 -23 -20 28 29 -15
right_child=4 2 3 6 -6 -7 7 -9 12 -11 13 -13 -14 14 15 -17 -18 -19 19 21 -22 23 -24 24 -26 -27 -28 -29 -30 -31
leaf_value=0.010759733412167275 0.0090447336743362753 0.025449520457718741 0.015554572395847427 0.010759733412167275 0.010759733412167275 0.022359911899484958 0.010759733412167275 0.015554572395847427 0.032137938619357619 0.042301986074535947 0.0090485014806190988 0.019470557708624249 0.019470557708624249 -0.036681650277841885 -0.069484074206496355 0.0073061083833758341 0.040266694344893279 0.022651816218485537 -0.010495228579948902 -0.065871610288447069 0.0073061083833758341 -0.012184391372923865 -0.019926470665279344 -0.019926470665279344 0.0073061083833758341 0.0073061083833758341 -0.043863937566337378 0.006879371552970511 0.0041592214475572728 -0.0044874117800450834
leaf_weight=62853.097786039114 44664.076092131436 1164.2611730545759 9890.2589838504791 23918.470082551241 40378.759108126163 4023.3596780449152 11651.865711376071 22142.604936629534 1315.2515069097281 2970.9727931320667 8815.7533924430609 11767.328632518649 7718.4999806284904 244.80098606273532 53.377188481390476 12.174632780253885 521.50372387468815 8678.4078671634197 612.98595736175776 111.94766895845532 2193.8658061027527 1337.6960247531533 62.259831272065639 118.82403632998466 1231.6301326751709 276.85897496342659 124.76838272809982 39385.180130559951 12130.022421814501 139.21399548649788
leaf_count=130919 138633 1394 14591 46265 83600 5790 21092 34870 1191 2511 19752 15882 9526 1528 273 35 386 9631 2302 662 6487 6016 269 465 3865 1226 614 128070 43608 427
internal_value=0.0108843 0.0131463 0.0158058 0.0148829 0.00837317 0.0107597 0.0118743 0.0141693 0.0192348 0.0375718 0.00733727 0.0167127 0.0222284 0.00619626 0.00556372 -0.0456669 0.024823 0.0240092 0.00562322 0.00158752 0.00662287 -0.00311607 -0.0388619 -0.000991063 0.00692978 -0.00761663 -0.0162418 0.00609521 0.00362653 -0.013134
internal_weight=320510 168616 101739 97604.2 151894 66876.5 57712.9 33794.5 39891.3 4135.23 111515 21657.6 18233.7 66851.4 58035.6 65.5518 10515.2 9993.66 57970.1 6070.84 2931.62 3139.22 174.208 2965.01 1350.45 1614.55 737.754 51899.2 12514 384.015
internal_count=731880 294048 157339 153434 437832 136709 102227 55962 51207 3905 354232 30473 20734 215599 195847 308 11208 10822 195539 21906 9403 12503 931 11572 4330 7242 2916 173633 45563 1955
is_linear=0
shrinkage=0.05


Tree=44
num_leaves=31
num_cat=0
split_feature=9 8 7 9 5 0 5 9 8 6 8 5 3 3 3 11 7 11 3 11 5 6 4 3 0 8 5 8 8 3
split_gain=707.62 659.615 430.541 284.946 203.212 183.125 140.115 125.277 171.584 110.042 98.8865 94.1857 91.7376 84.94 82.5529 81.7774 84.2924 83.5435 81.3907 67.5563 61.2345 60.0099 108.32 65.2007 58.9191 58.6853 56.8028 56.4062 53.8092 58.5562
threshold=12.464285850524904 23.500000000000004 0.79178708791732799 7.3666667938232431 5320895.5000000009 0.14110106229782107 12130922.500000002 21.791666984558109 43.500000000000007 3211691.0000000005 43.500000000000007 15089427.500000002 0.34377416968345648 0.1964589133858681 0.018871096894145015 -0.12082695215940474 0.69240385293960582 -0.056643355637788766 0.0025190354790538554 0.29033379256725317 15089427.500000002 7714069.5000000009 138100.00000000003 0.029493000358343128 0.014319890644401314 29.500000000000004 5320895.5000000009 87.500000000000014 94.500000000000014 0.15700250118970874
decision_type=2 2 10 2 2 2 2 2 2 8 2 2 10 8 8 2 10 2 8 2 2 8 10 10 2 2 2 2 2 10
left_child=1 2 5 13 7 20 15 -2 -9 -5 18 -12 -4 -3 -13 -6 17 -17 -8 26 -1 23 -23 27 28 -15 -11 -10 29 -16
right_child=4 3 12 9 6 -7 10 8 21 19 11 14 -14 25 24 16 -18 -19 -20 -21 -22 22 -24 -25 -26 -27 -28 -29 -30 -31
leaf_value=0.010162512655471571 0.010162512655471571 0.020750320149371462 0.01931522741411873 0.020750320149371462 -0.033843699143073912 0.015978238283361746 -0.061142353583916544 0.0085612603707072524 0.001681028857100495 0.016960224041432697 0.010162512655471571 -0.032122092620230948 0.033322910665558439 0.042618090683366847 -0.00051305809734889451 -0.0076196256986271462 0.010162512655471571 0.0043793956809733059 0.010162512655471571 0.020750320149371462 0.013070375469416657 -0.00027085795777726846 -0.049174452848586986 0.0085612603707072524 0.0086000460802315212 0.027560219650974556 0.012557340214905422 -0.040960423549179503 -0.013730216317975375 0.0055426986130705505
leaf_weight=76717.018337324262 36211.114402189851 3204.3953107297421 6645.106972143054 4163.3047661185265 136.25528159737587 7891.9677276909351 41.119001694023609 19091.008121646941 3011.3324427977204 11505.604136273265 1803.8030021563172 151.92556271702051 1423.3547244668007 759.66023850440979 5576.7115332558751 1497.2298047244549 5106.524396687746 44972.695963963866 20151.300583429635 923.38563354313374 24357.193864092231 6562.9998066499829 113.21998379006982 2153.5046607851982 6115.4596427083015 4666.4649572968483 20312.030802696943 77.602891191840172 449.24413502216339 5046.8701535016298
leaf_count=157685 76009 3845 9780 5398 367 9323 257 51345 10956 16292 4606 768 1451 619 18555 3446 14862 160050 50489 827 39718 24004 684 5197 12060 4746 33684 485 1615 13929
internal_value=0.010194 0.012511 0.0105241 0.0176172 0.00781403 0.0101625 0.00627433 0.00989927 0.00696001 0.0157028 0.00852331 0.00586789 0.021794 0.0257979 0.00433571 0.00456333 0.0046661 0.00399248 0.0101625 0.0146556 0.0101625 0.00202925 -0.00111468 0.00603193 0.00466166 0.0296833 0.0141504 0.000583943 0.00248535 0.0032037
internal_weight=320839 162569 117035 45534.8 158270 108966 91049.1 67220.8 31009.7 36904.3 39336.4 19144 8068.46 8630.52 17340.2 51712.7 51576.5 46469.9 20192.4 32741 101074 11918.7 6676.22 5242.44 17188.3 5426.13 31817.6 3088.94 11072.8 10623.6
internal_count=733052 283368 217957 65411 449684 206726 281004 168680 92671 56201 102279 51533 11231 9210 46927 178725 178358 163496 50746 50803 197403 41326 24688 16638 46159 5365 49976 11441 34099 32484
is_linear=0
shrinkage=0.05


Tree=45
num_leaves=31
num_cat=0
split_feature=6 2 6 4 6 8 1 8 5 5 3 1 3 0 5 0 4 7 8 5 4 5 5 8 6 3 7 4 7 8
split_gain=731.715 690.561 419.124 372.515 292.731 264.302 227.493 196.404 180.187 305.955 118.388 113.356 95.0113 67.3632 59.0989 53.6072 53.283 51.0849 78.3827 45.5963 44.7504 44.4004 43.5477 43.2758 42.2231 31.7532 59.9418 36.5707 31.628 31.1944
threshold=7714069.5000000009 1464.3000488281252 3211691.0000000005 38040.000000000007 3211691.0000000005 1.0000000180025095e-35 12.500000000000002 42.500000000000007 15089427.500000002 5320895.5000000009 0.18041833490133288 21.500000000000004 0.27519616484642034 0.30749198794364935 16151869.500000002 1.0000000180025095e-35 197300.00000000003 0.5801234543323518 13.500000000000002 1289243.5000000002 112200.00000000001 10052930.500000002 13439690.500000002 110.50000000000001 3211691.0000000005 0.0041960095986723909 0.4167881458997727 56050.000000000007 0.28566965460777288 58.500000000000007
decision_type=10 2 8 8 8 2 2 2 2 2 10 2 10 2 2 2 10 10 2 2 10 2 2 2 10 8 10 10 10 2
left_child=1 2 23 7 -3 8 12 17 9 19 -2 -7 13 -6 20 25 21 18 24 28 -10 -11 -8 -1 -4 26 27 -13 -5 -12
right_child=10 4 3 5 6 11 22 -9 14 16 29 15 -14 -15 -16 -17 -18 -19 -20 -21 -22 -23 -24 -25 -26 -27 -28 -29 -30 -31
leaf_value=0.012328876920902791 0.021734017237341748 0.031082917969086923 0.0086352755165708516 -0.055230572944875871 0.015969361472069649 0.0086352755165708516 0.012328876920902791 0.0086352755165708516 0.0086352755165708516 -0.00081738239243703693 0.04909518059974672 -0.015024505747793064 0.027955656015058752 0.022782095360369025 -0.016569649199265284 0.0075113959580524583 -0.072855116822661353 0.012328876920902791 0.011354092386664648 0.0065547300524107484 -0.021778157576600579 -0.006688986723390293 0.015969361472069649 -0.053468987833384198 0.011354092386664648 0.0056946395440375603 -0.0015960657030803069 -0.048453313292675187 0.0079542526475441487 0.032468723954178567
leaf_weight=35810.780106656253 9530.1702000796795 2941.5893709361553 13496.232490047812 48.80138748884201 8196.1712733954191 41943.462170362473 16238.020673140883 20846.165022872388 7410.7873470634222 5236.4799054414034 575.84961397945881 115.24489168822765 2756.5955002903938 3325.2400916665792 236.1430732011795 16941.844316400588 26.518059223890305 23763.730837345123 18331.211745217443 12218.071434155107 136.83447331190109 8360.2912545502186 4219.6073226481676 45.908504784107208 2079.7647262066603 65985.577759034932 140.32604268938303 118.21340557560325 31.721872851252556 113.31674814224243
leaf_count=67946 15780 3014 28042 167 10407 74370 28018 58781 13187 12936 603 616 2677 3328 544 39171 118 44936 43825 23399 332 27430 5986 172 3102 222535 572 795 66 223
internal_value=0.0100261 0.00959335 0.00871847 0.00792241 0.0159393 0.0065304 0.0146551 0.0107401 0.00259997 0.000588914 0.02319 0.0075881 0.0196098 0.0176085 0.00863528 0.00638752 -0.004572 0.0123289 0.0103793 0.00630553 0.00863528 -0.00442813 0.0123289 0.0123289 0.00863528 0.00561224 -0.00888677 -0.0284529 -0.0307496 0.0432034
internal_weight=321221 311001 273324 237467 37677.2 158950 34735.6 78517.1 33705.6 25921.9 10219.3 125245 14278 11521.4 7783.76 83301.2 13623.3 57670.9 33907.2 12298.6 7547.62 13596.8 20457.6 35856.7 15576 66359.4 373.784 233.458 80.5233 689.166
internal_count=733078 716472 663042 594924 53430 416238 50416 178686 78179 64116 16606 338059 16412 13735 14063 263689 40484 119905 74969 23632 13519 40366 34004 68118 31144 224518 1983 1411 233 826
is_linear=0
shrinkage=0.05


Tree=46
num_leaves=31
num_cat=0
split_feature=2 5 5 5 4 9 1 5 9 1 5 4 3 11 2 10 5 7 7 11 0 4 10 0 11 4 5 5 1 9
split_gain=661.461 492.518 900.174 325.917 288.966 204.118 184.686 180.843 253.185 179.739 138.604 87.7113 85.375 77.2994 76.8021 73.1138 66.4156 64.6956 63.9046 49.3418 42.7246 55.3756 39.1422 59.709 114.306 37.7695 36.6519 33.4011 32.971 32.0526
threshold=1464.3000488281252 5320895.5000000009 12130922.500000002 1289243.5000000002 199654.00000000003 16.535714149475101 21.500000000000004 10052930.500000002 12.267857074737551 12.500000000000002 10052930.500000002 38040.000000000007 0.0060159999411553153 0.097278140485286727 16271.899902343752 -0.10479797795414923 5320895.5000000009 0.24912462383508685 0.83009433746337902 -0.10615530610084532 0.053503271192312248 35020.000000000007 -0.049738455563783639 0.068337485194206252 -0.057609934359788888 39633.500000000007 13439690.500000002 15089427.500000002 7.5000000000000009 5.0625000000000009
decision_type=2 2 2 2 8 2 2 2 2 2 2 8 8 2 2 2 2 10 10 2 2 10 2 2 2 10 2 2 2 2
left_child=1 3 4 17 7 -5 -4 8 25 14 22 -7 27 -11 16 -12 -2 20 -9 -17 21 -1 23 24 -6 -3 -18 -8 -19 -16
right_child=9 2 6 5 10 11 12 18 -10 13 15 -13 -14 -15 29 19 26 28 -20 -21 -22 -23 -24 -25 -26 -27 -28 -29 -30 -31
leaf_value=-0.021749617517078948 0.021618072187159321 0.012330316933684466 0.012330316933684466 0.012330316933684466 -0.098539240793560606 0.010643240374039818 -0.0080020817524134365 0.0026319265370855368 0.0042347164598770899 0.012330316933684466 -0.096993370991869152 0.007515225695983889 0.0086092073443044068 0.016432682664611644 0.030927607570650308 -0.034424095164002071 0.016432682664611644 0.012330316933684466 0.011497871129524939 -0.0047760023045850574 -0.01281773290301986 -0.051521118429391638 0.0026319265370855368 -0.0017586803920634081 -0.012139516909304291 0.0089494095743490563 0.021618072187159321 -0.036668232233096065 -0.0079632428994620835 0.022115077931422686
leaf_weight=369.62896464020014 3746.9801986664534 9298.7163170874119 37277.911127343774 64347.328506246209 38.36875806748867 12674.408889599144 27.467556148767471 27129.279112152755 21321.195710487664 14840.505998790264 19.773260504007339 36834.241466347128 35157.232480891049 7675.6536381840706 1697.8443767130375 140.64451320469379 5124.3760889321566 164.93154892325401 2031.8906384110451 8905.2675029039383 106.05334170162678 207.37420329451561 17128.548599723727 534.89094625413418 766.34945487976074 8285.4031019806862 2537.4636492282152 165.10866240039468 580.77126689627767 2734.7058012485504
leaf_count=1438 3895 15629 59251 104534 162 30310 97 87267 70255 25809 80 104637 93773 10429 1421 385 7094 269 4356 34026 165 1109 49085 881 2019 15850 2669 954 1978 2853
internal_value=0.00966603 0.00883219 0.00710686 0.0113497 0.00391883 0.0116476 0.0113031 0.00566714 0.00789836 0.0158284 -0.000403287 0.00895616 0.00842684 0.0129552 0.0199101 -0.00546594 0.0177331 -0.0123696 0.00269003 -0.00524447 -0.0234627 -0.0306815 0.0020822 -0.00614929 -0.0164931 0.0123303 0.0164327 -0.0246134 -0.00217272 0.0255031
internal_weight=321870 283513 168228 115285 95600.3 113856 72627.7 68066.5 38905.3 38357.5 27533.8 49508.7 35349.8 22516.2 15841.4 9065.69 11408.8 1428.76 29161.2 9045.91 683.057 577.003 18468.2 1339.61 804.718 17584.1 7661.84 192.576 745.703 4432.55
internal_count=732680 678510 434070 244440 279995 239481 154075 193357 101734 54170 86638 134947 94824 36238 17932 34491 13658 4959 91623 34411 2712 2547 52147 3062 2181 31479 9763 1051 2247 4274
is_linear=0
shrinkage=0.05


Tree=47
num_leaves=31
num_cat=0
split_feature=11 5 5 5 5 9 9 3 9 9 11 7 7 8 8 7 8 8 3 8 11 11 9 8 8 14 7 8 7 5
split_gain=684.225 514.811 734.398 461.311 281.618 233.778 232.472 231.709 208.615 143.045 133.223 120.707 99.3639 90.3679 81.4294 90.4137 90.7447 79.8978 69.6083 68.9238 67.844 62.5558 74.3316 75.8348 59.8225 97.0599 58.0328 77.7455 54.9714 53.9937
threshold=0.080915343016386046 5320895.5000000009 12130922.500000002 10052930.500000002 1289243.5000000002 16.535714149475101 13.683333396911623 1.0000000180025095e-35 12.690476417541506 9.2678570747375506 -0.11715608090162276 0.47107473015785223 0.82505142688751232 22.500000000000004 62.500000000000007 0.062416754662990577 67.500000000000014 100.50000000000001 0.12469083443284036 57.500000000000007 -0.0092200008220970613 -0.01817232463508844 18.774999618530277 62.500000000000007 1.0000000180025095e-35 1.0000000180025095e-35 0.24912462383508685 11.500000000000002 0.79178708791732799 5320895.5000000009
decision_type=2 2 2 2 2 2 2 10 2 2 2 10 10 2 2 10 2 2 10 2 2 2 2 2 2 2 10 2 10 2
left_child=1 4 3 8 19 -6 -4 20 11 28 -10 13 -9 -3 -7 17 -17 -16 -11 26 -5 22 -12 -24 25 -22 27 -1 29 -2
right_child=9 2 6 7 5 14 -8 12 10 18 21 -13 -14 -15 15 16 -18 -19 -20 -21 24 -23 23 -25 -26 -27 -28 -29 -30 -31
leaf_value=-0.072157935558745195 0.025449778183394296 0.0067201367888126253 0.012833044519735843 -0.01693110895456142 0.012833044519735843 0.0096567551254343222 0.0076794454781793078 0.0022702055450531892 -0.061226682247985359 0.012833044519735843 0.00072156914127032056 0.012833044519735843 0.012833044519735843 0.0102826586212557 -0.0015292954345665971 0.0015454209155911797 0.01079002832154706 -0.036413158175805399 0.017900297179267777 0.01085509276991619 -0.010348887523678506 0.0050496014152451906 -0.010556239557022534 -0.028625116341251856 -0.00078460185141167706 -0.001992583645107631 -0.0051300361260742319 -0.019493712010600038 0.03372679685698262 0.017900297179267777
leaf_weight=80.108567506074905 3551.5323010832071 15915.467258244753 38861.383038312197 1043.5035360753536 67023.991852074862 41819.987420670688 36030.015430510044 23786.906795449555 76.555945530533791 7609.6713511198759 4835.5969924479723 7784.107643827796 1273.7838511988521 8225.2055944800377 2079.6464494690299 2533.759086292237 3776.1449626609683 176.23108829557896 7412.6227754205465 307.55174022912979 4814.4647040814161 24158.192063033581 268.4554467946291 124.64196361601353 3217.5334325507283 7341.3499635905027 637.7878514751792 501.74669573456049 878.56300483644009 5609.1601746678352
leaf_count=295 3472 33271 61380 2956 108119 109846 96258 75540 251 11783 11874 12660 2818 13739 7139 8349 10180 792 10548 1002 17788 86674 841 591 13826 19957 1849 2001 716 6606
internal_value=0.00920149 0.00853125 0.00682744 0.00408509 0.0110775 0.011355 0.0105939 1.15683e-05 0.00683732 0.0171348 0.00380289 0.00963739 0.00303619 0.00773227 0.00874701 0.00430423 0.00737513 -0.00428429 0.014043 -0.010245 -0.0046054 0.00397645 -0.00098188 -0.021834 -0.00376667 -0.00563718 -0.0155748 -0.0269667 0.0217576 0.0206025
internal_weight=321756 296694 177757 102866 118937 117410 74891.4 41477.5 61388.2 25061.5 29463.4 31924.8 25060.7 24140.7 50385.8 8565.78 6309.9 2255.88 15022.3 1527.19 16416.9 29386.9 5228.69 393.097 15373.3 12155.8 1219.64 581.855 10039.3 9160.69
internal_count=733121 699996 450424 292786 249572 244425 157638 132885 159901 33125 100231 59670 78358 47010 136306 26460 18529 7931 22331 5147 54527 99980 13306 1432 51571 37745 4145 2296 10794 10078
is_linear=0
shrinkage=0.05


Tree=48
num_leaves=31
num_cat=0
split_feature=6 6 10 3 5 5 4 9 8 5 9 5 5 7 0 4 8 3 3 9 8 9 4 4 8 9 5 6 4 6
split_gain=602.514 674.451 553.797 261.239 235.353 375.772 241.347 197.621 196.534 170.238 168.17 247.754 162.699 142.665 130.681 123.172 116.435 107.837 96.071 94.6122 87.8828 85.9056 86.3597 72.8182 66.9544 63.9849 61.7087 58.6799 56.5277 53.6334
threshold=7714069.5000000009 3211691.0000000005 0.073633704334497466 0.080128770321607604 5320895.5000000009 12130922.500000002 inf 5.0625000000000009 1.0000000180025095e-35 1289243.5000000002 14.22499990463257 10052930.500000002 5320895.5000000009 0.24912462383508685 0.014319890644401314 57020.000000000007 110.50000000000001 0.27519616484642034 0.081786334514617934 11.535714149475099 42.500000000000007 21.916666984558109 44050.000000000007 140200.00000000003 96.500000000000014 21.708333015441898 10052930.500000002 3211691.0000000005 78100.000000000015 3211691.0000000005
decision_type=10 8 2 10 2 2 8 2 2 2 2 2 2 8 2 10 2 10 10 2 2 2 8 10 2 2 2 10 8 10
left_child=1 3 4 14 9 6 10 -4 26 13 11 -6 28 -3 20 25 23 -14 -2 -5 -1 -11 -23 -17 -22 -7 29 -28 -9 -8
right_child=18 2 7 19 5 15 8 12 -10 21 -12 -13 17 -15 -16 16 -18 -19 -20 -21 24 22 -24 -25 -26 -27 27 -29 -30 -31
leaf_value=0.01194113518443809 0.019008549880810095 -0.040351362090167299 0.022144210509395391 0.033788757381085291 0.009886465434070792 0.009886465434070792 0.0015319156594129876 0.016921372871203138 0.0015319156594129876 0.009886465434070792 0.0020482392241724869 0.0045649883519244148 0.009886465434070792 -0.00041349109140618751 0.017945632721235453 0.0054573176035105 -0.043683905693387565 0.016921372871203138 0.033713195849271217 0.020080915817721645 0.0032601583607148317 0.0081896862910757501 0.0038986572536444095 -0.0097648884617580825 -0.068492360120122678 0.0066116369807587734 -0.010265822088532698 -0.039721569326827855 0.010880647539278195 -0.0062951824625322719
leaf_weight=21763.337392687798 8786.2012497931719 288.12461953237653 5242.322045519948 1639.4931340366602 18749.989407494664 33411.825348131359 197.23651880025864 7711.1074962168932 11232.028397276998 63398.273656100035 31315.357980180532 16551.629220142961 16875.848805546761 975.49365014955401 7446.6744080930948 9523.8752056285739 126.52409470081329 4796.5639326423407 1274.7570486813784 5504.2826395183802 2679.7165260538459 10394.142408683896 15831.71151605621 854.44267079606652 30.913338303565979 13702.801670730114 4594.3891184329987 173.85634553432465 3931.5797297507524 2962.3725477606058
leaf_count=41540 14677 1413 5536 1529 33997 61670 244 10010 41189 120055 116808 39864 27932 3141 10470 22825 495 6978 1742 9541 7739 26817 51492 2535 159 41211 17128 640 5819 7904
internal_value=0.00883552 0.00844694 0.00756706 0.0145916 0.00665311 0.00539131 0.00329339 0.0131198 -0.00165189 0.00864374 0.00471572 0.00708174 0.0116985 -0.00956932 0.0126558 0.00851421 0.00361747 0.00988647 0.020878 0.0232354 0.0108838 0.00890073 0.00649291 0.00420244 0.00239196 0.0096058 -0.0077662 -0.011356 0.0165454 -0.00234496
internal_weight=321967 311906 272841 39064.4 234284 143396 85776.9 38557.4 19159.9 90887.7 66617 35301.6 33315.1 1263.62 31920.6 57619.5 10504.8 21672.4 10061 7143.78 24474 89624.1 26225.9 10378.3 2710.63 47114.6 7927.85 4768.25 11642.7 3159.61
internal_count=733100 716681 645703 70978 589428 386510 257774 56275 67105 202918 190669 73861 50739 4554 59908 128736 25855 34910 16419 11070 49438 198364 78309 25360 7898 102881 25916 17768 15829 8148
is_linear=0
shrinkage=0.05


Tree=49
num_leaves=31
num_cat=0
split_feature=6 6 0 5 5 9 2 9 4 5 9 8 4 4 9 11 5 8 11 10 6 9 8 7 8 4 4 7 7 2
split_gain=637.438 645.03 510.581 270.512 377.943 265.197 218.635 200.498 185.112 171.674 191.175 157.428 153.634 132.098 126.759 121.124 92.7766 90.22 77.049 113.381 73.942 70.5828 75.0682 65.8647 61.4127 171.971 57.7694 52.9074 50.1982 50.185
threshold=7714069.5000000009 3211691.0000000005 0.091287881135940566 5320895.5000000009 12130922.500000002 5.9500000476837167 343.69999694824224 16.535714149475101 37020.000000000007 10052930.500000002 13.845237731933596 1.0000000180025095e-35 39633.500000000007 150300.00000000003 21.916666984558109 -0.10883838310837744 5320895.5000000009 100.50000000000001 -0.05978646129369735 0.076708685606718077 3211691.0000000005 10.275000095367433 1.0000000180025095e-35 0.57604345679283153 71.500000000000014 48010.000000000007 10000.800292968752 0.18343675136566165 0.035450320690870292 1858.5999755859377
decision_type=10 8 2 2 2 2 2 2 8 2 2 2 8 8 2 2 2 2 2 2 10 2 2 10 2 10 8 8 10 2
left_child=1 6 3 8 9 -4 13 -6 -3 10 12 20 -5 -1 -10 -13 -7 21 19 -12 26 22 -15 -18 -9 27 -11 -26 -2 -21
right_child=28 2 5 4 7 16 -8 24 14 11 18 15 -14 17 -16 -17 23 -19 -20 29 -22 -23 -24 -25 25 -27 -28 -29 -30 -31
leaf_value=0.017987228687083051 0.018950597436668395 0.0097591462559800529 0.021763474568984555 0.0097591462559800529 0.0097591462559800529 0.015471086857056183 0.026095413245327055 0.0052946517267135548 0.0079697148777213289 0.0057716013468118122 -0.06981785212160449 -0.017790088092178087 0.0048335156745519109 0.011316720370615409 0.0031183466522591175 0.0030064337654158451 0.0097591462559800529 -0.071986974196964273 0.0020804939186517845 -0.038648248127529088 -0.035213432569633149 0.0087333310357003268 0.01446495020965149 0.016154605686440532 -0.0061172510400805411 -0.019421302337405563 -0.0050801044592786908 0.0071868002572444819 0.028367798380496564 -0.0087256916020710239
leaf_weight=8861.7283894643188 8470.9760572761297 27003.824056535959 6981.4625863134861 9322.7696844339371 33552.310559138656 7520.6526153087616 3327.789721980691 24183.372878361493 48793.951547011733 1384.8510621190071 87.114980325102806 716.43559792637825 15160.625693127513 9067.3041372448206 18600.748971622437 27548.913831487298 11029.308570981026 30.791471116244793 24125.778757799417 141.18703246116638 188.67319059371948 14807.687472701073 2898.9129336923361 2950.6160779744387 132.94385790079832 943.89882404357195 10618.931961119175 823.98719524592161 1710.5377220958471 189.26601915061474
leaf_count=15100 14126 52350 7497 15846 56889 9497 3609 69334 96057 2787 336 1599 31947 15869 60195 91907 17013 159 86712 425 677 33072 3211 3651 517 3314 34313 2256 2426 305
internal_value=0.00822792 0.00782478 0.00696251 0.00622155 0.00489553 0.0132967 0.0138389 0.0079789 0.00831611 0.00284051 0.00482989 0.000429651 0.0079558 0.0126939 0.00663088 0.00247809 0.0105457 0.0109427 0.00171123 -0.0195319 -0.00431879 0.0110434 0.0139001 0.00975915 0.00461445 -0.00403585 -0.00382741 0.0071868 0.020538 -0.00872569
internal_weight=321177 310996 272002 243520 149121 28482 38994.2 59636.5 94398.5 89484.5 49026.7 40457.8 24483.4 35666.4 67394.7 28265.3 21500.6 26804.7 24543.3 417.568 12192.5 26773.9 11966.2 13979.9 26084.2 1900.83 12003.8 956.931 10181.5 330.453
internal_count=732996 716444 645424 607766 399164 37658 71020 132310 208602 266854 135571 131283 47793 67411 156252 93506 30161 52311 87778 1066 37777 52152 19080 20664 75421 6087 37100 2773 16552 730
is_linear=0
shrinkage=0.05


Tree=50
num_leaves=31
num_cat=0
split_feature=6 6 10 5 5 2 4 9 5 9 7 4 3 8 4 9 11 11 8 5 7 9 8 7 5 5 11 8 9 3
split_gain=570.024 534.134 359.813 331.475 267.066 237.202 206.519 174.466 161.661 163.502 157.025 152.033 150.516 121.481 169.1 141.156 317.627 128.97 105.462 100.561 94.7133 105.054 91.0162 130.933 88.0136 77.7771 64.4495 61.5426 102.148 56.4983
threshold=7714069.5000000009 3211691.0000000005 0.073633704334497466 1289243.5000000002 5320895.5000000009 128.00000000000003 170200.00000000003 5.0625000000000009 12130922.500000002 15.354166507720949 0.24912462383508685 98200.000000000015 0.29218964278697973 1.0000000180025095e-35 31950.000000000004 9.7638888359069842 -0.054528366774320595 -0.11958907917141913 60.500000000000007 5320895.5000000009 0.34005075693130499 12.690476417541506 77.500000000000014 0.08701758831739427 10052930.500000002 1289243.5000000002 -0.062031080946326249 1.0000000180025095e-35 10.354166507720949 0.077695716172456755
decision_type=10 8 2 2 2 2 8 2 2 2 8 8 10 2 8 2 2 2 2 2 10 2 2 8 2 2 2 2 2 10
left_child=1 5 3 10 11 6 -1 -4 13 -10 -3 -5 19 14 24 -15 17 -17 25 -9 21 -19 -13 -24 -6 -8 -11 -27 -29 -2
right_child=29 2 7 4 8 -7 18 12 9 26 -12 22 -14 15 -16 16 -18 20 -20 -21 -22 -23 23 -25 -26 27 -28 28 -30 -31
leaf_value=0.018303671301040266 0.018174102222626887 -0.053962016361071063 0.020008891874863346 0.0086727487878226865 0.0086727487878226865 0.025031807860701968 -0.036406326034821433 0.011831904978079275 0.0086727487878226865 -0.088097484222203717 -0.010448936870910858 0.0056888663128534757 0.014991061168335866 0.0086727487878226865 -0.0031138124762959004 -0.082876285438537173 0.0042211836289029496 -0.018512790962394585 -0.0091006623374814983 0.0086727487878226865 -0.0079120201986064616 -0.049588114076506533 -0.055884327280657599 -0.0025888769399401508 0.0015811379833831976 0.0068554595524762188 0.0039985821594461755 0.013908737096128949 0.0091452227534967057 0.029521747002566597
leaf_weight=8980.4413325935602 8911.4115615487099 268.3395897783339 4995.4476550072432 58682.670203946531 3052.2170468568802 3724.8578830808401 87.853792890906334 9564.3840241283178 30919.88889119029 17.014018103480339 895.86330996081233 30014.07299567759 6193.7667118608952 6839.2344893217087 13752.934601798654 75.234626114368439 56289.601913135499 378.07251866161823 737.95026141405106 16843.259813055396 574.8752463310957 351.44915889203548 126.0500186830759 1154.4890026934445 4306.1453498750925 8856.8617808520794 26340.131722249091 2628.5451256930828 13839.108783558011 1256.5681381970644
leaf_count=15084 14763 1424 5431 123828 5287 4097 294 13238 52552 69 3025 70617 8862 10938 41165 281 185610 802 2164 28393 1240 1269 540 3539 10626 15859 76218 2938 30520 1765
internal_value=0.00793335 0.00755175 0.00676732 0.00603785 0.00617096 0.013035 0.0117617 0.0113076 0.00482723 0.0068834 -0.0205537 0.00830485 0.00997323 0.00345158 0.000159331 0.00452898 0.00363998 -0.0200452 0.0095138 0.00867275 -0.0162999 -0.0291136 0.00513178 -0.00791399 0.00627609 0.010055 0.00393245 0.0102191 0.0120271 0.019582
internal_weight=320659 310491 271635 234038 232874 38855.6 35130.8 37596.9 142897 57277 1164.2 89977.3 32601.4 85619.8 21111.3 64508.5 57669.2 1379.63 26150.3 26407.6 1304.4 729.522 31294.6 1280.54 7358.36 25412.4 26357.1 25324.5 16467.7 10168
internal_count=732438 715910 644954 589030 584581 70956 66859 55924 386057 128839 4449 198524 50493 257218 57078 200140 189202 3592 51775 41631 3311 2071 74696 4079 15913 49611 76287 49317 33458 16528
is_linear=0
shrinkage=0.05


Tree=51
num_leaves=31
num_cat=0
split_feature=6 6 0 4 8 5 4 3 1 3 5 5 5 6 8 3 7 3 11 7 8 10 5 10 1 8 0 3 11 11
split_gain=469.749 513.694 431.507 274.28 187.896 184.287 146.38 141.239 146.864 122.635 141.384 111.414 132.558 101.659 92.9962 89.1361 70.4185 68.4706 63.3866 61.8755 55.7285 66.2349 55.8829 49.756 48.0015 47.2665 44.1102 41.7341 41.2597 39.0668
threshold=7714069.5000000009 3211691.0000000005 0.13680927455425265 38040.000000000007 1.0000000180025095e-35 5320895.5000000009 197300.00000000003 0.080128770321607604 20.500000000000004 0.33825652301311498 5320895.5000000009 13439690.500000002 10052930.500000002 3211691.0000000005 104.50000000000001 0.010001999791711571 0.64007574319839489 0.010001999791711571 -0.10883838310837744 0.65728679299354564 55.500000000000007 0.21016679704189303 5320895.5000000009 0.14775640517473224 5.5000000000000009 12.500000000000002 1.0000000180025095e-35 0.34902349114418035 0.15940868854522708 -1.0000000180025095e-35
decision_type=10 8 2 8 2 2 10 10 2 10 2 2 2 10 2 8 10 8 2 10 2 2 2 2 2 2 2 10 2 2
left_child=1 7 3 5 6 -3 11 8 25 10 -4 12 -5 -7 15 16 -10 20 -19 -2 -6 22 29 -11 -12 -1 -20 -21 -9 -22
right_child=19 2 9 4 17 13 -8 28 14 23 24 -13 -14 -15 -16 -17 -18 18 26 27 21 -23 -24 -25 -26 -27 -28 -29 -30 -31
leaf_value=0.01193665780620368 0.017606489720567116 0.0099614636778607296 0.017979627896409247 0.0024042227643570309 -0.00078835898656447417 0.0066625289230613505 -0.083286921010652284 0.018314418789395045 -0.074538535300642403 0.017979627896409247 0.017979627896409247 0.0066382108527769327 -0.0055198119702919903 0.0099614636778607296 -0.077633127156392881 0.0074773400451970083 -0.017108017593932014 -7.6904665144717293e-05 0.0053220450730791071 0.02823597570316726 -0.080052793798356489 -7.6904665144717293e-05 -0.070046819737874286 0.027900985256165585 0.0099614636778607296 0.015294927276062143 0.0066625289230613505 0.059304762441595771 0.035684895791937551 -0.020406425553382887
leaf_weight=14004.868170499802 9734.6212348490953 28671.80710683018 5998.2303790301085 17621.657909110188 988.74172522127628 47712.359429955482 48.734550178050995 6604.4940852075815 68.589296884834766 522.88896706700325 995.71492375433445 8547.4238448441029 7532.0790449380875 7938.7808369323611 30.501777328550816 11375.467488110065 22.373710453510284 3654.8324867486954 89222.986299682409 204.8951163738966 25.970075249671936 27.099310874938965 90.299941882491112 2174.8856033533812 9580.5105749666691 6434.4804460406303 40726.099087767303 149.45200727880001 361.23497287929058 92.000598657876253
leaf_count=23056 16110 54882 6842 36647 3387 118144 209 10774 331 754 1056 15521 25873 15182 160 27684 37 6328 263570 283 117 17 581 2087 13565 8588 80200 97 306 468
internal_value=0.00774315 0.00739868 0.00663042 0.00608075 0.00491607 0.00840899 0.00157952 0.0127731 0.0113646 0.0138422 0.0122303 0.00170718 3.11857e-05 0.00666253 0.00684186 0.00708007 -0.0416934 0.00575123 0.00585911 0.0183607 -0.00601292 -0.0277687 -0.0407359 0.023729 0.00996146 0.0139077 0.00604246 0.0388655 0.0192252 -0.0204064
internal_weight=321164 311075 272173 252901 168578 84322.9 33749.9 38902 31936.3 19272.2 16574.5 33701.2 25153.7 55651.1 11496.9 11466.4 90.963 134828 133604 10089 1224.11 235.37 208.271 2697.77 10576.2 20439.3 129949 354.347 6965.73 117.971
internal_count=732856 716366 645430 621126 432918 188208 78250 70936 59856 24304 21463 78041 62520 133326 28212 28052 368 354668 350098 16490 4570 1183 1166 2841 14621 31644 343770 380 11080 585
is_linear=0
shrinkage=0.05


Tree=52
num_leaves=31
num_cat=0
split_feature=9 8 8 10 5 6 5 5 3 3 8 6 5 5 4 8 9 7 7 6 7 3 4 8 9 3 4 9 7 10
split_gain=435.027 793.442 543.959 162.343 156.645 141.83 98.8775 104.434 93.5854 91.8503 90.8867 89.6548 105.687 188.934 125.314 82.8995 74.409 60.6102 53.6772 48.0778 109.45 64.2247 55.9132 49.018 73.7535 57.446 46.8572 66.3933 46.6177 45.2206
threshold=11.958333492279055 1.0000000180025095e-35 11.500000000000002 -0.049416434019803994 1289243.5000000002 3211691.0000000005 5320895.5000000009 13439690.500000002 0.1881310045719147 0.010001999791711571 20.500000000000004 7714069.5000000009 5320895.5000000009 12130922.500000002 99460.000000000015 21.500000000000004 21.708333015441898 0.88896286487579357 0.82007193565368663 3211691.0000000005 0.40629960596561437 0.0041960095986723909 38040.000000000007 81.500000000000014 14.845237731933596 0.085139695554971709 197024.50000000003 17.94999980926514 0.82007193565368663 -0.067670401185750947
decision_type=2 2 2 2 2 8 2 2 8 8 2 10 2 2 8 2 2 10 10 10 10 8 10 2 2 10 10 2 10 2
left_child=1 28 8 15 10 9 -5 17 -3 -6 -2 12 14 18 -7 -4 -15 -8 19 22 21 -21 -14 -24 -25 -26 -16 -28 -1 -23
right_child=4 2 3 6 5 11 7 -9 -10 -11 -12 -13 13 16 26 -17 -18 -19 -20 20 -22 29 23 24 25 -27 27 -29 -30 -31
leaf_value=0.0075421271276220241 -0.060520317236963231 0.018343059406396533 0.01132627180205829 0.018169142920972336 -0.046164127425489559 0.0075421271276220241 0.01132627180205829 0.017609408549226081 0.036546910129880379 0.0075421271276220241 -0.0087221304324525562 0.0075421271276220241 0.0043526605616071674 0.0075421271276220241 0.0034633957276532729 0.0075421271276220241 0.003781184285389848 0.029575827793960986 0.0075421271276220241 -0.07474937005882594 0.0046673148074786825 -0.032881679458286676 0.0014732586047841358 0.0026115962564112515 -0.065938672816679353 -0.012196535130692281 -0.0082446263176950054 -0.063080092572087118 0.017023393659613376 -0.0027520082487203766
leaf_weight=63084.160219654441 90.42205747961998 931.62583857774734 2292.79231582582 12721.171433106065 137.49491065740585 47411.835142835975 14355.196171462536 7614.7926469892263 3002.73518691957 22136.864496313035 1027.998528432101 4700.319994866848 22297.258092731237 25656.001754924655 21541.69276791811 10202.921433955431 16730.489885002375 520.06661342084408 2837.7304269820452 29.383489780128002 2548.7562598139048 124.05633003264666 22293.465532205999 392.87482227385044 50.162945847958326 1133.2356804311275 150.73769041895866 63.084233965724707 3963.8503355532885 10457.545532427728
leaf_count=131527 303 1202 2856 15155 503 106669 21347 9175 2695 45662 4034 9055 71159 52188 56774 16703 51008 519 7040 145 5866 360 74115 716 311 4610 362 425 5834 34678
internal_value=0.00704748 0.00944957 0.0143813 0.0129065 0.00563469 0.00573872 0.0146443 0.012649 0.0322479 0.00754213 -0.0130105 0.00516595 0.00487945 0.00387621 0.00639575 0.00800828 0.0064502 0.0113263 0.00212099 0.0017925 -0.000873388 -0.00332381 0.00255241 0.000870532 -0.00764498 -0.014582 0.00323144 -0.0199526 0.00754213 -0.00311139
internal_weight=320501 118689 51641.3 47706.9 201811 200693 35211.2 22490.1 3934.36 22274.4 1118.42 178419 173718 104551 69167.3 12495.7 42386.5 14875.3 62164.5 59326.7 13159.7 10611 46167 23869.7 1576.27 1183.4 21755.5 213.822 67048 10581.6
internal_count=732996 207013 69652 65755 525983 521646 46196 31041 3897 46165 4337 475481 466426 302196 164230 19559 103196 21866 199000 191960 41049 35183 150911 79752 5637 4921 57561 787 137361 35038
is_linear=0
shrinkage=0.05


Tree=53
num_leaves=31
num_cat=0
split_feature=6 5 5 5 0 9 3 5 0 10 3 6 4 14 6 9 7 8 10 3 4 10 9 6 4 3 7 3 8 9
split_gain=439.732 412.967 426.559 346.748 287.25 277.337 255.658 182.358 154.604 147.877 131.478 128.632 159.39 103.988 203.112 129.661 99.6663 91.4393 79.3624 76.2914 71.4282 66.4146 61.5626 57.5485 109.343 74.7717 56.0613 57.5603 54.4445 73.0845
threshold=7714069.5000000009 5320895.5000000009 12130922.500000002 10052930.500000002 0.045663053169846542 15.354166507720949 0.072471447288990035 1289243.5000000002 0.25198413431644445 0.14850649982690814 0.0152323329821229 3211691.0000000005 29020.000000000004 1.0000000180025095e-35 1.0000000180025095e-35 13.845237731933596 0.24912462383508685 23.500000000000004 0.46035699546337133 0.18978130072355273 39633.500000000007 -0.049738455563783639 7.5357143878936776 3211691.0000000005 198400.00000000003 0.34377416968345648 0.8175736963748933 0.28492571413517004 33.500000000000007 19.612500190734867
decision_type=10 2 2 2 2 2 10 2 2 2 10 8 8 2 10 2 10 2 2 10 10 2 2 10 8 8 10 10 2 2
left_child=1 4 3 8 7 9 17 16 13 19 -2 -9 -13 14 -3 20 -1 -5 22 -4 -15 -16 -6 25 -25 -14 -8 -28 -17 -30
right_child=10 2 5 6 18 -7 26 11 -10 -11 -12 12 23 15 21 28 -18 -19 -20 -21 -22 -23 -24 24 -26 -27 27 -29 29 -31
leaf_value=-0.026699088467853946 0.014531590800938566 0.011109995874195637 0.0084596124522214027 -0.0058468866946284536 0.017750531682817629 0.0044149811568476435 0.0027244653534555662 0.011109092584908501 0.017289745064877873 0.017683637557089602 0.029423173459847986 0.011109092584908501 0.0040353919542933268 0.011109995874195637 -0.011378869241253482 0.0061155151472248141 0.0015562242103897353 -0.00043391497205644215 0.022368005386355732 0.013526733008442208 0.0061155151472248141 0.00077178802204038279 0.011236689927328389 0.0086878290296719864 0.0051449924397351651 0.0086878290296719864 0.0077989725190093454 0.020070751864556039 0.0039132512026399417 -0.0034873847349639799
leaf_weight=563.08599858731031 8274.4742974936962 1158.3277286738157 33400.94133926928 18302.639960855246 4697.8790498971939 31760.354680642486 21581.106231607497 15919.426822923124 2633.0432723909616 6211.9231890887022 1807.5404231250286 14445.541349470615 33269.428920835257 11702.390252232552 1211.7736106663942 5115.2201015651226 696.64460576698184 3022.0867729336023 2705.8553803637624 5170.8627234250307 11933.146326109767 15308.274828352034 12063.924760699272 10785.326673205942 24469.450096227229 3578.2309846282005 247.77560023963451 1202.7069732248783 12929.683915108442 4494.0666418485343
leaf_count=2553 14032 2420 56109 60179 5421 87638 63891 29372 3022 7358 2463 27199 79750 19339 2894 16453 2104 10417 2788 7874 22004 44078 17328 20297 58736 7934 748 2317 35416 20400
internal_value=0.00693067 0.00659698 0.00511857 0.00313606 0.00884562 0.00798924 -0.000287768 0.00779937 0.00542023 0.0105238 0.0172067 0.00803188 0.00724525 0.00493025 0.001669 0.00617872 -0.0110959 -0.00423252 0.0144188 0.00936983 0.00876602 -0.000120753 0.0131331 0.00626657 0.00771088 0.00488434 0.00336469 0.0128735 0.00346501 0.00200424
internal_weight=320663 310581 187386 110842 123195 76544.1 44356.3 103727 66485.9 44783.7 10082 102467 86548 63852.9 17678.4 46174.5 1259.73 21324.7 19467.7 38571.8 23635.5 16520 16761.8 72102.4 35254.8 36847.7 23031.6 1450.48 22539 17423.8
internal_count=732534 716039 462557 303578 253482 158979 137552 227945 166026 71341 16495 223288 193916 163004 49392 113612 4657 70596 25537 63983 41343 46972 22749 166717 79033 87684 66956 3065 72269 55816
is_linear=0
shrinkage=0.05


Tree=54
num_leaves=31
num_cat=0
split_feature=6 6 4 11 2 5 5 3 8 5 3 4 5 8 5 8 8 8 8 3 11 2 4 8 3 8 4 6 3 8
split_gain=455.839 418.529 325.751 236.039 208.048 205.685 193.53 255.893 147.015 130.107 113.26 110.801 102.264 101.941 129.475 96.8058 96.5915 93.2503 177.297 99.3567 87.6518 85.7398 77.152 107.955 75.7189 124.278 75.5797 73.955 73.428 71.4174
threshold=7714069.5000000009 3211691.0000000005 8014.4001464843759 0.07125283777713777 128.00000000000003 5320895.5000000009 15089427.500000002 0.0152323329821229 21.500000000000004 10052930.500000002 0.047108437865972526 140200.00000000003 1289243.5000000002 60.500000000000007 10052930.500000002 24.500000000000004 2.5000000000000004 36.500000000000007 44.500000000000007 0.032465927302837379 -0.0065375114791095248 4821.8498535156259 98200.000000000015 114.50000000000001 0.038571339100599296 47.500000000000007 2292.0000000000005 3211691.0000000005 0.44029642641544348 47.500000000000007
decision_type=10 8 8 2 2 2 2 10 2 2 10 10 2 2 2 2 2 2 2 10 2 2 8 2 8 2 10 10 10 2
left_child=1 4 8 5 10 12 7 9 16 -7 13 15 29 -1 -15 20 26 -8 19 -19 -11 -10 -14 -24 25 -20 -3 -22 -2 -4
right_child=28 2 3 -5 -6 6 17 -9 21 11 -12 -13 22 14 -16 -17 -18 18 24 -21 27 -23 23 -25 -26 -27 -28 -29 -30 -31
leaf_value=0.0092024076936714893 0.016631813678816589 0.044447012903415045 -0.014792527278339207 0.0099607181965351774 0.022810752683754952 0.0017477824563495285 0.0074556892476204985 0.0044382737454212564 0.0099607181965351774 -0.023740540286495797 0.015792505747582841 -0.058566568165901625 0.0074556892476204985 0.00067914927763995268 -0.051754239276929473 0.0017477824563495285 0.031244922775748508 -0.016992903137656088 -0.011670428121278595 -0.00065533150577400025 -0.0032945387750111439 0.027115697982947329 0.005110177050558243 -0.034307768915442238 0.0073316645257885732 -0.075781923748474617 0.014297951103386736 -0.014069729073164394 0.048240640613792685 0.0074556892476204985
leaf_weight=27390.257200837135 9906.4515301287174 220.03275015950203 919.27592607587576 20620.697109267116 3556.8409482240677 16900.623737942427 35809.48133828491 59144.86893042177 4232.3306975066662 606.81400257349014 7044.3983228951693 90.148597113788128 59818.029235504568 614.17225731164217 143.64432268589735 2108.5783781707287 1503.2625668644905 1158.3125975653529 45.412445470690727 4701.4377379268408 14130.264890246093 773.00898154079914 32716.626193754375 172.65667971968651 10878.92805826664 85.316004414111376 3404.5260322839022 1430.9074984490871 185.8197121322155 376.49149383604527
leaf_count=52716 16227 192 3300 29568 4029 47456 72002 168652 9750 1598 11997 397 125034 1682 544 7644 1585 4499 67 12916 46380 769 76058 630 25675 504 5175 4109 171 1242
internal_value=0.0067662 0.00642631 0.00573328 0.00539262 0.0112878 0.00495066 0.00378307 0.00242825 0.0145288 -0.000942709 0.0101219 -0.00387423 0.00677752 0.00870177 -0.00936968 -0.00359808 0.0205868 0.00621103 0.00313577 -0.00388952 -0.00512769 0.00996072 0.00697253 0.00490117 0.00687491 -0.0306725 0.0161517 -0.00439892 0.0172232 -0.00716354
internal_weight=320690 310597 271848 261715 38749.3 241094 147091 94412.2 10133.2 35267.3 35192.5 18366.7 94003.1 28148.1 757.817 18276.6 5127.82 52678.9 16869.4 5859.75 16168 5005.34 92707.3 32889.3 11009.7 130.728 3624.56 15561.2 10092.3 1295.77
internal_count=732568 716170 645202 627731 70968 598163 391899 276236 17471 107584 66939 60128 206264 54942 2226 59731 6952 115663 43661 17415 52087 10519 201722 76688 26246 571 5367 50489 16398 4542
is_linear=0
shrinkage=0.05


Tree=55
num_leaves=31
num_cat=0
split_feature=6 11 5 9 8 9 8 8 7 3 9 7 3 9 8 5 3 3 5 7 8 9 10 5 5 8 9 3 5 3
split_gain=430.996 329.008 234.867 209.356 364.97 127.47 110.479 90.8584 89.6962 82.0303 78.9394 74.8274 53.7756 48.4476 43.9369 52.7851 41.3093 38.2957 58.6484 39.5141 36.4236 36.4056 33.8093 33.3732 52 29.725 29.223 26.1086 25.3017 48.6819
threshold=7714069.5000000009 0.080915343016386046 1289243.5000000002 12.464285850524904 1.0000000180025095e-35 5.9500000476837167 33.500000000000007 47.500000000000007 0.080046296119689955 0.11960554867982866 21.791666984558109 0.38344748318195349 0.078491404652595534 11.267857074737551 39.500000000000007 15089427.500000002 0.070629172027111067 0.057977156713604934 15089427.500000002 0.21070533245801928 40.500000000000007 11.958333492279055 0.52484878897666942 5320895.5000000009 12130922.500000002 45.500000000000007 18.683333396911625 0.074240498244762435 5320895.5000000009 0.0041960095986723909
decision_type=10 2 2 2 2 2 2 2 8 10 2 10 10 2 2 2 10 8 2 10 2 2 2 2 2 2 2 8 2 8
left_child=1 2 7 4 -4 22 -5 8 -1 -7 14 17 -9 16 15 -8 -10 18 -2 -20 27 -6 -3 -16 -25 -22 -14 -15 -12 -30
right_child=11 5 3 6 21 9 10 12 13 -11 28 -13 26 20 23 -17 -18 -19 19 -21 25 -23 -24 24 -26 -27 -28 -29 29 -31
leaf_value=-0.077708130184103039 0.0045626733863469082 0.015928139057066498 0.0054559508525398445 0.0054559508525398445 0.0084014316776954683 0.0084014316776954683 0.002385456493345422 -0.044287902616288691 -0.015549133823218184 0.013483677100889532 0.002385456493345422 0.029824698433573466 0.0084014316776954683 -0.048302653296361492 0.0054559508525398445 0.0054559508525398445 0.0084014316776954683 0.015351807768702805 -0.10800046612478009 -0.015867313679424077 -0.015549133823218184 0.0061835053412302426 0.025687806623625777 0.002385456493345422 0.0054559508525398445 -0.048302653296361492 -0.01794323546929661 -0.028918767335986851 -0.055789206350098389 -0.00042782330712983331
leaf_weight=67.961027383804321 161.82603822648525 2128.8692143261433 62459.548398286104 49790.515250451863 36317.862996295094 9946.882803812623 15448.670262724161 48.064100414514542 239.94117350876331 9617.3480351269245 12151.579840674996 919.29601016640663 275.87318033725023 66.553773254156113 20387.875776253641 4825.1745276376605 98.966140553355217 9070.2699308246374 18.287007465958595 29.264553144574165 193.22141595929861 38957.300642326474 1543.5333056002855 18626.320173196495 11349.182447455823 26.825716331601143 77.260728064924479 317.44019734114408 37.81517455726862 14977.384238518775
leaf_count=390 278 2464 131108 144566 51287 15088 42361 245 583 13511 39807 1193 640 370 44489 11040 118 14963 77 63 845 72159 1428 53411 25537 124 441 1273 321 63012
internal_value=0.00610507 0.00577223 0.00530845 0.00540916 0.0068112 0.0114944 0.0041007 -0.0150192 -0.0229965 0.00988807 0.0030903 0.0162178 0.00509571 -0.0188972 0.00397122 0.00238546 -0.00373386 0.0148637 -0.00622646 -0.0542282 -0.0273644 0.00840143 0.0200419 0.0047746 0.00356779 -0.0155491 0.00840143 -0.0369114 0.000799698 -0.00057466
internal_weight=320177 309978 286741 285329 137735 23236.6 147595 1412.11 1010.91 19564.2 97804 10198.9 401.198 942.948 70637.2 20273.8 338.907 9279.65 209.378 47.5516 604.041 75275.2 3672.4 50363.4 29975.5 220.047 353.134 383.994 27166.8 15015.2
internal_count=733192 716618 684127 679098 254554 32491 424544 5029 3703 28599 279978 16574 1326 3313 176838 53401 701 15381 418 140 2612 123446 3892 123437 78948 969 1081 1643 103140 63333
is_linear=0
shrinkage=0.05


Tree=56
num_leaves=31
num_cat=0
split_feature=0 9 6 4 8 4 9 4 9 9 8 5 5 5 3 8 5 8 4 3 5 8 5 4 4 5 5 4 8 5
split_gain=331.658 283.606 228.277 237.298 192.641 123.272 98.3435 97.1066 95.8184 95.5073 88.3566 80.3874 75.6138 72.974 70.5674 55.7209 51.0511 50.2378 46.3415 46.0939 43.104 42.1539 39.4157 42.3611 38.5711 76.8245 52.1175 37.6651 36.4504 33.4381
threshold=0.0080972984433174151 9.5357141494750994 1.0000000180025095e-35 29795.700195312504 1.0000000180025095e-35 198400.00000000003 15.464285850524904 197300.00000000003 21.050000190734867 5.0625000000000009 36.500000000000007 5320895.5000000009 13439690.500000002 5320895.5000000009 0.1964589133858681 158.50000000000003 16151869.500000002 84.500000000000014 98200.000000000015 0.0060159999411553153 12130922.500000002 1.0000000180025095e-35 5320895.5000000009 39633.500000000007 32013.600585937504 10052930.500000002 12130922.500000002 50005.099609375007 33.500000000000007 10052930.500000002
decision_type=2 2 10 8 2 8 2 10 2 2 2 2 2 2 10 2 2 2 8 8 2 2 2 10 10 2 2 10 2 2
left_child=2 9 3 10 7 -4 -6 12 21 14 -1 -11 22 18 20 19 -14 -10 -3 27 -2 -7 23 -5 25 -24 29 -8 -21 -26
right_child=1 13 5 4 6 8 15 -9 17 11 -12 -13 16 -15 -16 -17 -18 -19 -20 28 -22 -23 24 -25 26 -27 -28 -29 -30 -31
leaf_value=0.0064942573370496415 0.013243252665673678 0.0093462532532965631 0.0064942573370496415 0.0041892898190358241 0.0041892898190358241 0.0035887758546616442 -0.0061879901416059457 -0.078963554121224799 0.0019326313525198772 0.013243252665673678 0.0041892898190358241 0.0093462532532965631 0.0041892898190358241 0.0064942573370496415 0.024704586029543802 -0.064013288257270859 -0.017173366530448483 -0.025045557857540691 0.0064942573370496415 0.0028780815280441832 0.019417940450919192 0.0054500275683963019 0.0041892898190358241 -0.0034986942765921885 -0.013107548284818572 -0.0051871497555698821 -0.040571565703380039 -0.032708504534739571 0.00063465244792725462 -0.005671185454981376
leaf_weight=28433.893754303455 5987.782149463892 16020.487893894315 32066.600973453373 1912.3513582646847 21231.364660516381 28487.949916467071 283.65356713533401 39.260524481534958 22679.806358262897 7693.6856872290373 5486.4073913991451 13192.986034587026 3586.4854828119278 40561.338996104896 1968.4381287768483 30.368274934589863 277.77605377137661 171.89320753514767 8594.9321254193783 15919.329784277827 2054.9351212829351 19346.154922232032 725.81417353451252 3477.8318722695112 1931.0259961932898 5675.0140070766211 100.97705578804016 173.36953563429415 28963.035962920636 2937.0221908688545
leaf_count=59833 7951 26599 63755 3375 43034 54509 1381 174 73631 9595 18403 19625 6439 82240 1948 163 624 1049 15548 53610 2297 39080 1334 7061 4850 19921 314 1190 104470 8942
internal_value=0.0057927 0.00825022 0.0047383 0.00326824 0.00188432 0.00647197 0.00319284 -0.00233309 0.0044058 0.0121982 0.00649426 0.0102717 -0.00217958 0.00649426 0.0162148 0.00156687 0.00412393 0.00172752 0.0092237 0.00161362 0.0141313 0.00545003 -0.00363326 -0.000111495 -0.00530253 -0.00273528 -0.0086071 -0.0141507 0.00177477 -0.00785548
internal_weight=320012 96074.6 223937 121185 87264.7 102752 66601.1 20663.6 70685.8 30897.8 33920.3 20886.7 20624.3 65176.8 10011.2 45369.8 3864.26 22851.7 24615.4 45339.4 8042.72 47834.1 16760 5390.18 11369.9 6400.83 4969.03 457.023 44882.4 4868.05
internal_count=732945 165803 567142 335118 256882 232024 203848 53034 168269 41416 78236 29220 52860 124387 12196 160814 7063 74680 42147 160651 10248 93589 45797 10436 35361 21255 14106 2571 158080 13792
is_linear=0
shrinkage=0.05


Tree=57
num_leaves=31
num_cat=0
split_feature=6 2 10 5 5 3 9 9 8 3 5 8 8 8 4 8 8 11 8 1 4 6 11 8 8 6 8 2 3 6
split_gain=400.318 280.012 165.04 154.84 317.949 201.684 164.262 142.266 183.672 125.307 120.188 108.81 105.948 105.642 81.536 79.3944 76.9206 73.7522 69.5024 63.3011 63.2709 58.7639 77.8913 58.2774 94.1769 57.5316 49.7533 61.2215 46.1875 43.0464
threshold=3211691.0000000005 2842.900024414063 0.30356636643409735 5320895.5000000009 12130922.500000002 0.0152323329821229 16.535714149475101 10.354166507720949 1.0000000180025095e-35 0.010001999791711571 10052930.500000002 14.500000000000002 65.500000000000014 13.500000000000002 80100.000000000015 43.500000000000007 23.500000000000004 -0.053105782717466347 43.500000000000007 21.500000000000004 194500.00000000003 7714069.5000000009 -0.01817232463508844 66.500000000000014 68.500000000000014 3211691.0000000005 44.500000000000007 18909.799804687504 0.13937216997146609 3211691.0000000005
decision_type=8 2 2 2 2 10 2 2 2 8 2 2 2 2 8 2 2 2 2 2 8 8 2 2 2 10 2 2 10 10
left_child=7 3 18 6 5 10 -2 8 14 -9 12 -10 17 -11 -1 -8 25 -5 -3 -6 -15 23 -23 -14 -25 -12 29 -28 -13 -4
right_child=1 2 26 4 19 -7 15 9 11 13 16 28 21 20 -16 -17 -18 -19 -20 -21 -22 22 -24 24 -26 -27 27 -29 -30 -31
leaf_value=0.025570006643716527 0.0073014897270963974 0.011359530239213997 0.011359530239213997 -0.014840073712995019 0.0073014897270963974 0.0036869059267835127 0.0055819673241621088 -0.038094845555757782 0.035772379122739666 -6.8358401393364061e-05 -0.0051903975815257115 0.015546415177528222 -0.047226636884135205 0.011254617575121518 0.011254617575121518 0.0015333382575007603 0.0012754736799882342 0.0012754736799882342 0.0073014897270963974 0.0047549306501158536 0.0073807234834933821 -0.079852014140856714 0.0012754736799882342 0.0012754736799882342 -0.034986627586985723 -0.027646068502929107 0.011359530239213997 0.028557254916094749 0.029047851617961751 0.019522037574014984
leaf_weight=1025.5910251289606 54756.391798362136 5435.8635843545198 5092.4155058786273 782.5573061555624 30937.974222645164 55039.348190248013 24502.006604403257 143.5902646407485 1136.9661086946726 3145.9742172658443 14374.433785580099 3215.5472202003002 205.5236575640738 6547.807499229908 9247.3046359717846 20169.357597969472 1683.8306501880288 17885.840473160148 13562.801017522812 32199.358983390033 13408.993234671652 28.066521227359772 179.87864725664258 99.611429736018181 230.70498629659414 289.13428829610348 688.57637932896614 1344.2791049331427 792.36949434131384 2091.0729337856174
leaf_count=1302 91870 7178 6522 1785 50839 160204 62224 508 1000 5704 47196 4012 1318 11567 15840 61481 6359 47300 23152 86372 30059 125 592 225 1091 1064 921 1226 748 2312
internal_value=0.00585733 0.00520219 0.00992703 0.00467595 0.00368246 0.00178752 0.00621398 0.010628 0.0143525 0.0081567 -0.00113596 0.0221182 0.00127547 0.00844744 0.0112546 0.00386244 -0.00430105 0.00127547 0.00730149 0.00640747 0.00978974 -0.0176148 0.00127547 -0.0264367 -0.0132947 -0.00563689 0.0154176 0.0223293 0.0182288 0.0134559
internal_weight=320243 281579 28215 253364 153936 90798.9 99427.8 38664.1 15417.8 23246.4 35759.6 5144.88 19412.2 23102.8 10272.9 44671.4 16347.4 18668.4 18998.7 63137.3 19956.8 743.785 207.945 535.84 330.316 14663.6 9216.34 2032.86 4007.92 7183.49
internal_count=732096 661356 41311 620045 404470 267259 215575 70740 22902 47838 107055 5760 52436 47330 17142 123705 54619 49085 30330 137211 41626 3351 717 2634 1316 48260 10981 2147 4760 8834
is_linear=0
shrinkage=0.05


Tree=58
num_leaves=31
num_cat=0
split_feature=1 2 7 11 9 9 3 7 10 3 3 9 4 3 4 0 7 11 10 9 10 11 7 3 4 2 3 7 11 7
split_gain=332.658 274.407 164.003 108.699 102.633 98.7782 73.2301 70.0609 64.6069 40.4695 37.7454 37.5041 27.6099 42.4628 22.1152 20.232 16.3844 14.1682 13.8376 17.9728 11.8939 11.8665 8.84657 8.3292 7.9962 7.00928 5.64608 6.51204 4.29422 2.8531
threshold=21.500000000000004 128.00000000000003 0.57124060392379772 -0.12824675440788266 14.267857074737551 5.0625000000000009 0.087726294994354262 0.76601886749267589 -0.071969699114561067 0.1964589133858681 0.0152323329821229 10.775000095367433 57020.000000000007 0.010001999791711571 64010.000000000007 1.0000000180025095e-35 0.32889381051063543 -0.07160062342882155 0.073633704334497466 12.22499990463257 0.16680990904569629 -0.10883838310837744 0.5004003942012788 0.6821500062942506 197024.50000000003 16859.549804687504 0.050747435539960868 0.5004003942012788 0.24282800406217578 0.57124060392379772
decision_type=2 2 10 2 2 2 10 8 2 10 10 2 10 10 10 2 8 2 2 2 2 2 8 10 10 2 8 10 2 10
left_child=1 2 10 6 -5 9 -2 28 16 17 -1 -12 20 -14 -4 24 -6 -3 19 -8 26 -9 -19 -11 29 -25 -10 -28 -7 -15
right_child=3 5 14 4 8 7 18 21 12 23 11 -13 13 15 -16 -17 -18 22 -20 -21 -22 -23 -24 25 -26 -27 27 -29 -30 -31
leaf_value=0.0052334311092131925 -0.10725862230541827 0.013765646269496709 0.0088217766880607906 0.0052334311092131925 -0.018783923945407614 0.0088217766880607906 -0.032878061684167202 0.011293711478778751 0.0026673406200952753 0.023096209769348525 0.0070276038986369915 0.006043079367452504 -0.0078251346219261938 0.0009191214756461767 0.0070276038986369915 0.0026673406200952753 -0.0078251346219261938 0.015613934606139752 -0.018783923945407614 -0.063732078240633455 0.004160450782000359 0.013765646269496709 0.019966234328689686 0.028385839581661229 -0.0028842712108679328 0.040454025648278234 0.0031666302235245714 0.0037354485622381238 0.011293711478778751 0.0018519310387039196
leaf_weight=80841.670637488365 30.138360738754272 1032.9703020006418 20624.763463541865 15675.477052882314 67.466510981321335 10837.898528441787 24.807760968804359 798.15927717089653 4078.7528661862016 1158.1438234299421 10756.104137524962 25309.755737885833 372.67536916211247 20262.402891241014 2075.7108304202557 7420.8348980471492 180.32992471009493 1373.7879171669483 60.185510888695717 17.8845045119524 3964.3266495913267 5515.6066896915436 1756.1158690825105 60.488670580089092 363.44296661019325 175.01039180904627 80306.959679841995 19346.066969335079 2383.0965766012669 2709.5941213518381
leaf_count=160954 126 1387 33673 26558 246 15589 46 1208 13159 1137 15709 47364 1923 64711 4369 16955 404 1585 104 73 6867 6760 1835 71 1610 107 243978 52913 2960 8775
internal_value=0.00528305 0.0068474 0.00598202 0.00361946 0.00365854 0.0116615 -0.0412264 0.00998645 0.00308747 0.0175448 0.00523343 0.00685273 0.00313365 0.00182192 0.00882178 0.00205659 -0.0187839 0.0150618 -0.0202055 -0.0469722 0.00351276 0.0137656 0.0174622 0.0249296 0.00103652 0.0336755 0.00331045 0.00342384 0.00882178 0.00117611
internal_weight=319581 164699 139608 154881 154748 25091.3 133.016 19534.8 139073 5556.52 116908 36065.9 138825 31129 22700.5 30756.3 247.796 4162.87 102.878 42.6923 107696 6313.77 3129.9 1393.64 23335.4 235.499 103732 99653 13221 22972
internal_count=733156 294708 262069 438448 438099 32639 349 26517 411541 6122 224027 63073 410891 93974 38042 92051 650 4807 223 119 316917 7968 3420 1315 75096 178 310050 296891 18549 73486
is_linear=0
shrinkage=0.05


Tree=59
num_leaves=31
num_cat=0
split_feature=5 5 5 10 3 9 7 9 5 11 8 1 2 8 3 7 11 11 7 7 9 10 8 8 3 7 4 4 9 8
split_gain=335.242 354.182 265.572 264.27 234.693 225.745 220.942 150.966 130.513 123.974 121.614 118.777 112.554 104.537 104.039 159.502 93.8731 91.1297 87.4795 86.1497 84.5073 162.424 92.7921 76.1711 67.5977 65.2633 65.2076 64.7568 58.5714 54.6862
threshold=5320895.5000000009 12130922.500000002 10052930.500000002 1.0000000180025095e-35 0.19150555133819583 15.354166507720949 0.5004003942012788 15.775000095367433 1289243.5000000002 -0.10883838310837744 12.500000000000002 21.500000000000004 2569.6999511718755 1.0000000180025095e-35 0.010001999791711571 0.30912230908870703 -0.0015957898576743899 -1.0000000180025095e-35 0.24912462383508685 0.60009595751762401 12.354166507720949 -0.067947331815958009 1.5000000000000002 44.500000000000007 0.61480948328971874 0.17310176789760592 36020.000000000007 35020.000000000007 4.9285714626312265 24.500000000000004
decision_type=2 2 2 2 10 2 10 2 2 2 2 2 2 2 8 10 2 2 8 10 2 2 2 2 10 10 10 10 2 2
left_child=3 2 6 8 9 12 20 17 18 -4 -11 13 19 -10 15 -13 29 -8 27 -3 22 26 -2 25 -19 -6 -22 -1 -5 -12
right_child=1 5 4 28 23 -7 7 -9 11 10 16 14 -14 -15 -16 -17 -18 24 -20 -21 21 -23 -24 -25 -26 -27 -28 -29 -30 -31
leaf_value=-0.018882967332099453 0.0023533490673249228 0.0067161757325155296 -0.020327565460156571 0.021628606630588673 0.0011365186656394491 0.0031541516902965847 0.0096134752119137606 0.0058620613263598012 0.0064728700472841145 -0.0056326211333037283 -0.0028173076950964724 -0.046529158333697772 0.015329666270494752 0.0094742030781499939 0.0050359464783531248 -0.0051033196294121078 0.0011365186656394491 0.014840549934198822 -0.0029287821255637252 0.011498096984330262 -0.022156989737320512 0.00073258184708830689 0.0058620613263598012 0.0011365186656394491 0.029322975663040873 0.011329369580461586 -0.079846585780039434 -0.05420033671738738 0.011834457757192003 -0.011449387840876152
leaf_weight=84.977636493742466 9526.0643045902252 35810.90325692296 1011.6135315895081 1692.531411036849 1114.5880682915449 33007.327490597963 2446.4061634987593 5028.0185090154409 24056.782391965389 16267.714400589466 1260.3884903788567 268.71002103388309 5425.3860874548554 26162.276761457324 57571.710257299244 368.9379053413868 12502.871048249304 6468.9875248000026 1044.5798925720155 5280.3392183929682 142.85411635041237 25725.44286705181 18149.824055597186 4371.5995434373617 921.77431939542294 5264.364687666297 74.489803969860077 183.57482893019915 15744.233569741249 2606.5328942537308
leaf_count=277 21358 60288 2211 1714 3339 89946 4363 16663 42324 48662 2808 1382 6598 40078 146988 1216 47533 10198 3415 7662 375 85013 30860 12739 1074 12983 273 1113 22108 7303
internal_value=0.00507774 0.00376108 0.00196048 0.00706962 -0.00105146 0.00631692 0.00391316 0.00930649 0.00616089 -0.00310621 -0.00257121 0.00635069 0.00856093 0.00813245 0.00481329 -0.0152426 0.000471427 0.0133649 -0.00949751 0.00766653 0.00241763 0.000367337 0.00433936 0.00537924 0.0166542 0.00889388 -0.0424766 -0.0348372 0.0127875 -0.00677113
internal_weight=319586 192407 112884 127178 44399.7 79524 68483.9 14865.2 109742 33649.1 32637.5 108428 46516.6 50219.1 58209.4 637.648 16369.8 9837.17 1313.13 41091.2 53618.7 25942.8 27675.9 10750.6 7390.76 6378.95 217.344 268.552 17436.8 3866.92
internal_count=732864 472249 307755 260615 137578 164494 170177 32298 236793 108517 106306 231988 74548 82402 149586 2598 57644 15635 4805 67950 137879 85661 52218 29061 11272 16322 648 1390 23822 10111
is_linear=0
shrinkage=0.05


Tree=60
num_leaves=31
num_cat=0
split_feature=6 2 6 7 7 1 3 6 5 5 6 4 4 7 8 8 0 8 4 3 8 8 5 5 7 8 5 5 8 1
split_gain=266.096 279.192 199.782 154.622 134.364 108.843 91.9764 98.0883 72.1733 175.628 97.3459 122.257 107.535 64.3992 63.5451 60.5232 58.5186 52.0526 45.4004 42.9225 39.2814 39.0212 36.0082 44.2929 34.959 34.6661 34.5928 33.587 32.8931 32.4899
threshold=7714069.5000000009 2806.900024414063 3211691.0000000005 0.76009592413902294 0.7336021661758424 12.500000000000002 0.0152323329821229 3211691.0000000005 5320895.5000000009 15089427.500000002 3211691.0000000005 197600.00000000003 29020.000000000004 0.57124060392379772 110.50000000000001 80.500000000000014 0.0080972984433174151 86.500000000000014 97020.000000000015 0.010001999791711571 112.50000000000001 67.500000000000014 10052930.500000002 12130922.500000002 0.26005779206752783 32.500000000000007 5320895.5000000009 10052930.500000002 45.500000000000007 20.500000000000004
decision_type=10 2 8 8 10 2 10 10 2 2 10 8 10 10 2 2 2 2 10 8 2 2 2 2 10 2 2 2 2 2
left_child=1 2 14 5 6 -3 8 16 17 10 12 -12 22 19 -1 18 -8 -4 -11 24 27 -14 -10 -24 26 -6 -2 29 -15 -5
right_child=13 3 4 20 25 -7 7 -9 9 15 11 -13 21 28 -16 -17 -18 -19 -20 -21 -22 -23 23 -25 -26 -27 -28 -29 -30 -31
leaf_value=0.0067101457585756422 -0.026829816525169164 0.011545883577456957 0.0031125640068415945 0.02035005180422236 0.0067101457585756422 0.0067101457585756422 0.0031125640068415945 0.0049919467326338951 0.0031125640068415945 0.0031125640068415945 0.0031125640068415945 -0.0065474381071059518 -0.004220076340161698 0.022592957685660636 -0.057762022409173476 -0.032447043832044747 0.0049919467326338951 -0.016016823357399894 -0.023388672210077704 0.012461367930911451 0.043031395970918263 -0.068023482599673696 -0.00066433970911682039 0.0031125640068415945 -0.0024322827520823539 0.0049919467326338951 -0.10280806584380078 0.011545883577456957 0.052150119159345254 0.011545883577456957
leaf_weight=35950.36637211591 27.962653279304504 8975.5215835720301 38196.825646620244 3358.1546392589808 13638.865869700909 13946.949719965458 73121.847212135792 26171.988445147872 2359.7007761672139 21038.388819180429 1017.3431448489428 12200.096103325486 6953.9696011245251 347.81845635920763 46.236853823065758 156.01535378023982 30386.366526097059 409.67061998322606 255.48365560546517 9280.7827844619751 128.67731548845768 22.056230992078781 11003.077878817916 848.36461102962494 74.712728604674339 6004.155275054276 18.196431085467339 2226.1511877775192 130.87783966958523 1190.9522214084864
leaf_count=68282 58 11066 83498 3640 24795 23701 215236 53259 4754 44135 1949 38979 19329 469 179 623 59456 1474 694 15653 140 132 38939 1584 129 15267 76 3143 120 1902
internal_value=0.00491387 0.00465603 0.00416573 0.00925456 0.00363133 0.00727772 0.00327375 0.0041382 0.00208693 0.000874343 -0.00145849 -0.00482546 0.000642218 0.0129909 0.00671015 0.00311256 0.00318012 0.00311256 0.00311256 0.0120748 0.015814 -0.00444124 0.00311256 0.000356321 -0.0173259 0.00671015 -0.0512274 0.0152846 0.0308574 0.0178167
internal_weight=319488 309607 279781 29826.4 243784 22922.5 224141 129680 94461 55854.5 34404.6 13217.4 21187.2 9880.35 35996.6 21449.9 103508 38606.5 21293.9 9401.65 6903.94 6976.03 14211.1 11851.4 120.872 19643 46.1591 6775.26 478.696 4549.11
internal_count=732661 716156 672564 43592 604103 34767 564041 327951 236090 151118 105666 40928 64738 16505 68461 45452 274692 84972 44829 15916 8825 19461 45277 40523 263 40062 134 8685 589 5542
is_linear=0
shrinkage=0.05


Tree=61
num_leaves=31
num_cat=0
split_feature=6 6 7 0 9 7 5 5 9 3 0 8 7 8 8 5 8 1 14 8 9 8 5 5 3 8 9 5 5 9
split_gain=271.74 281.039 266.959 200.785 196.667 117.667 78.5094 78.8943 77.3317 74.0194 73.2478 128.967 70.4656 95.9972 57.9165 53.7918 65.0938 80.6432 47.811 45.4667 89.5996 119.295 56.5196 67.9093 42.0186 41.352 44.6892 39.9121 46.8558 70.037
threshold=7714069.5000000009 3211691.0000000005 0.90667709708213817 1.0000000180025095e-35 5.0625000000000009 0.5004003942012788 13439690.500000002 5320895.5000000009 14.267857074737551 0.067271351814270033 1.0000000180025095e-35 100.50000000000001 0.32889381051063543 23.500000000000004 65.500000000000014 1289243.5000000002 43.500000000000007 8.5000000000000018 1.0000000180025095e-35 1.0000000180025095e-35 21.791666984558109 65.500000000000014 15089427.500000002 10052930.500000002 0.28162395954132086 1.0000000180025095e-35 11.775000095367433 5320895.5000000009 15089427.500000002 20.22500038146973
decision_type=10 8 10 2 2 10 2 2 2 10 2 2 8 2 2 2 2 2 2 2 2 2 2 2 10 2 2 2 2 2
left_child=1 10 3 5 -5 15 7 14 24 12 11 18 13 -2 -6 16 17 -3 25 22 -21 -22 23 -17 -4 -1 -27 -28 29 -29
right_child=9 2 8 4 6 -7 -8 -9 -10 -11 -12 -13 -14 -15 -16 19 -18 -19 -20 20 21 -23 -24 -25 -26 26 27 28 -30 -31
leaf_value=0.0034959299044659714 -0.0040669373889926788 0.0031857650823090299 0.015379922947942482 0.0098819508237436016 0.0073584646469616547 0.0042784759892153627 0.0073584646469616547 0.0042784759892153627 0.0098819508237436016 0.023581044712620455 0.012244709689897217 -0.078385824975091209 0.011812006779201099 -0.10376284265835652 0.0042784759892153627 0.0013191303929622432 0.0031857650823090299 -0.042146390404224757 0.0097301601907986979 0.0031857650823090299 0.0018327220652948413 -0.0058264331663577754 0.0031857650823090299 -0.0036485907140592871 0.026901444699977451 0.0097301601907986979 0.0079492276848224502 0.0058593761044045956 0.0071481360359273707 -0.010643201183207317
leaf_weight=8845.8535059243441 163.11954915523529 147.5224614739418 1524.750191822648 8217.7511589229107 19498.467083185911 37711.902563147247 15557.654851749539 31993.828603588045 1452.4482832849026 1387.3126094862819 9713.3906228393316 41.947350345551968 8391.0317594259977 26.379123315215111 7190.9352415502071 20510.294151172042 211.33599394187331 250.46442218124866 6795.9906950220466 56344.850176341832 43610.280213087797 5752.8429689221084 9432.2482592463493 10349.042423859239 1476.8592140823603 767.61823226511478 6368.2763807028532 1353.8523262292147 3111.1801020950079 1220.8432642370462
leaf_count=15876 317 328 2169 10277 30532 89657 25963 66484 3637 1936 14168 208 14188 115 14205 41707 1218 1266 12229 132316 148736 25266 16916 32850 1605 697 13755 2878 6819 4243
internal_value=0.00474206 0.00448026 0.00391459 0.00371182 0.00576265 0.0027943 0.00483498 0.00427848 0.0160521 0.0128672 0.00849434 0.00721561 0.0111299 -0.0188838 0.00703594 0.00209305 -0.0127083 -0.0249744 0.00734726 0.002155 0.00269974 0.000939914 0.000725771 -0.000346982 0.0208779 0.00612688 0.00794117 0.0061683 0.00302097 -0.00196784
internal_weight=319420 309452 271233 266779 82458.6 184321 74240.9 58683.2 4454.06 9967.84 38219 28505.6 8580.53 189.499 26689.4 146609 609.323 397.987 28463.6 146000 105708 49363.1 40291.6 30859.3 3001.61 21667.6 12821.8 12054.2 5685.88 2574.7
internal_count=732561 716005 645132 637721 147461 490260 137184 111221 7411 16556 70873 56705 14620 432 44737 400603 2812 1594 56497 397791 306318 174002 91473 74557 3774 44268 28392 27695 13940 7121
is_linear=0
shrinkage=0.05


Tree=62
num_leaves=31
num_cat=0
split_feature=6 4 9 5 7 5 9 4 6 6 0 10 7 9 7 3 11 1 0 3 5 5 1 9 5 7 7 11 3 5
split_gain=332.228 551.816 384.107 229.385 500.806 273.015 264.72 148.383 145.969 151.008 134.909 132.056 118.047 96.7679 88.6218 85.1979 91.8633 83.6036 77.7123 69.3987 68.475 109.684 68.2617 65.2701 58.0695 68.0176 57.772 57.4256 56.5734 53.1405
threshold=1.0000000180025095e-35 198400.00000000003 9.2678570747375506 10052930.500000002 0.91825759410858165 12130922.500000002 15.22499990463257 7020.0000000000009 7714069.5000000009 3211691.0000000005 0.035898379981517799 0.24646140635013583 0.071523305028677001 14.348484516143801 0.59327682852745067 0.21426508575677874 -0.10883838310837744 13.500000000000002 0.13397436589002612 0.14504722505807879 15089427.500000002 5320895.5000000009 5.5000000000000009 20.071428298950199 5320895.5000000009 0.53040972352027904 0.90667709708213817 -0.014794832095503805 0.040879251435399062 16151869.500000002
decision_type=10 8 2 2 8 2 2 10 10 10 2 2 8 2 10 10 2 2 2 10 2 2 2 2 2 10 10 2 10 2
left_child=3 2 19 4 6 15 11 13 9 23 27 14 -11 29 -1 16 18 -6 -5 22 21 -14 -2 -3 -4 -26 -17 28 -9 -7
right_child=1 8 24 5 17 7 -8 10 -10 12 -12 -13 20 -15 -16 26 -18 -19 -20 -21 -22 -23 -24 -25 25 -27 -28 -29 -30 -31
leaf_value=0.0041598277490278342 0.020180629861633284 0.0072512170453225035 0.010536578525317171 -0.030260198941305508 0.027036721589949554 0.023638597239943604 0.00099439874801096487 -0.057263277939116675 0.0072512170453225035 -0.08744608010209802 0.0082450191040808422 0.01222519375719776 0.0025374069783563923 0.0082450191040808422 0.0088350223424596471 0.0017180752283113936 -0.0022861592216579709 0.013673859928129629 -0.0097971041441002882 0.025166542125589098 0.0047696227669243212 -0.0029586803931314462 0.013582806545853188 0.0018627408489960973 0.0072512170453225035 0.013187117228287271 0.018688800497435896 0.0021646870087436826 -0.0050233471592651853 0.013964192611814403
leaf_weight=32536.746861979365 5202.3229572027922 21440.871541008353 16811.070174708962 603.80815729498863 2431.1140569075942 2343.7841036617756 42693.798399522901 51.154795527458191 8109.0225329995155 35.077180009335279 7184.2334415465593 5457.7135945782065 28257.431997105479 1269.5759328603745 10051.699244454503 8423.4481001496315 33773.635995425284 2271.2468990385532 443.61191457509995 3159.6385553106666 14421.181126058102 13371.874680221081 2261.3892497867346 6620.7669126987457 16739.549524374306 5235.3632978647947 531.278952896595 25372.820337872952 2118.7369459271431 292.95393148064613
leaf_count=57994 7418 36337 30802 1494 2991 3021 128648 189 13665 166 10572 6643 65011 3452 15852 23325 109522 5401 739 3267 31485 40522 3176 17750 35640 9893 945 61926 4654 594
internal_value=0.00445463 0.00626112 0.0105252 0.00301562 0.00468416 0.00108314 0.00385939 0.00414649 0.00397727 0.00324004 0.00310677 0.00640507 0.0017417 0.0133833 0.00544485 -0.00162041 -0.00273899 0.020591 -0.017308 0.0189484 0.00180063 0.000771935 0.01631 0.00623439 0.00821721 0.00725122 0.00272889 0.00149689 -0.00630649 0.0196834
internal_weight=319517 141666 49409.3 177851 95442.3 82409 90740 38633.3 92256.2 84147.2 34726.9 48046.2 56085.6 3906.31 42588.4 43775.8 34821.1 4702.36 1047.42 10623.4 56050.5 41629.3 7463.71 28061.6 38786 21974.9 8954.73 27542.7 2169.89 2636.74
internal_count=733094 295132 90196 437962 217529 220433 209137 84408 204936 191271 77341 80489 137184 7067 73846 136025 111755 8392 2233 13861 137018 105533 10594 54087 76335 45533 24270 66769 4843 3615
is_linear=0
shrinkage=0.05


Tree=63
num_leaves=31
num_cat=0
split_feature=10 9 8 3 8 10 8 8 9 8 7 8 10 8 3 7 2 3 9 3 11 7 8 3 8 8 9 7 7 11
split_gain=192.611 111.973 447.838 162.973 134.37 111.962 79.3683 56.8331 100.936 90.0481 58.8605 53.7799 62.8296 37.7435 35.0158 29.4654 28.044 28.0223 24.5086 24.0746 28.9424 23.5179 27.0308 22.5254 18.7941 18.6374 35.2878 15.0838 14.9346 11.5343
threshold=0.52484878897666942 11.958333492279055 1.0000000180025095e-35 0.0060159999411553153 35.500000000000007 -0.049416434019803994 22.500000000000004 43.500000000000007 21.791666984558109 12.500000000000002 0.51935565471649181 23.500000000000004 0.18947415053844455 21.500000000000004 0.10257336497306825 0.4167881458997727 15931.600097656252 0.24472163617610934 10.535714149475099 0.31973393261432653 0.39662459492683416 0.68759614229202282 29.500000000000004 0.010001999791711571 21.500000000000004 44.500000000000007 14.690476417541506 0.30912230908870703 0.62490001320838939 -0.0080930138938128931
decision_type=2 2 2 8 2 2 2 2 2 2 10 2 2 2 10 8 2 10 2 8 2 10 2 10 2 2 2 10 10 2
left_child=1 2 -1 4 11 13 19 9 17 10 23 24 21 -4 15 -10 18 25 -8 -2 -21 22 -13 -5 -3 -9 -27 -18 -26 -11
right_child=6 3 5 7 -6 -7 16 8 14 29 -12 12 -14 -15 -16 -17 27 -19 -20 20 -22 -23 -24 -25 28 26 -28 -29 -30 -31
leaf_value=0.0043914309980273829 0.0089043483366253 -0.032634200143994527 0.0066478896673263415 -0.0022015684802916403 -0.0052768285402283281 0.0089043483366253 0.021923277123932151 0.0018937651868111444 -0.0052768285402283281 0.0015465298474010055 0.0043914309980273829 -0.11005979938326699 -0.0052768285402283281 0.0043914309980273829 0.0015519339620870712 -0.00031903176777685398 0.021923277123932151 0.0043914309980273829 0.0089043483366253 0.011813026676280595 0.021796488227751768 -0.034179596644444497 -0.057397497909125544 0.001334460853298802 -0.019811123234749997 0.0036223201392055794 0.0018937651868111444 0.035156248381524827 -0.0052768285402283281 0.0043914309980273829
leaf_weight=66222.413754224777 1965.9508679881692 230.79667554795742 2186.9515844881535 7449.0519087612629 524.74197533726692 33385.997859686613 430.90034478902817 11142.207290172577 3565.9060404635966 8498.0376904904842 4473.0320618599653 33.739914134144783 17.808374613523483 10017.333580717444 16422.528576489538 7764.9097433947027 409.91754546761513 19710.847792729735 116.15883739292622 1020.8055876865983 889.04697789996862 11.009771600365637 124.07633677870035 11384.351555660367 327.19718065857887 8798.1832346618176 21695.117900319397 487.03097301721573 53.45290058106184 79841.701801497489
leaf_count=137338 2679 599 2894 15197 2017 45245 430 23948 13908 16017 7976 139 13 16703 58549 31622 409 44127 209 1358 924 16 629 22593 1534 15461 58383 357 187 211610
internal_value=0.00426788 0.00410792 0.0053775 0.00340536 -0.0140743 0.00890435 0.0137008 0.00352069 0.00257884 0.00427227 0.00127246 -0.0286881 -0.0521067 0.00439143 7.67921e-05 -0.00206113 0.0237025 0.00371074 0.0146953 0.00996412 0.0147217 -0.0630824 -0.0698927 -6.42068e-05 -0.0213934 0.00285321 0.0035626 0.0291512 -0.0144429 0.00439143
internal_weight=319201 313881 111813 202069 1322.82 45590.3 5319.81 200746 89099.7 111646 23306.4 798.081 186.634 12204.3 27753.3 11330.8 1444.01 61346.4 547.059 3875.8 1909.85 168.826 157.816 18833.4 611.447 41635.5 30493.3 896.949 380.65 88339.7
internal_count=733071 726705 202180 524525 5134 64842 6366 519391 245998 273393 45766 3117 797 19597 104079 45530 1405 141919 639 4961 2282 784 768 37790 2320 97792 73844 766 1721 227627
is_linear=0
shrinkage=0.05


Tree=64
num_leaves=31
num_cat=0
split_feature=5 5 5 0 2 8 8 4 0 4 8 8 4 6 10 11 8 4 4 4 8 1 1 6 11 8 10 8 10 8
split_gain=238.51 363.919 234.433 167.567 152.003 146.571 140.375 154.839 131.152 203.701 96.9109 87.781 131.681 108.299 91.1587 78.2372 76.3916 74.1599 73.6002 70.9112 70.1331 66.7811 64.5398 60.7811 57.3661 55.4287 56.0164 54.6791 85.219 66.5115
threshold=5320895.5000000009 12130922.500000002 10052930.500000002 0.0080972984433174151 15541.500000000002 22.500000000000004 33.500000000000007 194500.00000000003 0.014319890644401314 168200.00000000003 30.500000000000004 43.500000000000007 199300.00000000003 7714069.5000000009 -0.049416434019803994 -0.043046252802014344 1.0000000180025095e-35 22040.000000000004 197600.00000000003 57700.000000000007 32.500000000000007 9.5000000000000018 21.500000000000004 3211691.0000000005 0.097278140485286727 21.500000000000004 -0.010393146891146897 44.500000000000007 -0.051352813839912408 47.500000000000007
decision_type=2 2 2 2 2 2 2 10 2 10 2 2 8 8 2 2 2 10 8 10 2 2 2 10 2 2 2 2 2 2
left_child=3 2 4 6 11 18 7 -1 9 19 17 12 -2 14 20 -12 -16 -7 -4 -3 -14 -10 -8 -22 -23 -5 -27 28 -13 -29
right_child=1 8 5 25 -6 10 22 -9 21 -11 15 27 13 -15 16 -17 -18 -19 -20 -21 23 24 -24 -25 -26 26 -28 29 -30 -31
leaf_value=0.0063693680466441584 0.0062786434500289052 0.0055632971350357994 -0.0021729864063592128 0.018613837842376923 0.014927787749703186 0.027519609507963668 0.0068812023903255474 -0.085991734274783599 0.016797179742955356 -0.028897460804928662 -0.0079712524072508267 -0.022948233915612449 -0.013515181706072098 0.0033761904615443625 -0.0058168337452047941 0.0021024361405055222 0.0022467840624133396 0.0058892013440045524 -0.0080363927856233319 0.00062133405305112748 -0.0091331984428018841 0.0069114280313945266 0.0015473888775843993 -0.10936628763660899 0.012475703490830223 0.0068812023903255474 0.010547175889236864 0.0088305644862716227 -0.0017602224724983214 0.0005647462429825736
leaf_weight=59299.142217762768 26278.865334734321 50186.36592104286 18424.263851672411 1411.0652908906341 2656.420261643827 587.05966351926327 1679.3343449383974 43.421850062906742 2553.4586535021663 448.65975517779589 2222.25394757092 506.79682958126068 865.29882138967514 2424.1971005275846 4921.439745336771 14441.233018651605 7278.5352682173252 1215.4027541130781 7542.6721701174974 8486.5961227566004 25.993632063269615 14042.999297305942 30479.936312602833 35.054734140634537 3921.2110856175423 16987.089544475079 17086.40412171185 2648.8580149561167 7061.6377264335752 14026.301733650267
leaf_count=117844 57232 109240 53412 1610 3252 978 2465 213 2945 1622 4915 1366 2011 4497 12030 47195 20605 2545 28648 21242 49 23869 84107 145 5226 30133 24257 5565 24118 39477
internal_value=0.00430593 0.00319767 0.00137529 0.00598849 0.00320508 -0.00145507 0.00485723 0.00629889 0.00578706 0.00459147 0.0019502 0.00273334 0.00412073 0.000473737 -0.00215597 0.000758207 -0.00100648 0.0129569 -0.00387663 0.00484853 -0.0172599 0.00923139 0.00219674 -0.0682253 0.00815423 0.00890518 0.00850205 0.000339421 -0.0031847 0.00193912
internal_weight=319788 192802 113162 126986 68729.4 44432.9 91501.8 59342.6 79639.3 59121.6 18465.9 66073 41829.4 15550.5 13126.3 16663.5 12200 1802.46 25966.9 58673 926.347 20517.7 32159.3 61.0484 17964.2 35484.6 34073.5 24243.6 7568.43 16675.2
internal_count=732813 472184 308040 260629 170347 137693 204629 118057 164144 132104 55633 167095 96569 39337 34840 52110 32635 3523 82060 130482 2205 32040 86572 194 29095 56000 54390 70526 25484 45042
is_linear=0
shrinkage=0.05


Tree=65
num_leaves=31
num_cat=0
split_feature=9 8 7 9 8 10 8 11 5 8 11 4 7 8 9 8 15 7 8 9 8 5 8 4 11 3 3 5 4 11
split_gain=209.907 284.26 199.474 174.919 134.106 93.9461 88.4625 79.6088 78.3453 64.0512 61.2505 57.3018 57.2959 51.797 50.6927 47.8645 51.701 42.7178 41.6374 40.6132 42.5039 39.3951 67.805 49.1735 39.0777 38.9004 33.7136 33.6863 34.7321 33.1676
threshold=12.354166507720949 22.500000000000004 0.83344665169715892 7.3666667938232431 33.500000000000007 -0.12835636734962461 29.500000000000004 0.080915343016386046 5320895.5000000009 44.500000000000007 -0.053655603900551789 199654.00000000003 0.047738995403051383 56.500000000000007 18.612500190734867 55.500000000000007 6.5000000000000009 0.96618503332138073 44.500000000000007 9.3452377319335955 33.500000000000007 15089427.500000002 1.0000000180025095e-35 36020.000000000007 -0.10615530610084532 0.18345434963703158 0.97760963439941417 12130922.500000002 8014.4001464843759 -0.026495215483009812
decision_type=2 2 10 2 2 2 2 2 2 2 2 10 10 2 2 2 2 10 2 2 2 2 2 10 2 8 10 2 10 2
left_child=1 2 21 6 29 -6 24 11 26 -8 -5 14 -13 19 18 -16 -17 27 -7 20 -12 -1 -23 -24 -3 -26 -4 -10 -29 -2
right_child=4 3 8 10 5 7 9 -9 17 -11 13 12 -14 -15 15 16 -18 -19 -20 -21 -22 22 23 -25 25 -27 -28 28 -30 -31
leaf_value=0.0040071933861085263 -0.0015709368968712567 0.011398335999110235 0.020837470148293718 0.0040071933861085263 -0.1056418785531726 0.001116764004855816 0.011398335999110235 0.0040071933861085263 0.0087826896213624283 0.019490573600535289 0.011398335999110235 -0.047378900330672727 -0.0076457814548287458 0.011398335999110235 0.001116764004855816 -0.0027381803984267618 0.001116764004855816 0.031975502805135843 0.0026042975841533882 0.0061867432670000555 0.0087636549222919677 0.0040605027591041178 0.0087826896213624283 0.0040071933861085263 0.021803916672060566 0.038756244210159468 0.054413237552788207 0.020379096213249136 0.0087826896213624283 0.0040071933861085263
leaf_weight=82974.465873740613 4010.529525205493 159.78655749559402 1636.0954868718982 5290.3525911122561 18.400409817695618 29415.723459675908 3798.5450777858496 7552.0488019734621 2269.6914805620909 2817.3179086223245 1301.1671633273363 111.59382927045226 337.80098424106836 5460.377305790782 21696.647632639855 20472.834848104045 532.1056834384799 200.46137237548828 27754.172264382243 19974.281517520547 3429.7911885976791 15212.402302250266 7572.5218386724591 3024.6525014489889 274.82084618508816 712.43021079897881 77.317578077316284 958.02961360663176 324.23821992427111 49663.194585058838
leaf_count=167602 7962 230 1937 8427 77 73074 5027 12513 3934 3136 1463 531 1210 7733 76197 71526 1823 212 61326 33603 5168 26473 10613 5020 353 573 34 1113 520 142907
internal_value=0.00399075 0.00528985 0.00400719 0.00874399 0.00272453 0.00164683 0.0155418 0.00166709 0.0135582 0.0133119 0.00725484 0.0012014 -0.0165733 0.00818735 0.00128171 -2.17127e-05 -0.00176962 0.00950459 0.00225524 0.00717452 0.0113406 0.00400719 0.00621935 0.00878269 0.0283579 0.0322095 0.0224142 0.00878269 0.016942 0.00400719
internal_weight=319034 157469 114250 43218.9 161565 107891 7762.9 107873 5465.83 6615.86 35456 100321 449.395 30165.6 99871.5 42701.6 21004.9 3752.42 57169.9 24705.2 4730.96 108784 25809.6 10597.2 1147.04 987.251 1713.41 3551.96 1282.27 53673.7
internal_count=732317 283171 217458 65713 449146 298277 9319 298200 7750 8163 56394 285687 1741 47967 283946 149546 73349 5779 134400 40234 6631 209708 42106 15633 1156 926 1971 5567 1633 150869
is_linear=0
shrinkage=0.05


Tree=66
num_leaves=31
num_cat=0
split_feature=6 6 11 14 9 8 8 0 3 9 3 9 8 5 0 8 11 5 5 8 8 8 0 10 3 0 8 10 6 5
split_gain=205.144 213.19 145.409 109.379 84.9838 170.831 93.1833 81.2172 69.8046 60.9841 143.52 57.1438 57.1059 53.2301 52.8874 49.0476 48.3912 47.0829 86.547 83.5614 63.3589 51.1759 74.2693 46.8612 43.5347 43.2528 43.1347 41.3474 58.0586 38.5848
threshold=3211691.0000000005 7714069.5000000009 0.07125283777713777 1.0000000180025095e-35 12.464285850524904 23.500000000000004 33.500000000000007 0.33520600199699407 0.15570943802595141 11.354166507720949 0.010001999791711571 18.683333396911625 104.50000000000001 15089427.500000002 0.25611211359500891 57.500000000000007 -0.01817232463508844 5320895.5000000009 13439690.500000002 43.500000000000007 54.500000000000007 48.500000000000007 0.022305141203105453 -0.034865135326981538 0.0152323329821229 0.041494490578770644 46.500000000000007 -0.025527597405016419 3211691.0000000005 5320895.5000000009
decision_type=8 10 2 2 2 2 2 2 10 2 10 2 2 2 2 2 2 2 2 2 2 2 2 2 10 2 2 2 10 2
left_child=3 2 4 7 5 13 -6 12 29 16 -11 15 17 -2 -10 -8 -5 21 20 25 -19 22 -1 -23 -3 -20 -18 28 -13 -4
right_child=1 24 8 9 6 -7 11 -9 14 10 -12 27 -14 -15 -16 -17 26 18 19 -21 -22 23 -24 -25 -26 -27 -28 -29 -30 -31
leaf_value=0.0061277509907758793 0.0026266606504911976 0.008928723734248965 0.0075891273529988248 0.013542090426069421 0.0026266606504911976 0.0047426671366950415 0.00052647388185306763 0.028120726739414865 0.0082825335971086888 -0.041948224789057756 0.010104056530482609 -0.013022746703806258 -0.058215678724845135 0.0047426671366950415 0.017742070659670341 0.0026266606504911976 0.019585009405153862 -0.0031196411434214035 0.0067885870212981807 -0.0071485351093273537 0.015988248819293931 -0.059459854512512136 0.015544683230611145 -0.0022400959616238145 0.017945509956038351 0.016625260494141713 0.039593868684017097 -0.00090863533622891242 -0.078112019014302328 0.0047426671366950415
leaf_weight=10310.470839381218 67421.032293185592 8206.0853513628244 4712.4780483022332 716.68446485698223 43819.180716134608 29820.90444740653 41599.150369621813 387.69104339182377 6508.0168300271034 132.9184836819768 7353.3932473361492 136.60912874341011 33.546140357851982 19590.498245403171 1913.4969972148538 15869.519324138761 1681.1512962207198 5264.9438516795635 5948.5905641168356 979.69782823324203 470.79028443992138 35.51866427063942 2627.4815798252821 777.74560095369816 1601.3396195396781 1014.8833125978708 322.36676465719938 31642.514666169882 38.474063843488693 7652.1093447506428
leaf_count=19977 143373 14118 6379 1032 129805 47762 107098 338 9813 495 13120 421 162 32667 2070 36329 2108 12309 10935 2487 994 102 3521 1820 2405 1260 229 117584 171 12304
internal_value=0.0036305 0.00316314 0.00290074 0.00707518 0.00256652 0.00355062 0.0017027 0.00545182 0.00691881 0.011503 0.00916892 0.000656411 0.00512979 0.00262666 0.0104356 0.00159759 0.0179153 0.0052115 0.00313381 0.0065128 -0.00154624 0.00727751 0.00804228 -0.00487886 0.0104043 0.00843633 0.0228407 -0.00104353 -0.0251369 0.00474267
internal_weight=318589 280531 270724 38057.9 249938 116832 133105 27851.4 20786.1 10206.5 7486.31 89286.3 27463.7 87011.5 8421.51 57468.7 2720.2 27430.1 13678.9 7943.17 5735.73 13751.2 12938 813.264 9807.42 6963.47 2003.52 31817.6 175.083 12364.6
internal_count=733188 662299 645776 70889 615210 223802 391408 53905 30566 16984 13615 261603 53567 176040 11883 143427 3369 53405 27985 14682 13303 25420 23498 1922 16523 12195 2337 118176 592 18683
is_linear=0
shrinkage=0.05


Tree=67
num_leaves=31
num_cat=0
split_feature=6 6 7 6 3 7 2 5 14 9 9 7 3 2 5 5 6 11 15 11 9 10 3 9 11 11 9 10 7 5
split_gain=203.718 170.597 197.981 136.966 129.864 111.637 101.562 94.7089 81.758 80.312 68.6863 65.7997 63.3741 52.9996 51.1131 138.44 113.902 75.7676 55.0428 53.2808 104.63 47.0136 46.2738 40.2839 39.3397 37.6069 59.6427 46.3611 34.7767 34.9345
threshold=7714069.5000000009 3211691.0000000005 0.5004003942012788 3211691.0000000005 0.010001999791711571 0.95019999146461498 128.00000000000003 5320895.5000000009 1.0000000180025095e-35 14.408333301544191 8.354166507720949 0.7336021661758424 0.18345434963703158 5254.6999511718759 13439690.500000002 10052930.500000002 3211691.0000000005 -0.053105782717466347 6.5000000000000009 -0.010405071079730986 12.354166507720949 -0.037283549085259431 0.29971750080585485 10.354166507720949 -0.0029793735593557353 -0.044300144538283341 17.267857551574711 0.22089631110429767 0.021130533888936046 13439690.500000002
decision_type=10 8 10 10 10 10 2 2 2 2 2 10 10 2 2 2 10 2 2 2 2 2 10 2 2 2 2 2 8 2
left_child=1 6 4 5 14 7 8 11 23 -6 22 -4 28 -9 15 18 17 -17 19 20 -3 -22 -5 -1 -7 26 -25 -28 29 -2
right_child=12 2 3 10 9 24 -8 13 -10 -11 -12 -13 -14 -15 -16 16 -18 -19 -20 -21 21 -23 -24 25 -26 -27 27 -29 -30 -31
leaf_value=0.0065483730325618262 -0.044433435780151881 -0.0016778757372354486 0.0052399970823282646 0.014814937409221872 0.0038780356173287386 0.012828704923435184 0.014954762729798897 0.0038780356173287386 0.0099099582506224377 0.0020467734542637555 0.0085825144568979824 0.011731123067732888 0.025976459386678721 0.012828704923435184 0.0020458212093363566 -0.023686513687724117 -0.034469164215194414 -0.0029822272796079189 0.0020458212093363566 0.00079778180774456309 -0.022637782401574172 -0.0080661873631460088 0.032202000133386983 -0.0034036227610188159 0.027104476011526948 0.0032812308236835571 -0.092365793791215511 -0.027597091708216028 0.0099950629592594157 -0.0031658042051002908
leaf_weight=11364.790966868401 62.26440355181694 3353.9238101392984 10455.679336935282 1845.999353133142 50028.615159906447 103.83760233223438 3265.9387803226709 28692.65076713264 8750.8641644343734 72169.039531067014 7259.5710070580244 6235.0198294818401 632.91785626858473 2627.632740393281 22597.276608299464 454.87493242323399 304.60436934232712 13518.613412983716 2995.779230363667 43924.521687529981 753.00819315761328 2091.3756422623992 484.18711397796869 976.27418451011181 831.29563041776419 13475.1061328426 35.502635285258293 30.65968930721283 9096.5119782686234 63.253010280430317
leaf_count=18835 174 5653 21606 2598 84043 226 4056 70941 15248 209927 14083 10856 814 3451 48608 1165 1228 46823 5680 108872 2034 5682 404 1790 1206 30719 145 62 15402 93
internal_value=0.00361187 0.00338585 0.00294597 0.0055203 0.00223577 0.00444941 0.0065277 0.00411561 0.00573221 0.00329727 0.0109841 0.00766595 0.010688 0.00387804 0.000794376 4.90125e-05 -0.00432152 -0.0036595 0.00122391 0.000185349 -0.00415353 -0.011937 0.0184523 0.00431905 0.0215418 0.0025732 -0.00656798 -0.0517906 0.00963335 -0.0163267
internal_weight=318482 308627 270728 58535.9 212192 48946.1 37899.1 48011 34633.2 122198 9589.76 16690.7 9854.95 31320.3 89994 67396.7 14278.1 13973.5 53118.6 50122.8 6198.31 2844.38 2330.19 25882.3 935.133 14517.5 1042.44 66.1623 9222.03 125.517
internal_count=732424 715941 645086 125371 519715 108286 70855 106854 66799 293970 17085 32462 16483 74392 225745 177137 49216 47988 127921 122241 13369 7716 3002 51551 1432 32716 1997 207 15669 267
is_linear=0
shrinkage=0.05


Tree=68
num_leaves=31
num_cat=0
split_feature=5 5 9 8 8 2 5 5 3 2 11 0 6 9 6 11 3 3 2 11 8 11 11 8 8 3 6 8 8 6
split_gain=255.033 470.76 180.441 215.107 205.535 124.019 118.333 108.468 131.823 115.227 108.664 90.7621 90.0048 76.9197 96.9012 88.0039 69.775 65.6306 62.4851 61.8084 58.4688 45.5433 45.2202 42.905 73.8864 65.921 65.03 42.5317 41.5338 44.0308
threshold=5320895.5000000009 12130922.500000002 11.958333492279055 1.0000000180025095e-35 11.500000000000002 2569.6999511718755 1289243.5000000002 10052930.500000002 0.19150555133819583 15541.500000000002 -0.053105782717466347 0.0080972984433174151 1.0000000180025095e-35 12.22499990463257 3211691.0000000005 -0.1390217989683151 inf 0.010001999791711571 4462.5000000000009 -0.048632968217134469 66.500000000000014 -1.0000000180025095e-35 0.084932014346122756 23.500000000000004 55.500000000000007 0.13718694448471072 3211691.0000000005 13.500000000000002 12.500000000000002 7714069.5000000009
decision_type=2 2 2 2 2 2 2 2 10 2 2 2 10 2 10 2 8 8 2 2 2 2 2 2 2 8 10 2 2 8
left_child=2 7 3 -1 -5 12 18 9 10 13 20 21 16 14 17 -15 -3 -2 23 -6 -9 -8 -11 26 25 -25 -4 -12 29 -23
right_child=1 5 6 4 19 -7 11 8 -10 22 27 -13 -14 15 -16 -17 -18 -19 -20 -21 -22 28 -24 24 -26 -27 -28 -29 -30 -31
leaf_value=0.0060797414179251299 0.001308580161577185 0.0024347863134137754 -0.0052891468198579348 0.028656876653468118 0.0068976944937420006 0.012120644976444253 -0.04520968664194009 -0.012849097451949702 0.0033518619638060626 0.006691215441350676 -0.004040290125516861 0.0060797414179251299 0.0065575812015501367 -0.097027131126070157 0.001308580161577185 -0.00033408263276109794 0.0085060149937110276 0.006691215441350676 0.0060797414179251299 0.013131168902183552 -0.092445928110211684 0.0032667573016289518 0.016724735167535719 -0.072946095916885959 -0.0056660616125134722 -0.025725478699002758 -0.051653969340562891 -0.00037106516142140138 0.0038409033646909078 -0.0040422533521087536
leaf_weight=24477.484126225114 5140.1368498504162 32944.283129908144 252.61627701297402 1738.6754571869969 6731.6441695094109 6452.361414514482 46.345904693007469 2190.4985077083111 10801.995651528239 714.44234475493431 16113.100565195084 19389.558147743344 38560.29286101833 21.548515647649765 11833.006063744426 32816.408616632223 2049.6742279231548 15794.682720482349 115.1938242316246 9745.5147324502468 21.377158507704735 4693.562792211771 1865.3858525976539 101.07386376708746 307.5823360979557 276.68691005557775 75.915927596390247 15489.26596339792 55101.717463664711 3669.8179339319468
leaf_count=42693 10491 75014 830 1698 9544 8572 178 4817 29111 1101 48151 34248 76658 89 24260 105799 4005 26730 138 12161 89 8109 2173 606 1251 1155 408 55543 140376 6908
internal_value=0.00368637 0.00254114 0.00542876 0.00807573 0.0123135 0.0054747 0.00408375 0.000460406 -0.00145629 0.00171458 -0.00299237 0.00430282 0.00489139 0.00130679 0.0030206 -0.000403439 0.00305511 0.00532833 -0.0119806 0.0105857 -0.0137012 0.00330574 0.0120756 -0.016658 -0.0239215 -0.0386775 -0.00528915 -0.00224203 0.0033426 5.93931e-05
internal_weight=319532 192808 126723 42693.3 18215.8 80006.6 84030.1 112802 44616.2 68185.6 33814.2 82901 73554.3 65605.8 32767.8 32838 34994 20934.8 1129.07 16477.2 2211.88 63511.4 2579.83 1013.88 685.343 377.761 328.532 31602.4 63465.1 8363.38
internal_count=732906 472603 260303 66096 23403 164249 194207 308354 137711 170643 108600 189819 155677 167369 61481 105888 79019 37221 4388 21705 4906 155571 3274 4250 3012 1761 1238 103694 155393 15017
is_linear=0
shrinkage=0.05


Tree=69
num_leaves=31
num_cat=0
split_feature=6 6 14 6 8 9 2 14 11 7 5 8 8 9 11 8 8 9 11 8 6 3 8 5 5 11 8 8 9 10
split_gain=232.263 169.426 232.782 261.338 367.711 130.433 117.774 99.041 105.41 84.0119 79.3637 72.7198 75.653 157.967 101.905 72.1636 102.975 150.972 69.4299 85.794 68.4205 64.1627 60.8571 60.4299 58.9778 70.41 58.5102 55.2619 55.0927 104.536
threshold=7714069.5000000009 3211691.0000000005 1.0000000180025095e-35 3211691.0000000005 23.500000000000004 9.2678570747375506 2511.099975585938 1.0000000180025095e-35 0.36872987449169164 0.90667709708213817 5320895.5000000009 101.50000000000001 1.0000000180025095e-35 11.775000095367433 -0.02221500780433416 57.500000000000007 78.500000000000014 19.816666603088382 0.12295627593994142 178.50000000000003 3211691.0000000005 0.077695716172456755 11.500000000000002 13439690.500000002 5320895.5000000009 -0.23311688005924222 40.500000000000007 43.500000000000007 12.267857074737551 -0.054784689098596566
decision_type=10 8 2 10 2 2 2 2 2 10 2 2 2 2 2 2 2 2 2 2 10 10 2 2 2 2 2 2 2 2
left_child=1 7 6 9 22 -6 11 8 -1 18 -7 12 -3 -14 23 -12 -17 -18 19 24 -16 -2 -5 -15 25 -4 -11 -22 -26 -30
right_child=21 2 3 4 5 10 -8 -9 -10 26 15 -13 13 14 20 16 17 -19 -20 -21 27 -23 -24 -25 28 -27 -28 -29 29 -31
leaf_value=0.0036848952640788479 0.0087327372372761666 -0.0032721370649247128 -0.043949764022259648 0.018754388963082774 0.013954511171094168 0.0053157262250149787 0.0084817423945468644 0.0098771033231274379 0.027433597338097904 0.013918818165743344 -0.0037534030491625224 -0.031049627941423311 0.0037820535973448208 -0.013211826495365665 0.0012723426599664759 0.0078778537350022663 0.0018227159495284168 -0.037319619299425309 0.0056975358819826762 -0.082848463598859501 -0.00040319484480979336 0.020766198118448612 0.011272178000887225 -0.0045313255581419642 0.0022034737735606748 0.0030542732230525141 0.0056975358819826762 -0.0045313255581419642 -0.026585610008364725 1.1323992288311196e-06
leaf_weight=27251.499120660126 8641.2849051132798 21298.611548408866 77.798468247056007 3911.9654827564955 2460.5701659396291 9162.9398985169828 3509.1616113558412 10094.23857357353 473.4532058686018 2958.1305183693767 7748.5658200457692 197.62543559074402 7872.8540583401918 2953.860465362668 5450.5393064022064 3043.7461169324815 1065.8721738308668 318.32844155281782 9213.4590023979545 28.043119348585606 19896.65674713254 1270.5122041255236 8959.7174614369869 1047.1139791607857 44768.275077141821 53583.892409369349 761.03390637785196 6841.318200878799 370.389693364501 51626.890976138413
leaf_count=53616 14740 51912 181 5695 3073 18181 5106 16942 449 4763 17863 886 11971 7927 19068 6380 2207 1172 13320 135 55758 1778 16212 2090 88594 118253 1887 25547 958 165792
internal_value=0.00274653 0.00250323 0.00206284 0.00292685 0.00674124 0.00305874 -0.000439844 0.00563682 0.0040924 0.00207066 0.0018012 -0.000917635 -0.000825581 0.000357117 -0.00123737 -0.000843959 0.00424674 -0.00721981 0.00189755 0.00163819 -0.000301716 0.0102791 0.0135487 -0.00876093 0.00165505 0.00298449 0.00949753 -0.00179028 0.00091775 -0.000189267
internal_weight=316858 306947 269127 200060 36671.7 23800 69067.7 37819.2 27725 163388 21339.5 65558.6 65361 44062.3 36189.5 12176.5 4427.95 1384.2 159669 150455 32188.5 9911.8 12871.7 4000.97 150427 53661.7 3719.16 26738 96765.6 51997.3
internal_count=732456 715938 644931 464666 70783 48876 180265 71007 54065 393883 45803 175159 174273 122361 110390 27622 9759 3379 387233 373913 100373 16518 21907 10017 373778 118434 6650 81305 255344 166750
is_linear=0
shrinkage=0.05


Tree=70
num_leaves=31
num_cat=0
split_feature=5 5 5 3 9 8 8 11 2 2 5 0 8 3 9 3 15 9 15 10 8 0 8 8 3 14 8 8 11 2
split_gain=128.829 258.579 187.943 184.887 168.788 188.704 217.098 113.023 102.528 99.0201 69.9049 67.5899 99.8405 80.9924 70.2146 82.9626 60.5194 54.9798 53.399 53.137 52.443 60.4052 50.0749 83.68 49.6789 48.6954 73.043 73.9392 156.141 69.904
threshold=5320895.5000000009 12130922.500000002 10052930.500000002 0.19150555133819583 11.958333492279055 1.0000000180025095e-35 14.500000000000002 -0.10883838310837744 18909.799804687504 3474.5000000000005 1289243.5000000002 0.0080972984433174151 51.500000000000007 0.010001999791711571 14.527777671813967 0.079314317554235472 6.5000000000000009 21.708333015441898 2.5000000000000004 0.2667291015386582 39.500000000000007 0.10733487084507944 23.500000000000004 33.500000000000007 0.10697394981980325 1.0000000180025095e-35 39.500000000000007 45.500000000000007 -0.12824675440788266 821.89999389648449
decision_type=2 2 2 10 2 2 2 2 2 2 2 2 2 8 2 10 2 2 2 2 2 2 2 2 10 2 2 2 2 2
left_child=4 2 8 7 5 16 -7 20 25 17 -6 12 13 18 -14 -16 -1 -3 -12 -11 24 -22 -8 -24 -4 29 -27 28 -28 -2
right_child=1 9 3 -5 10 6 22 -9 -10 19 11 -13 14 -15 15 -17 -18 -19 -20 -21 21 -23 23 -25 -26 26 27 -29 -30 -31
leaf_value=0.0049693919210987217 -0.00088482913799924317 0.0048129312060567571 -0.027182905396087132 0.0039001800172223881 -0.0093265152945375823 0.023584059745935883 0.0049693919210987217 -0.0031306432269162321 0.013514924042942553 0.007490332616173212 -0.035993433827930993 0.0049693919210987217 0.0036719148062994409 0.0034795490903309885 -0.012892402297430737 -0.0013663653017659981 0.027509315298272774 0.001750864395667978 -0.0053807121594681498 0.016501047876586898 -0.1048733589777648 -0.015129643954495335 0.023245639731752334 0.008958599437554159 -0.011717726713045384 0.0046736433203939361 -0.10449529654724668 0.0025825036474341465 -0.0034059688839040204 0.0077764177000633847
leaf_weight=23976.795258238912 18400.614239558578 53853.799077082425 621.6162938773632 10743.308692440391 1127.1982688307762 2839.7724955305457 5577.7369163185358 32549.065802067518 2002.8942537158728 2931.4981867223978 195.20943768322468 19146.207067534328 1256.3653059154749 52334.441441424191 1977.8232103101909 7386.6871082633734 343.88051718473434 20146.239067461342 455.7130648009479 2453.3578752428293 36.062695771455765 38.514836952090263 1169.1140533834696 8279.2569575160742 288.92964349687099 26089.337057389319 36.454831019043922 14619.56477181986 5801.9571779295802 1302.1661663353443
leaf_count=42243 51203 98942 1490 28903 4414 3006 7952 106483 2473 4349 645 34268 2127 122348 7494 21688 462 58388 1599 2799 149 78 1270 11139 472 57222 139 38223 18527 1947
internal_value=0.00308657 0.00227085 0.000729313 -0.00180762 0.00432831 0.00690807 0.0109091 -0.00363634 0.00237509 0.00445594 0.00303072 0.00319926 0.00237444 0.00326132 -0.00204984 -0.00380294 0.00496939 0.00397936 -0.014241 0.0110013 -0.0203048 -0.0601317 0.00851081 0.010731 -0.0169182 0.00203791 0.00291982 0.000682982 -0.00407273 -4.56491e-05
internal_weight=317982 191915 112530 44277.5 126066 42186.6 17865.9 33534.2 68253 79384.9 83879.6 82752.4 63606.2 52985.4 10620.9 9364.51 24320.7 74000 650.923 5384.86 985.123 74.5775 15026.1 9448.37 910.546 66250.1 46547.3 20458 5838.41 19702.8
internal_count=732442 471787 307309 137575 260655 66072 23367 108672 169734 164478 194583 190169 155901 124592 31309 29182 42705 157330 2244 7148 2189 227 20361 12409 1962 167261 114111 56889 18666 53150
is_linear=0
shrinkage=0.05


Tree=71
num_leaves=31
num_cat=0
split_feature=6 5 7 0 5 5 7 8 9 3 4 10 9 8 4 5 2 4 6 8 6 7 8 9 10 7 8 8 7 0
split_gain=173.205 184.368 194.51 201.51 167.527 122.104 136.616 110.645 99.1095 117.575 90.6842 165.008 95.5409 83.1159 82.6968 75.8404 92.5961 69.4277 67.3051 66.4557 63.1522 122.355 79.6021 76.346 74.9556 62.9852 62.6129 84.9453 154.845 128.441
threshold=7714069.5000000009 5320895.5000000009 0.90667709708213817 0.045663053169846542 12130922.500000002 1289243.5000000002 0.24912462383508685 43.500000000000007 15.354166507720949 0.19462250173091891 98200.000000000015 -0.049416434019803994 21.916666984558109 114.50000000000001 35020.000000000007 10052930.500000002 15931.600097656252 45977.000000000007 3211691.0000000005 12.500000000000002 3211691.0000000005 0.29989059269428259 132.50000000000003 13.464285850524904 -0.098193474113941179 0.60009595751762401 23.500000000000004 30.500000000000004 0.80770438909530651 0.034139472991228111
decision_type=10 2 10 2 2 2 10 2 2 10 10 2 2 2 10 2 2 8 8 2 10 10 2 2 2 10 2 2 8 2
left_child=1 2 3 5 15 6 14 -5 9 25 12 -12 19 -13 -1 16 20 -14 -17 -7 22 -22 23 -3 -25 -6 -20 28 29 -28
right_child=-2 4 -4 7 8 10 -8 -9 -10 -11 11 13 17 -15 -16 18 -18 -19 26 -21 21 -23 -24 24 -26 -27 27 -29 -30 -31
leaf_value=-0.017652677098066113 0.0093786714094256166 0.0043037198946764658 0.022484862974329375 0.012574753873328431 0.0031909565045432162 0.0029283233054648219 0.0017638406662062464 0.0059142703162077554 0.0013635141043559736 0.011329763441350456 -0.076249899995365189 -0.0012999273291942788 0.0029283233054648219 -0.039278196482281307 -0.060125585153504184 -0.071421166236515718 0.01102201233934978 3.9436509558525223e-05 -0.0027123615755333271 0.0059142703162077554 -0.0034261334625615304 0.0052681970875908257 -0.05377868190209073 -0.066406863177093461 0.00020128917895640737 0.0076372267936260299 -0.006848711103781358 -1.1737632675551125e-05 0.038059189811270565 0.02066255649154224
leaf_weight=334.7873320877552 9821.8330444991589 22443.979632429779 1427.3692057430744 9583.133990585804 33101.428685970604 30677.9802223593 686.0188068151474 8690.2422764226794 32402.166363146156 6305.1879027187824 74.69477091729641 4557.2589038275182 10858.422326333821 97.361889377236366 174.39469967409968 32.088587291538715 2446.185612924397 18696.852238319814 26087.371874295175 35772.027143374085 15390.16304013133 5487.9460695981979 61.378930427134037 40.325745865702629 20057.230186078697 3980.1831644698977 964.2532260119915 16649.232678450644 417.15216936171055 386.40421102941036
leaf_count=1422 16499 40201 2039 12091 56088 53881 2123 13070 88092 9305 249 11411 27199 392 1138 118 3140 56801 81912 71412 44920 11506 270 134 66054 5893 2328 52173 611 485
internal_value=0.0028429 0.00263434 0.00414842 0.00393031 0.00164556 0.00306339 -0.0128111 0.00876515 0.0034559 0.0050184 0.00325199 -0.00350609 0.00358497 -0.00230649 -0.032378 0.000403443 0.00148023 0.00121977 -0.00119051 0.00463688 0.00111221 -0.00114049 0.00221617 0.00229948 6.10454e-05 0.00394469 -0.00113667 0.00109532 0.0115099 0.00326592
internal_weight=317705 307883 121631 120203 186253 101930 1195.2 18273.4 75789 43386.8 100735 4729.32 96005.3 4654.62 509.182 110464 65927.2 29555.3 44536.5 66450 63481 20878.1 42602.9 42541.5 20097.6 37081.6 44504.4 18417 1767.81 1350.66
internal_count=732957 716458 253228 251189 463230 226028 4683 25161 159378 71286 221345 12052 209293 11803 2560 303852 166225 84000 137627 125293 163085 56426 106659 106389 66188 61981 137509 55597 3424 2813
is_linear=0
shrinkage=0.05


Tree=72
num_leaves=31
num_cat=0
split_feature=6 7 6 5 5 5 2 2 14 11 9 2 11 7 9 3 7 5 3 11 7 7 10 3 2 10 6 9 7 11
split_gain=221.248 181.876 156.644 111.392 120.011 125.736 111.125 97.1815 81.4732 72.2348 71.2724 62.8224 61.7894 86.2035 55.738 127.239 73.5475 52.564 50.0704 49.4923 49.2 41.4497 69.3069 52.9382 37.9046 37.5986 37.1069 71.3609 41.1221 37.8748
threshold=3211691.0000000005 0.90667709708213817 7714069.5000000009 1289243.5000000002 5320895.5000000009 12130922.500000002 17860.149414062504 1464.3000488281252 1.0000000180025095e-35 0.36872987449169164 18.038461685180668 3085.299926757813 -0.055487012490630143 0.16658333688974383 9.3452377319335955 0.010001999791711571 0.64007574319839489 10052930.500000002 0.19150555133819583 -0.093398265540599809 0.40629960596561437 0.24912462383508685 1.0000000180025095e-35 0.3872451931238175 343.69999694824224 -0.1012626253068447 3211691.0000000005 19.22500038146973 0.95019999146461498 -0.0029793735593557353
decision_type=8 10 10 2 2 2 2 2 2 2 2 2 2 8 2 10 10 2 10 2 10 10 2 8 2 2 10 2 10 2
left_child=8 2 3 19 7 6 12 10 9 24 20 -7 13 -6 -10 16 -16 -14 -19 -2 -5 22 23 -21 -1 -15 28 -28 -3 -30
right_child=1 26 -4 4 5 11 -8 -9 14 -11 -12 -13 17 25 15 -17 -18 18 -20 21 -22 -23 -24 -25 -26 -27 27 -29 29 -31
leaf_value=0.0041490179993738012 -0.073089977154373306 0.0074213847600342461 0.0071958162262023484 0.0027850977581849712 -0.017248370857475433 0.0023289249020092841 0.0071958162262023484 0.0071958162262023484 0.017250717878536534 0.024591871734342793 0.00087768334999064148 0.0071958162262023484 0.0010671030170095301 -0.0099076577981213956 -0.063765612135615754 0.0090301526838446333 -0.014863695176189096 -0.0023188900603398946 0.0019052991526837953 -0.041946772039391053 0.004968944593174927 -0.0032199409145905315 -0.012039062697021402 -0.023550862404702201 0.012957248402390421 -0.0025669447387673561 0.032061045478842247 0.0071958162262023484 0.013506399642880163 0.025952843239029862
leaf_weight=26340.126181766391 30.739597976207733 2817.9629832282662 9681.8096868097782 42430.443295016885 1189.6796054244041 59187.823086820543 2817.4015397727489 9755.1150479838252 2153.305218167603 455.51242174208164 32732.225677285343 4924.7329526022077 50006.445590462536 569.2810270935297 108.94004439562559 7870.9938313812017 30.921690970659256 31007.563868142664 9064.4274669438601 212.28187475912273 15380.098709195852 776.06066140159965 171.49511329829693 198.92092839628458 1279.3649881780148 4582.0480326637626 560.45635874569416 72.321706801652908 89.064543336629868 832.27379089593887
leaf_count=52099 101 5145 16479 79056 2544 131645 3686 13854 2673 448 94318 6864 135568 1235 459 13737 48 103254 26186 1312 26224 2293 256 921 1641 8324 576 238 223 1204
internal_value=0.00270731 0.00221859 0.00205751 0.0018251 0.00189956 0.00106363 -5.13813e-05 0.00326093 0.00627399 0.00488471 0.00274207 0.00278946 -0.000349966 -0.0051198 0.0101097 0.00818636 -0.0387575 -1.40913e-05 -0.00136332 -0.0122846 0.00379762 -0.0108036 -0.0208582 -0.0350627 0.00455793 -0.00256694 0.0123341 0.0235246 0.0104289 0.0195914
internal_weight=317330 279091 274719 265037 263647 163349 99236.8 100298 38239.2 28075 90542.8 64112.6 96419.4 6341.01 10164.2 8010.86 139.862 90078.4 40072 1389.5 57810.5 1358.76 582.698 411.203 27619.5 5151.33 4372.08 632.778 3739.3 921.338
internal_count=732611 661506 654120 637641 632758 419306 280797 213452 71105 54188 199598 138509 277111 12103 16917 14244 507 265008 129440 4883 105280 4782 2489 2233 53740 9559 7386 814 6572 1427
is_linear=0
shrinkage=0.05


Tree=73
num_leaves=31
num_cat=0
split_feature=6 9 8 8 9 4 7 3 8 5 3 3 5 8 3 1 8 8 7 8 8 8 9 4 7 3 5 3 6 8
split_gain=200.741 124.612 125.685 672.732 254.553 126 110.632 83.8079 55.9673 78.7749 64.6018 59.1514 52.8261 83.4538 70.1632 83.9532 52.7812 52.0959 47.7903 36.9822 49.4209 33.8732 29.4183 24.7762 24.4195 82.4058 61.0078 35.4264 24.0946 23.6701
threshold=7714069.5000000009 21.791666984558109 1.0000000180025095e-35 11.500000000000002 7.5357143878936776 32700.000000000004 0.56677281856536876 0.19462250173091891 76.500000000000014 15089427.500000002 0.18041833490133288 0.6449512541294099 10052930.500000002 59.500000000000007 0.010001999791711571 21.500000000000004 43.500000000000007 14.500000000000002 0.44452822208404547 34.500000000000007 29.500000000000004 45.500000000000007 4.0833332538604745 2292.0000000000005 0.32007904350757604 0.057977156713604934 5320895.5000000009 0.033802343532443054 3211691.0000000005 32.500000000000007
decision_type=10 2 2 2 2 8 8 10 2 2 10 8 2 2 10 2 2 2 10 2 2 2 2 10 10 8 2 10 10 2
left_child=1 2 5 6 7 18 22 17 10 11 24 -10 14 -14 28 -16 -3 -5 -1 20 -12 -19 -4 -20 25 26 -2 -28 -6 -27
right_child=8 16 3 4 12 -7 -8 -9 9 -11 19 -13 13 -15 15 -17 -18 21 23 -21 -22 -23 -24 -25 -26 29 27 -29 -30 -31
leaf_value=0.0040199247141654805 -0.0097590932839073784 0.0016277093809868991 0.017633044638537067 0.011056889802977268 0.0029425412342202421 0.0017503934685230101 0.029363968844876128 0.015122453182830568 -0.11639795311178787 0.029091695866836638 0.017525794330945085 -0.021348130400342259 0.0017503934685230101 0.005689942089148723 0.005689942089148723 0.0029425412342202421 -0.001158982048835133 0.005689942089148723 0.026861451084247246 0.017525794330945085 0.05525054201005896 0.011056889802977268 0.0017503934685230101 0.008010830695616351 0.017525794330945085 0.010147586473039295 -0.10515842963681987 -0.028953553377451337 0.0017503934685230101 0.0032546731119814524
leaf_weight=6163.4103067368269 85.336053669452667 44406.788241300732 342.56603368371725 2568.1472874730825 9878.0008456707001 44765.846179172397 2908.7306216582656 4088.2055219337344 24.57167886197567 40.630009323358536 120.15067394077778 45.700046807527542 45098.657844059169 9520.6651806198061 29892.072733275592 41686.395823836327 27520.99467417039 10223.893704995513 175.44677160680294 285.03960625827312 180.85525748133659 1323.2029047757387 293.78614032268524 11277.168851017952 670.92059990763664 6909.4534635692835 28.82027717679739 34.446488663554192 15266.374150194228 1522.2153950482607
leaf_count=12515 150 134650 426 3380 18541 99525 2856 4893 107 62 162 117 98987 21244 48271 95380 104281 14940 196 433 136 1613 510 19437 966 11202 122 84 34899 3064
internal_value=0.00260921 0.00238294 0.00293932 0.00368386 0.00323296 0.00175039 0.0252346 0.00881891 0.00959895 -0.0254293 0.00999894 -0.0568853 0.00256098 0.00175039 0.00329749 0.00413469 0.000561463 0.00699133 0.00628946 0.0260766 0.0387166 0.00568994 0.00632656 0.00830425 0.00897503 0.0082513 -0.0284224 -0.0658263 0.00175039 0.00890424
internal_weight=317348 307400 235473 173091 169546 62381.9 3545.08 18203.4 9948.14 110.902 9837.24 70.2717 151342 54619.3 96722.8 71578.5 71927.8 14115.2 17616 586.046 301.006 11547.1 636.352 11452.6 9251.19 8580.27 148.603 63.2668 25144.4 8431.67
internal_count=733149 716544 477613 345940 342148 131673 3792 24826 16605 286 16319 224 317322 120231 197091 143651 238931 19933 32148 731 298 16553 936 19633 15588 14622 356 206 53440 14266
is_linear=0
shrinkage=0.05


Tree=74
num_leaves=31
num_cat=0
split_feature=1 7 5 3 0 10 5 0 4 6 7 0 4 9 4 6 7 6 7 6 7 10 6 11 3 7 5 5 3 5
split_gain=114.595 218.611 119.032 71.03 70.4553 66.7746 57.5343 58.6709 56.0484 53.0558 48.2078 52.1954 44.7547 36.4665 31.6742 35.5468 31.4087 31.1615 38.7767 29.7384 27.4858 17.0983 16.1951 15.2591 34.1006 15.0858 12.9651 9.82408 9.72097 8.40724
threshold=21.500000000000004 0.8175736963748933 5320895.5000000009 0.010001999791711571 0.045663053169846542 -0.033198051154613488 15089427.500000002 0.017021585255861286 197600.00000000003 1.0000000180025095e-35 0.28566965460777288 0.022305141203105453 2292.0000000000005 14.527777671813967 27050.000000000004 1.0000000180025095e-35 0.61547011137008678 3211691.0000000005 0.86013334989547741 7714069.5000000009 0.60009595751762401 -0.049416434019803994 3211691.0000000005 -0.01817232463508844 0.34377416968345648 0.87183493375778209 5320895.5000000009 5320895.5000000009 0.14618548005819323 13439690.500000002
decision_type=2 10 2 8 2 2 2 2 8 10 10 2 10 2 8 10 8 10 10 8 10 2 10 2 10 10 2 2 8 2
left_child=1 2 4 5 14 -2 -4 20 9 13 11 26 -3 -5 -1 28 -10 23 -19 -18 22 -17 -8 -14 -25 -26 -7 -12 -16 -29
right_child=3 12 6 8 -6 10 7 -9 16 -11 27 -13 17 -15 15 21 19 18 -20 -21 -22 -23 -24 24 25 -27 -28 29 -30 -31
leaf_value=0.0054224319500190098 -0.085596653707820922 0.029360685216034844 0.002332823842871199 0.002332823842871199 0.0070621487664210003 -0.03925608228383818 0.002332823842871199 0.0070621487664210003 -0.0041238963356490781 0.002332823842871199 -0.0041238963356490781 -0.011974716379794916 0.0070621487664210003 0.00099068059876857907 0.002332823842871199 0.002332823842871199 -0.00074008280372905291 0.0070621487664210003 0.019931169612149774 0.00099068059876857907 0.0051376270694431193 0.0042971367723480779 0.0037894765933071425 0.0088049360879639132 0.013042819859345745 0.019931169612149774 -0.022193868787409008 -0.011974716379794916 0.0042971367723480779 -0.0041238963356490781
leaf_weight=5228.2141717970371 26.448651134967804 326.54439593851566 61318.394253894687 11310.854936286807 12898.95960893482 232.62697877176106 11806.836716175079 10686.462804496288 403.26067629829049 26778.470488287508 453.61062151566148 112.66968390345573 926.98030345886946 74263.436003457755 10400.769408151507 1851.1056566387415 34201.690654143691 323.89892548322678 707.49289653450251 6990.3803969882429 2234.5121156126261 24480.105254948139 9794.6129005849361 4426.3371680229902 415.12970023602247 1019.6262028887868 234.72584375366569 191.71609051525593 2526.1730137914419 170.71563470363617
leaf_count=8002 111 336 133840 19995 17132 1269 20740 15177 1591 56973 1397 203 1472 227911 19367 3303 102742 495 746 22830 3342 41454 16509 6902 604 1170 1419 946 3894 714
internal_value=0.00235086 0.00328405 0.00285963 0.0013816 0.0047673 -0.00973221 0.00233282 0.00461716 0.00148442 0.0020649 -0.00817455 -0.0198255 0.0112647 0.00105051 0.00378272 0.00317184 -8.3538e-05 0.0105017 0.0185992 0.000164608 0.00321311 0.00429714 0.00244133 0.00926618 0.0105477 0.0172807 -0.0308178 -0.0041239 0.00233282 -0.0119747
internal_weight=316743 161372 153226 155371 57385.3 1422.51 95840.8 34522.4 153948 112353 1396.06 580.023 8146.01 85574.3 44486.4 39258.2 41595.3 7819.47 1031.39 41192.1 23836 26331.2 21601.4 6788.07 5861.09 1434.76 467.353 816.042 12926.9 362.432
internal_count=732586 294485 282760 438101 93152 6059 189608 55768 432042 304879 5948 2891 11725 247906 76020 68018 127163 11389 1241 125572 40591 44757 37249 10148 8676 1774 2688 3057 23261 1660
is_linear=0
shrinkage=0.05


Tree=75
num_leaves=31
num_cat=0
split_feature=6 2 4 6 8 4 3 6 8 8 5 8 1 15 5 4 8 5 5 8 5 3 6 8 3 5 3 8 3 8
split_gain=146.317 134.134 104.213 92.1919 73.199 62.1712 137.347 130.162 57.2191 47.9502 50.496 43.4046 42.9582 43.0904 42.2488 41.659 93.7743 38.1405 71.2641 37.9158 33.7308 35.5985 34.1758 33.5801 41.3151 38.2643 49.1383 34.2172 33.7631 55.4715
threshold=7714069.5000000009 3474.5000000000005 36020.000000000007 3211691.0000000005 1.5000000000000002 199654.00000000003 0.0060159999411553153 3211691.0000000005 8.5000000000000018 1.0000000180025095e-35 16151869.500000002 110.50000000000001 21.500000000000004 6.5000000000000009 1289243.5000000002 39633.500000000007 42.500000000000007 5320895.5000000009 15089427.500000002 91.500000000000014 10052930.500000002 0.50577381253242504 3211691.0000000005 76.500000000000014 0.47657167911529547 15089427.500000002 0.47657167911529547 66.500000000000014 0.0152323329821229 46.500000000000007
decision_type=10 2 10 8 2 8 8 10 2 2 2 2 2 2 2 10 2 2 2 2 2 10 10 2 10 2 8 2 10 2
left_child=1 3 20 11 -2 7 -7 15 -6 10 14 -1 -11 19 -8 16 -5 -16 -19 -14 -3 -22 -23 27 25 26 -25 28 29 -10
right_child=4 2 -4 5 8 6 9 -9 23 12 -12 -13 13 -15 17 -17 -18 18 -20 -21 21 22 -24 24 -26 -27 -28 -29 -30 -31
leaf_value=0.0039442060394558973 0.0027068035205971689 0.011240097535324352 0.0039442060394558973 0.0039442060394558973 0.040602250829637705 -0.079525409553985016 -0.039521884355068426 0.0039442060394558973 0.0098906777102913818 0.0013079135322114879 -0.029687205505211357 -0.04337724733934456 -0.0018310662059734997 0.00032505919920229235 0.0013079135322114879 0.0013079135322114879 0.0019315307468292606 -0.0055369503863835004 0.0013079135322114879 -0.019376191109938767 0.0065813001016914209 0.012456736392855217 0.039941921761642754 -0.11190671712220601 0.036969286933491025 0.0044282038190801929 -0.019919393775458372 0.040273671137772027 0.017456250796306121 -0.020170554295195119
leaf_weight=35961.69051618129 3448.1280678063631 7942.5174488648772 13157.104124188423 51652.507384389639 165.62983821332455 51.684411004185677 21.834889099001884 32362.260358396918 4290.6464049965143 18067.844759061933 155.27336041629314 51.018244415521622 23300.09422750026 4278.5724144056439 7987.0334269106388 75563.062203416601 18921.686315834522 8649.7926827222109 4890.9088997095823 310.07893839478493 3982.1415362730622 590.89296801388264 139.0381703749299 20.563884347677231 29.666235134005547 41.174827501177788 43.941213473677635 100.01590269804001 1520.9480041339993 157.33502303808928
leaf_count=68672 5706 10549 20944 109912 111 244 90 64760 7672 31921 381 179 76567 16562 15113 201781 53938 27603 8848 1265 6095 837 114 90 32 68 113 97 2205 395
internal_value=0.00256856 0.002377 0.00582697 0.00206144 0.00857687 0.00170825 0.000418226 0.0021976 0.0117526 0.000481641 -0.00145809 0.00394421 0.00130791 -0.000657795 -0.00125196 0.00150431 0.00255515 -0.00116665 -0.00278793 -0.00206311 0.00921839 0.0065813 0.017787 0.0109696 -0.013517 -0.0281129 -0.0517279 0.0115199 0.0110248 0.00881876
internal_weight=317855 308037 25811.7 282225 9818.05 246213 67713.1 178500 6369.92 67661.4 21704.8 36012.7 45956.6 27888.7 21549.6 146137 70574.2 21527.7 13540.7 23610.2 12654.6 4712.07 729.931 6204.29 135.346 105.68 64.5051 6068.95 5968.93 4447.98
internal_count=732864 716375 38539 677836 16489 608985 178594 430391 10783 178350 52035 68851 126315 94394 51654 365631 163850 51564 36451 77832 17595 7046 951 10672 303 271 203 10369 10272 8067
is_linear=0
shrinkage=0.05


Tree=76
num_leaves=31
num_cat=0
split_feature=5 5 5 15 11 9 14 6 6 9 11 10 4 4 7 5 0 11 6 10 1 10 0 10 7 10 10 0 1 11
split_gain=141.209 174.464 134.569 125.663 110.791 110.584 95.4096 284.489 131.17 130.531 126.961 88.7493 80.9121 79.324 76.7286 75.667 66.648 92.8706 64.9673 64.4715 59.6486 59.2878 59.1525 155.949 58.4006 54.808 53.3639 50.4203 48.7258 70.8096
threshold=5320895.5000000009 12130922.500000002 10052930.500000002 6.5000000000000009 -0.10883838310837744 11.958333492279055 1.0000000180025095e-35 1.0000000180025095e-35 7714069.5000000009 13.845237731933596 -0.026672078296542164 0.030606848187744621 39633.500000000007 168200.00000000003 0.28576312959194189 1289243.5000000002 0.10612764954566957 -0.11715608090162276 3211691.0000000005 -0.049738455563783639 13.500000000000002 -0.026163419708609578 0.07008771970868112 -0.055080883204936974 0.90667709708213817 -0.034865135326981538 -0.082476735115051256 0.0091326101683080214 21.500000000000004 -0.026672078296542164
decision_type=2 2 2 2 2 2 2 10 10 2 2 2 8 10 10 2 2 2 8 2 2 2 2 2 10 2 2 2 2 2
left_child=3 2 6 5 16 12 7 20 9 18 -10 13 -1 -3 -13 21 17 -4 -8 22 -2 -7 23 -9 -20 -22 -11 -17 -28 -30
right_child=1 11 4 -5 -6 15 8 19 10 26 -12 14 -14 -15 -16 27 -18 -19 24 -21 25 -23 -24 -25 -26 -27 28 -29 29 -31
leaf_value=0.0087919369268977896 0.032071491971189345 0.0023365790537583425 -0.10719088777211941 0.016327757316055218 -0.0019834144982088363 -0.060301252982794852 0.014261142402309707 -0.098692307970752222 -0.06884359021594022 -0.041090299618028958 0.033448764770091059 0.0047317595141425847 0.0037568237839033947 -0.015665114404472602 0.012721233359970805 0.0013511545125783693 -0.0094221909316068476 -0.023768051968009286 0.0033912149816732471 -0.0025420178102460904 -0.047748541860110238 -0.0084866093579637914 -0.0083581474152272326 -0.017272154169229934 0.016887778552533962 0.013948480753252408 0.0019198219187457431 0.0034984362050540906 -0.011593802177328527 -0.00073598226465183608
leaf_weight=10842.52195481956 638.52718561887741 68129.524693172425 33.45241005718708 1783.5202935859561 42850.191893495619 56.530427798628807 1604.8960184976459 62.367070540785789 30.484339028596878 79.460170492529869 490.58145631104708 5683.1215343251824 30220.099064901471 615.52850627154112 3995.2258524000645 62651.613697331399 616.14516679942608 637.45521678030491 22687.707978397608 17255.780817583203 36.568098366260529 1001.2128215767443 511.67543715238571 703.65056949853897 829.04022521525621 549.68324385583401 1142.4250821322203 18632.013847619295 1622.028373748064 19919.814384564757
leaf_count=15641 838 148345 141 3197 135041 213 2253 271 92 231 650 8677 49568 1912 5369 154309 1070 1512 40128 48147 124 4125 902 1890 1031 1555 1875 33481 4295 65919
internal_value=0.00185305 0.000996597 -0.000267121 0.00315783 -0.00241799 0.00296723 0.00112562 -0.00180221 0.0023207 0.00204859 0.0272239 0.0028062 0.0050867 0.00217494 0.00728857 0.00191017 -0.016861 -0.0282339 0.00453343 -0.00334539 0.0215167 -0.0113644 -0.0141743 -0.0241409 0.00386841 0.0099508 -0.000693786 0.00208319 -0.000548672 -0.00155454
internal_weight=315913 190725 112302 125188 44137.2 123404 68164.7 19758.3 48406.4 47885.4 521.066 78423.4 41062.6 68745.1 9678.35 82341.4 1287.05 670.908 25121.6 18533.5 1224.78 1057.74 1277.69 766.018 23516.7 586.251 22763.7 81283.6 22684.3 21541.8
internal_count=732802 472268 307965 260534 137764 257337 170201 53727 116474 115732 742 164303 65209 150257 14046 192128 2723 1653 43412 51210 2517 4338 3063 2161 41159 1679 72320 187790 72089 70214
is_linear=0
shrinkage=0.05


Tree=77
num_leaves=31
num_cat=0
split_feature=11 9 6 8 7 8 9 4 8 2 8 6 4 2 8 4 7 4 8 8 11 9 8 9 4 7 7 11 9 8
split_gain=151.809 134.814 113.485 106.649 104.815 110.486 144.196 115.134 104.575 94.6588 72.9082 68.6317 67.919 60.5929 56.0115 52.927 50.8257 50.3494 43.0014 39.972 39.5021 66.4667 38.1232 66.3634 37.9145 36.364 36.1281 34.1127 83.0276 38.6557
threshold=-0.31783521175384516 3.1000000238418584 3211691.0000000005 170.50000000000003 0.79178708791732799 1.0000000180025095e-35 10.775000095367433 32700.000000000004 21.500000000000004 128.00000000000003 106.50000000000001 3211691.0000000005 57700.000000000007 12178.299804687502 132.50000000000003 70040.000000000015 0.29989059269428259 49001.400390625007 12.500000000000002 178.50000000000003 -0.11715608090162276 13.519230842590334 1.0000000180025095e-35 10.275000095367433 197300.00000000003 0.44452822208404547 0.18930547684431079 -0.027276050299406048 17.690475463867191 13.500000000000002
decision_type=2 2 8 2 10 2 2 8 2 2 2 10 10 2 2 10 8 8 2 2 2 2 2 2 10 10 10 2 2 2
left_child=1 -1 9 4 5 7 -7 25 18 10 17 12 16 -10 20 26 -9 -2 -6 -5 21 -8 -19 -24 -14 -4 -16 28 -25 -29
right_child=2 -3 3 19 8 6 14 11 13 -11 -12 -13 24 -15 15 -17 -18 22 -20 -21 -22 -23 23 27 -26 -27 -28 29 -30 -31
leaf_value=-0.034832556230881412 0.0084443306877133029 -0.16964392516080926 0.00081951681604657965 0.056962720902323273 0.0099044850309182586 0.0036172205447189843 -0.0046955264476787016 -0.0061842911630975612 0.0036172205447189843 0.012935909385153217 -0.034832556230881412 -9.0717488228163206e-06 -0.0092890929323550652 0.019633323553352258 -0.019692717579987869 -0.034832556230881412 -0.00041823279906481528 0.00057214310273988312 0.031293376561819256 0.014809945187541258 0.0014677343663806526 -0.034832556230881412 0.0058635909954195395 -0.0016357703446451565 -0.034832556230881412 0.0036172205447189843 0.0024987808794089518 -0.00090822350140368961 -0.034832556230881412 0.0041602057492568225
leaf_weight=45.523765325546265 4865.9285109788179 21.900255560874939 5882.0161748677492 111.85276766866446 6351.4055634886026 33048.109816066921 490.09235888719559 4035.1258572936058 8624.6009770780802 3204.5067278519273 73.290163770318031 21214.203376308084 4075.6894931346178 665.18275353312492 101.87077637016773 119.76532419770956 9215.6961354166269 9006.1480934619904 242.55274060368538 114.9050891622901 177080.92103615403 160.27741758525372 2760.5626242756844 1355.4787398725748 33.594531640410423 6913.0203653872013 178.63370470702648 2567.539495959878 80.329983174800873 13686.219748310745
leaf_count=86 8289 112 12297 134 9665 48477 842 9535 19674 4060 286 41683 9790 713 357 459 26851 16233 237 263 467028 432 3339 2424 153 12495 412 4698 265 31082
internal_value=0.00212437 -0.0718057 0.00214059 0.00179265 0.0017646 0.00152596 0.00203183 -0.000553691 0.00570849 0.004719 0.00395275 -0.00191699 -0.00424822 0.00361722 0.00138034 -0.0172562 -0.00250584 0.00406337 0.0107005 0.0359189 0.00142251 -0.0108588 0.00328285 0.00447646 -0.00986274 0.00355603 -0.00455288 0.00245682 -0.00492597 0.00310952
internal_weight=316327 67.424 316260 278660 278433 262549 211180 51369.3 15883.7 37600 34395.5 38574.3 17360.1 9289.78 178132 400.27 13250.8 34322.2 6593.96 226.758 177731 650.37 29456.3 20450.1 4109.28 12795 280.504 17689.6 1435.81 16253.8
internal_count=732371 198 732173 661497 661100 630811 518007 112804 30289 70676 66616 88012 46329 20387 469530 1228 36386 66330 9902 397 468302 1274 58041 41808 9943 24792 769 38469 2689 35780
is_linear=0
shrinkage=0.05


Tree=78
num_leaves=31
num_cat=0
split_feature=4 8 8 9 4 7 3 4 3 8 9 8 8 11 4 8 8 2 7 10 3 8 10 8 15 9 8 10 4 8
split_gain=91.7789 93.5587 453.108 251.081 122.992 95.1161 75.2948 96.15 70.3653 68.2966 58.4943 138.139 55.3809 47.734 42.563 42.0856 51.4865 32.6578 32.5795 28.3562 27.5571 24.3137 24.5148 22.9646 20.4291 14.7536 13.9774 11.3381 11.0731 10.9813
threshold=2292.0000000000005 1.0000000180025095e-35 11.500000000000002 7.5357143878936776 197300.00000000003 0.44452822208404547 0.010001999791711571 58050.000000000007 0.19462250173091891 21.500000000000004 21.791666984558109 43.500000000000007 57.500000000000007 -0.05978646129369735 49620.000000000007 67.500000000000014 42.500000000000007 1506.2500000000002 0.4167881458997727 -1.0000000180025095e-35 0.12773632258176806 55.500000000000007 0.14775640517473224 44.500000000000007 2.5000000000000004 10.275000095367433 23.500000000000004 -0.1012626253068447 58050.000000000007 109.50000000000001
decision_type=8 2 2 2 10 10 8 10 10 2 2 2 2 2 10 2 2 2 8 2 8 2 2 2 2 2 2 2 10 2
left_child=-1 4 -3 8 5 -2 7 21 9 -4 12 -12 17 -14 -7 16 19 25 -19 -9 -15 -5 -23 -11 26 -8 -21 -10 -25 -13
right_child=1 2 3 6 -6 14 10 15 27 23 11 29 13 20 -16 -17 -18 18 -20 24 -22 22 -24 28 -26 -27 -28 -29 -30 -31
leaf_value=0.024870385817353874 -0.00067368447646369838 0.0134251547461526 0.0097617790910528614 -0.0030488401696085105 -0.077831294255295821 0.005396356573188682 0.0026918990677384912 -0.099708009860054014 0.0097617790910528614 0.004700023133066885 0.001463512621488851 -0.0025127472162730161 0.001463512621488851 0.0030817678772778676 0.0016023043524995434 -0.071642577500459631 -0.014449519664860806 0.0026918990677384912 0.004700023133066885 -0.038067568821408354 0.004700023133066885 -0.014449519664860806 -0.0030488401696085105 0.0097617790910528614 -0.023243002057581098 0.001463512621488851 -0.066520130768526128 0.0134251547461526 0.004700023133066885 0.001463512621488851
leaf_weight=436.52056547254324 50651.412414968014 3512.7757239937782 3290.3239456489682 1288.3229169882834 48.333718657493591 12729.945007294416 9228.1865578591824 15.830504864454268 225.30680399388075 9963.8040141537786 45661.690831620246 26990.856052804738 1314.5103707313538 4123.2304796949029 2105.8162007927895 44.380747355520725 222.24687397480011 8514.6488194167614 8236.3944913893938 54.48537553101778 26996.987648509443 148.45536771416664 55.761057525873184 884.35667826980352 180.52075424790382 95288.434152394533 34.253043740987778 3818.0230531767011 451.16868563741446 511.16528680548072
leaf_count=555 109411 3906 4317 4076 218 22751 14656 66 366 14723 135436 101368 2650 9815 4700 272 948 14089 12274 194 58863 836 55 1020 771 207422 167 4565 665 2093
internal_value=0.0020116 0.00197992 0.00241907 0.00213665 0.000297589 0.000357628 0.0016823 -0.00786609 0.00771775 0.0060984 0.00176841 0.000604701 0.00232232 0.00415747 0.00387829 -0.0258502 -0.0215788 0.00183143 0.00388091 -0.0376869 0.00470002 -0.00304884 -0.0144495 0.00470002 -0.0333323 0.00150288 -0.0528921 0.0134252 0.00976178 -0.0023468
internal_weight=317028 316592 251056 247543 65535.5 65487.2 228910 2044.26 18633 14589.7 226866 73163.7 153702 32434.7 14835.8 551.717 507.337 121268 16751 285.09 31120.2 1492.54 204.216 11299.3 269.259 104517 88.7384 4043.33 1335.53 27502
internal_count=733248 732693 595613 591707 137080 136862 566051 7385 25656 20725 558666 238897 319769 71328 27451 2418 2146 248441 26363 1198 68678 4967 891 16408 1132 222078 361 4931 1685 103461
is_linear=0
shrinkage=0.05


Tree=79
num_leaves=31
num_cat=0
split_feature=6 6 4 6 1 3 5 4 3 0 7 5 7 7 5 6 5 2 5 3 7 4 5 1 11 0 11 5 4 3
split_gain=127.332 133.501 100.677 189.075 161.296 109.674 98.095 93.2545 88.0282 86.7127 85.8189 64.833 71.1627 58.1029 50.6678 50.7621 58.2863 46.0043 48.3012 41.5486 39.1741 36.8603 48.6562 95.3613 35.3273 35.1243 31.3999 30.7496 29.299 27.1955
threshold=7714069.5000000009 3211691.0000000005 199654.00000000003 3211691.0000000005 9.5000000000000018 0.0060159999411553153 5320895.5000000009 2820.0000000000005 0.047108437865972526 0.30749198794364935 0.047738995403051383 15089427.500000002 0.41183473169803625 0.8175736963748933 15089427.500000002 3211691.0000000005 10052930.500000002 2281.0000000000005 5320895.5000000009 0.0152323329821229 0.26005779206752783 39633.500000000007 10052930.500000002 21.500000000000004 0.15940868854522708 0.080944579094648375 -0.079001326113939271 10052930.500000002 28050.000000000004 0.18041833490133288
decision_type=10 8 8 10 2 8 2 10 10 2 8 2 10 10 2 10 2 2 2 8 10 10 2 2 2 2 2 2 10 10
left_child=1 8 3 7 -5 -4 -6 27 -1 21 25 -8 28 19 15 16 -12 18 -17 20 -2 22 23 -9 -10 -7 -20 -3 -13 -21
right_child=13 2 5 4 6 10 11 9 24 -11 14 12 -14 -15 -16 17 -18 -19 26 29 -22 -23 -24 -25 -26 -27 -28 -29 -30 -31
leaf_value=0.003288790164534454 -0.053524838917345212 0.029944177571002251 -0.074717663210425792 0.013719613151459318 0.007127178267250585 -0.037456281917204674 0.00085349640502218943 0.0055338935282524399 0.0084324023929741362 0.01007355427234247 0.00085349640502218943 0.0052202537858543827 0.0088139561731208106 0.038290078399719263 0.00085349640502218943 -0.0012889007720300254 -0.0031975693305446732 0.00085349640502218943 -0.017155476510570221 0.006883096283224358 -0.0046084300675826089 0.00085349640502218943 0.001415203227673795 0.001415203227673795 0.024136879133420715 -0.017535660189360699 -0.0045504753834063362 0.010204222044885282 0.00085349640502218943 0.018346050319387186
leaf_weight=29632.9526039958 50.017486318945885 346.05207600444555 47.405031457543373 4826.509641431272 13541.711349379271 133.05831377580762 9725.8273723646998 19932.83879493922 7761.5025744736195 2671.9887949302793 3290.3171160891652 664.29524812102318 2996.0981433987617 149.85687387734652 16199.88141656667 26642.470504961908 9628.8216010257602 2031.0882736891508 514.12709198147058 8801.1434034928679 126.8981126844883 83583.000758703798 35211.150948531926 20368.308471232653 374.16394994407892 41.965743735432625 11735.938861615956 365.16071607917547 4729.4474790096283 548.71508759260178
leaf_count=57470 151 412 233 7009 25193 652 22249 32036 13127 3265 6496 1144 5280 125 35125 63408 35445 2908 1165 15120 218 215893 85661 53915 379 46 37729 612 9683 759
internal_value=0.00194829 0.00177026 0.00137971 0.0019543 0.00520693 -0.000247303 0.0039083 0.00122387 0.004554 0.00114432 -0.000194901 0.00150162 0.00535031 0.00759502 -0.000107022 -0.00103136 0.000853496 -0.00193489 -0.00248389 0.00710425 -0.0167765 0.000994233 0.00197691 0.00331505 0.00916041 -0.0349643 -0.00508221 0.0192641 0.00162655 0.0075596
internal_weight=316673 306996 269227 198962 36483.9 70265.1 31657.4 162479 37768.6 161767 70217.7 18115.7 8389.84 9676.63 70042.6 53842.8 12919.1 40923.6 38892.5 9526.77 176.916 159095 75512.3 40301.1 8135.67 175.024 12250.1 711.213 5393.74 9349.86
internal_count=732908 716535 645559 462352 70558 183207 63549 391794 70976 390770 182974 38356 16107 16373 182276 147151 41941 105210 102302 16248 369 387505 171612 85951 13506 698 38894 1024 10827 15879
is_linear=0
shrinkage=0.05


Tree=80
num_leaves=31
num_cat=0
split_feature=5 5 5 3 4 11 6 3 8 8 8 1 3 8 8 0 0 10 10 3 4 8 4 3 4 6 1 8 4 8
split_gain=120.545 182.001 127.469 123.024 99.269 98.7489 81.4584 94.1186 77.7321 175.469 142.17 77.399 96.6479 91.3228 84.7447 63.8602 60.8725 60.3971 57.3673 54.5308 52.5472 106.749 49.612 48.3338 46.5794 46.6304 44.7855 52.0048 44.2878 42.1832
threshold=5320895.5000000009 12130922.500000002 10052930.500000002 0.17304039001464847 197900.00000000003 -0.10883838310837744 3211691.0000000005 0.044068334624171264 170.50000000000003 125.50000000000001 123.50000000000001 21.500000000000004 0.0060159999411553153 21.500000000000004 20.500000000000004 0.10612764954566957 0.009009740315377714 0.2667291015386582 0.28942576050758367 1.165733337402344 67900.000000000015 48.500000000000007 40003.000000000007 0.0041960095986723909 57990.000000000007 3211691.0000000005 21.500000000000004 1.0000000180025095e-35 197600.00000000003 79.500000000000014
decision_type=2 2 2 10 10 2 8 8 2 2 2 2 10 2 2 2 2 2 2 8 8 2 10 8 8 10 2 2 8 2
left_child=4 2 8 5 6 15 7 -1 9 10 11 12 -2 14 -14 22 -5 26 24 -11 -9 -22 -4 -13 25 -8 27 -3 -7 -6
right_child=1 17 3 16 29 28 18 20 -10 19 -12 23 13 -15 -16 -17 -18 -19 -20 -21 21 -23 -24 -25 -26 -27 -28 -29 -30 -31
leaf_value=-0.012226294629263635 0.0010564171496396733 0.0026157280134763983 -0.022172306817561244 -0.00096743308056010694 -0.019906324599878844 -0.0022371777780883922 0.0025677086351899069 0.012958447604479732 0.050936877496116542 -0.061990193540940125 0.07920801374002398 -0.030176199060110594 0.010302039286219483 0.0033051022993144177 0.050830783428353593 -0.011663796216658773 0.0057930089597738599 0.0088419792375117844 0.0077979623260242565 0.0023562915819084268 0.0070623229405132673 -0.0026620715122644468 -0.05485337468832218 -0.00050615239815864077 0.0013331665100094318 0.0050685864575148055 0.0013919324055158575 0.0057154462276185012 -0.0063797050761727151 -0.079122643988726912
leaf_weight=665.5804925635457 18755.076390743256 17830.717647045851 336.62824505567551 6471.3546927273273 210.91530381515622 22184.953851476312 37833.873511712998 2977.1848206669092 76.263986021280289 142.23956356197596 56.374535590410233 135.85397298820317 4615.2183297276497 12242.5597968027 130.85636279731989 434.6642532646656 5642.7912046760321 4070.3164143487811 5051.167511202395 42.479194656014442 13615.198489844799 1075.5693151429296 167.36364711821079 32086.540546890348 53922.80093369633 9717.4210314676166 38221.287367057055 18747.310470201075 9098.324801273644 33.651533529162407
leaf_count=1355 38308 31428 808 21827 709 67334 79699 4549 109 590 55 771 7695 19976 108 777 11210 5352 6702 112 24409 2546 502 102402 122521 17490 98545 29004 35162 196
internal_value=0.0018585 0.00106988 -0.000220103 -0.00230764 0.00306556 -0.00392251 0.0031281 0.00620645 0.00113535 0.00107817 0.001211 0.00114398 0.00274594 0.00555379 0.0114404 -0.0198853 0.00198765 0.00291184 0.00259819 -0.0473259 0.00690215 0.0056732 -0.0326808 -0.00063311 0.00233921 0.00347995 0.00258891 0.00383952 -0.00344231 -0.02863
internal_weight=316593 191489 112620 44336.1 125103 32221.9 124859 18333.5 68283.5 68207.2 68022.5 67966.1 35743.7 16988.6 4746.07 938.656 12114.1 78869.6 106525 184.719 17668 14690.8 503.992 32222.4 101474 47551.3 74799.3 36578 31283.3 244.567
internal_count=732251 472075 307746 137620 260176 104583 259271 32859 170126 170017 169315 169260 66087 27779 7803 2087 33037 164329 226412 702 31504 26955 1310 103173 219710 97189 158977 60432 102496 905
is_linear=0
shrinkage=0.05


Tree=81
num_leaves=31
num_cat=0
split_feature=5 7 15 5 8 5 8 8 4 8 8 9 4 8 4 9 7 11 4 9 8 8 8 8 7 4 0 5 7 5
split_gain=127.657 140.409 118.223 97.7472 93.3813 86.9089 111.752 159.767 77.6056 71.4572 105.061 66.9434 84.501 66.43 64.5962 55.594 51.8505 50.5441 84.3351 69.4086 65.0255 49.5261 80.1383 48.9182 66.8274 72.5755 45.9983 39.1181 39.0619 38.9719
threshold=5320895.5000000009 0.91825759410858165 6.5000000000000009 1289243.5000000002 170.50000000000003 12130922.500000002 1.0000000180025095e-35 4.5000000000000009 38040.000000000007 125.50000000000001 122.50000000000001 13.683333396911623 7020.0000000000009 57.500000000000007 56050.000000000007 20.183333396911625 0.95019999146461498 -0.10753119364380835 53008.000000000007 5.0625000000000009 35.500000000000007 43.500000000000007 35.500000000000007 142.50000000000003 0.4167881458997727 46010.000000000007 0.046620300039649017 15089427.500000002 0.21521398425102237 10052930.500000002
decision_type=2 10 2 2 2 2 2 2 8 2 2 2 8 2 8 2 10 2 10 2 2 2 2 2 10 8 2 2 10 2
left_child=1 2 3 -1 5 6 8 -8 29 10 16 12 27 -14 26 -16 17 18 -9 28 -20 22 -21 -11 25 -25 -5 -7 -19 -2
right_child=4 -3 -4 14 -6 11 7 9 -10 23 -12 -13 13 -15 15 -17 -18 19 20 21 -22 -23 -24 24 -26 -27 -28 -29 -30 -31
leaf_value=-0.009588015425386634 0.0047245625323326483 0.021094709495280167 0.012000114628590278 0.0035760477677358087 0.042623466294072189 0.033629889382169591 0.033431075332664852 -0.0020588078714668767 -0.0050977373231202725 -0.045482777496309836 0.058637089265791212 0.00074564632603511772 0.0027251154447953101 0.0095360922349372775 0.0027223488769721545 -0.00048357023397121524 0.018854551947202404 0.0045528911776365685 -0.035860369479787491 0.00099582034685761155 -0.011935556021542795 -0.00068489133048098359 0.0045528911776365685 0.0043947949354818496 0.042256805747195231 -0.084130487231735329 0.0073543059846571312 0.011816039261625229 0.0097832318522283294 -0.0020464763776952711
leaf_weight=1593.2343837749213 3685.6662416160107 1068.1651702150702 1795.3912717178464 42956.91916166991 132.71058304607868 250.86283777654171 373.9851346462965 2988.8153818622231 15213.448284164071 138.15705776959658 76.570399731397629 37900.923794414848 37087.101332828403 2117.7354864999652 51867.403669588268 18290.599516972899 393.5953966230154 1343.2132352516055 388.98266270756721 42599.99278511107 233.80957463383675 36400.541947295889 2071.7091862931848 33.191203281283379 48.452276900410652 33.772461444139481 7952.4235244318843 1126.3897215500474 1660.6005239188671 5013.4586011916399
leaf_count=5351 6652 1503 3200 89115 224 237 389 5219 44176 555 89 98312 61398 2901 95428 55271 647 2127 949 119151 388 109193 3396 62 90 173 10877 1493 2026 12713
internal_value=0.00182161 0.00306064 0.00290552 0.0027085 0.00100865 0.000979312 8.96738e-05 0.000906795 -0.00294405 0.000768463 0.000844979 0.00225676 0.00366793 0.00323981 0.00287047 0.00188656 0.000793409 0.000711912 -0.00507837 0.000960757 -0.0218123 0.000684121 0.00179964 -0.0256318 -0.00149954 -0.0334672 0.00422628 0.0158324 0.00842166 0.00082272
internal_weight=316838 125524 124456 122661 191314 191181 112698 88785.4 23912.6 88411.4 88157.8 78483 40582.1 39204.8 121067 70158 88081.3 87687.7 3611.61 84076.1 622.792 81072.2 44671.7 253.573 115.416 66.9637 50909.3 1377.25 3003.81 8699.12
internal_count=733305 260745 259242 256042 472560 472336 307995 244454 63541 244065 243185 164341 66029 64299 250691 150699 243096 242449 6556 235893 1337 231740 122547 880 325 235 99992 1730 4153 19365
is_linear=0
shrinkage=0.05


Tree=82
num_leaves=31
num_cat=0
split_feature=10 5 6 6 4 8 8 4 8 7 10 8 9 4 10 4 8 8 5 5 8 8 15 6 4 9 8 4 8 8
split_gain=116.258 84.0205 79.4147 83.8191 87.3652 150.199 100.893 96.5988 69.067 67.2229 62.7956 57.4821 74.4329 54.9298 53.8022 76.211 53.3594 53.2974 47.5975 105.404 45.355 41.5344 39.0302 46.1602 45.497 34.0425 28.0787 27.618 25.1194 24.2894
threshold=0.52484878897666942 1289243.5000000002 7714069.5000000009 3211691.0000000005 39633.500000000007 1.0000000180025095e-35 43.500000000000007 197300.00000000003 32.500000000000007 0.24912462383508685 -0.049738455563783639 110.50000000000001 12.949999809265138 198400.00000000003 1.0000000180025095e-35 35020.000000000007 22.500000000000004 80.500000000000014 5320895.5000000009 12130922.500000002 34.500000000000007 96.500000000000014 6.5000000000000009 3211691.0000000005 194500.00000000003 4.0833332538604745 22.500000000000004 26020.000000000004 103.50000000000001 21.500000000000004
decision_type=2 2 10 8 8 2 2 10 2 10 2 2 2 8 2 10 2 2 2 2 2 2 2 10 8 2 2 10 2 2
left_child=1 9 3 11 6 7 18 22 29 14 16 13 -13 -3 15 -1 25 -4 26 20 -20 -15 23 -6 -25 -7 -5 -28 -23 -2
right_child=8 2 17 4 5 10 -8 -9 -10 -11 -12 12 -14 21 -16 -17 -18 -19 19 -21 -22 28 -24 24 -26 -27 27 -29 -30 -31
leaf_value=-0.021307241726756184 0.015532355400365981 0.0053074337015725677 0.0053074337015725677 0.0053074337015725677 -0.0061156533643987087 -0.00058368266000610801 0.0013681483769101134 -0.07362247978884412 0.019113356180129243 -0.00078448030004654918 0.0013681483769101134 0.0053074337015725677 -0.083904552917754199 0.0024467424282355985 -0.011255041415680248 -0.059515414328586147 -0.00058368266000610801 -0.040076339321157235 0.0013681483769101134 0.0053074337015725677 0.0053074337015725677 -0.093370207288354712 0.0011931893186675454 -0.001072701462899146 -0.0038801011044198859 -0.0075049686965600734 0.0053074337015725677 0.0013681483769101134 -0.011091451945348267 0.0053074337015725677
leaf_weight=354.36570457369089 583.88767059892416 9636.2376342266798 9275.3794342651963 15414.204282492399 9622.164656534791 927.17104187607765 27690.765116050839 45.86846099793911 1289.0246914848685 856.42563508823514 130660.44268778898 33.388446092605591 40.849718600511551 26912.228283308446 172.22070889919996 165.23574352450669 4556.7625154331326 65.725103288888931 25537.090513691306 15499.994989037514 789.88659193366766 15.714072987437246 5766.1633899360895 1758.5788856446743 15585.896789461374 5427.1962398290634 2092.7734891474247 1998.1094726249576 20.780878931283951 3095.4869352951646
leaf_count=1475 655 16347 15919 26819 22496 1480 69619 216 1353 2442 341146 43 198 52930 291 1130 8303 185 62099 28655 1125 69 19167 2684 32856 11059 3565 3982 74 4289
internal_value=0.00157479 0.00145351 0.00151168 0.00136812 0.00105631 0.000405581 0.00233072 -0.00264421 0.00916136 -0.0101578 0.00111174 0.00360808 -0.0397669 0.00369827 -0.0217256 -0.0313594 -0.00253551 0.00530743 0.00370424 0.0027355 0.00136815 0.00237268 -0.00254026 -0.00333859 -0.00179744 -0.00583034 0.00530743 0.00136815 -0.0495296 0.00566631
internal_weight=315890 310922 309373 300032 263373 174350 89022.8 32778.7 4968.4 1548.25 141572 36659.2 74.2382 36585 691.822 519.601 10911.1 9341.1 61332.1 41827 26327 26948.7 32732.8 26966.6 17344.5 6354.37 19505.1 4090.88 36.495 3679.37
internal_count=732671 726374 721036 704932 635271 439407 195864 77419 6297 5338 361988 69661 241 69420 2896 2605 20842 16104 126245 91879 63224 53073 77203 58036 35540 12539 34366 7547 143 4944
is_linear=0
shrinkage=0.05


Tree=83
num_leaves=31
num_cat=0
split_feature=6 5 15 5 2 5 7 6 7 3 9 8 8 3 3 8 8 8 8 8 8 2 9 3 10 8 9 6 5 2
split_gain=121.848 117.328 115.371 88.6102 77.778 93.2849 117.38 75.9078 82.4779 78.6455 69.4212 97.9158 179.287 93.0639 65.9401 64.5765 62.4381 58.9216 56.4719 53.9166 89.1719 53.2469 72.6262 52.9492 66.5324 64.3951 52.3697 50.4976 48.7972 91.6463
threshold=7714069.5000000009 5320895.5000000009 6.5000000000000009 12130922.500000002 1464.3000488281252 1289243.5000000002 0.24912462383508685 3211691.0000000005 0.40629960596561437 0.010001999791711571 10.354166507720949 1.0000000180025095e-35 15.500000000000002 0.086008500307798399 0.34377416968345648 33.500000000000007 53.500000000000007 100.50000000000001 170.50000000000003 124.50000000000001 111.50000000000001 14240.300292968752 5.9500000476837167 0.021606274880468849 -0.024616437964141365 21.500000000000004 19.154761314392093 3211691.0000000005 10052930.500000002 4504.0000000000009
decision_type=10 2 2 2 2 2 10 8 10 10 2 2 2 8 10 2 2 2 2 2 2 2 2 8 2 2 2 10 2 2
left_child=1 2 4 18 5 6 27 17 9 -9 11 -5 13 -13 -2 -10 -6 -7 19 20 21 -3 -23 24 -12 -26 -21 -1 -22 -30
right_child=14 3 -4 10 16 7 -8 8 15 -11 23 12 -14 -15 -16 -17 -18 -19 -20 26 28 22 -24 -25 25 -27 -28 -29 29 -31
leaf_value=-0.042887897120854543 0.0066329847308926647 -0.00029900131394387423 0.015599976318015268 0.0027284155664066391 0.0091441885644278059 0.0045070530685051968 0.0019135407844096957 -0.0008804332337444496 0.0045070530685051968 0.0025585840568059584 -0.069484100814495228 0.0027284155664066391 0.0049909600452819293 0.027986913428918559 0.031698954248922884 0.0025585840568059584 0.0045070530685051968 -0.055705809468288882 0.043264835712992451 -0.01033018826871466 0.029403073777053507 0.018301432530113525 0.0027835522132093264 0.0013296876706015721 -0.038725915312517754 -0.0050852099953270806 -0.063873974181163973 -0.013386479254675752 -0.073003136127477705 0.046255741864797584
leaf_weight=290.34272525459528 9548.3718093782663 105803.63603955694 1753.6695097386837 16805.253726050258 6706.4677160158753 17195.680494330823 734.93896753713489 32034.875470407307 14286.015315338969 32539.362613499165 44.682326063513756 298.12901542335749 6615.9631876125932 1497.9642456099391 267.9661859869957 11178.495937313884 4122.2610156610608 45.008505433797836 73.270600728690624 195.04907358437777 371.23279798030853 894.99153015762568 2725.2052918002009 49513.652753226459 140.99763745069504 629.80414240807295 58.065952837467194 253.74208617210388 32.907069504261017 28.073311924934387
leaf_count=1544 16291 296740 3150 29664 8752 31085 2220 73688 25045 73350 157 473 9290 1434 281 26433 6729 182 121 521 707 939 4114 115714 364 2309 348 1060 156 33
internal_value=0.00184045 0.00166501 0.00287557 0.000875408 0.0026884 0.00228525 -0.0111279 0.00244537 0.00182891 0.000878546 0.00219431 0.00433547 0.00879765 0.0227985 0.00732355 0.00423862 0.00672886 0.00450705 -2.89201e-05 -5.85146e-05 -5.19675e-06 -9.49304e-05 0.00586611 0.00112136 -0.0115001 -0.00796773 -0.0230179 -0.0286865 0.0226085 -0.018375
internal_weight=316686 306870 121141 185729 119387 108558 1279.02 107279 90038.7 64574.2 75546.4 25217.3 8412.06 1796.09 9816.34 25464.5 10828.7 17240.7 110182 110109 109856 109424 3620.2 50329.1 815.484 770.802 253.115 544.085 432.213 60.9804
internal_count=732894 716322 253238 463084 250088 234607 4824 229783 198516 147038 159405 40861 11197 1907 16572 51478 15481 31267 303679 303558 302689 301793 5053 118544 2830 2673 869 2604 896 189
is_linear=0
shrinkage=0.05


Tree=84
num_leaves=31
num_cat=0
split_feature=4 6 14 8 2 9 4 8 8 8 8 3 8 8 4 4 3 9 8 8 8 6 8 0 9 8 8 2 10 9
split_gain=70.3471 65.8601 300.786 165.236 86.3735 83.292 70.411 184.606 85.0981 99.6567 67.1045 59.4571 78.7539 54.5356 41.656 38.6307 57.9504 37.1093 129.144 35.4396 52.4122 33.673 52.9187 54.0206 41.5335 58.3905 39.1191 70.5339 35.3639 34.7761
threshold=2292.0000000000005 1.0000000180025095e-35 1.0000000180025095e-35 22.500000000000004 914.20001220703136 9.3452377319335955 38040.000000000007 14.500000000000002 42.500000000000007 34.500000000000007 114.50000000000001 0.18345434963703158 22.500000000000004 275.00000000000006 7402.0000000000009 199300.00000000003 0.018871096894145015 11.683333396911623 1.0000000180025095e-35 11.500000000000002 12.500000000000002 3211691.0000000005 57.500000000000007 0.017316341400146488 19.612500190734867 87.500000000000014 90.500000000000014 1733.549987792969 -0.058177009224891656 10.535714149475099
decision_type=8 10 2 2 2 2 10 2 2 2 2 8 2 2 8 10 10 2 2 2 2 10 2 2 2 2 2 2 2 2
left_child=-1 6 4 19 10 -5 8 15 9 11 17 -2 14 -12 -13 -8 -17 18 -3 -4 -21 26 23 -23 -24 -26 28 -28 29 -7
right_child=1 2 3 5 -6 21 7 -9 -10 -11 13 12 -14 -15 -16 16 -18 -19 -20 20 -22 22 24 -25 25 -27 27 -29 -30 -31
leaf_value=0.02187544502945735 0.0015976196275286462 0.00055912858775287609 0.01175523572901168 0.011073515988316227 0.0075636471755796721 -0.014979741782792717 -0.0045731774914428832 0.00097332419610021844 0.00097332419610021844 0.01175523572901168 -0.068885746120611685 0.010159565615082704 0.0089567200974814947 0.0039823040606245001 0.0031639522917392138 -0.077213384486905748 -0.020973910669952269 -0.00048464029941634729 0.0039823040606245001 0.0037818195248983592 0.010557657175374942 -0.0021980483462545309 0.00682899157692051 0.0042880670970654585 0.0028442664062947117 -0.012885127192649025 -0.047748591270107624 0.00682899157692051 0.00682899157692051 -0.082071401896467666
leaf_weight=427.88485064357519 38623.26137893647 28122.748439058661 5070.1493491306901 3220.4642962813377 4422.6461481899023 22.202263817191124 16627.350887469947 69729.642467135563 25222.282571814954 1262.730860106647 60.090589553117752 2162.4581112042069 7688.0784914419055 9.2922279983758909 15069.959371075034 51.761918723583221 36.528325751423836 48007.54040536657 10125.863338924944 4592.546217828989 7550.8200522661209 9774.6145730316639 5775.346313919872 4777.5699487626553 1311.8410202562809 718.50196858122945 91.271935537457466 72.747452571988106 5429.366515301168 22.331084191799164
leaf_count=555 82649 54379 7484 4092 6206 27 37124 184917 67099 1852 380 3902 15731 11 43487 246 58 128745 14602 7512 14202 22615 10869 8215 3415 2158 291 91 9675 74
internal_value=0.00166256 0.00163503 0.00244829 0.00563003 0.000750196 0.0034609 0.000993619 -2.561e-05 0.00197226 0.00313409 0.000400961 0.00282629 0.00473028 -0.0480575 0.00316395 -0.00475088 -0.0373746 0.000441053 0.0016029 0.00956282 0.00799612 0.00258447 0.00171338 -6.83209e-05 0.00503418 -0.00114046 0.00603704 -0.0178851 0.00676011 -0.0367885
internal_weight=316080 315652 139178 48429.8 90748.2 31216.3 176474 86445.3 90028.8 64806.5 86325.5 63543.8 24920.5 69.3828 17232.4 16715.6 88.2902 86256.2 38248.6 17213.5 12143.4 27995.8 22357.9 14552.2 7805.69 2030.34 5637.92 164.019 5473.9 44.5333
internal_count=732663 732108 295043 90720 204323 61522 437065 222345 214720 147621 198117 145769 63120 391 47389 37428 304 197726 68981 29198 21714 57430 47272 30830 16442 5573 10158 382 9776 101
is_linear=0
shrinkage=0.05


Tree=85
num_leaves=31
num_cat=0
split_feature=6 4 9 7 5 7 8 8 9 8 4 9 8 4 9 8 9 11 8 8 8 11 8 8 0 7 11 3 8 5
split_gain=161.066 161.432 192.717 104.852 91.4727 345.418 99.911 133.202 87.492 102.35 92.9654 86.9063 83.0079 82.6657 75.606 71.9119 76.4514 64.7963 53.6057 48.9269 48.3281 59.77 58.2722 54.5796 75.921 66.9759 49.9835 46.9137 42.0792 39.8172
threshold=1.0000000180025095e-35 198400.00000000003 7.9444444179534921 0.080046296119689955 10052930.500000002 0.94621977210044872 23.500000000000004 30.500000000000004 11.775000095367433 22.500000000000004 17002.200195312504 9.5357141494750994 37.500000000000007 10000.800292968752 7.3666667938232431 1.0000000180025095e-35 11.775000095367433 -0.080465368926525102 23.500000000000004 13.500000000000002 79.500000000000014 -0.029517923481762406 112.50000000000001 77.500000000000014 0.025126262567937378 0.027855369262397293 -1.0000000180025095e-35 0.14504722505807879 25.500000000000004 13439690.500000002
decision_type=10 8 2 8 2 8 2 2 2 2 10 2 2 8 2 2 2 2 2 2 2 2 2 2 2 10 2 10 2 2
left_child=4 2 27 -3 5 8 13 11 9 10 -1 -8 -7 -6 -9 -5 -17 -11 19 -4 23 22 -22 -16 25 -25 -27 -2 -13 -15
right_child=1 3 18 15 6 12 7 14 -10 17 -12 28 -14 29 20 16 -18 -19 -20 -21 21 -23 -24 24 -26 26 -28 -29 -30 -31
leaf_value=0.0086934303222728267 0.0099030727325733897 -0.069709771342644694 0.0031604158665490493 -0.00069953007530756386 0.0039359533820169101 0.022090654156980142 0.026067679271188401 0.011125061634976169 -0.00024289020959315983 0.0014403516121648172 0.0014403516121648172 0.0039073829790152925 0.0086934303222728267 -0.0044990830163257013 -0.00059551447527887377 0.0031604158665490493 0.0010079800926497448 0.0086934303222728267 0.0031604158665490493 0.0077507999942946345 -0.011335851734390133 0.0053583981410993912 -0.099076966972464695 -0.070554556681488426 0.0022117486509056435 -0.044351547246087641 -0.011292746109211676 0.01897028705396166 0.016189092665851088 -0.0012429615592822777
leaf_weight=4328.105434961617 6250.0724954679608 49.854731386527419 4263.1556177735329 28020.15080589056 4462.9192783609033 2405.3150581046939 716.71214068681002 1482.8397126719356 63139.766721524298 1162.1647384464741 14214.661725856364 2302.8742074966431 1181.7504480704665 24298.316946402192 29136.401522930712 13009.839532539248 50434.333596944809 8089.3521434441209 29037.074494585395 6555.5682825893164 256.71300320327282 2581.5345856063068 18.512890622019768 68.201323688030243 486.32868821918964 101.08515664935112 387.50956406444311 1852.1652914732695 174.42498332262039 15303.513481669128
leaf_count=6262 9336 219 7145 54299 8436 3793 851 1925 165549 1903 26421 4468 2812 78693 82458 18356 132103 11193 58601 12878 583 7052 77 337 926 380 1426 2026 242 32058
internal_value=0.00133169 0.00260127 0.00495104 0.00136979 0.000327285 0.00138663 -0.000897143 0.000991945 0.000786132 0.00312359 0.00144035 0.0107574 0.0166007 -0.0025139 8.77881e-05 0.00141006 0.00234176 0.00745393 0.0035216 0.00674752 -0.000408265 0.0053584 -0.0179099 -0.000998256 -0.0122249 -0.0247972 -0.0181485 0.01198 0.00631051 -0.00324093
internal_weight=315771 139472 47958 91514.2 176299 94521.1 81777.9 37713.1 90934.1 27794.3 18542.8 3194.01 3587.07 44064.7 34519.1 91464.3 63444.2 9251.52 39855.8 10818.7 33036.3 2856.76 275.226 30179.5 1043.12 556.796 488.595 8102.24 2477.3 39601.8
internal_count=732808 294963 89986 204977 437845 217933 219912 100725 211328 45779 32683 5561 6605 119187 95164 204758 150459 13096 78624 20023 93239 7712 660 85527 3069 2143 1806 11362 4710 110751
is_linear=0
shrinkage=0.05


Tree=86
num_leaves=31
num_cat=0
split_feature=5 10 5 15 8 10 7 0 8 8 7 9 5 8 10 5 15 3 4 2 8 4 3 7 8 10 8 8 0 8
split_gain=63.3325 144.639 55.5719 120.783 86.6858 111 104.633 101.476 69.3598 64.8294 58.1329 56.4277 54.1556 91.7674 70.9987 64.5059 223.964 87.6952 60.4677 58.1556 75.5207 83.9632 71.9519 78.8276 57.4359 52.0991 71.2829 53.7711 52.1045 49.6859
threshold=1289243.5000000002 -0.05237262696027755 5320895.5000000009 6.5000000000000009 65.500000000000014 -0.024824134074151512 0.096824593842029585 0.016326801851391796 89.500000000000014 170.50000000000003 0.66693991422653209 19.2613639831543 12130922.500000002 152.50000000000003 0.2667291015386582 10052930.500000002 6.5000000000000009 0.1964589133858681 57700.000000000007 20158.299804687504 43.500000000000007 inf 0.10257336497306825 1.0000000180025095e-35 26.500000000000004 -0.049416434019803994 32.500000000000007 21.500000000000004 0.087167583405971541 13.500000000000002
decision_type=2 2 2 2 2 2 10 2 2 2 10 2 2 2 2 2 2 10 10 2 2 8 8 10 2 2 2 2 2 2
left_child=1 -1 3 4 7 -6 -7 10 11 12 -2 -8 13 15 18 16 19 -17 -14 20 21 -4 23 -22 -18 26 27 -23 -28 -3
right_child=2 29 9 -5 5 6 8 -9 -10 -11 -12 -13 14 -15 -16 17 24 -19 -20 -21 22 25 -24 -25 -26 -27 28 -29 -30 -31
leaf_value=-0.11616477573607092 0.0010281312737678867 -0.023987844156746707 0.0033902978564177631 0.015149683424758928 -0.016305289288423976 -0.0073621419299616788 0.0044430430054386251 0.0052080898461483588 0.0085453423677938345 0.035583753839770436 0.0033922864455860104 -0.0024480814268735308 0.0020409375742868842 -0.072619233381322978 0.0082396082786421309 -0.0026471205533416856 0.032891215633833182 0.0026114042036970834 -0.0017868776235929738 0.0097286913140204635 -0.032657446225785126 -0.042508779927729508 -0.0006973088954408224 -0.0061253029926891288 0.011382567017276652 -0.00049585988084723518 -0.10784001245075266 -0.0062671424411600164 -0.015515805151511431 -0.0019547109850378318
leaf_weight=28.75605121254921 74262.515497945249 322.83780337870121 26382.690741367638 1753.822114571929 1192.0641465038061 3811.864051502198 3928.3047111183405 25148.444327332079 2127.2127956002951 131.60529639571905 7541.5586291179061 3283.2912840880454 61848.085708111525 41.44029813632369 3999.8141813874245 33929.723059982061 614.14308589696884 10344.084638930857 12381.153880700469 1713.3921512588859 305.10811086185277 105.0309152007103 20441.570028468966 3189.3249632455409 632.01294009387493 13703.918162792921 30.455711305141449 884.87514597177505 30.364833191037178 1207.1868667937815
leaf_count=125 163488 864 57676 3074 2698 10855 7347 38827 4484 238 13827 10784 130079 202 5301 109690 979 27823 29008 2208 1121 268 58335 10243 1513 35385 127 1907 66 4430
internal_value=0.00125113 -0.00879594 0.0013011 0.00212951 0.001941 -0.00170889 -0.000383494 0.00243049 0.00246598 0.000766581 0.00157648 6.5042e-05 0.000742164 3.88308e-05 0.00175222 6.69338e-05 0.0010336 -0.00141846 0.00140244 0.000641402 0.00040184 0.00170111 -0.00183109 -0.00845925 0.0220184 -0.00131936 -0.0120384 -0.00874173 -0.0637083 -0.00662899
internal_weight=315317 1558.78 313758 123049 121295 14342.7 13150.7 106953 9338.81 190709 81804.1 7211.6 190577 112348 78229.1 112307 68032.9 44273.8 74229.2 66786.7 65073.3 41137.3 23936 3494.43 1246.16 14754.6 1050.73 989.906 60.8205 1530.02
internal_count=732972 5419 727553 255384 252310 36168 33470 216142 22615 472169 177315 18131 471931 307543 164388 307341 169828 137513 159087 167336 165128 95429 69699 11364 2492 37753 2368 2175 193 5294
is_linear=0
shrinkage=0.05


Tree=87
num_leaves=31
num_cat=0
split_feature=6 14 9 3 8 6 11 7 5 4 8 8 8 8 8 6 8 5 8 11 8 10 7 9 0 4 6 8 8 8
split_gain=121.314 205.247 146.241 247.541 136.121 107.673 88.5626 76.396 150.916 241.073 77.5345 72.0528 59.4539 157.098 57.2495 53.0832 79.0453 68.0761 59.4228 53.1594 95.2183 57.2306 52.1297 50.2989 47.4214 79.9238 45.5668 44.3967 115.617 42.2842
threshold=1.0000000180025095e-35 1.0000000180025095e-35 9.3452377319335955 0.010001999791711571 21.500000000000004 7714069.5000000009 0.35763022303581243 0.8175736963748933 10052930.500000002 2820.0000000000005 19.500000000000004 22.500000000000004 1.0000000180025095e-35 11.500000000000002 25.500000000000004 3211691.0000000005 104.50000000000001 1289243.5000000002 34.500000000000007 -0.044300144538283341 78.500000000000014 0.14016955345869067 0.86013334989547741 7.5357143878936776 0.018265220336616043 197600.00000000003 3211691.0000000005 111.50000000000001 94.500000000000014 21.500000000000004
decision_type=10 2 2 10 2 10 2 8 2 10 2 2 2 2 2 10 2 2 2 2 2 2 10 2 2 10 10 2 2 2
left_child=7 5 22 4 -4 6 12 24 9 14 -11 -5 -2 -14 -9 16 -15 18 -17 20 -19 -22 -3 -21 25 -1 -13 28 -28 -27
right_child=1 2 3 11 -6 -7 -8 8 -10 10 -12 26 13 15 -16 17 -18 19 -20 23 21 -23 -24 -25 -26 29 27 -29 -30 -31
leaf_value=-0.00051673826166276609 -0.0018491411359165865 0.0095086720711244892 -0.090278371739635085 0.0070000657751038533 -0.01914309249941519 0.0065247842172043106 0.012537626696416095 0.024989568755498088 0.0014530185099193929 0.010545844372749635 0.0014530185099193929 0.0067823208706056463 0.0063745681637866168 0.0027716394139415323 0.011934042493485907 -0.010181282523257278 -0.07990341071088003 -0.0045605493398366238 -0.073658879443096389 0.0063745681637866168 -0.10578131371900353 -0.002503520965479671 0.025131522357480385 -0.0002283221220654243 0.0013466305755480924 -0.059049723261645121 0.0018521634204457635 0.0070000657751038533 -0.012298102603741158 -0.015472895131604911
leaf_weight=106748.77204170078 24473.047188133001 9380.4663615375757 75.930154159665108 10161.325547926128 506.52790275029838 7945.6997060999274 1481.8398608490825 1806.5449056178331 15965.057980813086 2204.9497953504324 3710.7500916644931 5597.6156136095524 1554.0766803994775 17862.37496047467 1580.1348122432828 103.64642784744501 26.960183329880238 5129.0983326286077 55.905524663627148 1380.0093609690666 35.315530866384506 12.856995642185209 565.17314866930246 30732.870110996068 44170.126721993089 65.61673891544342 20976.381932221353 598.20529752224684 503.54574930667877 331.52884362637997
leaf_count=292484 48771 13395 279 18675 1795 13649 1848 2697 47920 3058 8323 9834 1576 37035 3355 413 163 9804 388 1779 152 23 570 88537 78689 270 43723 1045 1382 1483
internal_value=0.00126311 0.00236712 0.00499802 0.0035988 -0.0286936 0.000965585 0.000432275 0.000393061 0.00293797 0.00827497 0.00218284 0.00409739 0.00021151 0.00109795 0.0189088 0.000397707 0.00263813 -0.000672601 -0.0330598 -0.000532261 -0.0052329 -0.0737851 0.0104013 0.000225859 -3.19333e-05 -0.000600251 0.00275383 0.00173194 0.00119513 -0.0229325
internal_weight=315742 139159 48365.2 38419.5 582.458 90793.7 82848 176583 25267.4 9302.38 5915.7 37837.1 81366.2 56893.1 3386.68 55339 17889.3 37449.7 159.552 37290.2 5177.27 48.1725 9945.64 32112.9 151316 107146 27675.7 22078.1 21479.9 397.146
internal_count=733115 294836 90698 76733 2074 204138 190489 438279 65353 17433 11381 74659 188641 139870 6052 138294 37198 101096 801 100295 9979 175 13965 90316 372926 294237 55984 46150 45105 1753
is_linear=0
shrinkage=0.05


Tree=88
num_leaves=31
num_cat=0
split_feature=5 5 8 1 8 11 3 5 3 3 8 4 9 8 8 7 4 8 6 3 7 8 5 1 8 11 3 7 4 6
split_gain=110.201 126.62 71.8312 138.602 122.524 118.294 113.117 67.0508 80.19 66.7229 66.3313 64.1707 58.7373 143.283 121.217 109.265 58.5388 55.6555 54.6788 80.2357 77.9702 66.6659 54.345 58.8743 137.599 71.8286 58.1427 143.493 53.8729 52.8217
threshold=5320895.5000000009 12130922.500000002 57.500000000000007 12.500000000000002 55.500000000000007 -0.086045607924461351 0.31973393261432653 10052930.500000002 0.1929242014884949 0.10175963118672372 56.500000000000007 7402.0000000000009 10.050000190734865 1.0000000180025095e-35 21.500000000000004 0.76601886749267589 25025.000000000004 25.500000000000004 7714069.5000000009 0.23073067516088488 0.95019999146461498 43.500000000000007 1289243.5000000002 21.500000000000004 12.500000000000002 -0.0086444807238876802 0.074240498244762435 0.28566965460777288 20900.000000000004 1.0000000180025095e-35
decision_type=2 2 2 2 2 2 10 2 10 8 2 8 2 2 2 8 8 2 8 10 8 2 2 2 2 2 10 8 8 10
left_child=11 2 4 -4 7 6 -5 18 -9 -7 16 -1 13 28 15 -15 -6 -10 19 21 -20 -2 26 24 -24 -26 27 -13 -3 -25
right_child=1 12 3 5 10 9 -8 8 17 -11 -12 22 -14 14 -16 -17 -18 -19 20 -21 -22 -23 23 29 25 -27 -28 -29 -30 -31
leaf_value=0.011248824985895979 -0.00090340748082075371 0.0098421570344765699 0.019045735637482918 -0.077927102720918712 0.004850523778426815 -0.010183595509138875 -0.018289836017365328 -0.0033790738221556905 -0.00038304873560986532 0.002667574261678103 -0.1019633187491189 -0.077754264428345113 0.0010342000054468171 0.0047402311519765677 0.0059812088952023402 0.028097783423052643 -0.010652236623608362 0.0063661520023050285 0.0010436636874836503 0.0088700463171227963 0.0096541796957618619 -0.0082406109576300401 0.002419793075956841 -0.00010756980650392323 0.0026024201974654644 0.0067427644363899746 0.001037000689107755 -0.009106334985539968 0.0024789680345951486 0.002419793075956841
leaf_weight=2005.5582977458835 18951.459757655859 2988.924526900053 1171.5524141341448 98.756929814815521 710.28095520287752 1090.4327264260501 86.685606971383095 31246.887504860759 2404.440704844892 13392.336550079286 17.041455559432507 86.217306546866894 52115.663623839617 788.05115851014853 6657.9554147645831 1375.5718236044049 4222.742300376296 4392.2391873002052 25714.856775134802 1796.5054834187031 2926.6343843191862 3698.5077451989055 33644.182858809829 32901.864627767354 10507.87637578696 13191.03087849915 929.310926258564 561.00296558812261 14734.597858041525 31470.989073012024
leaf_count=3187 46279 4429 1437 336 1720 3893 138 101005 5841 38795 74 529 121803 1114 9175 1291 12836 11739 63128 3304 5531 11755 58904 83288 16117 18260 2982 1906 26890 76040
internal_value=0.00122936 0.000472114 -0.000608331 0.00251119 -0.00112265 0.00118816 -0.0382784 -0.00070642 -0.00230848 0.00169871 -0.0087821 0.00238113 0.00200939 0.00392374 0.00932573 0.0196026 -0.00841901 0.00261298 0.000441684 -0.00129514 0.00192411 -0.00210212 0.0022367 0.00235621 0.00352132 0.00659716 -0.00698142 -0.0184624 0.00247897 0.00131827
internal_weight=315880 190582 111921 15839.8 96081.6 14668.2 185.443 91131.5 38043.6 14482.8 4950.06 125298 78660.8 26545.1 8821.58 2163.62 4933.02 6796.68 53088 24446.5 28641.5 22650 123292 121716 57343.1 23698.9 1576.53 647.22 17723.5 64372.9
internal_count=733726 472513 307811 44599 263212 43162 474 248582 118585 42688 14630 261213 164702 42899 11580 2405 14556 17580 129997 61338 68659 58034 258026 252609 93281 34377 5417 2435 31319 159328
is_linear=0
shrinkage=0.05


Tree=89
num_leaves=31
num_cat=0
split_feature=6 9 8 8 4 8 8 8 4 7 8 7 10 8 8 8 7 8 7 8 8 8 10 4 10 0 8 8 1 4
split_gain=119.512 92.0208 163.217 226.473 153.102 83.1058 183.357 67.923 62.6384 51.1713 50.8147 46.0702 60.6435 42.4789 48.5832 41.5153 107.762 62.9333 52.4407 48.1271 70.4691 47.6382 43.4723 47.2497 43.1953 37.0594 63.8921 35.6273 63.5216 60.6642
threshold=1.0000000180025095e-35 10.275000095367433 1.0000000180025095e-35 11.500000000000002 194500.00000000003 23.500000000000004 33.500000000000007 16.500000000000004 2292.0000000000005 0.20717503130435946 12.500000000000002 0.46676273643970495 -0.12835636734962461 44.500000000000007 77.500000000000014 89.500000000000014 0.27313154935836798 103.50000000000001 0.7336021661758424 154.50000000000003 136.50000000000003 69.500000000000014 -0.010393146891146897 36020.000000000007 -0.01548157026991248 0.0091326101683080214 91.500000000000014 2.5000000000000004 21.500000000000004 27050.000000000004
decision_type=10 2 2 2 8 2 2 2 8 8 2 10 2 2 2 2 10 2 8 2 2 2 2 8 2 2 2 2 2 10
left_child=8 2 4 -4 -2 7 9 10 -1 -7 -5 12 -3 -8 -15 18 17 25 27 20 22 -20 23 -19 -18 26 -17 29 -29 -10
right_child=1 11 3 5 -6 6 13 -9 15 -11 -12 -13 -14 14 -16 16 24 19 21 -21 -22 -23 -24 -25 -26 -27 -28 28 -30 -31
leaf_value=0.020253039374212141 0.011657243267995223 -0.047314320546729155 0.024669213109354673 0.0059716565913223449 0.0024847294037132778 0.0024847294037132778 0.0024847294037132778 0.0024847294037132778 0.0006783814212540369 0.028570059311228475 0.023911565764802096 0.0024847294037132778 0.00065065450314921096 0.013850236251076776 0.0024847294037132778 -0.040208206043374724 0.0034646309353687458 -0.024679841043333654 0.0014666859062706802 0.0034646309353687458 -0.068474831874823353 0.010176537875804154 -0.0085089382514875762 -0.064173055500936993 0.010176537875804154 0.0034646309353687458 -0.0040544512818593793 0.0006783814212540369 -0.0010746823201646168 -0.0041227647339572805
leaf_weight=384.41768575459719 4769.6556631326675 63.954326242208481 1799.4241602271795 1086.5395429730415 28228.126475393772 148.4639471322298 3584.7425155192614 5450.9874512180686 6934.0756934285164 1319.3807763233781 619.67343012988567 10834.992949098349 78380.202047782019 2320.5630981475115 571.77666955441236 138.41034353524446 285.69190534949303 22.973702922463417 31002.135433230549 101.7444838732481 58.448153167963028 840.29458935558796 811.03135019540787 94.555588096380234 2113.5878075547516 744.72437848895788 279.96202512085438 42277.622068181634 74724.917112546042 14993.073388926685
leaf_count=516 7220 166 1831 1522 54218 235 5274 8489 13769 1312 667 20975 189257 2898 885 550 763 40 78606 207 267 1928 2478 345 4697 1335 891 73974 222982 34205
internal_value=0.00101089 0.0021055 0.00382517 0.00791101 0.00248473 0.00591126 0.00944613 0.00248473 0.000144332 0.0253904 0.0125076 0.00114429 0.000610344 0.00582608 0.0103389 0.000100036 0.0047598 -0.00324728 -2.69307e-05 -0.0119416 -0.0161172 0.00180317 -0.0126815 -0.0408507 0.0101765 0.00346463 -0.0115735 -0.000446406 -9.97678e-05 -0.00229588
internal_weight=314986 139178 49899.3 16901.6 32997.8 15102.1 7944.93 7157.2 175808 1467.84 1706.21 89279.1 78444.2 6477.08 2892.34 175423 4651.13 2251.85 170772 1088.75 987.009 31842.4 928.561 117.529 2399.28 1163.1 418.372 138930 117003 21927.1
internal_count=732502 294949 84551 23113 61438 21282 10604 10678 437553 1547 2189 210398 189423 9057 3783 437037 11573 6113 425464 3337 3130 80534 2863 385 5460 2776 1441 344930 296956 47974
is_linear=0
shrinkage=0.05


Tree=90
num_leaves=31
num_cat=0
split_feature=8 6 5 11 8 14 7 5 5 15 8 8 11 14 8 9 10 5 9 11 8 7 6 7 10 8 7 8 6 5
split_gain=84.5888 83.3424 73.0007 73.0049 65.3412 60.2958 53.7111 48.4861 126.465 93.3407 74.4686 47.0108 59.3224 46.8962 62.2916 112.365 62.5368 46.9009 44.9715 44.9025 42.7398 47.5877 41.7437 52.5914 40.2453 89.4634 92.2506 38.9027 50.5787 38.7313
threshold=170.50000000000003 3211691.0000000005 1289243.5000000002 0.36872987449169164 33.500000000000007 1.0000000180025095e-35 0.90667709708213817 12130922.500000002 10052930.500000002 6.5000000000000009 156.50000000000003 82.500000000000014 -0.027276050299406048 1.0000000180025095e-35 43.500000000000007 18.038461685180668 -0.025527597405016419 1289243.5000000002 17.211111068725589 -0.18663525581359861 42.500000000000007 0.45011143386363989 3211691.0000000005 0.2958465069532395 0.030606848187744621 102.50000000000001 0.2223445922136307 178.50000000000003 3211691.0000000005 5320895.5000000009
decision_type=2 8 2 2 2 2 10 2 2 2 2 2 2 2 2 2 2 2 2 2 2 10 10 10 2 2 10 2 10 2
left_child=1 2 4 5 -1 11 7 8 9 10 13 -4 -13 17 19 -16 -17 -3 -14 -15 -6 -22 -10 -24 25 -9 -27 -2 -29 -8
right_child=27 6 3 -5 20 -7 29 24 22 -11 -12 12 18 14 15 16 -18 -19 -20 -21 21 -23 23 -25 -26 26 -28 28 -30 -31
leaf_value=-0.073285510652384395 0.052886163944649837 -0.02412127027762679 0.0021262339721865456 0.022114284767553793 0.042281694403465436 0.006497266625346854 0.013633275204806906 0.0014833887206396276 -0.0019138386380137551 0.0035450724071184737 -0.076951492858790729 -0.10492907786519162 0.0086566512181347356 -0.016556838476268026 0.0018642074151661572 -0.028508626703726406 -0.0026503771477951851 -0.00058833121206019838 -0.039427782374564083 0.0021061852378572734 -0.078290887311366728 0.027525098752882522 -0.025478869569362475 0.0035450724071184737 0.0035450724071184737 -0.050902282576237717 -0.0015420937892409773 -0.031425274452227724 0.035689785241632167 0.0035450724071184737
leaf_weight=56.582869276404381 108.49946541339159 210.74729188904166 26976.601892225444 513.08624301850796 29.692350439727306 9911.3492939099669 1284.6082503125072 58143.195701107383 42663.197336100042 3034.8409954458475 28.895691893994808 17.396066680550575 107.12136321514845 323.12163261324167 29418.127853222191 234.55196816474199 20424.126313177869 44074.817250147462 86.180873282253742 65318.127852596343 23.289216265082359 16.937370702624321 394.0723482593894 124.72648720443249 8420.8010871633887 163.33935749903321 221.72708451002836 42.39539347589016 74.758499391376972 2923.7764708176255
leaf_count=223 130 943 52821 522 49 16838 1969 129348 134034 5671 122 76 186 579 56419 769 69687 107935 369 132842 115 19 1461 239 12455 716 636 156 108 5416
internal_value=0.00110804 0.00108602 0.00329049 0.00341885 -0.0343336 0.00315911 0.000786107 0.000699732 0.000320221 0.00095735 0.000667298 0.00194177 -0.0214734 0.000682277 0.00121182 -0.00012052 -0.00294669 -0.000701405 -0.0129653 0.00210619 -0.00164986 -0.0345437 -0.00208569 -0.0161562 0.00186884 0.00132394 -0.0226348 0.0315754 0.0112825 0.00639041
internal_weight=315371 315145 37738.2 37611.7 126.502 37098.6 277407 273198 206249 163067 160033 27187.3 210.698 160004 115718 50076.8 20658.7 44285.6 193.302 65641.2 69.9189 40.2266 43182 518.799 66949.1 58528.3 385.066 225.653 117.154 4208.38
internal_count=732853 732459 71218 70812 406 70290 661241 653856 510701 374967 369296 53452 631 369174 260296 126875 70456 108878 555 133421 183 134 135734 1700 143155 130700 1352 394 264 7385
is_linear=0
shrinkage=0.05


Tree=91
num_leaves=31
num_cat=0
split_feature=6 6 4 8 8 8 6 11 1 4 3 7 3 8 4 7 3 4 9 8 8 7 11 9 8 3 10 1 2 8
split_gain=70.3598 70.4315 63.5099 83.5122 94.1139 82.7344 86.1258 73.2283 66.705 128.58 59.9639 70.1939 57.3304 74.0638 56.0973 53.6524 49.3697 48.6982 43.1882 56.2918 43.1711 37.1924 35.5868 34.8581 32.1807 28.3294 26.7647 32.4661 25.7557 22.9678
threshold=7714069.5000000009 3211691.0000000005 38040.000000000007 42.500000000000007 34.500000000000007 22.500000000000004 3211691.0000000005 -0.10615530610084532 10.500000000000002 75005.000000000015 0.0152323329821229 0.57124060392379772 0.041951723396778114 104.50000000000001 7402.0000000000009 0.10528127104043962 0.52389267086982738 inf 9.3452377319335955 1.0000000180025095e-35 45.500000000000007 0.5554732382297517 0.15940868854522708 9.3452377319335955 144.50000000000003 0.17304039001464847 -0.10450937971472739 10.500000000000002 2254.1999511718755 192.50000000000003
decision_type=10 8 8 2 2 2 10 2 2 8 8 10 10 2 10 10 10 8 2 2 2 8 2 2 2 10 2 2 2 2
left_child=1 12 3 4 14 6 7 8 -4 -10 15 -12 13 -1 16 -2 -3 -8 19 -9 -13 -20 23 -14 -5 -6 27 -19 -29 -7
right_child=10 2 5 24 25 29 17 18 9 -11 11 20 22 -15 -16 -17 -18 26 21 -21 -22 -23 -24 -25 -26 -27 -28 28 -30 -31
leaf_value=0.0017638864534330668 -0.10020817157848774 0.0044607667689980993 -0.0083456902613703362 0.00067643190866075961 0.00067643190866075961 0.00067643190866075961 0.00067643190866075961 -0.0024547165466679149 -0.017164822704184995 -0.063162168974630256 0.0047070282787303082 0.015484801881270049 0.013718983234781622 -0.075958945737708672 0.0019462077097226434 -0.013476946559774234 0.014834060158181478 -0.0059764484277510009 -0.005597219524813713 0.00067643190866075961 0.048152068631911238 -0.0024547165466679149 0.021741377128917678 0.0045022824688230175 0.039919812116127967 0.018738639114952989 -0.00099409531588210299 -0.032370337028951195 -0.014653902191314523 -0.037066866263472491
leaf_weight=29281.073033973575 18.079720787703991 4872.6257876679301 710.12536673247814 27732.349178530276 181.89696592092514 92498.948833074421 6608.1365841925144 15693.489994801581 511.24746085703373 175.53045074641705 8942.8091362342238 249.95029354840517 881.44857308268547 28.684333600103855 54102.34985692054 168.88000595569611 1499.4656887203455 360.05291785299778 15127.70672223717 3326.7430155575275 142.52490620315075 5602.0741884894669 359.7738158851862 7004.2729144245386 122.49413614720106 1163.5080961585045 37169.917681850493 282.78913068771362 41.494265869259834 41.838623754680157
leaf_count=57140 78 8451 1179 69871 335 237200 11881 42256 1011 555 15509 356 1019 182 114484 330 2372 579 43109 4908 113 18422 378 12510 167 1613 86851 681 36 143
internal_value=0.000823306 0.000691312 0.000406959 0.00149218 0.00276028 -0.000139313 -0.00127312 -0.00292161 -0.0141656 -0.025984 0.00505534 0.0056187 0.00271904 0.00168264 0.00246899 -0.022836 0.00690567 0.000252518 -0.00252578 -0.000805075 0.0262626 -0.00410436 0.00640177 0.00569659 0.000676432 0.0158302 -0.00117481 -0.0109588 -0.0233314 0.000676432
internal_weight=314902 305380 267825 89674.7 61819.8 178150 85609.3 41146.9 1396.9 686.778 9522.24 9335.28 37555.3 29309.8 60474.4 186.96 6372.09 44462.4 39750 19020.2 392.475 20729.8 8245.5 7885.72 27854.8 1345.41 37854.3 684.336 324.283 92540.8
internal_count=733719 717333 646104 197293 127255 448811 211468 111440 2745 1566 16386 15978 71229 57322 125307 408 10823 100028 108695 47164 469 61531 13907 13529 70038 1948 88147 1296 717 237343
is_linear=0
shrinkage=0.05


Tree=92
num_leaves=31
num_cat=0
split_feature=4 6 9 8 8 8 8 8 8 8 4 10 10 8 8 9 5 3 4 1 3 6 3 7 2 8 3 4 5 3
split_gain=67.5391 65.0217 57.075 198.309 233.53 132.663 184.799 61.9407 85.8902 50.457 40.874 37.5901 36.0346 33.4491 40.089 94.0134 43.9845 57.0022 47.4676 38.804 41.0509 129.242 30.6713 35.5895 29.9517 29.8889 29.5708 57.9054 26.847 55.1812
threshold=2292.0000000000005 7714069.5000000009 9.7638888359069842 1.0000000180025095e-35 14.500000000000002 23.500000000000004 33.500000000000007 44.500000000000007 55.500000000000007 89.500000000000014 17620.000000000004 0.41106283664703375 0.52484878897666942 12.500000000000002 43.500000000000007 18.354166984558109 10052930.500000002 0.032465927302837379 199654.00000000003 11.500000000000002 0.0060159999411553153 3211691.0000000005 0.081786334514617934 0.32889381051063543 4504.0000000000009 44.500000000000007 0.0041960095986723909 23650.000000000004 10052930.500000002 0.073307387530803694
decision_type=8 10 2 2 2 2 2 2 2 2 8 2 2 2 2 2 2 8 10 2 8 10 8 10 2 2 10 10 2 10
left_child=-1 2 3 10 -5 -6 -7 12 -9 22 -2 -10 -8 19 -15 25 18 -18 -17 -4 21 -21 23 26 -11 -16 27 -3 -22 -30
right_child=1 9 13 4 5 6 7 8 11 24 -12 -13 -14 14 15 16 17 -19 -20 20 28 -23 -24 -25 -26 -27 -28 -29 29 -31
leaf_value=0.020501689760321542 0.0053640705893799739 -0.034550829451961251 0.00078631312731513399 0.010566750720262497 0.00078631312731513399 0.010566750720262497 0.00078631312731513399 0.010566750720262497 0.00078631312731513399 -0.094533109759059208 0.00078631312731513399 0.010566750720262497 0.010566750720262497 0.00078631312731513399 -0.00070605962605294645 -0.0033425243679544984 -0.029346231323428125 -0.00070605962605294645 -0.041788882590168754 -0.012946292395188661 -0.00087194870261067265 -0.10367363056761043 0.0056125624132577004 -0.00038592263507116614 -0.00086764224589669251 0.00078631312731513399 -0.012668763247885099 -0.10858030456141321 -0.0077493797178160503 -0.00087194870261067265
leaf_weight=426.25194628536701 7925.7441105693579 18.081075236201286 629.43496268987656 5837.529268629849 10020.823935545981 2852.6033483222127 6997.921079210937 1811.3168131560087 3600.2652234956622 18.330526292324066 54042.259752586484 458.55043077468872 575.2574033588171 93389.31963390857 12212.256126709282 27211.950645137578 180.0020957775414 15838.541882049292 78.537456737831235 186.79009491205215 12606.407748281956 40.442900985479355 8996.4402304440737 329.61904628574848 14.775056779384611 38215.055379904807 187.80899013578892 29.152165502309799 5300.7947701364756 4167.6765495836735
leaf_count=552 13281 18 657 7320 16070 3374 10907 2229 5418 78 118388 495 646 237173 24753 94639 1067 55384 535 387 23646 164 15379 533 22 78771 392 123 11930 8642
internal_value=0.000658898 0.000631812 0.000503966 0.00152713 0.00491234 0.00274018 0.00593555 0.00279653 0.00675485 0.00468415 0.000786313 0.00196766 0.000786313 4.54979e-05 0.000266377 -0.00048209 -0.00219843 -0.00070606 -0.00345622 -0.00175678 -0.00253021 -0.0235812 0.00490286 -0.00638441 -0.0551611 0.000786313 -0.0218654 -0.0564329 -0.0023114 -0.0043241
internal_weight=314200 313774 304179 94122.3 32154.3 26316.7 16295.9 13443.3 5870.13 9594.21 61968 4058.82 7573.18 210057 187126 93736.3 43309 16018.5 27290.5 22931.5 22302.1 227.233 9561.1 564.661 33.1056 50427.3 235.042 47.2332 22074.9 9468.47
internal_count=732973 732421 715876 178128 46459 39139 23069 19695 8142 16545 131669 5913 11553 537748 492322 255149 151625 56451 95174 45426 44769 551 16445 1066 100 103524 533 141 44218 20572
is_linear=0
shrinkage=0.05


Tree=93
num_leaves=31
num_cat=0
split_feature=6 6 3 8 10 6 8 8 9 5 4 9 5 5 8 8 15 5 10 5 4 4 6 3 8 8 3 8 4 5
split_gain=105.838 101.393 128.396 135.652 64.2753 62.6575 135.91 91.2921 54.5292 51.9314 54.0033 50.2155 49.3106 63.5041 53.4284 50.8831 53.4422 61.6283 44.2045 40.2586 54.2124 39.2158 66.5932 33.8125 34.4631 90.261 43.6479 32.1112 31.8235 57.2908
threshold=3211691.0000000005 7714069.5000000009 0.010001999791711571 11.500000000000002 -0.22840908914804456 3211691.0000000005 22.500000000000004 143.50000000000003 5.9500000476837167 5320895.5000000009 7402.0000000000009 9.3452377319335955 15089427.500000002 10052930.500000002 22.500000000000004 33.500000000000007 6.5000000000000009 1289243.5000000002 0.52484878897666942 15089427.500000002 31050.000000000004 34007.000000000007 3211691.0000000005 0.2223230451345444 84.500000000000014 89.500000000000014 0.14618548005819323 104.50000000000001 48010.000000000007 5320895.5000000009
decision_type=8 10 10 2 2 10 2 2 2 2 10 2 2 2 2 2 2 2 2 2 10 10 10 10 2 2 10 2 10 2
left_child=18 2 4 -4 -2 8 9 11 -5 10 -7 -8 13 15 -15 21 17 -17 23 -11 -21 -6 -23 24 -1 26 -26 -27 -19 -30
right_child=1 -3 3 5 12 6 7 -9 -10 19 -12 -13 -14 14 -16 16 -18 28 -20 20 -22 22 -24 -25 25 27 -28 -29 29 -31
leaf_value=0.0032993458521479464 -0.074593116464379328 0.0059912352439463806 0.016099094016204022 0.0061802555994884753 0.00050474895942034781 0.045412818962936682 0.0080498103114283303 0.034608388407923796 0.00081357965820739423 0.00059927872584308211 0.01201949922020353 0.00050474895942034781 0.00050474895942034781 -0.004820264196078161 0.00050474895942034781 -0.037597141948274473 0.00050474895942034781 -0.0037427451700405776 0.016185403287123281 0.018042552579207446 0.0034809931575903656 -0.0068254522636797604 -0.0012850949461203332 0.0092136323291001302 -0.060453583650447645 0.0061771098854194982 0.00052914809811122814 -0.035005675864552076 -0.011122517516303438 -0.037597141948274473
leaf_weight=34358.083947792649 27.359093464910984 9662.378259010613 1602.7784214019775 4913.0030203908682 36873.743250459433 123.4564858302474 2390.6361329853535 204.09076961874962 128039.41273321584 2336.8549232184887 3732.9612408801913 20822.053977817297 23132.731104578823 17160.135357119143 2562.4338965378702 71.529259491711855 1471.2126742824912 12244.314814019948 702.6011138856411 1104.1508548781276 1516.9787529483438 6225.7144547626376 1475.2563791051507 2452.7787102237344 100.54251485317945 159.83582875132561 41.055290833115578 46.168703440576792 281.28207068890333 93.323862405493855
leaf_count=65305 84 16419 1947 6751 80842 106 3184 289 323443 4920 6167 44329 48013 54382 8675 474 3178 36431 784 1715 2814 13705 2444 3987 389 252 83 202 1062 546
internal_value=0.00129734 0.000959631 0.000778454 0.00163205 -0.000622556 0.00149149 0.00346923 0.00147692 0.00101198 0.00876056 0.0131115 0.00118266 -0.000601167 -0.00127144 -0.00372611 -0.000447103 -0.00305778 -0.00446407 0.00377741 0.00537239 0.00962413 0.000382425 -0.00307494 0.00354194 0.00314059 -0.0124807 -0.043011 0.00617711 -0.00418376 -0.0185023
internal_weight=315929 278068 268405 166786 101619 165184 32231.2 23416.8 132952 8814.4 3856.42 23212.7 101592 78458.9 19722.6 58736.4 14161.7 12690.5 37861.1 4957.98 2621.13 44574.7 7700.97 37158.5 34705.7 347.602 141.598 206.005 12618.9 374.606
internal_count=732922 661920 645501 395665 249836 393718 63524 47802 330194 15722 6273 47513 249752 201739 63057 138682 41691 38513 71002 9449 4529 96991 16149 70218 66231 926 472 454 38039 1608
is_linear=0
shrinkage=0.05


Tree=94
num_leaves=31
num_cat=0
split_feature=6 8 8 4 9 15 4 8 10 11 4 9 9 5 9 8 8 6 5 5 5 4 11 4 4 6 5 5 8 8
split_gain=75.3811 64.5089 338.949 179.632 152.186 97.6926 85.5349 65.8428 65.8044 67.5459 68.5611 66.3413 64.7478 50.5108 48.1363 46.7384 52.6242 42.1821 41.1526 49.2955 40.7712 38.7945 37.4619 37.1001 35.7421 51.5849 53.0064 36.7528 33.419 38.5221
threshold=7714069.5000000009 1.0000000180025095e-35 11.500000000000002 17620.000000000004 5.0625000000000009 6.5000000000000009 197300.00000000003 12.500000000000002 -0.049416434019803994 -0.044970994815230363 79010.000000000015 10.775000095367433 21.791666984558109 15089427.500000002 16.267857551574711 14.500000000000002 44.500000000000007 1.0000000180025095e-35 5320895.5000000009 12130922.500000002 10052930.500000002 60025.201171875007 0.16451118141412738 50920.000000000007 32700.000000000004 1.0000000180025095e-35 15089427.500000002 1289243.5000000002 76.500000000000014 88.500000000000014
decision_type=10 2 2 8 2 2 10 2 2 2 10 2 2 2 2 2 2 10 2 2 2 10 2 8 8 10 2 2 2 2
left_child=1 3 17 18 15 7 24 23 9 10 -9 -12 -10 14 -13 20 -17 -3 -1 -20 22 -22 -4 -6 -5 26 -26 -27 -2 -30
right_child=28 2 4 6 5 -7 -8 8 12 -11 11 13 -14 -15 -16 16 -18 -19 19 -21 21 -23 -24 -25 25 27 -28 -29 29 -31
leaf_value=0.011931625143832475 0.0057509497441198777 0.010982065369004364 0.0042201925282742189 0.0013103997294832109 5.970667467844658e-06 0.0042201925282742189 -0.069681855831757761 -0.0038932163378331817 0.0018888942385296887 -0.00054373213229305954 -0.011898629989214388 -0.024053833047534886 -3.651184616003616e-05 -0.082296514880396215 -0.083110183424654149 0.0042201925282742189 0.017070250106584639 0.022696057477060123 0.0024138048932888182 0.010260198150820842 0.025449017630461201 0.0042201925282742189 0.028410560715119694 -0.0040814640186914329 -0.0055915998126965481 -0.035595210001780973 -0.00039477840936586958 -0.00064529530988150169 -0.045649605386937957 0.0099519970056243055
leaf_weight=2376.6833508759737 9524.5619840919971 1367.0963894873857 843.07047813385725 9293.2689820826054 11547.311396047473 7896.7014260962605 44.050868570804596 10414.855857782066 116308.27783578262 4088.3562060296535 356.09960582852364 272.6369461864233 69907.220644664019 49.553718864917755 34.42457515001297 5799.7364624813199 873.32682329416275 1773.6251314431429 3511.2663225978613 2272.2402215003967 864.59161870181561 59.906718485057354 176.97739910334349 10689.722453966737 14334.674141019583 59.320671260356903 2969.5789007246494 26936.672359079123 66.145240604877472 56.282684579491615
leaf_count=3234 16170 1821 1225 18624 22039 23853 226 19940 245621 7049 629 635 227615 174 148 8226 952 1872 7004 3247 942 130 154 21333 41102 183 5373 52472 197 103
internal_value=0.00106457 0.000926966 0.00129335 -0.000515632 0.00107988 0.000837043 -0.00156715 0.000622711 0.000907749 -0.00225355 -0.00492209 -0.019904 0.00116608 -0.036209 -0.028287 0.00760334 0.00561259 0.0176074 0.00639476 0.00411609 0.0144222 0.0220192 0.00750718 -0.00195912 -0.00150856 -0.00209996 -0.00423088 -0.000733835 0.0054157 -0.0203393
internal_weight=314768 305121 243323 61797.8 240183 231565 53637.6 223668 201431 15215.9 11127.6 712.715 186215 356.615 307.062 8617.61 6673.06 3140.72 8160.19 5783.51 1944.55 924.498 1020.05 22237 53593.5 44300.2 17304.3 26996 9646.99 122.428
internal_count=732293 715823 584358 131465 580665 569036 117980 545183 501811 28575 21526 1586 473236 957 783 11629 9178 3693 13485 10251 2451 1072 1379 43372 117754 99130 46475 52655 16470 300
is_linear=0
shrinkage=0.05


Tree=95
num_leaves=31
num_cat=0
split_feature=6 8 3 8 9 8 4 3 1 6 8 9 3 4 8 8 5 4 8 8 9 8 11 6 2 9 8 4 5 0
split_gain=71.3481 75.2886 68.0065 72.1955 61.6317 60.0872 51.5913 47.7446 143.448 49.2881 67.1247 42.6708 40.5726 34.2479 33.7721 33.753 33.2833 64.4197 58.4008 31.4621 30.3889 34.8292 28.4765 37.3783 56.154 28.8802 37.5257 49.2613 42.4351 30.5925
threshold=3211691.0000000005 152.50000000000003 0.080128770321607604 82.500000000000014 18.774999618530277 144.50000000000003 2292.0000000000005 0.0152323329821229 9.5000000000000018 3211691.0000000005 22.500000000000004 20.944444656372074 0.010001999791711571 53008.000000000007 100.50000000000001 91.500000000000014 1289243.5000000002 50005.099609375007 11.500000000000002 57.500000000000007 9.3452377319335955 44.500000000000007 -0.013405198231339453 7714069.5000000009 128.00000000000003 10.050000190734865 39.500000000000007 29795.700195312504 15089427.500000002 0.046620300039649017
decision_type=8 2 10 2 2 2 8 10 2 10 2 2 8 10 2 2 2 8 2 2 2 2 2 8 2 2 2 10 2 2
left_child=2 5 3 11 14 6 -2 16 13 15 -11 -1 -13 -9 -5 -10 17 -8 -19 -12 21 -4 23 24 25 -18 28 -28 29 -27
right_child=1 -3 20 4 -6 -7 7 8 9 10 19 12 -14 -15 -16 -17 22 18 -20 -21 -22 -23 -24 -25 -26 26 27 -29 -30 -31
leaf_value=0.0031597664728391693 0.018250667403903933 0.021325303530731504 0.011294421346085487 0.0020614597743470599 -0.069050233782157161 -0.061354088009523737 0.00040289042918746783 0.0093955211571703414 0.00040289042918746783 0.0043153652558009523 0.00040289042918746783 -0.061311528449218902 -0.00099663820909065884 0.0043153652558009523 -0.039494788592077106 0.0043153652558009523 -0.0044171620977374688 -0.082689493599328701 -0.019726966228894204 0.0036483599566099825 0.0062033550475586001 0.029486314576912916 5.3944920138295991e-05 -0.0012871306586675366 -0.0012871306586675366 -0.026156772857324526 -0.0072685153717404975 -0.081926182781078369 -0.0072685153717404975 -0.0092611119739039738
leaf_weight=23514.448536135256 409.82668642699718 435.11512700095773 509.51793727278709 129.4028430506587 59.712511882185936 37.184290789067745 164.0915508158505 5942.918827727437 123245.88565727137 8442.7673139646649 15704.999965652823 25.990986995398998 7212.7869744300842 1467.8322674408555 28.149134829640388 3455.7374482527375 2300.8974440097809 44.049408763647079 195.38701087236404 8091.1062462553382 5849.1192545741796 327.59257453680038 98415.935426661745 3205.0064030513167 1325.3857803717256 864.24275203049183 2389.1851336881518 20.840575948357582 502.4396874755621 392.33098769187927
leaf_count=40356 551 940 656 259 330 135 326 7667 312482 15528 32044 151 18779 2204 114 8610 3984 190 923 16680 10171 280 240752 6347 2078 2239 6264 91 928 790
internal_value=0.000868315 0.000590751 0.00291031 0.00192276 -0.0266669 0.000557982 0.000566749 0.000540375 0.00107453 0.000757435 0.00251039 0.00212646 -0.00123008 0.0078733 -0.00993934 0.00040289 -0.000268748 -0.0145666 -0.0318993 0.000929104 0.00748267 0.0163855 -0.000215752 -0.00262821 -0.00509797 -0.00754719 -0.0101199 -0.00726852 -0.0157885 -0.0209047
internal_weight=314710 277053 37656.7 30970.5 217.264 276618 276581 276171 166351 158940 32238.9 30753.2 7238.78 7410.75 157.552 126702 109820 403.528 239.436 23796.1 6686.23 837.111 109416 11000.3 7795.32 6469.94 4169.04 2410.03 1759.01 1256.57
internal_count=732849 661753 71096 59989 703 660813 660678 660127 395215 385344 64252 59286 18930 9871 373 321092 264912 1439 1113 48724 11107 936 263473 22721 16374 14296 10312 6355 3957 3029
is_linear=0
shrinkage=0.05


Tree=96
num_leaves=31
num_cat=0
split_feature=8 8 7 9 8 7 6 1 5 8 3 6 8 7 5 15 8 10 7 5 3 3 0 3 10 3 7 8 5 6
split_gain=76.3603 483.927 91.6367 83.4687 74.7976 61.6265 66.9788 55.466 53.8145 45.7583 75.7752 108.019 57.7265 40.7114 37.0358 33.0214 31.478 29.7479 82.3094 113.175 26.6115 26.309 25.7477 24.2817 29.9672 21.4604 49.0634 38.4197 68.897 30.1393
threshold=1.0000000180025095e-35 11.500000000000002 0.77150109410285961 7.5357143878936776 44.500000000000007 0.44452822208404547 7714069.5000000009 5.5000000000000009 5320895.5000000009 12.500000000000002 0.0060159999411553153 3211691.0000000005 21.500000000000004 0.54298031330108654 15089427.500000002 6.5000000000000009 53.500000000000007 -0.13459544628858564 0.32889381051063543 5320895.5000000009 0.3872451931238175 0.17587628960609439 0.55210843682289135 0.16219416260719302 0.18661046773195269 0.010001999791711571 0.27782139182090765 23.500000000000004 15089427.500000002 7714069.5000000009
decision_type=2 2 8 2 2 10 8 2 2 2 8 10 2 10 2 2 2 2 10 2 8 10 2 8 2 10 8 2 2 10
left_child=5 2 -2 4 7 -1 14 -3 -8 10 11 -5 -11 -12 -7 17 -6 18 19 -14 -21 -9 23 -18 -25 26 -19 28 29 -28
right_child=1 3 -4 9 16 6 8 21 -10 12 13 -13 15 -15 -16 -17 22 25 -20 20 -22 -23 -24 24 -26 -27 27 -29 -30 -31
leaf_value=-0.0013827218613949154 0.0073844500106343032 0.012439863843798676 0.025201574128234649 -0.01574834288734937 0.021727789914557986 0.0057040145332341854 0.006242177408676601 0.0026274390044993476 0.000452660314517599 0.0026274390044993476 -0.0019183801479618651 -0.098922094993207421 -0.024469324103936235 0.0026274390044993476 0.020146712462679135 0.0026274390044993476 0.0026274390044993476 -0.0065480223084320157 -0.0065480223084320157 -0.1306578402942063 -0.0620380989506557 0.0075336514241490116 0.039899791356218225 0.0068829729320133461 0.018403987765530934 0.001068384360928192 -0.0032216048876063741 0.00046874923240389926 0.00046874923240389926 0.00046874923240389926
leaf_weight=50093.353664726019 1027.6749849542975 1465.9028092026711 2438.6621390134096 171.9652047753334 642.30851855874062 1210.2126693725586 4124.2968075275421 11107.592453487217 8777.7574697732925 1823.0825634598732 19500.214675590396 44.01713365316391 104.08006702363491 4157.0417908877134 701.2143560051918 6327.8496532961726 355.18619713932276 716.12515814974904 173.87073923647404 28.962428405880928 39.695852071046829 2754.8029680773616 63.54673383384943 845.53297545015812 786.0097768753767 145766.94013432972 15133.705363377929 26377.384982321411 6681.9073179513216 1222.469982996583
leaf_count=109325 1430 1757 2462 388 697 1938 6505 17028 18382 2370 38948 178 175 7398 865 20461 561 3186 222 128 117 3691 38 1193 829 361666 43922 68377 16044 2402
internal_value=0.000982973 0.00138004 0.0199266 0.00111885 0.00439467 -0.00054491 0.00228804 0.00304369 0.000993216 0.000860206 -0.00121111 -0.030556 0.00110214 -0.000940642 0.0110179 0.00087817 0.0120776 0.000735525 -0.0138575 -0.0423906 -0.0938632 0.00262744 0.00903612 0.00800979 0.0111385 0.000761486 -0.000130886 0.000104813 -0.00164144 -0.0032216
internal_weight=314663 249757 3466.34 246290 18020.9 64906.8 14813.5 15328.3 12902.1 228269 23873.2 215.982 204396 23657.3 1911.43 202573 2692.58 196245 346.609 172.738 68.6583 13862.4 2050.28 1986.73 1631.54 195899 50131.6 49415.5 23038.1 16356.2
internal_count=732683 595668 3892 591776 25794 137015 27690 22476 24887 565982 46912 566 519070 46346 2803 516700 3318 496239 642 420 245 20719 2621 2583 2022 495597 133931 130745 62368 46324
is_linear=0
shrinkage=0.05


Tree=97
num_leaves=31
num_cat=0
split_feature=5 7 10 5 7 8 5 9 8 8 10 11 7 11 8 11 6 5 15 6 8 8 8 11 8 9 14 8 7 6
split_gain=70.2108 75.5702 61.4837 54.0254 81.7366 106.513 53.7005 62.4546 83.5757 67.9762 104.671 55.7672 46.3323 45.0874 40.661 39.2245 44.6973 36.3043 184.521 87.124 64.1996 63.4083 54.9485 49.8968 49.5776 49.1678 44.6979 99.8774 56.4247 45.1116
threshold=5320895.5000000009 0.90667709708213817 0.43889631330966955 1289243.5000000002 0.080046296119689955 21.500000000000004 12130922.500000002 12.763888835906984 44.500000000000007 110.50000000000001 0.041680196300148971 -0.31783521175384516 0.95786041021347057 -0.026495215483009812 46.500000000000007 -0.24204545468091962 7714069.5000000009 10052930.500000002 6.5000000000000009 1.0000000180025095e-35 125.50000000000001 24.500000000000004 110.50000000000001 -0.10883838310837744 142.50000000000003 9.5357141494750994 1.0000000180025095e-35 21.500000000000004 0.59327682852745067 7714069.5000000009
decision_type=2 10 2 2 10 2 2 2 2 2 2 2 10 2 2 2 8 2 2 10 2 2 2 2 2 2 2 2 10 10
left_child=1 2 3 4 5 -1 11 8 12 -9 -11 -2 -8 -7 -10 16 -5 18 20 23 22 -20 26 25 -22 -19 -13 28 -28 -29
right_child=6 -3 -4 15 -6 13 7 9 14 10 -12 17 -14 -15 -16 -17 -18 19 21 -21 24 -23 -24 -25 -26 -27 27 29 -30 -31
leaf_value=-0.074713736459442986 -0.05858068131484323 0.013808098608521328 0.0078165197537210674 -0.012288160850103428 -0.00062340241962504891 -0.06266604895720318 0.0020440588547515222 0.00023186188365890384 0.021192567885433725 -0.04312140614441394 0.0014516881677519922 -0.0020065279525079069 0.031977207354413534 -0.013623155733863693 0.0075909594507362378 0.0017899403187659744 -0.065674957889392913 -0.005800162066321949 0.030685427542993467 -0.021636021273813817 -0.029416917283614164 0.0097278233085218782 0.0097278233085218782 -0.00082950228572055895 0.0014299949784297927 -0.023366461788399989 0.0026566546281907343 -0.00055784017052592702 0.0097278233085218782 0.0097278233085218782
leaf_weight=88.269556879997253 38.994967192411423 1327.8982564583421 3230.659072548151 75.908195696771145 1108.9582449551672 45.043236643075943 35212.357813023031 39426.467592891306 697.63508684933186 225.59747421741486 111.33104211091995 18658.883852593601 127.76311546564102 280.31179740279913 2583.9048394560814 118589.50049128383 45.923023506999016 798.2577807456255 626.91420800238848 521.99785272404552 87.105803482234478 642.18876469880342 370.96107289195061 42347.693182565272 131.65743725001812 500.73352451622486 7379.2276931256056 36391.562511617318 3360.8752198368311 342.86372134834528
leaf_count=354 107 2022 4171 113 3447 168 58457 100535 837 910 163 50931 113 1398 3678 249100 128 1389 986 1829 425 1551 720 133145 357 1238 14433 94918 5286 526
internal_value=0.00103073 0.00195267 0.00182494 0.00164052 -0.00771208 -0.0266229 0.000427044 0.00143117 0.00286317 4.02028e-05 -0.0222563 -0.000274469 0.00215408 -0.0136232 0.0104937 0.0017606 -0.0263663 -0.000253153 0.000471874 -0.00136921 0.000112363 0.0193433 0.000201714 -0.00112585 -0.0268063 -0.0107708 6.67805e-05 0.000881702 0.00512259 -0.000358424
internal_weight=315377 124792 123465 120234 1522.58 413.625 190585 78385.1 38621.7 39763.4 336.929 112200 35340.1 325.355 3281.54 118711 121.831 112161 67992.2 44168.7 66723.1 1269.1 66504.4 43646.7 218.763 1298.99 66133.4 47474.5 10740.1 36734.4
internal_count=733435 260901 258879 254708 5367 1920 472534 164693 63085 101608 1073 307841 58570 1566 4515 249341 241 307734 170133 137601 167596 2537 166814 135772 782 2627 166094 115163 19719 95444
is_linear=0
shrinkage=0.05


Tree=98
num_leaves=31
num_cat=0
split_feature=5 15 6 4 11 7 1 9 5 15 11 14 6 7 11 7 5 11 2 7 4 5 7 4 1 11 4 6 4 7
split_gain=91.1027 83.9518 67.1437 102.836 85.1468 76.1611 70.7425 68.2815 63.0219 76.4801 74.3609 62.565 55.4732 126.633 73.8149 54.758 73.2551 49.9176 49.7722 51.8672 43.211 40.5091 39.0596 38.5728 56.6395 34.842 31.4568 30.0884 28.997 28.5518
threshold=5320895.5000000009 6.5000000000000009 1.0000000180025095e-35 198400.00000000003 -0.20460274815559384 0.84003925323486339 21.500000000000004 4.0833332538604745 12130922.500000002 6.5000000000000009 -0.054528366774320595 1.0000000180025095e-35 1.0000000180025095e-35 0.18343675136566165 0.063069984316825881 0.16658333688974383 10052930.500000002 -0.17173046618700025 1689.5500488281252 0.57124060392379772 47850.000000000007 15089427.500000002 0.94621977210044872 50005.099609375007 21.500000000000004 -0.054738780483603471 57020.000000000007 3211691.0000000005 194500.00000000003 0.032408101484179504
decision_type=2 2 10 8 2 8 2 2 2 2 2 2 10 10 2 10 2 2 2 10 10 2 10 10 2 2 10 8 10 8
left_child=1 2 4 -4 7 -5 18 -1 10 12 15 -12 14 -14 17 16 -2 20 19 -6 -10 -19 27 25 -25 29 -23 -13 -8 -18
right_child=8 -3 3 5 6 -7 28 -9 9 -11 11 22 13 -15 -16 -17 23 21 -20 -21 -22 26 -24 24 -26 -27 -28 -29 -30 -31
leaf_value=-0.024097518690931873 -0.0065595400423194049 0.012502445731810403 0.0055447652071808316 -0.059216073850175577 0.00061388394325496217 0.0013375781569142781 -0.0010784406097538092 -0.10346476000290186 -0.014262940927447244 0.010220820909490821 -0.0025351568524036097 0.0054932015024531482 0.00038396707909520936 0.0054815392444907633 0.0054815392444907633 -0.0028780692945510607 -0.028665692947337743 0.002061061433850573 0.0070030741797523118 0.0042084356525134226 -0.071014676152395984 -0.00094189849272462243 0.012755163227024727 -0.028665692947337743 -0.086126197968842411 -0.0065595400423194049 -0.0047493998488728345 -2.3850091216766806e-05 -0.024097518690931873 -0.015844154519617945
leaf_weight=53.625610388815403 2378.9962665662169 1757.858198851347 20357.892575547099 49.987285669893026 14365.119435355067 45374.026868853718 32927.020221948624 33.745330840349197 140.84968201071024 2187.5959286540747 27015.882469560951 2556.2693051174283 30579.012580476701 9392.4683336615562 2790.7300816848874 5228.9077347964048 86.401645541191101 3566.2156518474221 3685.089199565351 5770.84472194314 41.408491909503937 22178.726810254157 618.99140962213278 151.92331737279892 50.477843880653381 166.93229553103447 7179.7341955900192 72695.042212845758 132.31852221488953 618.35294930636883
leaf_count=90 4656 3130 36127 211 25366 96764 84545 121 244 4245 84833 4738 63528 16448 3934 9575 273 7952 4774 8794 122 49753 1070 359 213 366 18351 200366 586 1444
internal_value=0.000608376 0.00165919 0.0015037 0.00259192 0.000247073 0.00126834 0.000323683 -0.0485187 -8.15946e-05 0.00100816 -0.000844024 -0.000468999 0.000742258 0.00202347 -0.000684388 -0.00528714 -0.010241 -0.00135942 0.00240086 0.0014138 -0.0273118 -0.0012141 0.000266765 -0.0211809 -0.0407855 -0.0165459 -0.0018733 0.000163704 -0.00117309 -0.0222647
internal_weight=314132 124508 122750 65781.9 56967.8 45424 56880.4 87.3709 189625 78056.7 111568 102886 75869.1 39971.5 35897.7 8681.99 3453.08 33106.9 23821.1 20136 182.258 32924.7 75870.3 1074.09 202.401 871.687 29358.5 75251.3 33059.3 704.755
internal_count=732978 260508 257378 133102 124276 96975 124065 211 472470 164577 307893 291007 160332 79976 80356 16886 7311 76422 38934 34160 366 76056 206174 2655 572 2083 68104 205104 85131 1717
is_linear=0
shrinkage=0.05


Tree=99
num_leaves=31
num_cat=0
split_feature=5 4 8 11 8 8 9 4 3 0 11 7 3 3 8 5 1 8 11 4 5 8 8 15 8 7 8 1 15 3
split_gain=50.0549 51.7812 45.9108 45.4229 44.1899 323.07 98.0489 81.6064 63.5391 71.8959 69.5447 68.0149 60.1655 49.255 45.2972 44.5137 41.7991 56.6055 43.7241 39.9654 50.2543 35.5847 35.5232 36.0727 31.7244 30.6572 29.4205 28.7115 25.3037 24.6958
threshold=1289243.5000000002 138100.00000000003 21.500000000000004 0.45600013434886938 1.0000000180025095e-35 11.500000000000002 5.0625000000000009 197300.00000000003 0.010001999791711571 0.022305141203105453 -1.0000000180025095e-35 0.13044887036085132 0.27821131050586706 0.039758460596203811 44.500000000000007 12130922.500000002 21.500000000000004 22.500000000000004 -0.054528366774320595 16011.300292968752 5320895.5000000009 2.5000000000000004 79.500000000000014 2.5000000000000004 23.500000000000004 0.78268364071846019 41.500000000000007 17.500000000000004 2.5000000000000004 0.064863856881856932
decision_type=2 8 2 2 2 2 2 10 8 2 2 10 8 10 2 2 2 2 2 8 2 2 2 2 2 10 2 2 2 10
left_child=1 3 -3 22 7 12 14 13 9 10 -8 24 21 19 15 -7 17 -10 -19 20 -2 29 23 -1 -12 -25 -4 -16 -13 -6
right_child=4 2 26 -5 5 6 8 -9 16 -11 11 28 -14 -15 27 -17 -18 18 -20 -21 -22 -23 -24 25 -26 -27 -28 -29 -30 -31
leaf_value=-0.014996084239002207 0.0094255907515219065 -0.061365788183094308 -0.014996084239002207 0.050748361404449195 -0.072575630637664076 0.0033921228573608811 -0.076598176762985679 -0.069285615528673794 0.00098027495463675913 -0.0036500277589854115 -0.023198934538748377 -0.022828972096054043 0.021370451617423382 0.040665727815982392 0.020177236434303653 0.011384392241830953 0.00027606206591566403 0.00098027495463675913 0.0033921228573608811 -0.00083069150521021106 0.0011000459445393862 0.0099379827428548971 0.022574368483734855 -0.0052591469442238538 -0.045180950750531773 0.022721708905949902 -0.042861296358302832 0.0033921228573608811 -0.0096538388939927181 -0.0091525523020909352
leaf_weight=195.20753601565957 2218.5736796855927 70.44539575278759 147.92881921678782 35.280667662620544 16.779408350586891 5766.0751008614898 43.51719581335783 40.939713872969151 43110.350669570267 534.96254961192608 125.82498525828123 369.64519129693508 2210.9937344118953 71.172232165932655 819.06696800142527 2010.9697686508298 153204.7127510868 5796.1225140094757 31377.274942755699 57392.498938038945 5365.8061348944902 968.17510236054659 102.40213952586055 811.89612945914268 138.21581958048046 80.733884312212467 93.483518792316318 59.910725459456444 845.44802843406796 88.500721916556358
leaf_count=628 3087 269 553 14 52 8440 217 213 78773 940 514 1312 2380 64 836 2500 428076 9389 50671 123649 9821 1295 260 2987 914 156 559 121 3566 154
internal_value=0.000735727 -0.00825833 -0.026381 -0.00361121 0.000780016 0.0010849 0.000875318 -0.000379222 0.00068323 -0.00806041 -0.0156577 -0.0137637 0.0166572 -0.000333725 0.00610102 0.00488228 0.000760352 0.00168449 0.00318883 -0.000379884 0.00303078 0.00692762 -0.00530494 -0.00796594 -0.036744 -0.0022873 -0.0157519 0.0168486 -0.00965384 -0.0204254
internal_weight=314113 1537.38 311.858 1225.52 312576 247487 244202 65089 235546 2057.61 1522.65 1479.13 3284.45 65048.1 8656.02 7777.04 233488 80283.7 37173.4 64976.9 7584.38 1073.46 1190.24 1087.84 264.041 892.63 241.412 878.978 1215.09 105.28
internal_count=732410 5426 1381 4045 726984 590150 586269 136834 574372 7463 6523 6306 3881 136621 11897 10940 566909 138833 60060 136557 12908 1501 4031 3771 1428 3143 1112 957 4878 206
is_linear=0
shrinkage=0.05


Tree=100
num_leaves=31
num_cat=0
split_feature=8 10 7 0 6 9 7 8 5 8 6 9 8 8 4 3 8 6 10 7 5 8 6 8 4 6 7 8 3 9
split_gain=70.7215 93.9018 77.1253 68.7977 68.6172 99.2144 60.2401 48.5032 47.3756 46.2008 39.4117 42.0945 59.2089 92.6704 40.5858 38.3322 38.1324 38.0321 35.5466 33.5928 32.1593 54.3665 36.1155 37.2997 31.8821 62.1078 106.003 36.8437 36.0289 111.528
threshold=88.500000000000014 -0.021258503198623654 0.4167881458997727 0.0080972984433174151 3211691.0000000005 9.0454545021057147 0.52010264992713939 95.500000000000014 15089427.500000002 84.500000000000014 3211691.0000000005 10.354166507720949 1.0000000180025095e-35 10.500000000000002 2292.0000000000005 0.010001999791711571 13.500000000000002 7714069.5000000009 -0.23308081179857251 0.14287638664245608 5320895.5000000009 117.50000000000001 1.0000000180025095e-35 113.50000000000001 57020.000000000007 3211691.0000000005 0.45011143386363989 22.500000000000004 0.010001999791711571 9.2678570747375506
decision_type=2 2 10 2 10 2 10 2 2 2 8 2 2 2 8 8 2 10 2 10 2 2 10 2 8 10 10 2 8 2
left_child=9 4 3 -3 -2 -6 -7 -4 -5 10 11 12 19 -14 -12 -13 -17 -11 -16 -1 21 22 -9 -24 25 -20 -27 -28 29 -26
right_child=1 2 7 8 5 6 -8 20 -10 17 14 15 13 -15 18 16 -18 -19 24 -21 -22 -23 23 -25 28 26 27 -29 -30 -31
leaf_value=0.0026828818696897662 -0.0040802562472687012 -0.0034982378571577198 0.029044892614639963 0.0098463313700837603 -0.0034982378571577198 -0.10190306990552689 -0.039001621182806895 0.03946161229240789 0.0026209635955298967 -0.0038558740756985477 0.016632492750627916 -0.024590275712955315 0.029530320465499173 0.006673052379233723 -0.040878993818525326 -0.0040031490815647993 0.0019552202681066126 -0.066844305678724666 0.00058260326836130541 0.013040593172358603 0.0098463313700837603 0.0098463313700837603 0.0098463313700837603 0.067136256999138763 -0.0018869342556714981 0.00073831359077643145 0.0085828105861501455 0.004157078525481789 0.00015088040701246406 -0.020168897642459938
leaf_weight=9164.5619896799326 406.73995988816023 1854.8033418226987 506.31121690571308 2435.2888103276491 38.42809684574604 67.348610520362854 26.440926820039749 350.38107319176197 443.93267992883921 4780.375569395721 390.04811310768127 143.98940968513489 499.02383299171925 3881.2251641452312 49.808525606989861 3124.217698648572 19036.680612504482 22.094052270054817 114854.13892947696 796.33914464712143 776.21298769116402 154.8399084508419 103.43399996310472 26.55127714574337 5242.4344290867448 14648.193538855761 4318.8195280581713 4926.1760649085045 121301.93376106024 431.82979605160654
leaf_count=16230 875 6313 817 4485 37 286 51 616 984 14110 535 498 445 5246 114 5644 40341 80 269942 1079 1932 399 227 15 11587 28958 6843 9396 303164 2054
internal_value=0.000805936 0.0057069 0.00733427 0.00390435 -0.0143307 -0.0453335 -0.074505 0.0157883 0.00874017 0.000691335 0.000768515 0.00230577 0.00441896 0.00928938 0.000556846 0.000946801 0.00111493 -0.00417336 0.000533128 0.00268288 0.0109985 0.0212227 0.0311334 0.00984633 0.000541199 0.00106513 0.00338437 0.00757584 -3.13087e-05 -0.00392475
internal_weight=314803 7190.71 6651.76 4734.02 538.958 132.218 93.7895 1917.73 2879.22 307612 302809 36646 14341.2 4380.25 266163 22304.9 22160.9 4802.47 265773 9960.9 1411.42 635.206 480.366 129.985 265724 138747 23893.2 9245 126976 5674.26
internal_count=733303 17037 15788 11782 1249 374 337 4006 5469 716266 702076 69483 23000 5691 632593 46483 45985 14190 632058 17309 3189 1257 858 242 631944 315139 45197 16239 316805 13641
is_linear=0
shrinkage=0.05


Tree=101
num_leaves=31
num_cat=0
split_feature=8 8 11 4 8 8 4 1 8 8 1 8 11 8 11 4 4 5 5 4 8 4 3 5 5 3 15 4 10 3
split_gain=60.3379 60.9325 50.1776 47.972 40.4598 277.593 77.6693 64.3742 47.8032 195.521 70.3558 108.427 78.7062 63.9198 59.7281 64.1736 47.4155 38.7083 48.2955 39.4882 36.4619 35.9031 33.1675 29.2761 28.4406 27.8568 133.469 26.8307 25.7193 23.675
threshold=170.50000000000003 178.50000000000003 -0.0029793735593557353 2292.0000000000005 1.0000000180025095e-35 11.500000000000002 197300.00000000003 5.5000000000000009 12.500000000000002 21.500000000000004 12.500000000000002 34.500000000000007 -0.17876264452934262 33.500000000000007 -0.024473905563354489 74150.000000000015 8014.4001464843759 15089427.500000002 10052930.500000002 76005.699218750015 156.50000000000003 49001.400390625007 0.44029642641544348 10052930.500000002 16151869.500000002 0.010001999791711571 2.5000000000000004 20030.500000000004 0.20229174941778186 0.010001999791711571
decision_type=2 2 2 8 2 2 10 2 2 2 2 2 2 2 2 8 8 2 2 10 2 8 8 2 2 8 2 10 2 8
left_child=3 -2 23 -1 6 -6 21 -7 16 -10 11 -11 22 14 15 -14 -9 18 19 -17 28 -5 -12 -3 -23 26 27 -18 29 -15
right_child=1 2 -4 4 5 7 -8 8 9 10 12 -13 13 20 -16 17 25 -19 -20 -21 -22 24 -24 -25 -26 -27 -28 -29 -30 -31
leaf_value=0.017092859582366279 0.050794802709844725 -0.096233472344717214 0.021596206711992551 0.00075240583239507934 0.0086718778982513602 0.0086718778982513602 -0.067624289443741006 0.0044606966503513519 0.0044606966503513519 0.00094154405589270496 -0.090135292129908257 0.0044606966503513519 -0.0015309925794474025 -0.0088771576075126896 0.00094154405589270496 -0.008522404114071935 -0.04405668995317482 -0.005687824801041616 -0.027314532617322897 -0.027314532617322897 -0.027314532617322897 -0.0016085252617572422 -0.027314532617322897 -0.015517174173211058 -0.020084543193584211 -0.0020946225532992553 -0.0098771739463596846 -0.09626506185548056 0.00094154405589270496 -0.0010042451959384577
leaf_weight=421.38035656511784 116.61520753800869 16.359303429722786 69.75511772185564 23287.915965467691 3349.9428946748376 1480.5209698677063 41.535888336598873 801.44150681048632 2871.933444686234 26555.711623586714 31.858558610081673 12056.92935846746 3379.5117360800505 961.28946917131543 49693.116722028702 1674.6428182572126 16.946482226252556 775.74619178473949 301.29695537686348 120.73929271101952 57.891064532101154 41137.12501052022 33.155642285943031 14.99420139193535 207.36433404684067 24186.949197247624 215.73690664768219 56.271424070000648 8953.5940544232726 110179.49020111188
leaf_count=556 139 74 156 45809 3900 1812 224 1079 3655 43973 114 17953 6162 4266 142906 3385 38 1324 932 323 207 90496 68 34 469 47571 419 228 14642 299870
internal_value=0.000292087 0.0264844 -0.00199571 0.00027369 0.000250896 0.000541606 -0.000862746 0.000314402 0.000249515 0.00048855 0.000186943 0.00211983 -0.000236742 -0.000216123 0.000941544 -0.00400353 -0.00180853 -0.00984466 -0.0140429 -0.0107717 -0.00087344 -0.000817751 -0.0544129 -0.0526306 -0.00170216 -0.00227981 -0.0176597 -0.0782362 -0.000852488 -0.0010725
internal_weight=313068 217.724 101.109 312850 312429 247755 64673.9 244405 242924 217647 214775 38612.6 176162 176097 55945.1 6251.94 25277.3 2872.43 2096.68 1795.38 120152 64632.4 65.0142 31.3535 41344.5 24475.9 288.955 73.2179 120094 111141
internal_count=732784 403 264 732381 731825 594827 136998 590927 589115 539780 536125 61926 474199 474017 155032 12126 49335 5964 4640 3708 318985 136774 182 108 90965 48256 685 266 318778 304136
is_linear=0
shrinkage=0.05


Tree=102
num_leaves=31
num_cat=0
split_feature=6 11 2 15 5 8 10 8 11 10 8 5 8 8 5 10 4 3 8 11 9 5 4 1 4 6 4 8 10 5
split_gain=49.6689 63.8885 56.526 50.1695 123.881 144.819 67.1143 46.0432 103.207 46.734 71.5899 46.1967 43.6028 43.566 41.7048 41.2886 54.1841 36.1257 46.5945 35.3102 36.8983 32.8633 59.4118 42.1762 36.4992 31.1102 29.9791 32.6745 36.3195 27.218
threshold=3211691.0000000005 0.39662459492683416 914.20001220703136 6.5000000000000009 10052930.500000002 69.500000000000014 -0.021258503198623654 77.500000000000014 -0.041301645338535302 0.11896592006087305 89.500000000000014 15089427.500000002 110.50000000000001 72.500000000000014 1289243.5000000002 0.045580808073282249 70040.000000000015 0.10439750179648401 60.500000000000007 -0.029517923481762406 16.22500038146973 5320895.5000000009 195800.00000000003 14.500000000000002 57990.000000000007 7714069.5000000009 197900.00000000003 79.500000000000014 -0.010393146891146897 15089427.500000002
decision_type=8 2 2 2 2 2 2 2 2 2 2 2 2 2 2 2 10 10 2 2 2 2 10 2 8 10 8 2 2 2
left_child=1 2 12 7 6 -6 -5 21 9 10 15 26 14 -7 -1 16 -9 18 -16 20 -20 22 24 -24 -2 29 27 -10 -29 -23
right_child=3 -3 -4 4 5 13 -8 8 11 -11 -12 -13 -14 -15 17 -17 -18 -19 19 -21 -22 25 23 -25 -26 -27 -28 28 -30 -31
leaf_value=-0.028714859092401249 0.0020795006338366678 0.021005349343986443 0.010044192452468938 0.0020795006338366678 0.0020795006338366678 0.092053777573708584 0.016003166979302298 -0.040833580399646581 -0.0034044473013044676 -0.008490775991276114 -0.0156131768868959 -0.0066305791813719792 -0.048566362768782408 0.031013788265085197 0.001778074749049674 -0.022807769845574543 -0.10723198028184591 0.0059772672869802474 -0.021714121054820977 -0.0061761962866265724 -0.087866007496643653 -0.00044943435973827109 -0.012028694138495387 -0.048152189284728857 0.00050666853874557988 0.0020795006338366678 -0.0079730280982097373 -0.0034044473013044676 0.0020795006338366678 0.00097617489646071968
leaf_weight=108.37404292076826 46859.324033252895 465.76355002075434 2273.8510023504496 310.41298076510429 10866.40488538146 32.29061459004879 2631.4305922687054 213.21508301794529 2922.7663270309567 289.24358742684126 390.483702480793 2849.7537233196199 40.733594488352537 240.14573834836483 29046.127550788224 278.72082666307688 35.450601249933243 4697.9580049663782 76.367825761437416 803.20866290479898 24.997707262635231 90603.964087434113 94.194418594241142 107.5409347936511 50799.540274214 5170.6826471686363 973.45404090359807 1551.1876584812999 6788.2128436639905 53101.58440098539
leaf_count=388 93524 484 2995 661 37649 21 4986 581 7835 460 753 7605 178 633 56450 674 151 8102 169 2211 103 244767 182 525 113370 9032 3373 4089 17375 113568
internal_value=0.000934799 0.0026416 0.00240976 0.000703578 0.0036111 0.0020795 0.0128697 0.000547904 -0.00202633 -0.0160819 -0.0227356 -0.000899633 0.00191034 0.0388667 0.00197229 -0.0362807 -0.0510796 0.00206992 0.00142979 -0.00973302 -0.037252 0.0007179 0.00142962 -0.0255433 0.00148586 0.000250051 0.000436006 0.00116413 0.0020795 7.73582e-05
internal_weight=314647 37537.4 37071.6 277110 14080.7 11138.8 2941.84 263029 16292.5 1207.11 917.87 15085.4 34797.8 272.436 34757 527.387 248.666 34648.7 29950.7 904.574 101.366 246737 97860.6 201.735 97658.9 148876 12235.6 11262.2 8339.4 143706
internal_count=732894 71080 70596 661814 43950 38303 5647 617864 42896 2619 2159 40277 67601 654 67423 1406 732 67035 58933 2483 272 574968 207601 707 206894 367367 32672 29299 21464 358335
is_linear=0
shrinkage=0.05


Tree=103
num_leaves=31
num_cat=0
split_feature=10 8 5 1 8 4 8 3 8 8 8 9 5 4 9 11 15 9 4 3 4 5 4 11 5 10 11 8 4 6
split_gain=51.4418 50.9934 46.4898 48.6309 47.2705 42.2192 41.0783 65.061 37.3498 80.9906 86.4091 99.0378 111.946 58.6934 54.0656 139.036 48.966 51.5545 57.5293 130 45.7547 40.7152 68.4399 50.6266 45.1098 40.1689 39.6538 36.7494 49.863 35.8902
threshold=0.52484878897666942 43.500000000000007 5320895.5000000009 21.500000000000004 12.500000000000002 38040.000000000007 34.500000000000007 0.010001999791711571 22.500000000000004 43.500000000000007 44.500000000000007 14.527777671813967 10052930.500000002 71624.000000000015 19.2613639831543 -0.017661913298070427 2.5000000000000004 16.937500000000004 77040.000000000015 0.072471447288990035 36020.000000000007 15089427.500000002 77040.000000000015 -0.0065375114791095248 10052930.500000002 -0.05030663684010505 -0.079001326113939271 66.500000000000014 25025.000000000004 1.0000000180025095e-35
decision_type=2 2 2 2 2 8 2 8 2 2 2 2 2 8 2 2 2 2 10 10 8 2 10 2 2 2 2 2 8 10
left_child=2 -2 3 4 -1 -5 7 -7 20 16 13 -12 14 -11 27 -16 17 -10 -19 -20 29 23 -23 -22 -25 -24 -14 28 -13 -4
right_child=1 -3 8 5 -6 6 -8 -9 9 10 11 12 26 -15 15 -17 -18 18 19 -21 21 22 25 24 -26 -27 -28 -29 -30 -31
leaf_value=0.0013607881620899009 0.0031387977214610654 0.015634914339911599 0.00012713676022300051 0.0013607881620899009 0.0031387977214610654 -0.035162948398197218 0.00042585143026939741 -0.0019805709221305521 0.0007140922757198153 -0.0010602592438901668 0.0031387977214610654 0.0010981036971781958 -0.053571799566626499 -0.0067479250181418163 -0.072989524411629425 -0.0090962800563548184 0.0031387977214610654 -0.0052001056041195886 -0.085185122951185688 -0.018697182439721374 -0.0078544940382128722 -0.00024308304048522761 -0.071269106578266767 -0.00024308304048522761 -0.0037545755544171177 -0.01005790465496416 0.0010981036971781958 0.0010981036971781958 -0.0070601959514404794 0.0031387977214610654
leaf_weight=34581.31286624074 3776.6427819430828 1023.6182852163911 27486.682129867375 16766.016043432057 22232.001826159656 146.79476275295019 28123.175413273275 20662.420700609684 3199.7394542917609 14622.130097843707 15349.859219178557 704.49143110215664 34.152853906154633 6574.3236933872104 86.146321177482605 2552.8266078419983 22788.140532560647 1807.1525543928146 80.816154524683952 138.95743151009083 3902.2971722632647 25728.598139323294 25.387463048100471 18276.258321642876 16391.033010706306 1418.087706938386 14624.700986735523 2534.2744129672647 4052.4944586157799 4594.6877201348543
leaf_count=60671 5242 1142 63205 37432 33335 717 72446 53934 5169 43409 26093 1723 112 23276 405 11808 50787 4371 344 319 8316 51616 81 47400 56875 3354 42538 6855 12493 7927
internal_value=0.00061101 0.00574627 0.000531322 0.00128837 0.00235959 0.000361981 -0.000509085 -0.00221801 3.52663e-05 0.000775516 -0.000244673 0.00112474 -0.00094259 -0.00282482 -0.0051058 -0.0112357 0.00300169 -0.00171061 -0.00815585 -0.0321943 -0.000639357 -0.00139474 -0.000243083 -0.00245658 -0.00184855 -0.0112316 0.0010981 -0.00288469 -0.00550611 0.00090857
internal_weight=314285 4800.26 309485 122512 56813.3 65698.4 48932.4 20809.2 186973 89150.2 61135.4 39938.9 24589.1 21196.5 9930.23 2638.97 28014.8 5226.67 2026.93 219.774 97823 65741.7 27172.1 38569.6 34667.3 1443.48 14658.9 7291.26 4756.99 32081.4
internal_count=733395 6384 727011 258535 94006 164529 127097 54651 468476 229702 168712 102027 75934 66685 33284 12213 60990 10203 5034 663 238774 167642 55051 112591 104275 3435 42650 21071 14216 71132
is_linear=0
shrinkage=0.05


Tree=104
num_leaves=31
num_cat=0
split_feature=6 8 6 7 8 6 8 7 8 9 7 8 8 7 8 5 8 10 9 8 8 8 11 7 9 6 8 4 6 5
split_gain=54.5332 43.4465 43.1448 43.5447 39.5601 41.1885 45.4078 36.7555 56.1303 44.4122 54.3712 36.6098 43.5956 33.5493 33.2569 31.2585 48.0986 40.4084 34.1202 34.1513 45.944 78.7673 49.9793 67.0372 60.3567 65.9549 45.2847 126.986 39.703 39.337
threshold=7714069.5000000009 170.50000000000003 3211691.0000000005 0.93011629581451427 177.00000000000003 3211691.0000000005 209.50000000000003 0.54298031330108654 55.500000000000007 16.062500000000004 0.044971911236643798 21.500000000000004 10.500000000000002 0.33337777853012091 71.500000000000014 10052930.500000002 156.50000000000003 0.16317073255777362 11.958333492279055 23.500000000000004 69.500000000000014 60.500000000000007 -0.074646510183811174 0.23814167082309726 18.267857551574711 3211691.0000000005 25.500000000000004 96300.000000000015 3211691.0000000005 1289243.5000000002
decision_type=10 2 8 10 2 10 2 10 2 2 8 2 2 10 2 2 2 2 2 2 2 2 2 10 2 10 2 10 10 2
left_child=1 2 7 15 -3 6 -6 8 -1 14 -11 12 -5 -2 -10 16 17 18 -4 -20 21 26 23 -23 28 -26 27 29 -24 -21
right_child=13 4 3 11 5 -7 -8 -9 9 10 -12 -13 -14 -15 -16 -17 -18 -19 19 20 -22 22 24 -25 25 -27 -28 -29 -30 -31
leaf_value=0.0026167908712330201 0.0036239554638781563 0.046466276698357206 0.0018501922201456149 0.0079145636012944182 -0.086238946873725505 0.02699792428047787 0.01251595313598384 0.0087965198174949563 -0.0038609295220880151 -0.039076563119879427 -0.0069635696522065754 0.0039452252345805903 0.030241067480691122 0.013622853951739997 0.0053779294961337244 -0.00019069015507203519 -0.055970773830657232 0.0033574090320616632 0.0010044137311350089 -0.025225856248548614 0.0010044137311350089 -0.096320954711910683 -0.0050096120044049791 -0.021706318677869707 -0.0052506587308796572 -0.018711423859597121 7.307314700662566e-05 -0.046892447807547206 0.0010044137311350089 -0.0029034667901424076
leaf_weight=31820.806304946542 8663.3534161001444 97.031301572918892 42543.7055927068 732.6582210585475 19.794774990528822 68.505325749516487 24.045787394046783 2079.9009424671531 1091.3921596556902 141.39812467992306 1656.4070654511452 1223.6170937940478 311.02767810970545 927.35794348269701 568.25946397334337 107354.48681106232 35.150212034583092 15447.98694396019 35336.207928817719 29.424051940441132 10017.151536520571 33.965683214366436 2452.0384021028876 80.961103484034538 3028.8101877309382 1300.4419762101024 41780.497980937362 174.63722407817841 1435.5375404804945 3929.9388634711504
leaf_count=60166 15188 119 76181 1063 98 106 69 3366 1911 428 4352 2497 292 1329 810 275736 132 23151 89776 123 26975 144 6171 180 12585 5202 113769 476 3103 7285
internal_value=0.00088146 0.000764638 0.000748908 0.000526413 0.0234252 0.00306025 -0.0338907 0.00234045 0.00195934 -0.00408955 -0.00952989 0.0074231 0.0146132 0.00459342 0.00180803 0.000467346 0.000915511 0.00092891 0.00066494 0.000158635 -0.000556749 -0.00123269 -0.00570472 -0.0381712 -0.00524144 -0.00930084 -0.000420967 -0.00541163 -0.000718382 -0.00355926
internal_weight=314406 304816 304606 267248 209.377 112.346 43.8406 37358.2 35278.3 3457.46 1797.81 2267.3 1043.69 9590.71 1659.65 264981 157626 157591 142143 99599.6 64263.4 54246.3 8331.75 114.927 8216.83 4329.25 45914.5 4134 3887.58 3959.36
internal_count=732783 716266 715874 644841 392 273 167 71033 67667 7501 4780 3852 1355 16517 2721 640989 365253 365121 341970 265789 176013 149038 27385 324 27061 17787 121653 7884 9274 7408
is_linear=0
shrinkage=0.05


Tree=105
num_leaves=31
num_cat=0
split_feature=6 5 8 11 15 0 10 10 8 4 5 11 8 0 3 3 8 0 8 5 0 10 8 2 3 3 8 4 5 3
split_gain=83.3889 50.6779 82.4613 100.687 87.7278 85.2582 65.5824 54.5377 53.7789 53.085 46.3649 74.774 61.7052 75.2363 57.7153 51.897 48.5613 98.47 67.7597 153.245 67.1855 105.524 82.5243 57.0105 55.918 45.7084 45.113 54.6265 45.2924 44.3296
threshold=7714069.5000000009 5320895.5000000009 65.500000000000014 -0.10582386702299117 6.5000000000000009 0.0080972984433174151 0.17488476634025577 -0.010393146891146897 70.500000000000014 44050.000000000007 12130922.500000002 -0.10753119364380835 31.500000000000004 0.13397436589002612 0.0152323329821229 0.077695716172456755 152.50000000000003 1.0000000180025095e-35 84.500000000000014 15089427.500000002 0.053631352260708816 -0.031245579011738297 113.50000000000001 2925.0000000000005 0.11088054254651071 0.0152323329821229 20.500000000000004 57700.000000000007 13439690.500000002 0.18500532954931262
decision_type=10 2 2 2 2 2 2 2 2 8 2 2 2 2 10 10 2 2 2 2 2 2 2 2 8 10 2 10 2 10
left_child=1 2 4 -4 6 9 -1 -7 -9 -5 11 12 13 15 -13 -3 18 -18 23 -20 21 -21 24 26 -23 -2 27 -12 -29 -10
right_child=25 10 3 5 -6 7 -8 8 29 -11 16 14 -14 -15 -16 -17 17 -19 19 20 -22 22 -24 -25 -26 -27 -28 28 -30 -31
leaf_value=0.0011799066376270125 0.0035982857520692989 -0.032133963217773433 -0.075735054654705439 -0.0023713906779555048 0.013531104206384013 -0.0023713906779555048 0.0058601266310378784 0.001296834356262745 0.0013377618828132455 -0.009624368878648093 0.0032006992335000487 -0.0020010678643581151 -0.0042522040443852601 -0.0042522040443852601 0.00040398777607338179 -0.013160299254384118 -0.067240641471205315 0.053846368949148654 0.029936909047029742 -0.10212239181623367 0.0030051775021922317 -0.047373483061466243 -0.051001654110463292 0.0063268644435846098 -0.0085222945321427185 0.012773808738117558 -0.00024603234658933588 -0.054353199065958105 -0.0040187459819911184 0.014241597946529015
leaf_weight=95590.449506159872 8036.0721051320434 630.66268384456635 44.500286541879177 2306.5844895616174 1547.805739864707 3255.6319170296192 8119.1870672851801 1815.6432698592544 1043.0982967242599 4386.4500239044428 21932.07929392904 40182.486402750015 1211.3721209689975 999.93105357140303 65774.227644752711 598.14337809383869 18.522516526281834 94.985422909259796 240.85876518860459 34.015404373407364 543.16614374518394 98.325845759361982 144.79851492866874 4843.4821956008673 1233.1713378727436 1631.9604322239757 43660.814396619797 43.660585254430771 2151.9617513716221 1839.1599856466055
leaf_count=202025 14044 1624 137 6602 2633 7441 11273 3215 1904 15325 37139 118318 2010 1698 178724 1159 97 129 461 141 849 429 598 6755 3625 2414 104901 146 4094 2747
internal_value=0.000578348 0.000433127 0.00123312 -0.00227577 0.0017229 -0.00204227 0.00154642 0.00145715 0.00496506 -0.00619993 -8.71601e-05 -0.00074373 -0.00799629 -0.0137811 -0.000508114 -0.0220684 0.000870015 0.0332649 0.000820052 -0.00763628 -0.0120682 -0.017486 -0.0154003 0.00108738 -0.0114581 0.00514943 0.000712842 0.00244787 -0.00506822 0.00957583
internal_weight=314053 304385 119949 14691.1 105257 14646.6 103710 7953.53 4697.9 6693.03 184437 109397 3440.11 2228.74 105957 1228.81 75039.8 113.508 74926.3 2294.34 2053.48 1510.31 1476.3 72632 1331.5 9668.03 67788.5 24127.7 2195.62 2882.26
internal_count=732657 716199 253302 37371 215931 37234 213298 15307 7866 21927 462897 303533 6491 4481 297042 2783 159364 226 159138 6103 5642 4793 4652 153035 4054 16458 146280 41379 4240 4651
is_linear=0
shrinkage=0.05


Tree=106
num_leaves=31
num_cat=0
split_feature=5 8 8 8 8 9 8 3 4 5 7 8 6 5 8 5 8 4 8 3 9 3 8 8 8 10 9 3 7 8
split_gain=60.5437 70.534 66.2464 50.2532 267.632 63.0355 51.7589 51.666 48.6813 53.082 87.4964 43.8978 43.7101 46.1752 41.7123 74.1421 70.052 48.7883 41.1097 48.4301 39.9293 71.4033 33.1724 87.0284 102.848 75.5241 61.3175 60.1575 58.6209 48.0448
threshold=12130922.500000002 190.50000000000003 170.50000000000003 1.0000000180025095e-35 11.500000000000002 5.0625000000000009 154.50000000000003 0.21826225519180301 32700.000000000004 10052930.500000002 0.37333899736404424 44.500000000000007 1.0000000180025095e-35 10052930.500000002 12.500000000000002 1289243.5000000002 21.500000000000004 71010.000000000015 77.500000000000014 0.12865892797708514 14.775000095367433 0.018871096894145015 57.500000000000007 55.500000000000007 48.500000000000007 -0.079966962337493883 14.267857074737551 0.11185299977660181 0.43755683302879339 46.500000000000007
decision_type=2 2 2 2 2 2 2 8 10 2 10 2 10 2 2 2 2 8 2 10 2 8 2 2 2 2 2 8 10 2
left_child=1 2 3 8 7 11 14 -5 9 10 -1 -6 13 -10 15 -7 -16 -17 -18 20 -20 -22 23 24 29 -24 28 -25 -27 -2
right_child=22 -3 -4 4 5 6 -8 -9 12 -11 -12 -13 -14 -15 16 17 18 -19 19 -21 21 -23 25 27 -26 26 -28 -29 -30 -31
leaf_value=-0.00071587508961355804 0.0017674155110048257 -0.070207045007803809 0.038526579561227528 0.0058108916842622245 0.0037038473491797148 -0.048120453863796313 -0.045332030657642519 0.021975723540831511 -0.008952866363762647 -0.0023138764255132005 0.0060036914433615344 0.016745892060378919 -0.0023138764255132005 -0.0023138764255132005 0.0026409473270953662 0.00024124833552809376 0.00044752634695783324 -0.0050463787268270055 -0.0044862245275295309 -0.00085792423029226533 -0.068075080642334085 -0.011190776202054074 -0.079706447341771181 -0.022686649578587334 0.036200559295749064 0.0069937687388460252 0.0024064046251000386 -0.0037199584261691787 0.023861223331752866 -0.024525793682250375
leaf_weight=21540.545252203941 65898.539223244414 33.553594402968884 110.82999387383461 702.66263350099325 6021.1054951474071 84.969372898340225 60.451702795922756 1679.6505875661969 5986.1748912781477 8936.8955917209387 6248.0267724245787 720.98477339744568 1745.412776529789 2858.1369657367468 1931.9788248836994 11062.141950070858 144907.36943187751 7200.9391942918301 946.91006352752447 10573.550525370985 54.891408056020737 1934.5950152203441 24.48857493698597 503.42238303273916 214.70591731369495 1783.6696512848139 6839.5346285123378 2425.9989848956466 697.08353950828314 172.20729832351208
leaf_count=42326 135122 143 158 1003 8668 299 216 1817 13102 28760 9847 791 2929 8969 2641 21874 373241 15347 1705 26836 348 7126 81 1451 231 2657 18092 5838 799 368
internal_value=0.000613956 0.000212753 0.000223391 0.000205014 0.000571785 0.000357835 0.000178806 0.0172168 -0.00125134 -0.000390047 0.000795286 0.00510309 -0.00423771 -0.00641085 0.000194709 -0.00206346 0.000453124 -0.00184393 0.000201579 -0.00243612 -0.00811452 -0.012827 0.00181581 0.0014382 0.00181099 0.00461178 0.00485038 -0.00699265 0.0115811 0.00169814
internal_weight=313901 235342 235308 235197 187882 185500 178758 2382.31 47315.2 36725.5 27788.6 6742.09 10589.7 8844.31 178697 18348.1 160349 18263.1 158417 13509.9 2936.4 1989.49 78559.7 69214.9 66285.5 9344.78 9320.29 2929.42 2480.75 66070.7
internal_count=732785 568146 568003 567845 461912 459092 449633 2820 105933 80933 52173 9459 25000 22071 449417 37520 411897 37221 409256 36015 9179 7474 164639 143010 135721 21629 21548 7289 3456 135490
is_linear=0
shrinkage=0.05


Tree=107
num_leaves=31
num_cat=0
split_feature=6 8 8 11 8 7 11 8 8 7 11 9 5 9 5 5 10 5 4 15 4 11 5 15 5 6 7 7 8 11
split_gain=68.5841 58.6562 93.06 60.314 41.394 108.388 83.0347 61.3775 60.8813 85.964 52.7994 104.609 48.0605 109.807 52.8104 43.3153 54.8573 46.3265 46.2059 38.8085 37.9954 37.6529 35.0102 107.592 69.1853 67.616 72.9323 56.5097 48.222 80.9957
threshold=7714069.5000000009 192.50000000000003 170.50000000000003 0.05984750576317311 89.500000000000014 0.25717143714427954 -0.077728413045406328 82.500000000000014 81.500000000000014 0.15793848782777789 -0.042407630011439316 15.837718963623049 15089427.500000002 17.062500000000004 5320895.5000000009 5320895.5000000009 -0.010393146891146897 13439690.500000002 64010.000000000007 2.5000000000000004 52044.099609375007 -0.0043176121544092885 5320895.5000000009 6.5000000000000009 15089427.500000002 7714069.5000000009 0.40010695159435278 0.93513646721839916 65.500000000000014 -0.10582386702299117
decision_type=10 2 2 2 2 10 2 2 2 8 2 2 2 2 2 2 2 2 10 2 10 2 2 2 2 8 10 8 2 2
left_child=1 2 4 -3 7 6 -6 8 22 -10 11 -9 14 -14 -8 16 -7 -17 19 -18 21 -19 23 28 -24 26 -26 -27 -1 -30
right_child=-2 3 -4 -5 5 15 12 10 9 -11 -12 -13 13 -15 -16 17 18 20 -20 -21 -22 -23 24 -25 25 27 -28 -29 29 -31
leaf_value=0.0013780762046384741 0.0048695061741908449 -0.085861464813688143 0.038212369972253774 0.030414851170201831 -0.087401815256544779 0.0045049172505398517 -0.005489949659090429 -0.013943479299272414 -0.056252179175794594 0.03639242424126176 -0.0036460860052563112 -0.071954415388392798 0.0045049172505398517 -0.037192884461763574 0.0045049172505398517 0.0045049172505398517 0.020383145745223777 0.015422057158558246 0.012853621027139096 0.035027122237584821 0.0045049172505398517 0.037186525807732025 -0.00061783705200544074 0.013598723504482563 0.0020908588569223613 -0.00071509140243960221 0.0089747725445689687 0.0082943619450231345 -0.079550167999465071 -0.0020899350629042194
leaf_weight=103511.80768949166 9723.1821295619011 35.804396893829107 162.47967831045389 14.614738166332243 26.08847388625145 202.22080074250698 1533.7375127375126 245.87288572639227 26.545661687850952 212.41680431365967 4541.8096625618637 86.359265342354774 364.92557876557112 274.55052949115634 1266.1209348030388 1111.8306898474693 225.52116715162992 134.64464892446995 426.68968064337969 699.3396931886673 276.68115835636854 310.13755413144827 112085.58193602413 1737.299465611577 28766.012150347233 30478.616365022957 4440.1532240435481 1843.8715329840779 31.87223893404007 9318.6761610489339
leaf_count=213318 16600 176 220 13 91 430 3966 474 83 265 13569 337 656 1104 3328 2927 403 260 970 1151 660 504 306926 2999 58266 67706 7465 3442 102 24227
internal_value=0.000736132 0.000604069 0.000613174 -0.0522826 0.000592839 0.00443436 -0.00178245 0.000504275 0.000597031 0.0257193 -0.00505927 -0.0242409 -0.00108258 -0.0134275 0.00174453 0.0107923 0.0169302 0.00557747 0.0212023 0.0279127 0.0172744 0.0263392 0.000576311 0.00125764 0.000136695 0.00142729 0.00301182 -0.000200656 0.00106744 -0.00237092
internal_weight=314115 304392 304342 50.4191 304179 6852.49 3465.42 297327 292453 238.962 4874.04 332.232 3439.33 639.476 2799.86 3387.07 1553.77 1833.29 1351.55 924.861 721.463 444.782 292214 114600 177614 65528.7 33206.2 32322.5 112862 9350.55
internal_count=732638 716038 715849 189 715629 16450 9145 699179 684799 348 14380 811 9054 1760 7294 7305 2954 4351 2524 1554 1424 764 684451 240646 443805 136879 65731 71148 237647 24329
is_linear=0
shrinkage=0.05


Tree=108
num_leaves=31
num_cat=0
split_feature=8 8 4 3 9 3 4 8 8 8 8 11 4 11 9 0 0 7 8 5 5 8 7 3 7 8 4 8 5 4
split_gain=54.288 335.231 75.2181 62.6889 61.0979 61.3651 44.5999 43.4 40.6171 36.9241 61.7296 69.0864 101.757 58.3679 49.718 41.7898 41.5688 37.9914 41.0695 73.1326 121.536 36.7279 35.7563 35.4378 32.8497 30.1925 29.4429 28.3532 40.971 42.9051
threshold=1.0000000180025095e-35 11.500000000000002 197300.00000000003 0.25726506114006048 7.5357143878936776 0.1964589133858681 16011.300292968752 2.5000000000000004 21.500000000000004 12.500000000000002 33.500000000000007 -0.12824675440788266 110400.00000000001 -0.026495215483009812 14.348484516143801 0.11726508662104608 0.0080972984433174151 0.025034818798303608 23.500000000000004 13439690.500000002 5320895.5000000009 65.500000000000014 1.0000000180025095e-35 0.067271351814270033 0.54298031330108654 45.500000000000007 190500.00000000003 101.50000000000001 13439690.500000002 52044.099609375007
decision_type=2 2 10 8 2 10 8 2 2 2 2 2 8 2 2 2 2 10 2 2 2 2 8 10 10 2 10 2 2 10
left_child=2 3 6 7 5 8 -1 23 -3 24 13 12 -12 17 25 -14 21 18 19 20 -11 26 -23 -2 -6 -13 -16 28 -24 -30
right_child=1 4 -4 -5 9 -7 -8 -9 -10 10 11 14 15 -15 16 -17 -18 -19 -20 -21 -22 22 27 -25 -26 -27 -28 -29 29 -31
leaf_value=0.0028839589922306933 -0.079856859086848697 0.0055324536510678018 -0.066340436566481448 0.021335067424977962 -0.0022943960498174811 0.0090904453929184833 -0.0011719069050138238 0.010053235580772021 0.0019744619092171211 -0.0053766663626034963 -0.010139932914241451 0.00057796418074937091 -0.11805173694987536 0.0019744619092171211 -0.00052336863172017484 -0.041756762305050509 0.00057796418074937091 9.6961780589741901e-05 -0.0025730699707085863 -0.0025730699707085863 -0.026675448336671688 -0.010139932914241451 -0.0055999522629448482 -0.0087345574621126923 0.0019744619092171211 0.0019744619092171211 -0.010139932914241451 -0.00031920373802678931 -0.00031920373802678931 -0.0064041741789771641
leaf_weight=7681.277294754982 19.963134631514549 3081.6069073155522 41.665138520300388 2263.1286160349846 19478.384029299021 3840.4756443053484 57534.089612290263 966.45179100334644 10736.424277827144 1865.9282616078854 340.22886626422405 16431.504335314035 29.342193365097046 62515.585809644312 53178.31375015527 43.164656654000282 27160.006297364831 5833.9191138371825 434.23013427853584 1277.153946980834 1044.0265816301107 1289.9368002153933 8784.1256856936961 89.663666307926178 4172.9514667242765 19130.69633641094 200.77849582955241 1237.2758154831827 2027.4239429831505 941.45210261456668
leaf_count=13098 65 4267 233 2411 39221 4955 124640 1278 16302 3337 613 27995 130 164095 160222 102 61202 10246 517 2103 2904 4901 34133 150 7508 31872 876 4144 5978 3282
internal_value=0.00054531 0.000882449 -0.000738066 0.0166132 0.000667979 0.00350095 -0.00069412 0.00666141 0.00197446 0.000447975 0.000665037 1.50027e-05 -0.0203597 0.00183014 7.98121e-05 -0.0733736 -0.00051814 -0.00178054 -0.0052431 -0.00826349 -0.0130313 -0.00121637 -0.00346847 -0.0228847 -0.00142199 0.00167407 -0.000613773 -0.00266842 -0.00380198 -0.000319204
internal_weight=313671 248414 65257 3339.21 245075 17658.5 65215.4 1076.08 13818 227416 203765 130794 412.736 72970.8 130382 72.5069 94819.3 10455.3 4621.34 4187.11 2909.95 67659.3 14280.2 109.627 23651.3 35562.2 53379.1 12990.3 11753 2968.88
internal_count=732780 594809 137971 3904 590905 25524 137738 1493 20569 565381 518652 335450 845 183202 334605 232 274738 19107 8861 8344 6241 213536 52438 215 46729 59867 161098 47537 43393 9260
is_linear=0
shrinkage=0.05


Tree=109
num_leaves=31
num_cat=0
split_feature=5 4 15 6 4 8 8 15 8 5 8 10 10 5 6 4 6 0 8 3 8 6 8 4 8 10 10 8 4 8
split_gain=66.9039 70.6151 84.0103 56.0774 44.1454 41.0222 57.2098 40.9505 149.846 75.499 106.989 63.5993 38.1392 37.2396 38.9725 47.0332 47.8205 47.5334 40.4631 51.3715 38.8722 37.6448 39.7934 41.5326 33.3544 32.4461 32.1714 34.4739 32.6548 31.7543
threshold=5320895.5000000009 197900.00000000003 2.5000000000000004 7714069.5000000009 2292.0000000000005 65.500000000000014 57.500000000000007 6.5000000000000009 69.500000000000014 10052930.500000002 24.500000000000004 -0.010393146891146897 0.095914501696825041 1289243.5000000002 3211691.0000000005 57020.000000000007 7714069.5000000009 0.046620300039649017 34.500000000000007 0.050747435539960868 43.500000000000007 1.0000000180025095e-35 23.500000000000004 64010.000000000007 45.500000000000007 0.30341003835201269 -0.024824134074151512 135.50000000000003 98200.000000000015 63.500000000000007
decision_type=2 10 2 10 8 2 2 2 2 2 2 2 2 2 8 8 8 2 2 8 2 10 2 8 2 2 2 2 8 2
left_child=1 4 -3 7 -1 6 13 -2 9 10 -9 -10 -8 21 18 16 25 -18 -15 -20 -21 22 23 -6 -4 -16 -7 -28 -29 -5
right_child=3 2 24 29 5 26 12 8 11 -11 -12 -13 -14 14 15 -17 17 -19 19 20 -22 -23 -24 -25 -26 -27 27 28 -30 -31
leaf_value=0.033768598496124048 -0.00056291322590811281 -0.086647438124806811 -0.012256213479175512 0.0040636302697688162 0.016305361154917399 -0.0087350216663637827 0.0063358938941613166 0.02875906314499041 0.00093061658645927957 0.00093061658645927957 0.00093061658645927957 0.041902166662227965 0.017535504958921564 0.0025543080396234989 0.0052087588542177226 0.00010876008950033102 0.001257842165166588 0.0062914566934592249 -0.012256213479175512 0.017535504958921564 0.0074306897813225473 -0.012256213479175512 -0.011382603113851093 -0.012256213479175512 -0.043993918520754731 0.017535504958921564 -0.00084569912616231215 0.017535504958921564 -0.0045938988526866868 0.0239401821341945
leaf_weight=102.79590664058924 171587.02172774263 43.996433839201927 112.30668827332556 5101.0888566374779 405.2362994812429 1282.7652517780662 1359.9530343487859 590.68726691603661 66.697111323475838 10809.626562878489 496.589444629848 330.57209096103907 303.9747976437211 13135.786355227232 7397.9733046367764 47637.352889835835 29186.693885482848 4844.46768052876 37.317235618829727 366.88398802280426 3050.1043590456247 444.98900686949492 383.3546317666769 24.95687997713685 81.267329733818769 365.05475514382124 13108.340877078474 236.11091627925634 77.305420663207769 207.30220707505941
leaf_count=95 422418 226 332 8906 1031 2762 2299 955 200 37590 1295 697 273 23442 13087 104166 61091 6638 149 389 5793 1664 1481 141 347 383 33884 404 248 328
internal_value=0.000374728 0.00127745 -0.0258424 -0.000216892 0.00132993 0.00130241 0.001637 -0.000363176 0.00242415 0.00141274 0.0141903 0.0325538 0.0108317 0.00149419 0.00159573 0.00118279 0.00240692 0.00159894 0.00382134 0.00863526 0.00962686 -0.00704939 0.000300427 0.0107159 -0.0122562 0.00594759 -0.00117638 -0.000452776 0.015882 0.00484857
internal_weight=313179 123989 237.57 189190 123751 123649 108944 183881 12294.2 11896.9 1087.28 397.269 1663.93 107280 106022 89431.5 41794.2 34031.2 16590.1 3454.31 3416.99 1258.54 813.548 430.193 193.574 7763.03 14704.5 13421.8 313.416 5308.39
internal_count=732714 260325 905 472389 259420 259325 222027 463155 40737 39840 2250 897 2572 219455 215138 185365 81199 67729 29773 6331 6182 4317 2653 1172 679 13470 37298 34536 652 9234
is_linear=0
shrinkage=0.05


Tree=110
num_leaves=31
num_cat=0
split_feature=6 6 3 7 9 3 4 5 9 3 6 10 7 4 10 5 5 7 4 3 7 3 1 5 11 3 7 10 11 2
split_gain=41.5402 28.5696 50.2088 32.7427 41.6154 51.1124 30.129 28.0732 27.846 25.6607 34.4002 55.197 37.4004 28.6956 48.312 28.5007 44.3565 39.0806 24.7545 22.8497 45.6242 61.1032 68.796 20.7998 20.4255 23.477 23.4416 20.1249 18.395 19.4021
threshold=7714069.5000000009 3211691.0000000005 0.13827138394117358 0.28576312959194189 20.757978439331058 0.087726294994354262 140200.00000000003 15089427.500000002 7.9444444179534921 0.010001999791711571 3211691.0000000005 0.30341003835201269 0.35487033426761633 196200.00000000003 0.43889631330966955 15089427.500000002 5320895.5000000009 0.21521398425102237 69020.000000000015 0.44029642641544348 0.021130533888936046 0.17304039001464847 12.500000000000002 5320895.5000000009 0.2137948274612427 0.079314317554235472 0.21521398425102237 -0.033011505380272858 -0.010405071079730986 3936.1999511718755
decision_type=10 8 10 8 2 10 8 2 2 10 10 2 10 10 2 2 2 10 10 10 8 10 2 2 2 10 8 2 2 2
left_child=1 2 3 4 -1 7 -5 -6 -4 13 -11 15 -13 28 -15 16 27 -17 -19 20 21 22 -2 -14 25 26 -22 -12 29 -3
right_child=19 9 8 6 5 -7 -8 -9 -10 10 11 12 23 14 -16 17 -18 18 -20 -21 24 -23 -24 -25 -26 -27 -28 -29 -30 -31
leaf_value=-0.0012613526832268539 -0.031299922960309423 -0.0036528403009923847 0.020126101648265164 0.0040166104579966305 -0.046290016517517858 -0.009370168298632707 0.0010359524455213448 -0.021444524078883406 0.0056647357863357601 0.00041473930118670537 0.00026449652539366138 0.0063981871313099434 0.027210552919070364 -0.067791601933799642 -0.01664019271034373 0.00026449652539366138 0.00026449652539366138 0.0063981871313099434 0.0033313418283518028 0.023832357461308393 -0.0091542328591939313 -0.0091542328591939313 -0.10939446192435774 0.012197417305666734 0.013717255038652615 0.008675602008810698 0.0030972882676170957 0.0040292135413236962 7.3975548203928286e-06 -0.0011069651769686859
leaf_weight=2139.8725022226572 56.771697700023651 9455.9007281512022 360.90081392228603 2708.5151225551963 177.79082490503788 206.5867258310318 27469.943500515074 93.765707887709141 4088.0632626861334 133399.21389075182 1094.0092122033238 717.76133313775063 374.19913285970688 51.232253300026059 13.317218303680418 3240.2983878478408 9370.3149097152054 4170.7063687965274 821.08996653556824 139.73819945007563 107.91820109635592 73.397225819528103 33.980806760489941 590.05573119223118 272.82258388400078 920.53704994171858 8027.6678053885698 11860.573805771768 91343.200485980138 844.51427416503429
leaf_count=3715 113 20611 372 4399 593 432 54230 233 7025 331708 1878 1046 343 312 2 6532 21472 7379 1801 166 252 105 146 734 306 1352 14119 22652 227679 1245
internal_value=0.000668136 0.000565886 0.00186322 0.00118686 -0.00417495 -0.017479 0.00165225 -0.0335189 0.00684636 0.000385135 0.000768984 0.00223467 0.0110475 -0.000239991 -0.0330619 0.00174887 0.000821447 0.00426319 0.00639819 0.00390051 0.00360215 -0.0223724 -0.0534456 0.0179966 0.00406389 0.00363395 0.00271535 0.00327999 -0.000218497 -0.00222133
internal_weight=314225 304592 37245.4 32796.5 2618.02 478.143 30178.5 271.557 4448.96 267346 165638 32239 1682.02 101708 64.5495 30557 22324.9 8232.09 4991.8 9632.83 9493.1 164.15 90.7525 964.255 9328.95 9056.12 8135.59 12954.6 101644 10300.4
internal_count=732952 716393 70999 63602 4973 1258 58629 826 7397 645394 395545 63837 2123 249849 314 61714 46002 15712 9180 16559 16393 364 259 1077 16029 15723 14371 24530 249535 21856
is_linear=0
shrinkage=0.05


Tree=111
num_leaves=31
num_cat=0
split_feature=15 5 6 6 4 6 7 0 9 10 5 5 5 10 11 5 5 5 5 5 11 10 6 10 9 0 5 11 0 7
split_gain=83.861 152.315 60.7157 38.8037 46.5535 70.0759 61.6549 36.9122 32.6012 28.7988 23.9687 21.4568 31.0901 19.5885 17.8372 16.6204 38.5386 16.0625 15.6309 15.2641 18.5256 14.9228 14.8763 13.6518 13.1883 23.2986 17.7895 11.6075 10.4546 10.2468
threshold=6.5000000000000009 10052930.500000002 3211691.0000000005 7714069.5000000009 197900.00000000003 3211691.0000000005 0.016688563860952858 0.080944579094648375 21.550000190734867 -0.05030663684010505 15089427.500000002 13439690.500000002 15089427.500000002 0.53357431292533886 0.09253986552357675 15089427.500000002 10052930.500000002 12130922.500000002 16151869.500000002 5320895.5000000009 -0.01817232463508844 -0.16523790359497068 3211691.0000000005 -0.049738455563783639 11.958333492279055 1.0000000180025095e-35 5320895.5000000009 -0.036368066444993012 0.041494490578770644 0.69984984397888195
decision_type=2 2 8 10 8 10 8 2 2 2 2 2 2 2 2 2 2 2 2 2 2 2 10 2 2 2 2 2 2 10
left_child=2 9 21 4 5 14 7 10 23 -2 -6 -3 -13 19 -4 16 22 -16 -14 28 -21 -1 -10 -8 -7 26 -26 -5 -11 -18
right_child=1 11 3 27 6 24 8 -9 15 13 -12 12 18 -15 17 -17 29 -19 -20 20 -22 -23 -24 -25 25 -27 -28 -29 -30 -31
leaf_value=-0.026048194194839808 0.0022635754927358958 0.0022635754927358958 -0.00032873286049665899 -0.0050924868377908846 -0.061155116147416616 0.0022635754927358958 -0.0019150889273441898 -0.015623679752891707 -0.015623679752891707 0.0097892318435908628 -0.030459458266164231 0.034423740159523278 0.0097240375238968873 0.037731713018720615 0.00069501814654013771 -0.0019150889273441898 -0.015623679752891707 0.0022635754927358958 0.0022635754927358958 0.0088567585959429401 0.022086231718657576 0.0022162545381751715 -0.00352866155812039 -0.000555140320195575 0.00076954651297813119 0.0017048228959374121 -0.000555140320195575 0.0022635754927358958 0.020344237695449779 -0.0019150889273441898
leaf_weight=44.769703768193722 106.06438182294369 9453.2348954156041 149320.48744476587 730.00473518669605 98.438879853114486 9352.6777294054627 3781.1871829777956 38.544396132230759 31.585501451045275 1388.1181469336152 48.84957928955555 104.43603360652924 1198.3004831671715 94.226707436144352 9068.7164050266147 4003.5013771504164 606.19592942297459 2382.101221293211 364.64511395990849 193.8878186494112 957.82782690227032 37261.50051478669 10278.85446568951 37015.343492075801 8693.4603162221611 7404.9599748253822 10309.430570222437 8847.5040699467063 283.73285140842199 12.50832901149988
leaf_count=89 217 35039 373725 1221 535 14031 7493 51 273 2671 181 163 2278 62 14397 12614 2437 3276 796 379 1969 70841 38373 77408 17960 13500 24784 15410 334 62
internal_value=0.000471555 0.00423338 0.000293768 2.50634e-05 -9.97606e-05 0.000262409 -0.00137269 -0.0299711 -0.00127625 0.0142631 -0.0452952 0.00226358 0.0082621 0.0154499 -0.000182881 -0.00327504 -0.00443077 0.00171877 0.00647222 0.0146802 0.0191196 0.00218094 -0.00369943 -0.00055514 0.00226358 0.00114607 -0.00016573 0.00226358 0.0116027 -0.0156237
internal_weight=313475 14144.5 299331 262024 252447 196532 55915 185.833 55729.2 3023.86 147.288 11120.6 1667.38 2917.79 160771 14932.6 10929.1 11450.8 1562.95 2823.57 1151.72 37306.3 10310.4 40796.5 35760.5 26407.9 19002.9 9577.51 1671.85 618.704
internal_count=732569 43908 688661 617731 601100 461673 139427 767 138660 5632 716 38276 3237 5415 391398 53759 41145 17673 3074 5353 2348 70930 38646 84901 70275 56244 42744 16631 3005 2499
is_linear=0
shrinkage=0.05


Tree=112
num_leaves=31
num_cat=0
split_feature=11 7 8 8 8 8 4 3 5 8 3 8 11 9 3 9 9 5 8 8 5 8 8 9 3 8 10 4 15 5
split_gain=49.9966 41.9098 40.771 106.656 104.159 92.8997 69.3735 68.6318 66.8533 77.2013 59.8896 56.4229 55.6885 58.2215 53.8417 89.3404 44.1976 43.9704 39.4099 152.903 64.3264 40.6866 150.732 91.0169 65.7037 39.2152 38.1876 38.0994 35.1034 44.2183
threshold=-0.31783521175384516 0.95786041021347057 57.500000000000007 65.500000000000014 55.500000000000007 44.500000000000007 119900.00000000001 0.018871096894145015 10052930.500000002 66.500000000000014 0.15700250118970874 71.500000000000014 -0.041301645338535302 14.062500000000002 0.46327500045299536 17.062500000000004 14.527777671813967 5320895.5000000009 43.500000000000007 34.500000000000007 5320895.5000000009 23.500000000000004 33.500000000000007 10.535714149475099 0.010001999791711571 24.500000000000004 0.58661615848541271 7020.0000000000009 2.5000000000000004 15089427.500000002
decision_type=2 10 2 2 2 2 8 8 2 2 10 2 2 2 8 2 2 2 2 2 2 2 2 2 8 2 2 8 2 2
left_child=-1 2 4 -4 5 18 -7 -5 9 10 -9 -10 -11 -14 15 -13 -12 -6 19 21 -20 -2 23 -23 -25 -26 -22 -24 29 -19
right_child=1 -3 3 7 17 6 -8 8 11 12 16 14 13 -15 -16 -17 -18 28 20 -21 26 22 27 24 25 -27 -28 -29 -30 -31
leaf_value=-0.037699776348535746 -0.00013987019846742828 0.012502548381421636 0.0064419762948366675 -0.018645338592533926 -0.00072759535169972971 0.0064419762948366675 -0.0029286939898588446 -0.0087745660012473661 0.0064419762948366675 -0.0082880261453408474 0.0064419762948366675 0.0017745093457725075 0.0064419762948366675 0.00047585886629899723 0.0064419762948366675 -0.0087745660012473661 -0.003114265796888433 -0.018645338592533926 0.0010983927917429229 0.0064419762948366675 -0.0033979968938266168 0.0064419762948366675 0.0064419762948366675 -0.018645338592533926 -5.5096850486906408e-05 0.0039782229648396396 0.0064419762948366675 -0.00070413920630731965 -0.0048266607026217628 -0.0089458168129083696
leaf_weight=84.08927445858717 162272.46721317247 712.76407703757286 4120.9340721517801 272.70920137502253 5564.6250272467732 9138.2528042271733 2335.3309415355325 3867.995747404173 6768.1491189152002 1298.005252443254 1053.2816405668855 1940.3924100697041 4277.9698517769575 10545.626609690487 1632.8989720307291 1998.8851077780128 3667.0084014683962 877.55737262964249 15876.759308215231 5253.2894678786397 21240.984145438299 3145.9483138844371 493.50873782485723 54.591941863298416 8266.183530703187 1086.2905969396234 319.83649061620235 27763.553514655679 6255.5140701457858 752.26457101851702
leaf_count=192 365907 1094 7023 1346 12628 17154 5117 13020 18113 2579 1492 3535 6682 29809 4004 6937 11642 2368 40080 8423 66890 3759 845 193 15081 1763 350 64603 17964 1580
internal_value=0.000398618 0.000409099 0.000381404 0.0018418 0.000157805 0.000382083 0.00477933 0.000906274 0.00109621 -0.000404785 -0.00423335 0.00410132 0.00163504 0.00250493 0.000322239 -0.00289296 -0.000452729 -0.00413121 0.000176767 0.000445166 -0.00131679 0.000215047 0.00162624 0.00618486 0.00151447 0.00200468 -0.00309519 -0.000399198 -0.00653232 -0.013065
internal_weight=312938 312854 312141 41443.9 270697 257247 11473.6 37322.9 37050.2 24709.9 8588.29 12340.3 16121.6 14823.6 5572.18 3939.28 4720.29 13450 245773 208336 37437.6 203083 40810.1 12553 9407.07 9352.47 21560.8 28257.1 7885.34 1629.82
internal_count=732173 731981 730887 106182 624705 590165 22271 99159 97813 65224 26154 32589 39070 36491 14476 10472 13134 34540 567894 460574 107320 452151 86244 20796 17037 16844 67240 65448 21912 3948
is_linear=0
shrinkage=0.05


Tree=113
num_leaves=31
num_cat=0
split_feature=15 8 8 6 9 8 6 8 11 4 11 8 6 3 7 3 7 7 8 9 3 4 7 3 7 6 3 8 11 8
split_gain=71.9359 56.1167 74.9666 45.3636 37.2984 46.4746 39.1392 31.8892 32.712 32.1408 22.8061 25.7842 19.9555 30.7282 33.564 24.5155 16.6764 16.1635 15.1077 16.3336 15.0804 19.1438 15.587 14.9209 13.8923 13.2958 12.9954 12.6794 19.3666 12.579
threshold=6.5000000000000009 69.500000000000014 71.500000000000014 7714069.5000000009 21.791666984558109 43.500000000000007 3211691.0000000005 57.500000000000007 -0.041301645338535302 8014.4001464843759 -0.013405198231339453 88.500000000000014 3211691.0000000005 0.040879251435399062 0.10732142999768259 0.021606274880468849 0.21521398425102237 0.66000136733055126 12.500000000000002 11.958333492279055 0.10257336497306825 63020.000000000007 0.4167881458997727 0.12665492296218875 0.4944437593221665 1.0000000180025095e-35 0.22025833278894427 46.500000000000007 0.15940868854522708 65.500000000000014
decision_type=2 2 2 10 2 2 8 2 2 8 2 2 10 8 10 8 10 10 2 2 8 10 10 8 10 10 8 2 2 2
left_child=3 27 -3 4 6 16 18 9 -9 -8 -4 -12 13 14 -7 24 -6 26 19 -1 22 -22 -15 -10 -14 -16 -17 -2 -29 -28
right_child=1 2 10 -5 5 12 7 8 23 -11 11 -13 15 20 25 17 -18 -19 -20 -21 21 -23 -24 -25 -26 -27 29 28 -30 -31
leaf_value=0.001813647180734102 0.0028233602395060032 0.073934161880508872 0.0020276653919815888 0.0020276653919815888 -0.0016795009851736577 -0.041942662301480166 0.0020276653919815888 -0.00027742423912017149 0.00087512057643070879 -0.00027742423912017149 0.029860361638783812 0.011042435853480982 -0.059636628354330756 -0.0069399435176447618 -0.0072978270959554422 -0.0084032312822019863 -0.00027742423912017149 -0.00027742423912017149 0.0020276653919815888 -0.00027742423912017149 -0.00027742423912017149 -0.0025116257587419039 -0.0025116257587419039 0.0020276653919815888 -0.020975760306373756 -0.024995948492216521 -0.0028042792218622554 0.0068616562010081969 0.03549467203727831 -0.0060992425169996622
leaf_weight=10656.277276545763 12625.055558517575 55.768100708723068 96.27036315202713 9628.2665581479669 24384.560586158186 84.262458123266697 6941.1323622688651 3082.3735119327903 3767.7644751984626 154137.70590389892 260.35656659305096 84.648658201098442 32.164560258388519 2583.9185605477542 470.58994770422578 2295.8608688190579 18477.931110754609 451.73711402714252 15008.813043549657 3141.7047773748636 13357.071682255715 1630.9992576688528 1077.1137790456414 23261.119855388999 23.290624834597111 17.188419207930565 3498.7430458068848 921.19391027837992 61.302451588213444 1102.423766631633
leaf_count=18282 40045 33 226 16475 74180 618 11262 6185 9339 317108 618 286 228 10630 2626 6650 52410 1099 25645 5723 48206 7267 4283 51699 83 93 14200 2542 62 4968
internal_value=0.000365348 0.00385454 0.0203232 0.000200791 6.80071e-05 -0.000941825 0.000386977 0.000127859 0.00162133 -0.000151339 0.0132449 0.0200572 -0.00262592 -0.00177602 -0.0131705 -0.00483116 -0.000277424 -0.00457547 0.00202767 0.000369199 -0.00142513 -0.000722159 -0.00430109 0.00202767 -0.0373761 -0.00804923 -0.00533113 0.00325009 0.00871668 -0.00379525
internal_weight=313218 14104.6 497.044 299113 289485 69487.9 219997 191190 30111.3 161079 441.276 345.005 26625.4 19221.1 572.041 7404.22 42862.5 7348.76 28806.8 13798 18649.1 14988.1 3661.03 27028.9 55.4552 487.778 6897.03 13607.6 982.496 4601.17
internal_count=733071 43812 1163 689259 672784 227541 445243 395593 67223 328370 1130 904 100951 73723 3337 27228 126590 26917 49650 24005 70386 55473 14913 61038 311 2719 25818 42649 2604 19168
is_linear=0
shrinkage=0.05


Tree=114
num_leaves=31
num_cat=0
split_feature=5 9 8 8 8 9 8 8 4 15 3 6 4 7 4 6 4 8 8 4 7 3 5 0 9 7 0 7 7 8
split_gain=52.6275 53.6663 61.335 48.356 118.346 124.125 98.157 104.083 67.5747 62.1482 59.578 59.5451 68.2799 66.4638 55.5008 52.3574 138.398 115.769 56.8775 119.121 52.2743 51.7319 50.7096 50.1862 46.9355 46.6508 74.2849 44.0017 42.9864 42.0022
threshold=1289243.5000000002 7.3666667938232431 20.500000000000004 57.500000000000007 65.500000000000014 13.845237731933596 55.500000000000007 47.500000000000007 2820.0000000000005 6.5000000000000009 0.12665492296218875 3211691.0000000005 159800.00000000003 0.86013334989547741 30020.600585937504 1.0000000180025095e-35 inf 23.500000000000004 45.500000000000007 50920.000000000007 0.12494444474577905 0.078491404652595534 13439690.500000002 0.064309347420930876 10.050000190734865 0.24912462383508685 0.14686274528503421 0.54995107650756847 0.011134954635053875 1.0000000180025095e-35
decision_type=2 2 2 2 2 2 2 2 8 2 10 10 10 10 10 10 8 2 2 10 10 8 2 2 2 8 2 10 10 2
left_child=1 -1 -3 6 5 14 7 15 -8 10 -6 -10 13 -13 -5 18 17 -17 -2 28 23 27 -12 -21 -9 26 -4 -7 -20 -18
right_child=3 2 25 4 9 21 8 24 11 -11 22 12 -14 -15 -16 16 29 -19 19 20 -22 -23 -24 -25 -26 -27 -28 -29 -30 -31
leaf_value=0.0072910906474891544 -0.00075597696140496909 -0.054512383702567106 -0.051344609151272827 0.028525373044014608 -0.0028253888316057117 -0.069556196922684305 0.064333632082963985 0.023408348005095267 -0.0023596056683724176 0.013903118290515709 0.00065768497219022108 -0.010204719376761283 -0.087690883898210434 0.029988238390926569 0.01173710745520073 0.0066280656700684467 -0.0017869138408772489 0.00169447761984937 0.0019630951980303605 -0.032029602869457684 -0.0010967641371731702 0.0027903003948783894 0.0059017420776872973 -0.010544342073331167 0.0064939791552906332 -0.005188281184901845 -0.017445211199672805 -0.017751050683907029 0.011865049309124182 0.00059614840782843759
leaf_weight=376.45661551505327 131645.85334051214 86.245272696018219 193.56350393779576 833.74261300265789 9336.4187304116786 51.757531136274338 33.9068633466959 600.99636256694794 9867.999557889998 899.86892220377922 20974.055169604719 3463.6661813333631 26.023990526795387 54.502090774476528 1210.5968922004104 16893.780780106783 27770.762158572674 17033.825168231502 585.20957776904106 362.4770827293396 1576.4352833256125 1972.6207587718964 5906.8482903838158 112.35895724594593 1290.0443618446589 810.36184980347753 60.138827323913574 25.964633390307426 3286.1017739623785 55319.327000163496
leaf_count=705 325550 312 1303 952 28437 186 28 673 25402 2453 54348 8752 116 71 1759 29040 54219 33436 1317 1063 3522 4010 13305 132 2251 3000 43 44 6129 130785
internal_value=0.000187626 -0.00906664 -0.0144233 0.000233096 0.00182831 0.0098932 -1.04727e-05 0.000207856 -0.0041744 0.00093812 0.000615237 -0.00435716 -0.00991441 -0.0092896 0.0186051 0.000121 0.000898447 0.00358931 -0.000540311 0.0042521 -0.0054859 0.00119718 0.00181037 -0.0199919 0.0118886 -0.0110778 -0.0297021 -0.0382924 0.00941209 -0.000200354
internal_weight=312662 1526.77 1150.31 311135 41211.9 4094.68 269923 256477 13446.1 37117.2 36217.3 13412.2 3544.19 3518.17 2044.34 254586 117018 33927.6 137568 5922.58 2051.27 2050.34 26880.9 474.836 1891.04 1064.06 253.702 77.7222 3871.31 83090.1
internal_count=733343 5363 4658 727980 105494 6951 622486 588117 34369 98543 96090 34341 8939 8823 2711 585193 247480 62476 337713 12163 4717 4240 67653 1195 2924 4346 1346 230 7446 185004
is_linear=0
shrinkage=0.05


Tree=115
num_leaves=31
num_cat=0
split_feature=8 7 3 11 11 11 4 7 4 2 8 3 6 9 8 9 10 8 8 8 8 7 8 3 6 10 9 11 2 4
split_gain=46.8605 112.107 74.145 60.9981 55.9675 42.9331 103.791 38.6824 36.2238 35.2928 35.0205 62.37 51.7727 79.6731 41.6855 101.843 113.361 77.5811 48.4594 42.8002 74.0763 57.6298 46.2115 58.2434 41.5895 40.3618 38.5421 47.6696 38.2554 38.1746
threshold=88.500000000000014 0.4167881458997727 0.046154048293828971 -0.0063818127382546655 -0.077728413045406328 -0.31783521175384516 40003.000000000007 0.91076254844665538 52044.099609375007 3806.5000000000005 77.500000000000014 0.30758285522460943 7714069.5000000009 15.775000095367433 57.500000000000007 18.928571701049808 -1.0000000180025095e-35 55.500000000000007 44.500000000000007 43.500000000000007 34.500000000000007 0.52384921908378612 1.0000000180025095e-35 0.0060159999411553153 3211691.0000000005 -0.12835636734962461 10.775000095367433 -0.024473905563354489 1.0000000180025095e-35 32700.000000000004
decision_type=2 10 8 2 2 2 8 10 10 2 2 8 8 2 2 2 2 2 2 2 2 10 2 8 10 2 2 2 2 10
left_child=5 2 -2 -3 -4 6 -1 10 -5 -9 14 12 -12 -14 17 -16 -17 18 19 20 21 22 -7 29 -13 -21 -25 28 -28 -24
right_child=1 3 4 8 -6 7 -8 9 -10 -11 11 24 13 -15 15 16 -18 -19 -20 25 -22 -23 23 26 -26 -27 27 -29 -30 -31
leaf_value=-0.017289328831361958 -0.074676245605696495 0.00694723434730358 -0.037047527894967222 0.02660440365714245 0.0011346604101875287 -0.0015744370340470264 -0.11095618408572545 0.0034581365384035649 0.013696597948456663 0.019489284457531876 -0.0022741506566536286 0.0025236662204906608 -0.0022741506566536286 -0.014480952290801173 0.0025236662204906608 -0.017289328831361958 -0.0010262893701751521 -0.0037629569689522956 0.0025236662204906608 -0.017289328831361958 0.0025236662204906608 0.0018844447038941722 -0.0066463527196477818 0.00076511128086811692 -0.0022741506566536286 -0.0014919532684492687 -0.0064873345732647195 -1.9043100353590659e-05 -0.0020109809676561326 -0.017289328831361958
leaf_weight=56.368600487709045 30.944380106404424 733.1460428237915 45.725053086876869 922.25393357127905 4941.0679240077734 52874.351316273212 30.702745072543621 3482.7085673213005 459.96452452242374 379.08200597018003 1784.1764977574348 3143.3434305489063 1505.6781155914068 2809.1561150327325 16183.162464901805 921.74946171790361 6327.9437756873667 13483.554521113634 11270.794596523046 61.181584313511848 5185.651137650013 34767.503461658955 217.40932566672564 20715.445826694369 1494.8234584592283 36914.50960768573 6405.3038498014212 83401.731241580099 1844.394617125392 538.07097124680877
leaf_count=75 178 1504 128 1709 12409 115334 119 6363 1094 416 3867 7807 2673 10415 31657 3179 25260 34352 22151 174 8408 71200 609 30984 4192 106381 13026 212458 3104 2082
internal_value=0.000153251 0.00415882 8.75092e-05 0.013807 0.00058119 5.97896e-05 -0.0346486 6.99017e-05 0.020446 0.00504106 6.26894e-06 -0.00279774 -0.00612014 -0.00940791 0.000109708 0.00213183 -0.00344358 -6.73238e-05 0.000128735 -2.59538e-05 0.000255262 3.34757e-05 -0.000354222 0.000216134 0.00157184 -0.00159222 0.000309279 -0.000377718 -0.00400292 -0.013602
internal_weight=312932 7133.1 5017.74 2115.36 4986.79 305799 87.0713 305712 1382.22 3861.79 301850 10737.2 6099.01 4314.83 291113 23432.9 7249.69 267680 254196 242926 205950 200764 165997 113122 4638.17 36975.7 112367 91651.4 8249.7 755.48
internal_count=733308 17022 12715 4307 12537 716286 194 716092 2803 6779 709313 28954 16955 13088 680359 60096 28439 620263 585911 563760 457205 448797 377597 262263 11999 106555 259572 228588 16130 2691
is_linear=0
shrinkage=0.05


Tree=116
num_leaves=31
num_cat=0
split_feature=8 7 8 0 8 5 4 8 8 5 5 3 8 8 4 8 8 9 5 3 6 7 15 8 10 8 9 6 8 6
split_gain=46.1016 82.7156 53.9058 50.1353 40.0079 69.1893 39.9564 39.7851 48.7151 39.6058 63.9022 39.2641 36.3637 208.76 65.4259 49.42 286.245 107.08 59.1991 57.3697 106.322 58.8377 39.5672 43.4538 41.9102 65.2061 113.813 45.2096 40.5765 34.6558
threshold=88.500000000000014 0.4167881458997727 115.50000000000001 1.0000000180025095e-35 96.500000000000014 15089427.500000002 2292.0000000000005 101.50000000000001 110.50000000000001 5320895.5000000009 13439690.500000002 0.54134500026702892 1.0000000180025095e-35 11.500000000000002 197300.00000000003 12.500000000000002 21.500000000000004 5.9500000476837167 1289243.5000000002 0.010001999791711571 3211691.0000000005 0.54298031330108654 6.5000000000000009 82.500000000000014 0.16680990904569629 86.500000000000014 12.050000190734865 7714069.5000000009 46.500000000000007 1.0000000180025095e-35
decision_type=2 10 2 2 2 2 8 2 2 2 2 10 2 2 10 2 2 2 2 8 10 10 2 2 2 2 2 10 2 10
left_child=6 3 9 4 -2 29 -1 -7 -9 -3 -11 -10 14 -14 -8 17 -17 -15 -19 20 -20 -21 23 -18 25 26 -25 -27 -24 -6
right_child=1 2 -4 -5 5 7 12 8 11 10 -12 -13 13 15 -16 16 22 18 19 21 -22 -23 28 24 -26 27 -28 -29 -30 -31
leaf_value=0.01572659546488742 -0.00082271218208772941 0.026395454431800233 0.0067462921935081653 0.0044268493107972899 -0.00082271218208772941 -0.073160235388523842 -0.00078888721536138546 -0.00082271218208772941 -0.068253016793488899 0.0067462921935081653 0.028439965007157786 -0.00082271218208772941 0.0079748866758964504 0.0079748866758964504 -0.063960021778060788 0.0079748866758964504 0.00027066190280878796 -0.044471538091589928 -0.014139719436128378 -0.0034124046892353623 -0.092112546865084535 0.0026601137776868637 0.0020966327481332131 -0.002369054011340568 0.0020966327481332131 -0.0052776433513376372 -0.092169237563082207 -0.084472540974254912 0.0079748866758964504 -0.019726774363107991
leaf_weight=414.16267537325621 542.14319676160812 754.22475452721119 438.79337743669748 3326.0338161736727 644.54474832862616 55.339632838964462 64681.65850675106 84.43094814941287 66.781648501753807 532.62739229202271 369.86697831004858 15.29167293012142 3247.6203949153423 1797.5957386419177 39.013918772339821 2972.7561095580459 197187.1459787786 82.344652310013771 206.72536969184875 19447.142422646284 47.747567281126976 4184.2343010604382 5419.2717913836241 68.551878094673157 783.52991704642773 3812.9691948518157 58.160118445754051 16.116717547178268 1372.5832070484757 316.63037313148379
leaf_count=563 1380 1247 1081 6708 2463 259 136977 312 366 1311 616 37 3905 2392 233 3885 485479 295 467 39280 195 7449 17684 109 1178 12417 259 71 3466 1209
internal_value=0.000337052 0.0043062 0.0126525 0.000840043 -0.00607227 -0.0119838 0.000244275 -0.0370247 -0.0242889 0.0179451 0.0108403 -0.0513427 0.000223178 0.000506077 -0.000828942 0.000310395 0.00056205 -0.00175708 -0.00265466 -0.00250679 -0.0260281 -0.00225132 0.000283206 0.000156929 -0.00457322 -0.00683474 -0.0418462 -0.0056549 0.00403634 -0.00613937
internal_weight=312986 7146.71 2095.51 5051.2 1725.16 1183.02 305839 221.844 166.504 1656.72 902.494 82.0733 305425 240704 64720.7 237457 211691 25765.8 23968.2 23885.8 254.473 23631.4 208718 201926 4739.33 3955.8 126.712 3829.09 6791.85 961.175
internal_count=733293 16989 4255 12734 6026 4646 716304 974 715 3174 1927 403 715741 578531 137210 574626 524548 50078 47686 47391 662 46729 520663 499513 14034 12856 368 12488 21150 3672
is_linear=0
shrinkage=0.05


Tree=117
num_leaves=31
num_cat=0
split_feature=6 14 8 11 8 8 3 4 8 11 0 8 3 0 3 8 8 11 7 4 0 2 8 8 7 7 4 8 8 3
split_gain=51.5773 61.6697 97.9218 53.4038 51.3416 126.234 66.5223 49.8268 47.0196 73.6647 90.1781 47.6232 68.082 58.2747 46.9752 46.2163 40.667 44.5927 42.1601 40.5432 39.845 35.9328 40.0589 64.6172 34.6039 34.2459 33.2644 32.6815 50.6608 127.419
threshold=1.0000000180025095e-35 1.0000000180025095e-35 23.500000000000004 0.35763022303581243 27.500000000000004 33.500000000000007 0.010001999791711571 124200.00000000001 112.50000000000001 -0.022898098453879353 0.051836095750331886 95.500000000000014 0.47657167911529547 0.009009740315377714 1.0000000180025095e-35 102.50000000000001 88.500000000000014 -0.012074694037437437 0.44452822208404547 197300.00000000003 0.011173533275723459 600.45001220703136 112.50000000000001 172.50000000000003 0.16687448322772983 0.95786041021347057 32700.000000000004 11.500000000000002 12.500000000000002 0.010001999791711571
decision_type=10 2 2 2 2 2 10 10 2 2 2 2 10 2 8 2 2 2 10 10 2 2 2 2 8 10 10 2 2 10
left_child=14 3 27 21 6 -6 -4 24 11 10 -10 16 13 -13 19 -15 20 -18 -19 26 -7 22 -2 -24 -8 -22 -1 -3 29 -29
right_child=1 2 4 -5 5 8 7 -9 9 -11 -12 12 -14 15 -16 -17 17 18 -20 -21 25 -23 23 -25 -26 -27 -28 28 -30 -31
leaf_value=-0.0010770181118811082 -0.00010077013744548777 0.0089197258748827096 -0.078727399101166884 0.0095014072119873547 0.0287166469573466 -0.0010625250025686247 -0.015515380434945434 -0.042368495446513721 -0.10387784940384504 0.02079714184808051 -0.0055431261752354717 -0.042930488912563916 0.011690801085993317 -0.026115822492044333 6.1532286500531002e-05 -0.0043200693199626061 -0.019317048193688249 0.0090388242989228561 0.043095133141917194 -0.059642323943920633 0.0027007302667118073 0.0047907444447831196 -0.067460864472775009 0.0023284287947425725 -0.00028265798591808422 0.051538925788666659 -0.0041909239951328911 -0.06167311257259607 0.0065951341337507109 0.0010218990622442537
leaf_weight=14971.104177370667 84756.91928948462 4979.2789073884487 30.019395843148232 1528.0981083139777 411.69768486917019 14488.724019989371 524.69948878139257 31.958275735378265 26.749567463994026 547.92371015623212 46.91029017418623 190.18881218880415 229.81484212726355 164.50561871379614 147871.19659908488 230.96748964488506 74.128747448325157 228.90622337162495 150.2676630243659 28.702241249382496 11774.445075899363 3831.5570532903075 54.648169562220573 22.08295527100563 1276.4575607031584 34.011191539466381 11743.345129609108 80.581085652112961 7517.965047698468 4346.0664347484708
leaf_count=29231 195994 7574 103 1986 453 33734 1031 105 112 947 61 662 390 427 380483 404 156 417 152 187 19989 5696 369 48 2112 19 27444 274 14298 7199
internal_value=0.000283218 0.00100723 0.00246765 0.000239909 0.000773382 0.00129749 -0.00726441 -0.00600959 0.000895002 0.0144721 -0.0318834 0.000587825 -0.0113002 -0.0203309 -0.00028724 -0.00930116 0.000951043 0.0157665 0.0226907 -0.00221557 0.000694479 8.00817e-05 -0.000133887 -0.0357827 -0.00473243 0.0028501 -0.00214941 0.00551682 0.00409701 -0.000146715
internal_weight=312194 137580 47386.3 90193.3 30462.4 28599.2 1863.13 1833.12 28187.5 621.584 73.6599 27566 815.477 585.662 174614 395.473 26750.5 453.303 379.174 26743.2 26297.2 88665.2 84833.7 76.7311 1801.16 11808.5 26714.4 16923.9 11944.6 4426.65
internal_count=732057 294712 90619 204093 61274 57923 3351 3248 57470 1120 173 56350 1883 1493 437345 831 54467 725 569 56862 53742 202107 196411 417 3143 20008 56675 29345 21771 7473
is_linear=0
shrinkage=0.05


Tree=118
num_leaves=31
num_cat=0
split_feature=5 4 0 5 10 11 4 9 7 7 10 0 4 3 3 14 3 11 0 15 5 10 5 4 7 9 3 3 3 5
split_gain=54.9114 46.8093 40.2466 30.6032 60.7436 54.5451 61.3135 38.0862 45.5566 32.7282 31.6829 26.108 57.531 26.165 25.6852 24.2926 23.8689 21.5489 20.2037 19.9366 37.9485 19.0906 17.5854 17.4796 71.1843 16.5902 18.1174 14.8284 12.7281 12.1151
threshold=5320895.5000000009 2292.0000000000005 0.0091326101683080214 12130922.500000002 -0.22840908914804456 -0.10753119364380835 51559.400390625007 13.845237731933596 0.91434285044670116 0.96618503332138073 0.15634310990571978 0.10612764954566957 80100.000000000015 0.064863856881856932 0.086898483335971846 1.0000000180025095e-35 0.24472163617610934 0.44031384587287908 0.5195332169532777 6.5000000000000009 10052930.500000002 0.094237010926008238 10052930.500000002 197024.50000000003 0.34755952656269079 11.354166507720949 0.010001999791711571 0.086898483335971846 0.1929242014884949 15089427.500000002
decision_type=2 8 2 2 2 2 8 2 10 10 2 2 10 8 10 2 10 2 2 2 2 2 2 10 10 2 8 8 8 2
left_child=1 -1 23 5 -5 6 -2 8 10 15 14 12 13 22 -6 18 -10 -4 19 -7 -21 -14 -8 25 -25 -3 -27 -19 -12 -9
right_child=3 2 17 4 7 9 11 29 16 -11 28 -13 21 -15 -16 -17 -18 27 -20 20 -22 -23 -24 24 -26 26 -28 -29 -30 -31
leaf_value=0.034203483129067583 -0.0036594560298872595 0.0016491189322151278 0.0024339639348544646 -0.079437317747931974 0.00060865965464568608 -0.002871891930774511 -0.028299136088963624 0.00060865965464568608 0.0087240937734422395 0.018653233435816978 0.0031628038634592855 -0.0092745536283010046 -0.106042581081356 -0.015253533797768899 0.0031628038634592855 -7.137566079615869e-05 0.027064128446081817 0.0060420067209460901 0.0090673579240774082 0.0035888177526457298 -0.0014753314289950167 -0.043538880927543711 -0.042527198710469838 -0.070239847443721234 -0.0078358369909160876 -0.0074268390833080004 0.00032084515690433094 0.01371771237941148 0.0077118215554115967 -0.00089047454605172428
leaf_weight=105.40182603150606 1984.0112964883447 26003.675805263221 32234.340149283409 21.690042853355408 27103.393228851259 18166.475073229522 64.943055436015129 3739.2614172138274 291.87778772413731 221.06955870985985 2139.9804237261415 707.42654034495354 20.441824674606323 626.82113439589739 7548.6001725792885 79471.271542809904 261.70826941728592 202.47803951054811 136.75819300115108 1143.8339195102453 8709.9252348169684 38.942882150411606 34.073994010686874 46.539887133985758 103.03915690630674 761.63349648565054 63480.756016334519 864.69308146089315 2625.2637202367187 34091.74033633247
leaf_count=98 3338 45235 53957 68 47137 51336 128 9982 410 306 3010 1296 87 1405 11788 213616 249 321 139 2431 33475 105 139 302 361 2873 156015 1016 3418 88393
internal_value=0.000389924 0.00120857 0.0011799 -0.000145904 0.000614753 -0.00067765 -0.00684004 0.000639112 0.00171532 -0.000478874 0.00151484 -0.0148897 -0.0212325 -0.017246 0.000989004 -0.000518518 0.0159333 0.00266577 -0.00178045 -0.00188972 -7.87709e-05 -0.0678084 -0.0413447 0.000632464 -0.0163326 0.000660944 0.000228763 0.00965005 0.0053366 -0.000498
internal_weight=312952 123803 123697 189150 77823.5 111326 3476.66 77801.8 39970.8 107849 39417.2 1492.65 785.223 725.838 34652 107628 553.586 33301.5 28157 28020.2 9853.76 59.3847 99.017 90395.6 149.579 90246.1 64242.4 1067.17 4765.24 37831
internal_count=732434 260178 260080 472256 164455 307801 6498 164387 66012 301303 65353 3160 1864 1672 58925 300997 659 55294 87381 87242 35906 192 267 204786 663 204123 158888 1337 6428 98375
is_linear=0
shrinkage=0.05


Tree=119
num_leaves=31
num_cat=0
split_feature=5 11 7 4 8 8 7 11 9 8 8 8 2 11 1 8 6 9 8 6 2 8 8 7 9 8 9 11 11 8
split_gain=39.785 58.3199 68.4694 79.2967 40.3856 57.2955 87.3645 72.4331 36.8607 35.133 33.6175 30.8597 30.7211 30.6312 29.3483 24.4216 40.2821 47.2025 36.7832 29.5253 26.1258 24.3295 282.11 104.241 59.4961 49.2756 169.529 44.0587 42.8276 40.0465
threshold=1289243.5000000002 0.45600013434886938 0.24912462383508685 50005.099609375007 150.50000000000003 131.50000000000003 0.16687448322772983 -0.0086444807238876802 17.211111068725589 136.50000000000003 133.50000000000003 130.50000000000003 6190.5000000000009 -0.31783521175384516 5.5000000000000009 57.500000000000007 7714069.5000000009 15.267857074737551 23.500000000000004 7714069.5000000009 1689.5500488281252 33.500000000000007 24.500000000000004 0.11771241948008539 12.464285850524904 22.500000000000004 9.9583334922790545 -0.0997452177107334 0.44031384587287908 44.500000000000007
decision_type=2 2 8 10 2 2 10 2 2 2 2 2 2 2 2 2 8 2 2 8 2 2 2 8 2 2 2 2 2 2
left_child=1 2 3 8 5 11 10 -8 -1 -9 -7 13 -12 14 -2 18 -17 -18 19 -4 -20 22 25 -24 28 -15 -27 -25 29 -23
right_child=4 -3 15 -5 -6 6 7 9 -10 -11 12 -13 -14 21 -16 16 17 -19 20 -21 -22 24 23 27 -26 26 -28 -29 -30 -31
leaf_value=-0.016646501394072824 -0.013632049326159176 0.047304211994394198 -0.013578146353070196 -0.076123413738607704 0.015687507829941261 -0.067169793326591842 -0.022195527612216416 0.023239090914821861 -0.046384957566340257 -0.0050126686374148913 -0.056182234164448633 0.049528197119608569 -0.022195527612216416 0.00046639876815364982 -0.065716279071475703 0.019022300101900105 0.019022300101900105 -0.016646501394072824 -0.016646501394072824 0.011061674923864753 0.010198037032401882 0.00074074406389282451 -0.013632049326159176 0.0041757584903337475 -0.00053547041878909479 0.01785454721001203 0.0010715503889420714 0.023799594504094079 0.018958564003955188 0.0038467421762500894
leaf_weight=196.97957731038332 61.390851467847824 45.039211928844452 191.40253777056932 69.632160343229771 435.51959690451622 80.080587908625603 98.18902775645256 217.38863578438759 54.288660412654281 76.038029983639717 65.714035928249359 30.112012013792992 44.309828981757164 163201.09470827132 32.242885768413544 95.797584880143404 58.731022849678993 67.642090145498514 344.1496785543859 325.47011682391167 90.288472771644592 15014.553631097078 206.13556349277496 72.722755819559097 105999.10564379767 1822.8012878224254 8579.1154364943504 1958.1257986053824 366.33942027390003 13715.123296566308
leaf_count=552 102 22 706 533 996 411 311 514 502 217 296 27 53 365202 95 226 78 355 1470 784 137 24186 428 150 293079 2299 15446 2484 383 21069
internal_value=0.000467612 -0.00754548 -0.00925961 -0.0296504 0.000507187 0.000485872 -0.0151644 -0.00160806 -0.0166465 0.0121702 -0.042783 0.000515237 -0.0241508 0.000510174 -0.027783 -0.00364258 0.0112162 -0.0109196 -0.00712897 0.00192016 -0.0166465 0.000518872 0.000906539 0.0185414 1.42789e-05 0.000679092 0.00401542 0.0219836 0.00201696 0.00179963
internal_weight=313616 1539.42 1494.38 320.9 312076 311641 581.72 391.616 251.268 293.427 190.104 311059 110.024 311029 93.6337 1173.48 222.171 126.373 951.311 516.873 434.438 310935 175840 2236.98 135095 173603 10401.9 2030.85 29096 28729.7
internal_count=733113 5365 5343 1587 727748 726752 1802 1042 1054 731 760 724950 349 724923 197 3756 659 433 3097 1490 1607 724726 386009 3062 338717 382947 17745 2634 45638 45255
is_linear=0
shrinkage=0.05


Tree=120
num_leaves=31
num_cat=0
split_feature=8 8 7 15 5 5 10 8 8 5 3 14 6 7 5 15 5 8 3 8 2 6 7 2 6 6 8 8 8 3
split_gain=38.4094 246.719 71.7485 39.4874 37.2475 36.8791 43.3655 38.248 56.0388 35.2458 47.7077 34.9209 154.139 48.2631 37.949 63.8735 32.8342 39.6277 31.3055 60.6346 67.0786 44.8537 29.9591 26.3289 26.2172 25.7741 28.3232 34.565 49.6003 39.0844
threshold=1.0000000180025095e-35 11.500000000000002 0.94621977210044872 6.5000000000000009 5320895.5000000009 10052930.500000002 -0.021258503198623654 69.500000000000014 72.500000000000014 1289243.5000000002 0.060639167204499252 1.0000000180025095e-35 1.0000000180025095e-35 0.96618503332138073 10052930.500000002 6.5000000000000009 13439690.500000002 109.50000000000001 0.0152323329821229 114.50000000000001 5783.0000000000009 1.0000000180025095e-35 0.44452822208404547 1464.3000488281252 1.0000000180025095e-35 1.0000000180025095e-35 2.5000000000000004 4.5000000000000009 7.5000000000000009 0.18978130072355273
decision_type=2 2 8 2 2 2 2 2 2 2 8 2 10 10 2 2 2 2 10 2 2 10 10 2 10 10 2 2 2 10
left_child=4 2 25 9 22 6 -5 -7 -9 10 -3 14 13 -13 15 -6 17 -10 19 -11 -21 -20 24 -12 -1 26 -2 -28 29 -29
right_child=1 3 -4 5 11 7 -8 8 16 18 23 12 -14 -15 -16 -17 -18 -19 21 20 -22 -23 -24 -25 -26 -27 27 28 -30 -31
leaf_value=-0.0030407234938024962 -0.021745854681770472 -0.043016510747902026 0.02083423086002599 0.0022995674038191779 -0.0072521099588539655 0.0022995674038191779 0.012718636291835943 0.081217844675123968 0.0022995674038191779 -0.00030561418668261664 -0.0096664847323134143 -0.0019006699781595054 0.010815270551542513 0.030576845334382926 -0.0015453828108709744 0.02434001308562557 0.032607744309104077 0.070988186637504253 0.00047721946931594339 -0.069520420198080871 0.00028183950258538329 0.0022995674038191779 0.0045592825056598885 0.0022995674038191779 0.0012285354175128025 0.013384779158068121 0.013384779158068121 -0.03746477298683195 0.0084212916372970945 0.0010210626125997724
leaf_weight=4804.1348315030336 110.85918137431145 87.080793083645403 1876.4727846384048 331.19007156789303 5614.3142686784267 5559.9777641817927 2081.4257135912776 32.293542951345444 90.219093516469002 63081.264723401517 914.81191693432629 18308.745864249766 2838.4320074617863 113.11505164206028 14156.169325232506 162.77097380161285 112.53914391249418 21.628896296024323 130758.92995943502 64.54964517802 38.068153627216816 41561.827102612704 4834.7352521121502 286.12500017881393 14280.082558348775 313.96979500353336 292.35831198096275 134.98829653859138 442.62537686526775 127.04827025532722
leaf_count=9255 219 513 2019 694 13605 19052 4175 20 379 156030 3842 41484 4339 110 35044 249 185 68 325642 441 56 79933 7666 430 25672 330 326 305 593 180
internal_value=0.000556006 0.000839433 0.0144191 0.000656516 -0.000524894 0.00406097 0.00928268 0.00229957 0.0216234 0.000538168 -0.007704 -0.00143613 -2.64689e-05 -0.00169795 -0.00293949 -0.00635388 0.0124049 0.00229957 0.000583311 -0.000368701 -0.0384023 0.00093238 0.00104444 -0.0050762 0.000153614 0.00593533 0.00200182 0.00468059 -0.00177758 -0.0189385
internal_weight=313433 248320 3298.32 245022 65112.5 8229.27 2412.62 5816.66 256.681 236793 1288.02 41193.5 21260.3 18421.9 19933.3 5777.09 224.387 111.848 235505 63183.9 102.618 172321 23919 1200.94 19084.2 1421.85 1107.88 997.02 704.662 262.037
internal_count=732856 595432 3972 591460 137424 24573 4869 19704 652 566887 4785 94831 45933 41594 48898 13854 632 447 562102 156527 497 405575 42593 4272 34927 1953 1623 1404 1078 485
is_linear=0
shrinkage=0.05


Tree=121
num_leaves=31
num_cat=0
split_feature=6 8 8 11 7 11 3 8 3 7 5 8 8 8 11 5 9 15 0 3 8 8 3 11 15 6 3 8 11 3
split_gain=39.1123 48.9281 41.8434 69.8859 47.6924 30.6264 28.5638 28.2321 92.4851 87.514 70.4334 37.0747 44.6139 38.9415 83.5189 77.0338 59.3687 56.436 36.4559 33.0364 32.4565 63.3353 32.4027 31.6949 43.4441 35.1201 45.2496 29.6958 28.4853 27.4349
threshold=3211691.0000000005 170.50000000000003 126.50000000000001 -0.034078449010848992 0.038567787036299712 0.39662459492683416 0.13075175881385806 88.500000000000014 0.046154048293828971 0.42123638093471533 5320895.5000000009 82.500000000000014 83.500000000000014 79.500000000000014 -0.034559885039925568 10052930.500000002 15.22499990463257 2.5000000000000004 0.047905908897519119 0.19810738414525988 96.500000000000014 91.500000000000014 0.58753833174705516 -0.0010857878369279204 2.5000000000000004 7714069.5000000009 0.073307387530803694 115.50000000000001 -0.02221500780433416 0.3668083399534226
decision_type=8 2 2 2 8 2 10 2 8 10 2 2 2 2 2 2 2 2 2 10 2 2 10 2 2 8 8 2 2 10
left_child=5 2 7 -4 -5 29 -6 11 -9 -10 27 13 -13 -2 18 16 -16 -17 -15 -18 21 22 -12 25 -25 -14 -27 28 -11 -1
right_child=1 -3 3 4 6 -7 -8 8 9 10 20 12 23 14 15 17 19 -19 -20 -21 -22 -23 -24 24 -26 26 -28 -29 -30 -31
leaf_value=0.0014843632316457612 0.00012115422764884625 0.024463771699571066 -0.065207120163882304 -0.03619744630061128 -0.019643835092964287 0.015004981027130784 0.00098260759926014122 -0.075919125329606374 8.5517226288329669e-05 0.0068827866146160752 0.0068827866146160752 -0.068964070951018128 -0.0053122701127406996 -0.099001434093497265 0.014336560487347237 -0.015567065862881483 -0.015567065862881483 0.035935410402489175 -0.019246328938370177 -0.00042052294859611236 0.0068827866146160752 0.053395325341064309 0.041062983980172496 -0.0053122701127406996 0.0029758902594827223 -0.07418945609314391 -0.014026195551520487 0.0068827866146160752 0.031577196667157331 0.008358530256794245
leaf_weight=35897.677021108568 263140.07888588309 204.64098984003067 53.749023050069809 67.143009934574366 79.750816233456135 436.50510004162788 618.98617193102837 34.292849779129028 3951.0731546059251 79.19574448466301 124.43252132833004 24.600075356662273 532.4928517639637 19.041416138410568 426.2883862182498 34.557137906551361 83.131989531219006 367.16951483488083 49.187382474541664 197.86713176965714 589.22425853461027 112.70009874552488 67.467148661613464 533.45349010266364 2401.4234543219209 30.382569834589958 1024.6370436772704 61.464633710682392 653.80113909393549 946.306506767869
leaf_count=69081 629633 367 180 284 367 500 1617 195 9941 141 309 88 1240 79 663 86 334 538 100 446 1537 105 83 1507 7811 149 2972 145 1024 1482
internal_value=0.000348602 0.000142962 0.00012471 -0.011142 -0.00718777 0.00186852 -0.00309022 0.000158427 0.0036482 0.0041588 0.0136801 8.47582e-05 -0.00439079 0.000161783 0.00922753 0.0125559 0.00260111 0.0299828 -0.04369 -0.0151776 0.00688279 0.0239883 0.00688279 -0.0040092 -0.000928742 -0.0096958 -0.0158959 0.0247505 0.0280273 0.00171208
internal_weight=312843 275562 275358 819.629 765.88 37280.5 698.737 274538 5673.65 5639.36 1688.29 268864 4546.99 264317 1177.24 1109.01 707.288 401.727 68.2288 280.999 893.824 304.6 191.9 4522.39 2934.88 1587.51 1055.02 794.462 732.997 36844
internal_count=733004 661941 661574 2448 2268 71063 1984 659126 13480 13285 3344 645646 13767 631879 2246 2067 1443 624 179 780 2034 497 392 13679 9318 4361 3121 1310 1165 70563
is_linear=0
shrinkage=0.05


Tree=122
num_leaves=31
num_cat=0
split_feature=10 6 15 3 4 9 6 7 7 9 10 0 11 6 10 3 10 2 9 3 3 11 6 4 2 10 9 7 2 3
split_gain=43.7288 25.7856 21.481 15.3153 54.0412 31.9615 17.7378 18.5694 14.787 14.1851 12.5729 12.2119 11.4675 9.79315 13.2772 7.59078 6.99723 6.67448 6.45899 11.6158 7.36759 6.26638 3.60175 3.00674 3.10948 2.57198 2.35319 5.74588 6.54879 2.63164
threshold=0.53357431292533886 7714069.5000000009 6.5000000000000009 1.0000000180025095e-35 197300.00000000003 21.550000190734867 1.0000000180025095e-35 0.44452822208404547 0.94621977210044872 11.958333492279055 0.16680990904569629 0.22767145186662677 -0.17277213186025617 7714069.5000000009 0.6559770703315736 0.059770833700895316 -0.049416434019803994 19296.549804687504 11.055555343627931 0.0152323329821229 0.0152323329821229 -0.025937951169908043 3211691.0000000005 5401.1999511718759 128.00000000000003 0.77667748928070079 5.5277776718139657 0.32438437640666967 3892.299926757813 0.6449512541294099
decision_type=2 10 2 10 10 2 10 10 10 2 2 2 2 8 2 10 2 2 2 10 8 2 10 10 2 2 2 8 2 8
left_child=1 2 3 4 5 6 7 -1 11 16 22 23 -3 14 15 -13 -5 25 -14 20 -20 -4 -11 24 -2 -16 27 -15 -29 -30
right_child=8 12 21 9 -6 -7 -8 -9 -10 10 -12 13 18 26 17 -17 -18 -19 19 -21 -22 -23 -24 -25 -26 -27 -28 28 29 -31
leaf_value=-0.0012075879322561755 0.003735347749110017 -0.023755996770784476 0.00093066778407095707 0.00046609664535895079 -0.06150764254714243 -0.0022553556039342257 -0.00015982026057812556 -0.00015982026057812556 0.03223136418487723 -0.00015982026057812556 0.00046609664535895079 0.0048753681090093299 0.002595327389210705 0.0065242448934172571 0.010364684416049541 0.010364684416049541 0.00093066778407095707 0.018508706301025815 -0.010580334690786885 0.001651676957591514 -0.0011459057212464751 0.0024974107464528147 0.00015313819239041264 0.002595327389210705 0.0048753681090093299 0.014543121243145055 0.0048753681090093299 0.0095720573910575493 0.013232326443260979 0.018508706301025815
leaf_weight=13960.797848522663 164.5948673337698 39.408204548060894 1675.8240399807692 7544.3245511129498 34.329411812126637 21415.562178939581 63688.61756747961 12828.612428933382 47.703359618782997 110105.53051466029 8266.3709330111742 329.29633966088295 4657.5582522079349 141.7718118429184 229.99077941477299 143.69239392131567 21827.678272351623 244.472446590662 27.166030190885067 1267.9217638522387 3349.3214362412691 12115.091408021748 25086.665830573067 1030.6132579147816 709.89596753567457 109.85697700828314 851.28879706561565 47.191749826073647 282.28110244125128 99.311565242707729
leaf_count=31867 313 76 3745 12613 222 70596 124682 24665 38 301442 13719 480 7114 212 297 147 32502 231 89 2056 6963 39976 54543 1551 884 114 1180 88 321 86
internal_value=0.000165793 9.47939e-05 1.38016e-05 -7.95399e-05 -0.00053519 -0.000515384 -0.00015982 -0.00120759 0.00509586 0.000215549 1.52551e-06 0.00478605 0.00259533 0.00715541 0.0108196 0.00487537 0.000930668 0.015854 0.00259533 0.000708027 -0.00148228 0.00194088 -0.00015982 0.00259533 0.00487537 0.0105775 0.00487537 0.00817312 0.0126199 0.0168926
internal_weight=312323 307891 298549 284758 111928 111894 90478 26789.4 4431.96 172831 143459 4384.26 9341.38 2479.15 1057.31 472.989 29372 584.32 9301.97 4644.41 3376.49 13790.9 135192 1905.1 874.491 339.848 1421.85 570.556 428.784 381.593
internal_count=732812 726870 710572 666851 252032 251810 181214 56532 5942 414819 369704 5904 16298 3156 1269 627 45115 642 16222 9108 7052 43721 355985 2748 1197 411 1887 707 495 407
is_linear=0
shrinkage=0.05


Tree=123
num_leaves=31
num_cat=0
split_feature=6 11 8 15 5 8 8 6 8 3 7 5 8 8 8 8 5 8 8 0 7 8 11 5 8 8 11 0 3 7
split_gain=48.724 38.3016 29.8818 28.6997 81.1949 75.252 40.0399 32.6601 26.9286 26.1204 32.0769 30.8488 24.3188 27.5205 24.2378 22.3854 34.8332 19.7595 42.105 21.0294 18.9368 17.9774 57.5268 21.1306 17.3718 47.154 51.8908 40.629 20.1605 18.8649
threshold=7714069.5000000009 -0.31783521175384516 170.50000000000003 6.5000000000000009 10052930.500000002 69.500000000000014 72.500000000000014 3211691.0000000005 1.0000000180025095e-35 0.010001999791711571 0.2223445922136307 5320895.5000000009 79.500000000000014 69.500000000000014 59.500000000000007 99.500000000000014 13439690.500000002 45.500000000000007 37.500000000000007 0.27207793295383459 0.83344665169715892 114.50000000000001 -0.0098285484127700311 15089427.500000002 88.500000000000014 82.500000000000014 -0.042407630011439316 0.022305141203105453 0.052625844255089767 0.91076254844665538
decision_type=10 2 2 2 2 2 2 8 2 10 8 2 2 2 2 2 2 2 2 2 10 2 2 2 2 2 2 2 8 10
left_child=1 -1 3 7 12 -6 -7 8 -3 10 11 -2 13 14 17 16 -8 18 19 -5 -11 24 -23 -24 25 29 -27 -28 -26 -9
right_child=9 2 -4 4 5 6 15 21 -10 20 -12 -13 -14 -15 -16 -17 -18 -19 -20 -21 -22 22 23 -25 28 26 27 -29 -30 -31
leaf_value=-0.033403486112873568 -0.017807235651233998 -0.001350652568110294 0.019480565486235113 0.011969621475884214 0.0013429485306932845 0.078884158880364763 0.0013429485306932845 -5.6364901618340701e-05 0.0013429485306932845 0.008414749304507859 0.002983480982808713 -0.089451313452065015 0.0013429485306932845 0.03591117245503362 0.0013429485306932845 0.046546008851512749 0.034195274521518562 0.021812882647011783 0.0013429485306932845 0.036671819057057464 0.032533573075398017 -0.016548608384933227 0.0013429485306932845 -0.008013555747575998 -0.016548608384933227 -0.016548608384933227 -0.0084288787491115878 0.0013429485306932845 0.0013429485306932845 0.0013429485306932845
leaf_weight=82.28836926817894 27.583577305078506 9583.9311842620373 201.05662484839559 1777.8639841154218 10790.648630388081 31.901249751448631 90.295864045619965 237253.29504807107 27618.326311182231 1529.980067551136 7931.0657599791884 17.078199133276939 123.96646302193403 107.44339348375797 176.68685335665941 60.484488062560558 97.947133906185627 412.50311391055584 293.37491394579411 89.169803082942963 84.310150317847729 336.85340544581413 897.02469158917665 166.09759572148323 43.295949134044349 272.40157452970743 2098.8265895657241 2037.4529151767492 4779.4642102792859 3776.5111419484019
leaf_count=185 55 17290 397 3075 37538 19 339 565030 53824 2384 13907 73 336 163 502 145 150 676 857 61 76 914 2346 593 218 723 8518 4150 11260 6593
internal_value=0.000407898 0.0002969 0.000306269 0.000293414 0.00249983 0.00134295 0.0276923 0.000186062 0.00134295 0.00391641 0.00274102 -0.038598 0.00996587 0.011285 0.0102973 0.0205496 0.0117952 0.0117936 0.00986218 0.0131874 0.00971311 -2.11227e-05 -0.00566724 0.000521497 1.0507e-05 -6.67485e-05 -0.00518992 -0.00354888 0.00134295 2.70018e-05
internal_weight=312789 303199 303117 302916 14052.3 11071.3 280.629 288863 37202.3 9590.02 7975.73 44.6618 2981.01 2857.04 2749.6 248.727 188.243 2572.91 2160.41 1867.03 1614.29 251661 1399.98 1063.12 250261 245438 4408.68 4136.28 4822.76 241030
internal_count=732397 715902 715717 715320 43861 38191 653 671459 71114 16495 14035 128 5670 5334 5171 634 489 4669 3993 3136 2460 600345 3853 2939 596492 585014 13391 12668 11478 571623
is_linear=0
shrinkage=0.05


Tree=124
num_leaves=31
num_cat=0
split_feature=8 8 7 6 8 7 5 9 7 8 8 6 4 4 9 8 5 5 15 8 7 4 6 3 5 7 9 6 5 11
split_gain=45.0825 51.1235 38.8544 36.167 36.5965 30.9416 28.2215 52.4557 44.6719 29.7496 26.0408 36.0589 41.2565 23.6243 23.4184 32.7652 31.8449 51.4342 111.852 57.645 43.2976 31.2896 35.4406 95.7323 43.2293 45.6705 31.2472 29.786 27.5558 23.1293
threshold=170.50000000000003 156.50000000000003 0.5600264072418214 7714069.5000000009 152.50000000000003 0.8175736963748933 1289243.5000000002 11.683333396911623 0.47834612429142004 43.500000000000007 178.50000000000003 3211691.0000000005 60025.201171875007 45020.000000000007 21.791666984558109 43.500000000000007 15089427.500000002 10052930.500000002 6.5000000000000009 11.500000000000002 0.92197561264038097 58050.000000000007 3211691.0000000005 0.14053100347518924 5320895.5000000009 0.58344748616218578 11.055555343627931 3211691.0000000005 5320895.5000000009 -0.017661913298070427
decision_type=2 2 10 10 2 10 2 2 8 2 2 10 8 10 2 2 2 2 2 2 10 10 8 10 2 10 2 10 2 2
left_child=1 3 -3 4 6 -5 7 -1 9 13 -2 12 -12 -9 16 -16 17 18 -8 -20 26 -17 23 28 25 -24 -18 -22 -23 -10
right_child=10 2 -4 5 -6 -7 14 8 29 -11 11 -13 -14 -15 15 21 20 -19 19 -21 27 22 24 -25 -26 -27 -28 -29 -30 -31
leaf_value=0.0058325528337592261 0.040353903414633324 -0.070035018237250488 0.025300289968298747 0.0028901223485760207 0.024901442577254903 0.026724508334050087 0.0006638040648725761 -0.027264729182989385 -0.014408619772019455 -0.014847537903721786 0.014834622631495792 0.026902350583318198 -0.08173117940678698 -0.066860236082535843 -0.00013311906464108197 -0.0011401618797571419 0.002707446711183707 -0.00013311906464108197 0.024531493339848467 0.006954090018922535 0.0096638950794497303 -0.030094349932403661 -0.013021661659233442 -0.0031647622364699142 -0.0031647622364699142 -0.0031647622364699142 0.00019080667909207529 0.039684498927551284 -0.080000588837366937 -0.003905603864197249
leaf_weight=535.13513689488173 105.94238724559546 41.676491364836693 12.994899809360502 9462.3058529645205 146.86698442697525 136.19373731315136 137284.30491228029 115.28150001168251 57.225857064127922 286.51162340026349 22.744697473943233 72.883326448500156 18.629985436797142 58.263948850333691 44582.692204769701 20844.217647045851 22981.370550863445 40025.565499156713 620.78689058125019 1869.2422888949513 360.42047642171383 55.439856842160225 2391.7482909653336 92.987946286797523 3321.0975517239422 263.61874691396952 26620.471077159047 106.05273931473494 60.820933550596237 452.69233741611242
leaf_count=984 134 185 17 16427 356 134 271350 537 228 1445 62 113 97 421 133816 77272 37245 106845 791 3293 506 168 9395 197 14697 846 54026 90 264 1784
internal_value=0.000219796 0.000203801 -0.0472815 0.000212405 0.000116713 0.00323381 0.000104535 -0.0067205 -0.0136438 -0.0249116 0.0227335 0.00598241 -0.0304102 -0.0411683 0.000138653 -0.000650856 0.000384618 7.40585e-05 0.000854378 0.0113525 0.00149982 -0.00206712 -0.00518936 -0.025321 -0.00447628 -0.00983909 0.00135687 0.0166294 -0.0570239 -0.0039056
internal_weight=313006 312786 54.6714 312731 303133 9598.5 302986 1505.11 969.975 460.057 220.2 114.258 41.3747 173.545 301481 71612.6 229868 179800 139774 2490.03 50068.3 27029.9 6185.71 209.249 5976.46 2655.37 49601.8 466.473 116.261 509.918
internal_count=733725 733319 202 733117 716556 16561 716200 5399 4415 2403 406 272 159 958 710801 236655 474146 382279 275434 4084 91867 102839 25567 629 24938 10241 91271 596 432 2012
is_linear=0
shrinkage=0.05


Tree=125
num_leaves=31
num_cat=0
split_feature=6 14 2 10 5 5 3 11 4 5 4 4 3 11 7 7 3 11 3 5 4 4 5 5 11 5 10 4 2 2
split_gain=45.9679 93.9946 64.0869 40.4144 36.5984 75.7219 114.16 54.8565 48.8616 48.4697 39.9677 36.147 33.7685 26.2943 24.7724 24.155 35.0375 23.8746 29.2512 35.7765 29.5106 23.5065 22.4683 32.7565 54.8684 22.9084 21.2659 42.1837 20.9023 20.5005
threshold=1.0000000180025095e-35 1.0000000180025095e-35 1174.7500000000002 -0.23308081179857251 12130922.500000002 15089427.500000002 0.10175963118672372 0.16451118141412738 24030.000000000004 13439690.500000002 140200.00000000003 7402.0000000000009 0.0152323329821229 -0.31783521175384516 0.95786041021347057 0.45011143386363989 0.23073067516088488 -0.10615530610084532 0.057977156713604934 10052930.500000002 51999.000000000007 2292.0000000000005 5320895.5000000009 13439690.500000002 -0.079001326113939271 10052930.500000002 -0.079966962337493883 50005.099609375007 56342.298828125007 83439.000000000015
decision_type=10 2 2 2 2 2 10 2 10 2 10 10 10 2 8 10 10 2 10 2 10 8 2 2 2 2 2 10 2 2
left_child=3 2 22 -1 13 6 8 14 -6 12 -11 -8 -10 -5 26 17 -17 18 19 20 -3 -15 -2 24 -24 -26 27 -7 -18 -9
right_child=1 15 -4 4 5 7 11 29 9 10 -12 -13 -14 21 -16 16 28 -19 -20 -21 -22 -23 23 -25 25 -27 -28 -29 -30 -31
leaf_value=-0.060854571982127452 0.00046578226039685125 -0.020503642462921329 0.0059618558762008309 -0.030579505574623835 0.00797854597699851 -0.0062246472626435847 0.037545375914803794 0.0084191516980352821 -0.030579505574623835 0.00092537280611844699 -0.030579505574623835 0.013903112677998578 -0.0086723048215161993 0.013308717139243177 0.0046908757077734238 0.0031315031008369619 0.007306341188700812 0.0021298739630982531 -0.0026060468212271049 -0.016275983065782679 -0.088347324109694272 -0.00070745649603653322 -0.016935359658931212 8.241802279959712e-06 -0.0019545780665635787 -0.0095947493647449422 -0.00035565754876058585 -0.030579505574623835 0.033090276443725801 0.039592824764768886
leaf_weight=25.562297292053699 43155.943707741797 31.899580657482147 4233.3585238009691 31.505718171596527 1043.2483203560114 303.38144442439079 176.40562319010496 1457.1653379797935 171.65558221936226 863.95963590592146 46.971181955188513 1831.8768294230103 326.55505579710007 297.80036313086748 1617.9716332554817 10103.212803885341 5183.9671896398067 31539.693153105676 584.92674958705902 49.962438330054283 33.740787908434868 135977.48550511617 659.34672508388758 25069.737545281649 16611.312784798443 317.34132941067219 30380.624948346987 85.452662751078606 77.996103517711163 52.918445885181427
leaf_count=70 94113 65 6076 83 1988 493 219 1929 509 1965 192 3798 849 413 3166 18627 9154 61609 918 69 113 352763 1461 53470 47805 1275 69225 215 60 36
internal_value=0.000224445 0.000907759 -4.2252e-05 -0.000313996 -0.000304439 0.00105988 0.00718235 0.000253831 -5.80219e-05 -0.0061278 0.000737403 0.0160151 -0.0186329 -0.000688384 -0.000180755 0.00270466 0.00433607 0.00192693 -0.00719014 -0.0299459 -0.0569581 -0.000676632 -0.000338579 -0.00115232 -0.00280638 -0.00225414 -0.000504767 -0.0120936 0.00770095 0.00956251
internal_weight=312343 137652 90047 174691 174665 38358.2 4460.67 33897.5 2452.39 1409.14 910.931 2008.28 498.211 136307 32387.4 47605.4 15365.2 32240.2 700.53 115.603 65.6404 136275 85813.7 42657.7 17588 16928.7 30769.5 388.834 5261.96 1510.08
internal_count=732728 294815 204200 437913 437843 84584 9520 75064 5503 3515 2157 4017 1358 353259 73099 90615 27841 62774 1165 247 178 353176 198124 104011 50541 49080 69933 708 9214 1965
is_linear=0
shrinkage=0.05


Tree=126
num_leaves=31
num_cat=0
split_feature=6 11 6 4 11 10 4 11 4 3 9 6 1 3 9 1 11 10 2 2 3 1 4 4 9 3 10 4 10 3
split_gain=34.9758 45.2766 33.5628 59.2822 36.5594 32.2997 32.3025 33.4931 60.5054 30.1614 94.3734 39.9723 37.0305 23.5364 21.2061 16.8187 28.7052 16.4128 13.6227 13.6017 20.393 15.3924 12.7191 12.162 11.3823 31.0598 13.5222 11.348 10.9957 10.8234
threshold=7714069.5000000009 -0.17277213186025617 3211691.0000000005 199300.00000000003 0.39662459492683416 -0.1012626253068447 53650.000000000007 0.021055322140455249 102200.00000000001 0.010001999791711571 5.0625000000000009 3211691.0000000005 3.5000000000000004 0.080128770321607604 9.3452377319335955 11.500000000000002 -0.057609934359788888 0.30341003835201269 14240.300292968752 2224.900024414063 0.1137249991297722 12.500000000000002 57020.000000000007 176700.00000000003 7.0625000000000009 0.010001999791711571 -0.11534462124109267 3010.0000000000005 0.43889631330966955 0.010001999791711571
decision_type=10 2 8 10 2 2 8 2 10 10 2 10 2 10 2 2 2 2 2 2 8 2 10 10 2 8 2 10 2 10
left_child=2 -2 3 4 13 6 -4 8 19 22 12 27 -11 23 -15 -3 28 -13 -14 20 -8 -22 -7 24 -1 -26 -27 -12 -17 -18
right_child=1 15 5 -5 -6 9 7 -9 -10 10 11 17 18 14 -16 16 29 -19 -20 -21 21 -23 -24 -25 25 26 -28 -29 -30 -31
leaf_value=0.001902081806753741 -0.058841329333609804 0.0055173194803055528 -0.0026966753475518193 -0.068359879388060346 0.015869481164154885 -0.00075604743250655155 -0.036021274455139349 -0.006741882911919417 -0.089577023433700873 0.018257625232814996 0.0033066035125112817 0.0012006657503105514 0.003824190651247208 0.0085439058193431967 0.0027890945029870069 -0.027824921610852857 0.0001868907756893514 0.0033066035125112817 0.010285522778005717 -0.012350798813523561 -0.016256331962352263 -0.026138803208745804 -0.0026966753475518193 -0.02835040835403671 -0.013840459780030673 -0.0068678513616186017 0.0002396729886470811 -0.00034535068931738444 -0.0089576075860529503 0.0034016610087749533
leaf_weight=11551.488511405885 27.511268697679043 4271.3008036240935 1768.172344610095 28.490047998726368 428.82360614836216 94092.234844399616 157.08082474768162 679.11829853057861 26.609193846583366 607.69867613166571 548.49418573826551 29543.698858983815 3878.1067844107747 757.30126581341028 5629.1163434311748 94.442827433347702 3671.6328718885779 1308.6491530314088 1032.9831902831793 143.3897832930088 433.4272937476635 104.68341405689716 5584.6562908003107 34.147977687418461 130.77019342035055 23.555990800261497 18446.378317128867 125442.65937143937 59.402278289198875 1391.8630373254418
leaf_count=19563 73 6513 2849 105 485 233889 384 1151 97 696 946 60425 5534 893 10033 203 7365 1685 1238 213 849 295 13687 90 482 85 39208 321027 96 2239
internal_value=1.54883e-05 0.00299982 -7.84499e-05 0.00133162 0.00138898 -0.000275236 -0.00518016 -0.0107871 -0.0179597 -0.000213193 0.000207115 -1.90449e-05 0.00663225 0.00121833 0.00397549 0.00319149 0.001286 0.00159889 0.00518688 -0.0154795 -0.0201619 -0.0162563 -0.000897817 0.000634784 0.000669489 -9.61036e-05 0.000104757 -0.000345351 -0.019851 0.0019358
internal_weight=311898 9516.15 302382 37030.1 37001.6 265352 3312.48 1544.31 865.191 262039 162362 156844 5518.79 36572.8 6386.42 9488.64 5217.34 30852.3 4911.09 838.581 695.192 538.111 99676.9 30186.3 30152.2 18600.7 18469.9 125991 153.845 5063.5
internal_count=732398 16489 715909 70944 70839 644965 5838 2989 1838 639127 391551 384083 7468 70354 10926 16416 9903 62110 6772 1741 1528 1144 247576 59428 59338 39775 39293 321973 299 9604
is_linear=0
shrinkage=0.05


Tree=127
num_leaves=31
num_cat=0
split_feature=8 8 7 5 6 5 3 11 3 3 4 6 8 3 11 6 7 8 5 4 3 10 8 6 8 8 4 8 8 5
split_gain=68.8773 230.776 99.4655 56.0882 52.8522 62.7732 138.438 50.4963 50.2695 49.2964 42.2265 71.9855 39.5376 48.8594 38.2927 34.4463 41.2979 33.1185 31.9305 65.8072 31.3275 52.1926 30.9312 25.3294 24.9222 266.698 52.4923 46.7992 399.01 63.1254
threshold=33.500000000000007 24.500000000000004 0.32438437640666967 16151869.500000002 7714069.5000000009 10052930.500000002 0.30362667143344885 -0.0065375114791095248 0.018871096894145015 0.1964589133858681 48010.000000000007 3211691.0000000005 41.500000000000007 0.0041960095986723909 0.35763022303581243 7714069.5000000009 0.78579074144363414 26.500000000000004 16151869.500000002 37420.000000000007 0.2163035720586777 -1.0000000180025095e-35 67.500000000000014 3211691.0000000005 1.0000000180025095e-35 11.500000000000002 197300.00000000003 12.500000000000002 21.500000000000004 10052930.500000002
decision_type=2 2 8 2 8 2 10 2 8 10 10 10 2 10 2 10 10 2 2 8 10 2 2 10 2 2 10 2 2 2
left_child=1 15 4 8 -3 -6 -7 -4 10 17 -2 22 13 -13 -10 18 -17 -9 24 -20 21 -5 -12 -16 26 -26 -1 -27 29 -29
right_child=3 2 7 20 5 6 -8 9 14 -11 11 12 -14 -15 23 16 -18 -19 19 -21 -22 -23 -24 -25 25 27 -28 28 -30 -31
leaf_value=-3.4322255100072503e-05 -0.0051420517517023036 0.010851266270922231 0.010851266270922231 -0.05238272985355158 0.0013328809439682541 -0.082688487853127587 0.010851266270922231 0.029788019803585343 -0.00048583358130147112 0.039648332995604274 -0.012667040902959826 -0.074947048271192154 -0.076040065657458314 -0.012667040902959826 0.0049875917844028452 0.00372446073585122 0.034841497448967716 0.019191312083425255 0.0046424150278707478 -0.02182771093153444 0.038020184796076967 0.016812878510688908 -0.053346687743438703 0.022436471035580191 0.015540194402202882 -0.001131920320390068 -0.060396999611491323 0.025376300138560695 0.00066350106891779729 0.0096331880404007218
leaf_weight=61401.382649332285 817.75727271661162 210.55268970876932 323.56089254468679 29.389469057321548 226.22849553823471 77.789490252733231 39.254168301820755 201.86755283921957 133791.8125563059 518.34341865032911 423.42861953470856 30.679634898900986 75.064987346529961 29.382838472723961 516.44797246903181 7191.3330651074648 106.26960084587336 632.57940205186605 471.23597434908152 464.8424062654376 134.29046895354986 206.19112226366997 45.930265051312745 285.22660372406244 3142.3789614588022 24833.783009529114 34.037413373589516 1821.7749764099717 74105.875632569194 983.82997933030128
leaf_count=130787 2725 269 463 92 386 278 41 170 337577 484 1746 163 432 37 694 12062 90 995 840 1142 208 462 288 283 3720 48299 226 2183 184351 1505
internal_value=0.000377867 0.00102915 0.0170042 -0.000466352 -0.00136472 -0.0141207 -0.0435109 0.0230673 -0.000519362 0.0275314 -0.00986363 -0.020192 -0.0522292 -0.0209794 -0.000420477 0.00082486 0.00418702 0.0199277 0.000678119 -0.00852076 0.0189254 0.0078122 -0.012667 0.010461 0.000729993 0.0011984 -6.97304e-05 0.000755164 0.00136449 0.0198665
internal_weight=313173 176787 2230.18 136386 553.825 343.272 117.044 1676.35 136016 1352.79 1422.24 604.486 135.127 60.0625 134593 174557 7297.6 834.447 167259 936.078 369.871 235.581 469.359 801.675 166323 104888 61435.4 101745 76911.5 2805.6
internal_count=732998 388291 3086 344707 974 705 319 2112 343945 1649 5391 2666 632 200 338554 385205 12152 1165 373053 1982 762 554 2034 977 371071 240058 131013 236338 188039 3688
is_linear=0
shrinkage=0.05


Tree=128
num_leaves=31
num_cat=0
split_feature=10 0 8 8 8 3 7 8 7 0 4 6 8 8 4 8 4 0 3 6 8 9 3 7 10 8 8 7 9 4
split_gain=26.9993 72.0003 91.9555 36.5177 373.378 49.0897 48.4198 52.9006 33.1098 28.7134 94.3403 29.7896 27.4087 134.696 69.2651 47.7666 68.9846 42.3663 31.2024 29.2996 39.2108 24.6788 24.3165 24.2281 23.6729 23.3766 85.9443 30.8906 29.6013 22.1431
threshold=-0.049416434019803994 0.046620300039649017 88.500000000000014 12.500000000000002 21.500000000000004 0.31973393261432653 0.62008771300315868 19.500000000000004 0.94013273715972911 0.036474499851465232 56050.000000000007 3211691.0000000005 43.500000000000007 39.500000000000007 15650.000000000002 34.500000000000007 44050.000000000007 0.45035210251808172 0.2163035720586777 7714069.5000000009 40.500000000000007 10.275000095367433 0.73043215274810802 0.91825759410858165 0.58661615848541271 33.500000000000007 24.500000000000004 0.21521398425102237 8.0625000000000018 17620.000000000004
decision_type=2 2 2 2 2 10 8 2 10 2 10 10 2 2 10 2 10 2 10 8 2 2 10 10 2 2 2 10 2 8
left_child=1 2 9 5 6 29 7 -5 -7 10 11 -1 13 15 -15 22 18 24 21 -16 -21 -17 25 -24 -14 26 27 -6 -27 -2
right_child=3 -3 -4 4 12 8 -8 -9 -10 -11 -12 -13 17 14 19 16 -18 -19 -20 20 -22 -23 23 -25 -26 28 -28 -29 -30 -31
leaf_value=-0.014148268424016376 0.0017507035642385785 -0.00063523320751137898 -0.094833147348723237 0.00099481234707595378 -0.00036086762923389081 0.005923537229417063 0.024750468963342709 0.017838854378345318 0.028561512280936553 -0.0044394886931364876 -0.10003770527405549 -0.057092986849035937 -0.00026805945876222576 0.032408811259656244 0.020007881784577904 0.012102620673791174 -0.00063523320751137898 0.017239999868092156 0.017817719425263247 0.020007881784577904 -0.00063523320751137898 0.0054286220263166625 0.0046274823717037368 0.019137592525344648 0.008513730150924801 0.0046274823717037368 0.0046274823717037368 0.0018447713581096186 -0.00063523320751137898 -0.00063523320751137898
leaf_weight=122.45174607634544 9722.5791251137853 9875.229109287262 26.45756396651268 644.02641489356756 38625.621822029352 876.84180478751659 1607.929894067347 409.09772077947855 196.48535073548555 9839.492673702538 32.507684782147408 37.310203529894352 97007.600224210881 481.97753619402647 180.68769627809525 374.40182664245367 1354.5199464038014 346.97596135735512 1078.9707986116409 102.31700550019741 393.89977077394724 967.46635146439075 552.90698397904634 358.77734532952309 459.2442609295249 1577.2509135678411 1957.0638698935509 26947.939702246338 24637.222151461989 81424.361651100218
leaf_count=225 16663 15859 111 1047 103187 1318 1961 501 179 20027 134 126 259224 629 220 432 2487 370 1494 120 799 1795 1092 529 547 2168 2748 66295 59848 170574
internal_value=0.000194231 -0.00158613 -0.00507192 0.000315659 0.000695098 -0.000507507 0.0192922 0.0109272 0.0101131 -0.00481633 -0.023857 -0.0141483 0.000444212 0.00102809 0.0179601 0.000828378 0.00634207 -0.000150279 0.0114925 0.00760695 0.00108212 0.00638752 0.000608337 0.00872576 -0.00021254 0.000529209 0.00102237 0.000545585 -0.000635233 -0.000632792
internal_weight=312220 19933.4 10058.2 292286 200066 92220.3 2661.05 1053.12 1073.33 10031.8 192.27 159.762 197405 99591 1158.88 98432.1 3775.36 97813.8 2420.84 676.904 496.217 1341.87 94656.8 911.684 97466.8 93745.1 67530.6 65573.6 26214.5 91146.9
internal_count=732709 36482 20623 696227 507493 188734 3509 1548 1497 20512 485 351 503984 243843 1768 242075 6208 260141 3721 1139 919 2227 235867 1621 259771 234246 172230 169482 62016 187237
is_linear=0
shrinkage=0.05


Tree=129
num_leaves=31
num_cat=0
split_feature=8 3 7 11 5 5 8 4 15 2 4 11 8 6 14 8 7 5 8 3 2 8 0 8 5 4 6 7 6 5
split_gain=40.6859 66.2191 53.8802 51.541 36.5485 57.4307 40.0365 36.0151 39.0482 35.9689 29.2954 34.0341 27.0485 25.8523 66.8779 56.3706 45.14 46.2631 48.3585 59.9657 39.9939 55.8127 39.899 54.769 107.726 50.6064 48.9951 50.262 35.0873 43.6999
threshold=88.500000000000014 0.039758460596203811 0.26676443219184881 -0.077728413045406328 5320895.5000000009 12130922.500000002 110.50000000000001 64010.000000000007 2.5000000000000004 3260.400024414063 52044.099609375007 -0.0063818127382546655 104.50000000000001 1.0000000180025095e-35 1.0000000180025095e-35 22.500000000000004 0.90667709708213817 10052930.500000002 42.500000000000007 0.54134500026702892 128.00000000000003 42.500000000000007 0.011173533275723459 87.500000000000014 1289243.5000000002 199300.00000000003 3211691.0000000005 0.39445404708385473 3211691.0000000005 5320895.5000000009
decision_type=2 8 10 2 2 2 2 10 2 2 10 2 2 10 2 2 8 2 2 8 2 2 2 2 2 10 10 10 10 2
left_child=13 -2 3 -3 6 -6 7 8 -4 -8 11 -7 -13 16 20 28 -1 18 19 -18 -15 -22 23 24 -17 -26 -25 -28 29 -16
right_child=1 2 4 -5 5 10 9 -9 -10 -11 -12 12 -14 14 15 22 17 -19 -20 -21 21 -23 -24 26 25 -27 27 -29 -30 -31
leaf_value=-0.00058922369904375197 -0.055557849564078776 -0.02562916240751148 0.016027356564142992 0.00086805158980657955 0.0044271591147361927 0.015520856066261133 0.0044271591147361927 0.0060690292018920891 0.033331569693410466 0.026635936899301396 0.0055197429332677177 0.047851016382865139 0.025392833611687662 -0.00047700926960418417 -0.0071321002643298494 -0.072032679582136647 0.00075503068281391908 0.00075503068281391908 0.00075503068281391908 0.014188304899873059 0.0083144172774150676 0.0015702929822483216 0.0029623103307155692 0.001088169978297775 4.0086639398630866e-05 -0.047264472088740662 -0.047455005527626215 -0.0037658392689433025 0.005634467753712534 0.0043908401607297125
leaf_weight=152787.58297118731 44.515986292622983 31.350667431950569 170.40232813358307 3625.4168105944991 1105.4928864091635 142.61873331665993 304.88406398519874 328.61761435866356 572.39566797018051 184.21746636927128 295.42683795839548 201.18981646001339 141.29501305520535 83127.520835407078 1327.3603975921869 50.256746266037226 1008.351199388504 12586.513230189681 1479.0475135371089 2313.8157296031713 3657.9159169495106 2764.5883214846253 12468.624993763864 73.274760752916336 16027.125251606107 54.738009613007307 170.54116166383028 107.0403178781271 13339.503149867058 2157.2550076693296
leaf_count=376483 242 111 307 9376 2920 266 813 692 893 206 664 251 291 193218 2445 269 1738 40986 3505 3752 4806 4751 20902 148 35270 246 689 323 23345 3622
internal_value=0.000182916 0.0039113 0.00429952 7.12221e-05 0.0087831 0.00442716 0.0144461 0.0198997 0.0259857 0.00442716 0.0179847 0.025522 0.0352648 9.56576e-05 0.000611441 0.00216606 -0.000314503 0.00209929 0.00628872 0.00973366 -0.000183271 0.0036176 0.0008284 -0.00078597 -0.000359693 -0.000126782 -0.0202728 -0.0307551 0.00446758 -5.39314e-08
internal_weight=312649 7147.82 7103.31 3656.77 3446.54 1886.02 1560.52 1071.42 742.798 489.102 780.53 485.104 342.485 305501 135326 45775.7 170175 17387.7 4801.21 3322.17 89550 6422.5 28951.6 16483 16132.1 16081.9 350.856 277.581 16824.1 3484.62
internal_count=733530 17032 16790 9487 7303 4392 2911 1892 1200 1019 1472 808 542 716498 290034 87259 426464 49981 8995 5490 202775 9557 57847 36945 35785 35516 1160 1012 29412 6067
is_linear=0
shrinkage=0.05


Tree=130
num_leaves=31
num_cat=0
split_feature=5 2 5 7 8 1 4 8 8 8 8 8 8 4 7 6 3 6 7 5 10 8 3 8 3 10 4 7 8 8
split_gain=73.4223 63.5212 57.8789 38.5207 34.506 27.9881 44.8932 36.7019 26.2856 24.6138 88.9596 30.0579 59.3405 62.9025 38.9711 33.0724 35.8707 23.3933 71.369 43.3288 82.9978 66.1703 62.7558 59.6725 66.8338 47.2675 84.2987 35.0802 29.9537 83.2035
threshold=5320895.5000000009 83439.000000000015 12130922.500000002 0.91825759410858165 117.50000000000001 9.5000000000000018 20900.000000000004 1.0000000180025095e-35 125.50000000000001 12.500000000000002 21.500000000000004 11.500000000000002 1.0000000180025095e-35 16843.700195312504 0.78579074144363414 7714069.5000000009 0.010001999791711571 7714069.5000000009 0.71206060051918041 10052930.500000002 -0.049416434019803994 110.50000000000001 0.19150555133819583 30.500000000000004 0.045113077387213714 -0.071969699114561067 56050.000000000007 0.95019999146461498 44.500000000000007 25.500000000000004
decision_type=2 2 2 10 2 2 8 2 2 2 2 2 2 8 8 8 8 8 10 2 2 2 10 2 8 2 8 10 2 2
left_child=3 2 4 9 17 6 -4 -8 -6 11 -11 12 13 -1 -15 16 -13 18 -2 20 23 22 -21 -19 -25 26 -26 -22 29 -24
right_child=1 -3 5 -5 8 -7 7 -9 -10 10 -12 15 -14 14 -16 -17 -18 19 -20 21 27 -23 28 24 25 -27 -28 -29 -30 -31
leaf_value=0.0060128355645009193 -0.0029998482020299703 0.024637044342839365 0.0073511792264937224 0.010977573699644173 0.012081559472979002 -7.853936654808168e-07 0.0010717707930111926 0.0042288195346034388 -0.0024362571097688345 0.0060128355645009193 0.0011818448787121467 -0.04847564350336709 0.0060128355645009193 -0.003560431413843438 0.0008681470505168432 -0.0059156861473088516 0.00052092820514118847 -0.0036464595897313873 0.0086113400726183491 -0.0029365834466389571 0.00090895703223928996 -0.085371636387408176 -0.00071318756112823448 -0.099288021435646828 -0.019247024376306855 -0.008047149734726396 -0.057364957647740016 0.012081559472979002 -0.00071318756112823448 0.008717849050944115
leaf_weight=2010.5159373432398 28562.470638232306 250.18210305273533 3449.8388639092445 982.60604162886739 234.01141039282084 56751.095150725916 14883.862931214273 2435.7218436151743 312.76140805706382 1283.4952332004905 87568.978417427279 35.637024596333504 1385.3809996321797 7823.1362244933844 13602.408317178488 4057.3988721594214 4983.6551203876734 1415.7274343520403 1385.8092091456056 32648.635031796992 34379.273509680294 21.731543183326721 2501.666658334434 22.396313890814781 279.17416508495808 717.08211001753807 71.144568905234337 247.42156868427992 4216.8578691110015 3761.1465379744768
leaf_count=2811 74541 238 5079 1492 457 129014 26953 3110 968 1507 197339 114 1656 14812 24613 7628 8591 2610 2515 107042 88276 100 5971 97 575 1561 251 380 12235 10204
internal_value=0.000180728 -0.000440345 -0.000473925 0.00112713 -0.00120723 0.000573977 0.00214433 0.00110646 0.0112997 0.0010481 0.00148541 -9.81909e-05 0.000802175 8.92888e-05 -0.000749047 -0.00256 0.000153883 -0.00126947 -0.00246202 -0.000824558 0.000427605 -0.00190206 -0.00185605 -0.00835658 -0.0173437 -0.0154419 -0.0304469 0.00106366 0.00151021 0.00378395
internal_weight=312281 188548 188298 123733 110777 77520.5 20769.4 17319.6 546.773 122751 88852.5 33898.1 24821.4 23436.1 21425.5 9076.69 5019.29 110231 29948.3 80282.3 37132.2 43150 43128.3 2505.52 1089.8 1067.4 350.319 34626.7 10479.7 6262.81
internal_count=732740 472177 471939 260563 307783 164156 35142 30063 1425 259071 198846 60225 43892 42236 39425 16333 8705 306358 77056 229302 93750 135552 135452 5094 2484 2387 826 88656 28410 16175
is_linear=0
shrinkage=0.05


Tree=131
num_leaves=31
num_cat=0
split_feature=8 8 8 4 8 8 4 8 8 4 6 4 0 11 10 11 8 8 3 8 10 11 4 6 3 4 0 0 7 4
split_gain=51.0949 30.547 156.315 77.5061 51.7819 44.5873 44.1026 31.2747 396.534 75.2204 64.4881 46.6417 39.1929 37.9513 31.4825 67.5727 51.1359 94.9674 88.0435 39.9191 36.5172 34.1317 30.7473 30.4901 28.6858 51.7787 38.4002 28.1069 27.9359 27.8916
threshold=170.50000000000003 1.0000000180025095e-35 11.500000000000002 10414.200195312502 2.5000000000000004 1.5000000000000002 197300.00000000003 12.500000000000002 21.500000000000004 8014.4001464843759 3211691.0000000005 37020.000000000007 0.082673575729131712 -0.31783521175384516 -0.049738455563783639 -0.044970994815230363 33.500000000000007 24.500000000000004 0.19462250173091891 79.500000000000014 0.6559770703315736 -0.0065375114791095248 51559.400390625007 7714069.5000000009 0.010001999791711571 62820.000000000007 0.082673575729131712 0.043636940419673927 0.32889381051063543 27670.000000000004
decision_type=2 2 2 10 2 2 10 2 2 8 8 10 2 2 2 2 2 2 8 2 2 2 10 8 8 10 2 2 10 8
left_child=1 6 3 -3 5 -5 29 9 22 -4 11 12 -11 -10 15 19 17 -16 23 27 -18 -20 -9 -19 25 -12 -27 -15 -23 -1
right_child=-2 2 7 4 -6 -7 -8 8 13 10 24 -13 -14 14 16 -17 20 18 21 -21 -22 28 -24 -25 -26 26 -28 -29 -30 -31
leaf_value=0.0013553320708144753 0.024263614979475108 0.016720211489991258 0.012908141672607674 -0.0023052965035516848 0.0034465433628678242 -0.071758936460656814 -0.059592264806701593 0.020570269959429361 -0.045028015918132602 -0.0079755526144390781 -0.0090113732522905006 -0.021846753673699808 0.0055465412888252991 -0.022365876475751872 0.0012666457487531576 -0.00062750837945516448 -0.00015203530132785692 0.0097219582619337518 0.0097219582619337518 -0.022365876475751872 0.015612574560401098 0.016975625359791947 0.0052741061364203106 -0.00062750837945516448 -0.00062750558178674735 -0.089305986411288465 -0.033697011154641271 -0.0039626370872546781 0.032956278829301112 -0.0012275071925829358
leaf_weight=13100.806948661804 219.34391705691814 2194.2443905174732 896.80217266082764 48.026739284396172 856.31871388107538 42.783627852797508 29.811259649693966 2604.7615858279169 44.195394158363342 2427.2188720703125 197.53404727578163 534.43914386630058 302.10399017482996 88.76128813624382 66295.523653864861 4686.7110223844647 129097.01368649583 241.48853264003992 153.89708618819714 104.63841517269611 366.39022962749004 657.66929189115763 377.80230466276407 389.60985109955072 21402.607452824712 41.723935291171074 16.892684981226921 12694.964831456542 478.13754534721375 51676.384208798409
leaf_count=24157 390 2499 1181 79 1234 127 208 3331 113 4627 440 1115 366 227 170270 7863 331205 294 258 283 403 944 581 846 42183 172 19 24319 488 112903
internal_value=0.000249235 0.000232199 0.000485474 0.0115643 -0.000390589 -0.0358683 -0.000734044 0.000342806 0.000537454 -0.00130271 -0.00181506 -0.00836478 -0.00571076 0.000286541 0.000296263 -0.00173158 0.000476568 0.0015844 0.0125387 -0.00447036 -0.00010718 0.0200714 0.0186375 -0.000627508 -0.0008274 -0.0173952 -0.0583826 -0.00417923 0.0237491 -0.000705117
internal_weight=312269 312049 247242 3141.37 947.129 90.8104 64807 244101 218282 25819.3 24922.5 3263.76 2729.32 215299 215255 17575.1 197680 68216.3 1920.8 12888.4 129463 1289.7 2982.56 631.098 21658.8 256.151 58.6166 12783.7 1135.81 64777.2
internal_count=733125 732735 595467 3939 1440 206 137268 591528 541425 50103 48922 6108 4993 537513 537400 32692 504708 173100 2830 24829 331608 1690 3912 1140 42814 631 191 24546 1432 137060
is_linear=0
shrinkage=0.05


end of trees

feature_importances:
agg_dpd_count=856
declared_income_type_code=572
monthly_income=364
current_clean_streak_24m=353
debt_to_income=349
declared_employment_code=341
declared_income_gap=334
dpd_late_autocorr_lag2_24m=215
dpd_late_autocorr_lag1_24m=180
pct_dpd_payments_24m=121
total_overdue_amount=108
longest_clean_streak_24m=92
n_features_missing=43
declared_provided=32

parameters:
[boosting: gbdt]
[objective: binary]
[metric: auc]
[tree_learner: serial]
[device_type: cpu]
[data_sample_strategy: bagging]
[data: ]
[valid: ]
[num_iterations: 3000]
[learning_rate: 0.05]
[num_leaves: 31]
[num_threads: 0]
[seed: 42]
[deterministic: 0]
[force_col_wise: 0]
[force_row_wise: 0]
[histogram_pool_size: -1]
[max_depth: -1]
[min_data_in_leaf: 50]
[min_sum_hessian_in_leaf: 0.001]
[bagging_fraction: 0.8]
[pos_bagging_fraction: 1]
[neg_bagging_fraction: 1]
[bagging_freq: 1]
[bagging_seed: 400]
[bagging_by_query: 0]
[feature_fraction: 0.8]
[feature_fraction_bynode: 1]
[feature_fraction_seed: 30056]
[extra_trees: 0]
[extra_seed: 12879]
[early_stopping_round: 0]
[early_stopping_min_delta: 0]
[first_metric_only: 0]
[max_delta_step: 0]
[lambda_l1: 0]
[lambda_l2: 2]
[linear_lambda: 0]
[min_gain_to_split: 0]
[drop_rate: 0.1]
[max_drop: 50]
[skip_drop: 0.5]
[xgboost_dart_mode: 0]
[uniform_drop: 0]
[drop_seed: 17869]
[top_rate: 0.2]
[other_rate: 0.1]
[min_data_per_group: 100]
[max_cat_threshold: 32]
[cat_l2: 10]
[cat_smooth: 10]
[max_cat_to_onehot: 4]
[top_k: 20]
[monotone_constraints: 1,-1,1,1,-1,0,0,1,0,-1,1,1,-1,1,0,1]
[monotone_constraints_method: basic]
[monotone_penalty: 0]
[feature_contri: ]
[forcedsplits_filename: ]
[refit_decay_rate: 0.9]
[cegb_tradeoff: 1]
[cegb_penalty_split: 0]
[cegb_penalty_feature_lazy: ]
[cegb_penalty_feature_coupled: ]
[path_smooth: 0]
[interaction_constraints: ]
[verbosity: -1]
[saved_feature_importance_type: 0]
[use_quantized_grad: 0]
[num_grad_quant_bins: 4]
[quant_train_renew_leaf: 0]
[stochastic_rounding: 1]
[linear_tree: 0]
[max_bin: 255]
[max_bin_by_feature: ]
[min_data_in_bin: 3]
[bin_construct_sample_cnt: 200000]
[data_random_seed: 175]
[is_enable_sparse: 1]
[enable_bundle: 1]
[use_missing: 1]
[zero_as_missing: 0]
[feature_pre_filter: 1]
[pre_partition: 0]
[two_round: 0]
[header: 0]
[label_column: ]
[weight_column: ]
[group_column: ]
[ignore_column: ]
[categorical_feature: ]
[forcedbins_filename: ]
[precise_float_parser: 0]
[parser_config_file: ]
[objective_seed: 16083]
[num_class: 1]
[is_unbalance: 0]
[scale_pos_weight: 31.9732]
[sigmoid: 1]
[boost_from_average: 1]
[reg_sqrt: 0]
[alpha: 0.9]
[fair_c: 1]
[poisson_max_delta_step: 0.7]
[tweedie_variance_power: 1.5]
[lambdarank_truncation_level: 30]
[lambdarank_norm: 1]
[label_gain: ]
[lambdarank_position_bias_regularization: 0]
[eval_at: ]
[multi_error_top_k: 1]
[auc_mu_weights: ]
[num_machines: 1]
[local_listen_port: 12400]
[time_out: 120]
[machine_list_filename: ]
[machines: ]
[gpu_platform_id: -1]
[gpu_device_id: -1]
[gpu_use_dp: 0]
[num_gpu: 1]

end of parameters

pandas_categorical:null
