tree
version=v4
num_class=1
num_tree_per_iteration=1
label_index=0
max_feature_idx=53
objective=binary sigmoid:1
feature_names=max_dpd_24m mean_dpd_24m num_dpd_events_24m num_serious_arrears_24m pct_dpd_payments_24m max_consecutive_dpd_24m dpd_trend_slope_24m longest_clean_streak_24m max_overdue_amount_24m avg_overdue_amount_24m total_overdue_amount num_overdue_payments_24m pct_overdue_payments_24m num_active_obligations total_annuity avg_instalment_amount debt_to_income payment_to_income monthly_income declared_income_is_employment declared_is_homeowner declared_income_type_code declared_education_code declared_housing_code declared_employment_code declared_income_gap agg_dpd_count agg_dpd_mean agg_dpd_max agg_dpd_min agg_dpd_std agg_dpd_sum agg_dpd_median agg_dpd_nonzero agg_dpd_first agg_dpd_last agg_instal_count agg_instal_mean agg_instal_max agg_instal_min agg_instal_std agg_instal_sum agg_instal_median agg_instal_nonzero dpd_acceleration_24m dpd_recent_minus_old_24m recency_weighted_dpd_24m frac_late_recent_third_24m current_clean_streak_24m dpd_late_autocorr_lag1_24m dpd_late_autocorr_lag2_24m dpd_late_autocorr_lag3_24m dpd_mean_abs_change_24m late_payment_entropy_24m
monotone_constraints=1 1 1 1 1 1 1 -1 1 1 1 1 1 1 1 0 1 1 -1 -1 -1 0 0 0 0 1 0 1 1 1 1 1 1 1 1 1 0 0 0 0 0 0 0 0 1 1 1 1 -1 1 1 1 1 0
feature_infos=[0:90] [0:71.365852355957031] [0:88] [0:75] [0:0.9375] [0:21] [-9:14.548120498657227] [0:22] [0:56951.3984375] [0:10050.2470703125] [0:683416.8125] [0:75] [0:0.7804877758026123] [0:22] [0:298856.40625] [0:99618.796875] [0:11.891450881958008] [0:3.9638168811798096] [0:200000] [0:1] none [218884:16566093] [899965:16056791] none [0:10492638] [0:0.99500000476837158] [0:363] [0:71.365852355957031] [0:90] none [0:45] [0:6812] [0:90] [0:88] none [0:90] [0:22] [0:99618.796875] [0:99618.796875] [0:99618.796875] none [0:298856.40625] [0:99618.796875] [0:22] [-90:11.727272987365723] [-81.818183898925781:81.363639831542969] [0:72.860153198242188] [0:1] [0:22] [-0.66666668653488159:0.85742038488388062] [-0.46666666865348816:0.72979795932769775] [-0.64935064315795898:0.64513558149337769] [0:60] [0:1]
tree_sizes=3430 3449 3447 3448 3449 3452 3454 3496 3508 3491 3499 3493 3510 3486 3486 3500 3504 3503 3521 3505 3503 3507 3508 3521 3482 3513 3513 3492 3508 3522 3505 3518 3498 3505 3531 3537 3532 3507 3537 3507 3539 3532 3533 3523 3546 3546 3539 3510 3569 3544 3566 3551 3561 3572 3538 3525 3504 3538 3567 3557 3543 3567 3543 3544 3567 3548 3544 3513 3553 3563 3559 3522 3582 3561 3557 3549 3562 3552 3555 3542 3548 3553 3541 3561 3556 3569 3564 3582 3560 3520 3564 3550 3558 3547 3552 3570 3572 3549 3550 3513 3517 3548 3541 3523 3580 3559 3529 3554 3518 3547 3540 3518 3529 3549 3547 3561 3536 3503 3528 3572 3523 3546 3568 3537 3526 3519

Tree=0
num_leaves=31
num_cat=0
split_feature=48 4 21 21 21 21 48 22 24 22 46 37 53 26 37 24 30 48 26 37 18 22 37 22 48 7 21 14 41 53
split_gain=687111 174045 41996.1 73201.2 30652.8 35824.8 28313.5 14442.3 13719.5 13341.2 13158.7 12279.8 10415.6 9298.25 7927 9683.88 7557.33 5861.61 5621.19 5407.76 5188.25 4915.8 4826.1 4605.45 4350.14 3746.54 3589.24 3479 2641.51 2632.83
threshold=16.937500000000004 0.045663053169846542 5320895.5000000009 12130922.500000002 5320895.5000000009 12130922.500000002 11.354166507720949 13897643.000000002 1.0000000180025095e-35 13897643.000000002 6.837102174758912 1614.2500000000002 0.11012402549386026 43.500000000000007 1266.5000000000002 1.0000000180025095e-35 0.14661803841590884 21.267857551574711 43.500000000000007 1031.850036621094 39610.000000000007 13897643.000000002 1322.4500122070315 8681399.0000000019 15.062500000000002 21.500000000000004 5320895.5000000009 236.3999938964844 13951.700195312502 0.28443832695484167
decision_type=2 2 2 2 2 2 2 2 2 2 2 2 2 2 2 2 2 2 2 2 2 2 2 2 2 2 2 2 2 2
left_child=1 2 9 -4 7 12 10 8 13 25 26 -9 14 20 -6 -16 18 -15 27 -10 -2 24 -20 -17 -5 -1 -3 -7 -13 -14
right_child=4 6 3 21 5 16 -8 11 19 -11 -12 28 29 17 15 23 -18 -19 22 -21 -22 -23 -24 -25 -26 -27 -28 -29 -30 -31
leaf_value=-2.4403417633286812 -2.7110609226951672 -2.2104527831668772 -2.7110609226951672 -2.4500173548513775 -3.209229064241808 -2.9427587817470595 -2.4403417633286812 -3.1363050185566532 -2.8389439669220424 -2.63933334890128 -2.1050869818290985 -2.7741910569080503 -2.9131508352494433 -2.8418228435879254 -3.0856590951995608 -2.769352285214723 -2.7110609226951672 -3.0277456390464539 -3.1681159064053377 -2.7110609226951672 -2.8713120626111572 -2.6453818884537901 -2.9224087390564031 -3.0190318236112295 -2.658757580116478 -2.5525672788242701 -2.3329666267045797 -2.7982830810085684 -3.0685108142391155 -2.7110609226951672
leaf_weight=4606.0734285805374 812.74818414449692 1225.8205921910703 6758.0183740202338 3735.2341526895761 961.04922749847174 602.88088034465909 2288.0718044433743 679.56585694849491 920.76578925549984 1257.5451010391116 1632.5366857647896 491.35232146456838 422.15110830776393 792.00077932327986 3423.5572664551437 400.42425570823252 376.02695505321026 982.86335037089884 250.72468110732734 1120.5568803716451 818.38388698734343 493.64186136610806 1176.9083026032895 377.45470971986651 318.71000616624951 993.23373174294829 2024.0713409241289 1631.4720405489206 101.73102707415819 109.4955699685961
leaf_count=59927 14473 10617 129972 49797 26949 13779 30167 18090 19199 21359 10819 9615 9399 16555 87825 7793 6313 24098 6822 17754 17576 8423 26453 9180 5510 15190 22429 32680 2561 1741
internal_value=-2.66691 -2.5035 -2.5861 -2.64583 -2.91862 -2.97562 -2.29459 -2.83625 -2.80061 -2.48787 -2.22559 -2.9896 -3.05671 -2.86344 -3.07872 -3.049 -2.86153 -2.94417 -2.88551 -2.71106 -2.77635 -2.48512 -2.96508 -2.88905 -2.46602 -2.45416 -2.28692 -2.83515 -2.82317 -2.84521
internal_weight=41785.1 25333 18162.5 11305.6 16452.1 9732.14 7170.5 6719.97 5447.32 6856.85 4882.43 1272.65 5694.13 3406 5162.49 4201.44 4038.01 1774.86 3661.99 2041.32 1631.13 4547.59 1427.63 777.879 4053.94 5599.31 3249.89 2234.35 593.083 531.647
internal_count=733065 364210 290178 193702 368855 228934 74032 139921 109655 96476 43865 30266 142887 72702 131747 104798 86047 40653 79734 36953 32049 63730 33275 16973 55307 75117 33046 46459 12176 11140
is_linear=0
shrinkage=1


Tree=1
num_leaves=31
num_cat=0
split_feature=7 41 0 24 22 24 15 15 21 25 53 15 15 21 18 18 17 21 21 21 24 24 15 17 24 41 15 25 41 21
split_gain=21325.3 17852.7 8360.06 5400.71 5369.9 8053.32 5577.85 4135.46 3269.47 3130.12 2402.55 2326.19 1934.52 1624.89 1338.63 1150.93 1129.27 1108.43 985.6 1664.16 978.676 1473.26 891.408 759.089 733.312 729.755 724.258 852.188 704.829 672.011
threshold=21.500000000000004 302.39999389648443 1.0000000180025095e-35 1.0000000180025095e-35 13897643.000000002 1.0000000180025095e-35 856.89999389648449 7885.3999023437509 5320895.5000000009 0.82013070583343517 0.20701967924833301 4346.7500000000009 1073.6499633789065 12130922.500000002 8612.2001953125018 16034.600097656252 0.046874064952135093 1289243.5000000002 10052930.500000002 13439690.500000002 3211691.0000000005 1.0000000180025095e-35 3841.849975585938 0.0016722595319151881 7714069.5000000009 1010.2000122070314 119.1999969482422 0.3889454603195191 13509.799804687502 5320895.5000000009
decision_type=2 2 2 2 2 2 2 2 2 2 2 2 2 2 2 2 2 2 2 2 2 2 2 2 2 2 2 2 2 2
left_child=1 9 4 11 5 7 20 8 17 24 14 18 23 15 -5 -14 -8 -2 -3 -20 21 -6 -15 -10 -1 -25 27 -19 -24 -22
right_child=2 3 -4 10 6 -7 16 -9 12 -11 -12 -13 13 22 -16 -17 -18 26 19 -21 29 -23 28 25 -26 -27 -28 -29 -30 -31
leaf_value=0.34587045404490724 0.16709872541371404 0.40119680403708574 0.34587045404490724 0.48812866031332569 0.020948927502573458 0.32538245266118132 0.26593451965267362 0.11998678765177272 0.10502002593894876 0.4389601084523852 0.40487543904111806 0.34587045404490724 0.31806664248581007 0.31797655825562998 0.43037814856417933 0.24860017203288237 0.32538245266118132 0.080218836968309781 0.34639701443974302 0.39965205507468382 0.19225087888549056 0.27778614333855495 0.21959464187425706 0.2968650377322179 0.39241528124864622 0.16698025929252006 0.32538245266118132 0.32538245266118132 0.32538245266118132 0.11618384240364053
leaf_weight=21015.980292443186 121.98602837324142 8518.7169079743326 10984.867999006063 1953.288127284497 65.105040602385998 7312.0352054685354 1277.02010730654 368.70351294800639 222.44238375872374 1091.1669372804463 5614.0255720093846 2781.9055627696216 727.55625614896417 2678.7401553951204 2661.4593960754573 4310.9001622870564 1123.4561413004994 70.858304727822542 3086.7059833817184 3171.6273425556719 626.08072842657566 405.12848183512688 514.54316100478172 176.75305557250977 1470.3920596055686 117.00134962424636 5405.0826765932143 59.580900926142931 209.98023029044271 567.88235725089908
leaf_count=153489 1845 36472 84378 8431 1625 77576 17532 6307 5053 5863 17896 16574 11704 31798 14167 74902 14006 1215 20925 12852 12380 7234 7084 2831 7741 2332 63720 694 2344 11920
internal_value=0.349811 0.370754 0.320987 0.398398 0.304894 0.314574 0.251668 0.286249 0.290427 0.34587 0.427584 0.381349 0.271402 0.277183 0.455023 0.258753 0.300519 0.320444 0.389521 0.373505 0.180927 0.242466 0.304299 0.176151 0.34587 0.22894 0.323761 0.201365 0.252996 0.156326
internal_weight=88711 51365.3 37345.7 27787.7 26360.8 22296.2 4064.67 14984.1 14615.4 23577.5 10228.8 17559 8957.92 8441.72 4614.75 5038.46 2400.48 5657.51 14777.1 6258.33 1664.2 470.234 3403.26 516.197 22486.4 293.754 5535.52 130.439 724.523 1193.96
internal_count=732890 294410 438480 127317 354102 289405 64697 211829 205522 167093 40494 86823 138048 127832 22598 86606 31538 67474 70249 33777 33159 8859 41226 10216 161230 5163 65629 1909 9428 24300
is_linear=0
shrinkage=0.05


Tree=2
num_leaves=31
num_cat=0
split_feature=48 15 24 36 48 24 22 22 22 15 15 17 22 22 41 48 41 24 24 24 49 21 24 21 21 41 15 46 17 15
split_gain=14148.2 7756.05 5985.85 4708.67 3141.29 2450.17 3918.45 2357.51 1525.73 2386.56 1521.31 1250.38 1095.49 1550.27 1216.62 1072.16 978.314 773.284 926.627 754.381 708.338 699.489 941.262 597.224 924.594 920.467 652.307 556.806 549.859 535.215
threshold=21.774999618530277 649.50000000000011 1.0000000180025095e-35 1.5000000000000002 15.062500000000002 1.0000000180025095e-35 13897643.000000002 13897643.000000002 13897643.000000002 1446.9500122070315 925.00000000000011 0.21117549389600757 1885909.0000000002 13897643.000000002 14948.750000000002 11.949999809265138 10020.699707031252 3211691.0000000005 7714069.5000000009 3211691.0000000005 0.082257445901632323 5320895.5000000009 7714069.5000000009 5320895.5000000009 12130922.500000002 5609.5000000000009 3072.650024414063 0.52028617262840282 0.034846905618906028 6705.7500000000009
decision_type=2 2 2 2 2 2 2 2 2 2 2 2 2 2 2 2 2 2 2 2 2 2 2 2 2 2 2 2 2 2
left_child=1 5 4 8 11 -1 17 19 16 21 -5 15 14 -14 23 -3 -2 -7 27 -4 -6 -10 -23 -12 26 -26 -25 -19 -27 -15
right_child=3 2 7 10 20 6 -8 -9 9 -11 12 -13 13 29 -16 -17 -18 18 -20 -21 -22 22 -24 24 25 28 -28 -29 -30 -31
leaf_value=0.23151386637350646 0.23151386637350646 0.26891236190057466 0.31666079173974782 0.12905811666055919 0.23151386637350646 0.28190024638420236 0.23151386637350646 0.26147112422052915 0.17345469358917445 0.23151386637350646 0.20556203574968912 0.29474835374658115 0.23151386637350646 0.16977001441620487 0.086215581170995412 0.24789582341769162 0.06425879536565976 0.24456499679992105 0.29139727464016812 0.2899434696653545 0.2467541009564217 0.069274044283119188 0.23151386637350646 0.10926690699803861 0.23151386637350646 0.018592332447261863 0.17621141963662035 0.28466642346638976 0.1721095716923477 0.02973214422896436
leaf_weight=13412.737457863986 11238.468927089125 12768.39466843009 3917.7457782849669 1279.8818571604788 9806.6544908732176 4771.6611311361194 6135.1134798936546 7069.4574596323073 507.39970048889518 888.55714289844036 1684.0549341849983 2740.9867400899529 1600.0543608814478 728.26919025927782 365.85397884249687 12711.238133385777 93.79134426265955 7438.3884355388582 1685.6769529692829 10987.256505466998 1760.3657888248563 483.73577411472797 30.140043124556541 806.77755726128817 546.23905156180263 65.885901585221291 689.08125038444996 1078.0508438125253 543.83859800174832 76.309067942202091
leaf_count=83337 110017 35184 11504 19718 91543 19689 43905 36043 8213 8455 20245 8522 14219 8479 5671 63994 1303 37829 5937 39744 10249 9042 366 12862 5522 952 10047 2728 6317 1202
internal_value=0.245708 0.253927 0.264567 0.209101 0.252936 0.234878 0.249227 0.2856 0.227715 0.185133 0.179661 0.261994 0.188736 0.216475 0.174463 0.258448 0.231514 0.264734 0.256651 0.297008 0.231514 0.131741 0.0900408 0.181866 0.166674 0.200502 0.1403 0.249707 0.155636 0.156595
internal_weight=117912 96283.7 61762.1 21628.3 39787.6 34521.6 21108.9 21974.5 13242.1 1909.83 8386.25 28220.6 7106.36 2404.63 4701.73 25479.6 11332.3 14973.8 10202.1 14905 11567 1021.28 513.876 4335.88 2651.82 1155.96 1495.86 8516.44 609.724 804.578
internal_count=732838 490208 296783 242630 209492 193425 110088 87291 137396 26076 105234 107700 85516 23900 61616 99178 111320 66183 46494 51248 101792 17621 9408 55945 35700 12791 22909 40557 7269 9681
is_linear=0
shrinkage=0.05


Tree=3
num_leaves=31
num_cat=0
split_feature=48 37 24 22 25 24 37 49 37 18 21 22 37 41 43 21 46 18 43 41 24 37 48 14 48 52 17 21 14 17
split_gain=8235.17 5573.78 2291.28 2759.01 2257.97 1796.07 1669.4 1572.66 1325.31 1132.47 1003.4 845.922 786.319 759.143 749.865 700.913 547.567 464.49 460.277 389.217 376.512 350.32 336.922 328.682 432.664 318.011 312.614 309.449 458.663 404.28
threshold=18.535714149475101 925.00000000000011 1.0000000180025095e-35 13897643.000000002 0.72422280907630932 1.0000000180025095e-35 984.10000610351574 0.17341297864913943 5297.3000488281259 31950.000000000004 5320895.5000000009 13897643.000000002 1322.4500122070315 3845.900024414063 2.5000000000000004 15089427.500000002 0.13693542778491977 170200.00000000003 1.5000000000000002 236.3999938964844 3211691.0000000005 9413.7998046875018 15.211111068725588 4894.4499511718759 19.366666793823246 0.33405484259128576 0.35547737777233129 12130922.500000002 3997.099975585938 0.096015311777591719
decision_type=2 2 2 2 2 2 2 2 2 2 2 2 2 2 2 2 2 2 2 2 2 2 2 2 2 2 2 2 2 2
left_child=1 4 8 -4 15 7 19 9 10 -3 14 -7 -12 -14 -2 -1 -11 21 -8 -5 -20 -10 -13 24 -16 27 -23 28 -15 -30
right_child=2 5 3 6 -6 11 18 -9 17 16 12 22 13 25 23 -17 -18 -19 20 -21 -22 26 -24 -25 -26 -27 -28 -29 29 -31
leaf_value=0.18272027600831403 0.18272027600831403 0.20530193642029371 0.18272027600831403 0.11528862773860392 0.2242374561678247 0.22311341860652362 0.18272027600831403 0.21631177419039938 0.1272938816925018 0.18272027600831403 0.10918229935482736 0.20871661854208623 0.17365279935061315 0.018221544439622702 0.12253976853044246 0.19830913826341612 0.19622829386978932 -0.051383213720504972 0.18272027600831403 0.050271786029359 0.1346936392737996 0.034111805930545532 0.182883118866946 0.15641974720301102 0.0083872293703885024 0.18272027600831403 0.18272027600831403 0.15695699745029904 0.12109045088058444 0.15981284201802495
leaf_weight=28765.308108471334 4354.0647354535758 12067.198914524168 9261.176038891077 1508.1353257074952 3311.6929605789483 17073.013050176203 1076.3667122647166 11027.902854323387 1592.4527807459235 14842.221581682563 1019.7803141474724 5986.0830852761865 3692.387478325516 88.442151103168726 108.74949462711811 9560.8699472509325 6194.0724125429988 39.580226823687553 281.98292412608862 276.90426860004663 1181.1788978427649 160.76302864030004 1800.2982679530978 1656.6942858211696 102.05831193551421 310.91837462037802 29.964251417666674 1917.7713705524802 2084.9856913499534 1046.8513154238462
leaf_count=143267 32993 50774 64101 22977 11556 44569 8297 23757 17044 81166 13973 18691 34507 1271 850 35620 20236 598 2302 4345 11425 2424 11634 14506 1358 2248 317 17132 26363 12170
internal_value=0.190728 0.197182 0.168258 0.18272 0.18272 0.205922 0.142546 0.199804 0.156577 0.194292 0.161094 0.216765 0.151293 0.155966 0.177048 0.18272 0.187155 0.115842 0.168644 0.10527 0.148447 0.119607 0.202792 0.148874 0.0886598 0.143921 0.0547698 0.140719 0.130958 0.134128
internal_weight=142420 110629 31791.2 13585.7 41637.9 68990.8 4324.57 44131.4 18205.5 33103.5 16382.7 24859.4 10161.1 9141.36 6221.57 38326.2 21036.3 1822.76 2539.53 1785.04 1463.16 1783.18 7786.38 1867.5 210.808 5448.97 190.727 5138.05 3220.28 3131.84
internal_count=732471 441270 291201 113447 190443 250827 49346 175933 177754 152176 157371 74894 107664 93691 49707 178887 101402 20383 22024 27322 13727 19785 30325 16714 2208 59184 2741 56936 39804 38533
is_linear=0
shrinkage=0.05


Tree=4
num_leaves=31
num_cat=0
split_feature=46 24 22 22 15 48 21 15 48 25 21 24 21 48 41 21 25 17 48 21 21 24 21 26 17 22 15 48 41 15
split_gain=7247.84 4677.32 4453.81 4073.55 3596.23 2929.37 1624.06 1193.16 1950.13 1102.5 900.476 900.295 774.467 745.413 689.988 656.732 708.031 607.554 573.613 539.316 917.525 497.248 656.026 536.178 464.348 453.262 465.485 436.535 387.628 375.13
threshold=0.22747265547513965 1.0000000180025095e-35 3910147.0000000005 13897643.000000002 1031.850036621094 18.038461685180668 10052930.500000002 984.10000610351574 11.683333396911623 0.12001407891511919 12130922.500000002 3211691.0000000005 5320895.5000000009 15.267857074737551 5483.5000000000009 5320895.5000000009 1.0000000180025095e-35 0.09319633245468141 14.062500000000002 5320895.5000000009 12130922.500000002 7714069.5000000009 5320895.5000000009 59.500000000000007 0.046151174232363708 13897643.000000002 1724.4500122070315 18.683333396911625 630.10000610351574 9413.7998046875018
decision_type=2 2 2 2 2 2 2 2 2 2 2 2 2 2 2 2 2 2 2 2 2 2 2 2 2 2 2 2 2 2
left_child=1 2 5 -3 9 6 18 8 15 -4 -8 -10 28 -9 -14 -5 -17 25 -1 -2 -21 22 23 -13 -15 -6 -27 -16 -7 -29
right_child=19 3 4 7 17 12 10 13 11 -11 -12 21 14 24 27 16 -18 -19 -20 20 -22 -23 -24 -25 -26 26 -28 29 -30 -31
leaf_value=0.16425305884042374 0.18475165299470908 0.16425305884042374 0.061448471808107891 0.16425305884042374 0.13676633734875923 0.066154445684279237 0.142688752473872 0.16425305884042374 0.12450207341039371 0.14928766633843613 0.15763689427516867 0.10983938765054146 0.13249733206870654 0.1231628609777425 0.13735569321395821 0.12450207341039371 0.16425305884042374 0.16425305884042374 0.14922096417401856 0.16463700143408419 0.1854861535374499 0.12450207341039371 0.050546393439528353 -0.00082327483434569716 0.15163905725632579 0.1454773721035085 0.048576716000060916 0.10102516698693181 0.142688752473872 -0.011165878703070585
leaf_weight=17800.984483592212 13928.796764403582 41117.04828453809 3297.3891723304987 2564.7624892368913 1853.6591269299388 170.40922172740102 7048.6940144114196 3696.5481792613864 1163.9333684891462 400.24291777610779 10255.26063273102 1316.6330223605037 6605.1045516580343 2374.5781096592546 938.0843861810863 2042.290492631495 366.54733665287495 1123.3473519161344 6798.0354862958193 15224.789121478796 8396.9771690443158 239.18487821519375 1211.1453974843025 119.33383511006832 2150.3586893752217 44.677632473409176 319.99363743141294 3441.4806001186371 7798.5724283903837 75.770108032971621
leaf_count=59129 25004 156434 25702 10822 13044 1760 41141 12466 10000 1914 36913 13295 58038 17984 8238 11247 1353 7098 38607 39138 15541 1942 14666 1640 14014 223 2906 35773 55473 1189
internal_value=0.157469 0.151727 0.142792 0.162127 0.105069 0.147146 0.154551 0.139577 0.126927 0.071032 0.142739 0.101064 0.130826 0.153428 0.122176 0.14794 0.128861 0.142667 0.162848 0.17678 0.172063 0.0849961 0.0777838 0.100655 0.139025 0.126702 0.0750752 0.106821 0.142689 0.0986033
internal_weight=163885 126334 67971.7 58362.4 7039.31 60932.4 41903 17245.3 9023.83 3697.63 17304 4050.23 19029.4 8221.48 11060.4 4973.6 2408.84 3341.68 24599 37550.6 23621.8 2886.3 2647.11 1435.97 4524.94 2218.33 364.671 4455.34 7968.98 3517.25
internal_count=732694 653011 387148 265863 50887 336261 175790 109429 64965 27616 78054 41543 160471 44464 103238 23422 12600 23271 97736 79683 54679 31543 29601 14935 31998 16173 3129 45200 57233 36962
is_linear=0
shrinkage=0.05


Tree=5
num_leaves=31
num_cat=0
split_feature=30 24 21 21 48 37 26 37 48 24 21 21 26 48 48 37 17 37 26 37 24 53 44 41 48 37 41 10 48 21
split_gain=5697.29 3613.78 3013.17 3757.72 2270.88 1767.87 1083.71 1077.33 2105.66 937.012 913.714 1191.85 786.709 733.328 632.008 510.893 467.708 473.069 491.258 421.144 318.609 315.646 312.814 274.473 261.328 245.488 242.853 241.833 238.488 237.463
threshold=0.74525970220565807 1.0000000180025095e-35 10052930.500000002 12130922.500000002 15.211111068725588 1322.4500122070315 34.500000000000007 119.1999969482422 11.045454502105715 3211691.0000000005 5320895.5000000009 13439690.500000002 43.500000000000007 15.354166507720949 10.050000190734865 3834.4499511718755 0.1730330362915993 6472.3000488281259 43.500000000000007 10925.649902343752 7714069.5000000009 0.13737331330776217 0.049242423847317703 20092.599609375004 15.267857074737551 7885.3999023437509 400.39999389648443 14243.250000000002 12.267857074737551 1289243.5000000002
decision_type=2 2 2 2 2 2 2 2 2 2 2 2 2 2 2 2 2 2 2 2 2 2 2 2 2 2 2 2 2 2
left_child=1 2 4 5 -1 28 19 8 -3 -10 22 27 20 -5 -7 -15 17 24 -19 26 -11 -14 -2 -20 -16 29 -6 -12 -4 -8
right_child=10 7 3 13 6 14 25 -9 9 12 11 -13 21 15 16 -17 -18 18 23 -21 -22 -23 -24 -25 -26 -27 -28 -29 -30 -31
leaf_value=0.13908741346982414 0.15474206994733655 0.13908741346982414 0.078129414617497894 0.13670785687274575 0.058572408014700761 0.13908741346982414 0.040208818531967713 0.13908741346982414 0.1265544124415818 0.10792669623058955 0.13908741346982414 0.15736302553799722 0.071780745172795632 0.12206535844404667 0.11051700655445738 0.088375948054062528 0.12170301061066793 -0.018267249750945257 0.11051700655445738 -0.021426793998156401 0.1265544124415818 0.1265544124415818 0.1722988670155414 -0.051654056112765835 0.094231146144121536 0.054731586566337601 0.1285024375663468 0.15395598662336518 0.043379687545513364 0.1085131792172567
leaf_weight=19662.619948424399 15453.461822018027 20595.719717346132 6818.5760014802217 9495.2201605141163 152.7973115965724 661.22439920157194 132.11011480540037 28434.433694850653 3874.5460892170668 6097.2436077706516 15783.643492549658 10940.576891295612 1976.0646266266704 5700.9187015518546 2793.5867476984859 1436.5334926247597 1233.3582259193063 168.94957523047924 58.750083703547716 49.299921847879887 749.89676830917597 210.04476094245911 3267.5934369415045 26.236570447683334 4876.4528484866023 231.60807582736015 8131.6734762974083 3767.0830985605717 541.28905725106597 9295.8644414022565
leaf_count=59498 26925 65516 39210 27205 1379 2026 1203 104908 22127 41349 45731 19771 18392 35282 13266 11021 7927 1708 407 623 3675 855 6095 317 44124 2480 49230 5409 7601 67735
internal_value=0.134495 0.129123 0.121446 0.110587 0.131189 0.0941579 0.117917 0.137977 0.129932 0.114021 0.149052 0.143656 0.104481 0.127541 0.108061 0.115311 0.104319 0.099331 0.031879 0.128502 0.112842 0.0782131 0.157825 0.110517 0.101555 0.10631 0.128502 0.139087 0.0755862 0.107565
internal_weight=182617 133405 71467.1 33811.1 37656 17178.4 17993.4 61937.9 33503.5 12907.8 49212.4 30491.3 9033.25 16632.7 9818.56 7137.45 9157.33 7923.98 253.936 8333.77 6847.14 2186.11 18721.1 84.9867 7670.04 9659.58 8284.47 19550.7 7359.87 9427.97
internal_count=732995 629064 372242 190094 182148 116586 122650 256822 151914 86398 103931 70911 64271 73508 69775 46303 67749 59822 2432 51232 45024 19247 33020 724 57390 71418 50609 51140 46811 68938
is_linear=0
shrinkage=0.05


Tree=6
num_leaves=31
num_cat=0
split_feature=48 46 21 21 26 17 22 37 21 9 22 18 41 48 18 22 22 21 18 37 25 41 22 41 48 37 41 16 37 37
split_gain=4819.31 2756.59 1537.2 1637.23 1214.36 563.269 471.223 557.181 415.096 386.087 373.103 450.279 287.986 286.367 276.138 204.822 297.877 234.184 299.035 213.18 228.622 210.107 203.818 224.638 197.447 304.409 187.574 185.173 181.497 178.658
threshold=21.774999618530277 0.22747265547513965 5320895.5000000009 15089427.500000002 43.500000000000007 0.051367949694395072 13897643.000000002 1396.549987792969 1289243.5000000002 112.78511428833009 1885909.0000000002 43970.000000000007 10549.799804687502 9.6833333969116229 99288.000000000015 8681399.0000000019 1885909.0000000002 13439690.500000002 31950.000000000004 2398.7500000000005 0.41183473169803625 19511.900390625004 1885909.0000000002 5698.5500488281259 11.949999809265138 2411.2500000000005 14172.350097656252 0.046867333352565772 1322.4500122070315 1573.850036621094
decision_type=2 2 2 2 2 2 2 2 2 2 2 2 2 2 2 2 2 2 2 2 2 2 2 2 2 2 2 2 2 2
left_child=1 2 8 -4 6 15 10 -8 -1 13 11 -2 -13 -3 -10 16 17 18 -6 20 -20 -17 23 29 -5 -26 -9 -21 -19 -7
right_child=4 9 3 24 5 22 7 26 14 -11 -12 12 -14 -15 -16 21 -18 28 19 27 -22 -23 -24 -25 25 -27 -28 -29 -30 -31
leaf_value=0.1107827593677603 0.10856937982324784 0.13153604585683101 0.1107827593677603 0.12413828316258964 0.088448932523880891 0.088448932523880891 0.067579622095733302 0.1107827593677603 0.12413828316258964 0.13622274743747242 0.1107827593677603 0.087902102890598882 -0.051034915342293666 0.12413828316258964 0.1107827593677603 0.064388831231273147 0.088448932523880891 0.020803212568760984 0.018789804941723203 -0.051990434410330494 0.069973499688657834 -0.052376296223876517 0.1107827593677603 0.088448932523880891 0.1107827593677603 0.12100504539683593 -0.050813302025575151 0.069973499688657834 0.088448932523880891 0.1107827593677603
leaf_weight=580.52126736193895 7055.8898627534509 11418.474175468087 41445.387606937438 13884.993016272783 282.95900344848633 200.67424499243498 1507.2293297052383 1511.8535948172212 45414.330186955631 22071.797044306993 8695.9198487177491 3454.5478406175971 36.494539517909288 12064.443308159709 2172.3190578818321 1389.7815487757325 2381.8460886925459 105.28829529136419 645.16761473938823 29.854769915342331 271.14494881033897 38.203247543424368 1951.087974794209 3456.1562902033329 6410.8599318452179 7747.1896535754204 16.898931875824928 725.63751695305109 682.06872162222862 1270.7986972928047
leaf_count=2758 41835 17141 186476 33051 2394 1874 17638 8448 132096 30924 45274 23603 563 31842 8045 14400 14778 1194 6485 342 2400 461 11273 29504 23093 24944 163 6314 4560 9049
internal_value=0.11729 0.120933 0.11688 0.112103 0.100632 0.0887126 0.107809 0.0893194 0.123767 0.131397 0.110717 0.101256 0.0864213 0.126849 0.124138 0.0781509 0.0828502 0.0701287 0.0605585 0.0514981 0.0351427 0.0611961 0.098747 0.0931607 0.123077 0.117872 0.110637 0.0699735 0.0884489 0.110037
internal_weight=198920 163210 117656 69488.4 35709.5 13430.7 22278.8 3035.98 48167.2 45554.7 19242.9 10546.9 3491.04 23482.9 47586.6 6551.95 5123.97 2742.12 1954.76 1671.8 916.313 1427.98 6878.72 4927.63 28043 14158 1528.75 755.492 787.357 1471.47
internal_count=732922 490370 410463 267564 242552 105028 137524 26249 142899 79907 111275 66001 24166 48983 140141 53328 38467 23689 17935 15541 8885 14861 51700 40427 81088 48037 8611 6656 5754 10923
is_linear=0
shrinkage=0.05


Tree=7
num_leaves=31
num_cat=0
split_feature=46 24 22 21 21 15 48 25 21 48 15 18 50 43 18 16 15 24 44 22 18 25 15 21 48 15 7 48 25 48
split_gain=4442.68 2373.19 3267.69 2072.14 2096.96 1833.36 1698.9 885.097 750.628 681.955 662.822 638.43 582.727 582.314 519.748 514.913 400.471 422.803 436.081 399.331 356.831 338.246 326.992 311.673 304.823 270.006 258.746 250.432 230.196 229.446
threshold=0.31474058330059057 1.0000000180025095e-35 13897643.000000002 10052930.500000002 12130922.500000002 1322.4500122070315 15.062500000000002 0.26474732160568243 1289243.5000000002 15.211111068725588 119.1999969482422 20820.799804687504 0.049307929351925857 2.5000000000000004 39610.000000000007 0.20318321883678439 856.89999389648449 3211691.0000000005 -0.00946969725191593 1885909.0000000002 8010.0000000000009 1.0000000180025095e-35 9413.7998046875018 5320895.5000000009 19.414285659790043 1292.549987792969 20.500000000000004 18.816666603088382 0.47834612429142004 20.055555343627933
decision_type=2 2 2 2 2 2 2 2 2 2 2 2 2 2 2 2 2 2 2 2 2 2 2 2 2 2 2 2 2 2
left_child=1 3 -3 6 5 7 14 -5 28 10 21 -6 26 23 -1 -7 17 -11 -19 20 -9 -4 27 -10 -15 -26 -2 -13 -8 -20
right_child=12 2 9 4 11 15 8 19 13 16 -12 22 -14 24 -16 -17 -18 18 29 -21 -22 -23 -24 -25 25 -27 -28 -29 -30 -31
leaf_value=0.10864853852104198 0.11613882187506813 0.10864853852104198 0.087733988102598248 0.044321838594126819 0.10864853852104198 0.080287328394454988 -0.022863274364209804 0.10560375175515371 0.099961068041057255 0.087733988102598248 0.10864853852104198 0.096848104342967159 0.12298951658774387 0.088285397035825094 0.099961068041057255 0.10197395996912213 0.086665051026660334 -0.034135855860497936 0.081998467325568897 0.10864853852104198 0.061253902844704881 0.10864853852104198 0.0031698972970044532 0.085957810465394038 0.00041790460757856719 0.071087025729381179 0.10864853852104198 0.082399793959338052 0.0712867152127412 0.048115705581481094
leaf_weight=13575.320542395115 15243.874541819096 54636.983033910394 7403.1315192505717 5233.1780893690884 5734.3426610790193 8952.8418282531202 183.92170290648937 575.28149059414864 10100.506406258792 970.7064419016242 5084.4544901400805 10350.364317461848 23492.586655288935 5255.5089209377766 11969.527263686061 4007.0952657610178 6089.2691715285182 131.8423043191433 738.68913244456053 408.42646057158709 2228.2665290683508 850.92050285637379 103.16495077311993 4272.1798185706139 142.98348271846771 2476.2933365218341 6696.204558365047 4384.8826121389866 97.81168445199728 1591.8585198670626
leaf_count=31296 22972 157730 28466 32499 17606 53250 1533 2146 48604 7794 13080 32166 31678 25596 33765 21649 32380 1021 5957 1471 11054 2582 857 31405 1521 18455 18361 25906 610 19232
internal_value=0.103591 0.0998261 0.10625 0.0942954 0.0861629 0.075188 0.101393 0.0570338 0.0912736 0.0892103 0.0965326 0.0975734 0.117471 0.0923006 0.108649 0.0870073 0.0789353 0.0651827 0.0539104 0.0777046 0.0704232 0.087734 0.0919394 0.0983147 0.0813017 0.0672325 0.111551 0.0925604 0.0100956 0.0589163
internal_weight=212982 167550 77497.9 90051.9 41977.8 21405.1 48074.1 8445.15 22529.2 22860.9 13338.5 20572.8 45432.7 22247.5 25544.8 12959.9 9522.37 3433.1 2462.39 3211.97 2803.55 8254.05 14838.4 14372.7 7874.79 2619.28 21940.1 14735.2 281.733 2330.55
internal_count=732642 659631 268242 391389 198604 122069 192785 47170 127724 110512 44128 76535 73011 125581 65061 74899 66384 34004 26210 14671 13200 31048 58929 80009 45572 19976 41333 58072 2143 25189
is_linear=0
shrinkage=0.05


Tree=8
num_leaves=31
num_cat=0
split_feature=7 14 26 15 24 53 31 22 18 25 24 50 15 36 24 24 24 24 18 26 13 18 15 13 26 4 15 15 15 26
split_gain=3976.38 2918.64 1816.38 1252.63 1052.25 928.334 665.778 576.421 625.072 478.807 443.751 441.302 384.386 354.418 333.261 289.495 365.484 314.757 282.431 271.269 247.182 241.629 239.917 227.436 343.826 274.172 317.201 295.465 269.658 236.02
threshold=21.500000000000004 127.40000152587892 11.500000000000002 925.00000000000011 1.0000000180025095e-35 0.13737331330776217 107.50000000000001 8681399.0000000019 38060.000000000007 0.44452822208404547 3211691.0000000005 -1.0000000180025095e-35 6869.6999511718759 2.5000000000000004 7714069.5000000009 3211691.0000000005 7714069.5000000009 1.0000000180025095e-35 8010.0000000000009 34.500000000000007 4.5000000000000009 29679.900390625004 3834.4499511718755 4.5000000000000009 58.500000000000007 0.012903762981295587 4841.4499511718759 3031.4499511718755 2657.5500488281255 87.500000000000014
decision_type=2 2 2 2 2 2 2 2 2 2 2 2 2 2 2 2 2 2 2 2 2 2 2 2 2 2 2 2 2 2
left_child=1 9 -3 7 5 12 13 8 15 -1 -9 -12 19 18 -13 17 -17 -2 -4 21 -14 -5 -23 24 -21 26 27 28 -26 -28
right_child=3 2 6 4 -6 -7 -8 10 -10 -11 11 14 20 -15 -16 16 -18 -19 -20 23 -22 22 -24 -25 25 -27 29 -29 -30 -31
leaf_value=0.091550862996831531 0.066608721532811763 0.14415677651663475 0.10549105141104134 0.091550862996831531 0.091550862996831531 0.091550862996831531 0.11079875833815428 0.079800409869540331 0.031618858932577612 0.098188476595822749 0.0010366717303757968 0.04810728152917864 0.048024374473825321 0.10549105141104134 0.091550862996831531 0.069405840613465816 0.091550862996831531 0.091550862996831531 0.098188476595822749 0.078937072498012795 0.091550862996831531 0.084877640699589058 0.068606093838187859 0.091227318287199932 0.058576706901830672 0.082920894908308562 -0.0036676386963316789 0.070594925254750945 0.01712138345940396 0.070594925254750945
leaf_weight=44497.668631970882 1292.2630753144622 2836.0675672590733 11408.381847962737 5994.1430789977312 25761.886761248112 11803.757361568511 21116.154114119709 1418.9217113256454 683.47665922343731 11068.987358182669 464.70960188657045 2440.5763223320246 1468.0637263506651 8568.6775899976492 205.41534297913313 5579.1444567814469 564.6167845800519 2473.8225299865007 31321.225084170699 13885.762040056288 145.9640565700829 8521.8087972402573 3174.8421203792095 2350.1074381023645 1966.7447283789515 1451.3424646630883 327.50181497633457 1600.9961181879044 492.48328527063131 84.380413353443146
leaf_count=130889 9449 3289 21967 28838 88904 30085 22714 10401 4579 27842 2854 24356 10996 16094 1486 27750 2134 9984 71267 75425 598 44120 19104 9815 13497 6330 2709 10284 3804 562
internal_value=0.0926506 0.0982941 0.104826 0.0848076 0.0873345 0.0828289 0.103282 0.0715927 0.0779891 0.0915509 0.056606 0.0459816 0.0791371 0.100183 0.0538684 0.0811802 0.074406 0.0915509 0.0981885 0.080109 0.0550725 0.0847652 0.0804735 0.0763844 0.0746145 0.0644582 0.058269 0.0625096 0.0502956 0.0163654
internal_weight=224970 130817 75250.5 94152.7 79029.8 53267.9 72414.4 15122.9 10593.3 55566.7 4529.62 3110.7 41464.1 51298.3 2645.99 9909.85 6143.76 3766.09 42729.6 39850.1 1614.03 17690.8 11696.7 22159.3 19809.2 5923.45 4472.11 4060.22 2459.23 411.882
internal_count=732126 294062 135331 438064 345071 256167 132042 92993 53896 158731 39097 28696 226082 109328 25842 49317 29884 19433 93234 214488 11594 92062 63224 122426 112611 37186 30856 27585 17301 3271
is_linear=0
shrinkage=0.05


Tree=9
num_leaves=31
num_cat=0
split_feature=48 14 26 26 48 48 53 25 14 49 49 22 37 22 22 16 41 36 50 18 17 22 37 41 26 37 14 18 41 25
split_gain=3843.22 2545.77 1194.55 806.823 992.538 680.246 538.602 509.093 402.958 358.337 308.967 298.93 461.124 275.171 335.653 243.832 235.231 208.378 187.689 172.172 323.807 168.808 173.284 248.758 136.504 123.842 134.499 121.682 112.45 127.478
threshold=15.267857074737551 630.10000610351574 11.500000000000002 43.500000000000007 21.774999618530277 10.775000095367433 0.21728900820016864 0.44452822208404547 1822.0999755859377 0.07330589741468431 0.11992481350898744 1885909.0000000002 5611.4499511718759 13897643.000000002 3910147.0000000005 0.35031107068061834 236.3999938964844 2.5000000000000004 0.12417027354240419 26040.000000000004 0.0025126262335106735 8681399.0000000019 3547.2500000000005 5483.5000000000009 31.500000000000004 8882.4497070312518 8320.5000000000018 19602.200195312504 6356.8999023437509 0.6000007987022401
decision_type=2 2 2 2 2 2 2 2 2 2 2 2 2 2 2 2 2 2 2 2 2 2 2 2 2 2 2 2 2 2
left_child=1 7 -3 11 9 6 24 -1 16 13 27 12 19 14 -5 25 -6 -10 -8 -2 -21 -13 23 -23 -4 26 28 -7 -14 -30
right_child=3 2 5 4 8 10 18 -9 17 -11 -12 21 15 -15 -16 -17 -18 -19 -20 20 -22 22 -24 -25 -26 -27 -28 -29 29 -31
leaf_value=0.082304160038562557 0.082304160038562557 0.12655100809815234 0.12416086733707421 0.069360520397078657 0.049329344383367835 0.091270343022495357 0.094157348229601728 0.088383337815388985 0.068363934844112656 0.082304160038562557 0.094157348229601728 0.082304160038562557 0.046279222742449513 0.068906047127557463 0.077798714916981454 0.082304160038562557 0.0086278315665983454 0.05511348548289155 0.10182818854676434 -0.0058538634058386317 0.075039021315221568 0.069020036344999314 0.082304160038562557 0.0065329737555587901 0.10689052006021066 -0.0031625421067112678 0.060788782288423271 0.088383337815388985 -0.0026632244936797759 0.046279222742449513
leaf_weight=52117.485474914312 6109.8035291805863 2822.5273599326611 2032.9789157062769 12246.036753445864 1791.872203823179 10488.974943690002 20355.490579083562 11970.903754375875 9575.9001082442701 5385.6168598234653 9693.9039240777493 15722.074200376868 359.17171073704958 3160.2630719840527 5852.4530580937862 271.2277776747942 443.76351626589894 4396.0530515536666 10362.406216934323 124.68378441035748 12315.129231952131 4147.2535374835134 1626.7555091008544 166.08746742457151 3113.13855651021 150.77857619524002 366.31627902388573 29970.927802324295 315.76440555602312 48.738357707858086
leaf_count=142051 26229 3125 2947 55012 14721 21078 27556 28458 56910 14952 15429 60987 2121 16020 18307 1308 4417 29410 9473 1037 59904 29566 6882 944 5264 1509 1941 72831 2334 246
internal_value=0.0842176 0.0889503 0.0944625 0.075658 0.0708238 0.0934067 0.0986894 0.0823042 0.0610448 0.0767673 0.0896253 0.0806192 0.075684 0.0732933 0.0767252 0.0490123 0.0412652 0.0642034 0.0961576 0.0778525 0.0742274 0.0823042 0.0721303 0.0666181 0.113759 0.0392734 0.0451386 0.0883833 0.0317697 0.0117021
internal_weight=237504 152929 88840.3 84575.7 42852 86017.8 35864 64088.4 16207.6 26644.4 50153.8 41723.8 20061.6 21258.8 18098.5 1512 2235.64 13972 30717.9 18549.6 12439.8 21662.2 5940.1 4313.34 5146.12 1240.77 1089.99 40459.9 723.674 364.503
internal_count=732969 328212 157703 404757 209749 154578 45240 170509 105458 104291 109338 195008 96629 89339 73319 9459 19138 86320 37029 87170 60941 98379 37392 30510 8211 8151 6642 93909 4701 2580
is_linear=0
shrinkage=0.05


Tree=10
num_leaves=31
num_cat=0
split_feature=46 24 22 22 48 15 21 21 21 24 21 15 25 25 53 21 21 24 21 41 21 15 48 36 48 50 45 21 15 36
split_gain=3673.13 1997.96 2497.14 1795.59 1649.1 1260.75 697.868 661.378 660.827 621.387 577.868 699.422 565.454 534.089 452.685 427.441 389.649 368.943 400.7 323.834 290.381 261.003 260.653 315.744 258.862 250.154 248.53 246.428 241.744 225.582
threshold=0.52028617262840282 1.0000000180025095e-35 13897643.000000002 3910147.0000000005 15.062500000000002 925.00000000000011 5320895.5000000009 12130922.500000002 10052930.500000002 3211691.0000000005 5320895.5000000009 1178.5000000000002 0.13339110463857654 1.0000000180025095e-35 0.43956537544727331 1289243.5000000002 15089427.500000002 7714069.5000000009 13439690.500000002 23619.399414062504 1289243.5000000002 10040.350097656252 21.944444656372074 2.5000000000000004 16.211111068725589 0.16451118141412738 -0.06742424517869948 10052930.500000002 6472.3000488281259 2.5000000000000004
decision_type=2 2 2 2 2 2 2 2 2 2 2 2 2 2 2 2 2 2 2 2 2 2 2 2 2 2 2 2 2 2
left_child=1 3 -3 4 8 12 15 21 28 -4 20 13 -5 17 25 -6 -10 18 -12 -17 29 27 -22 -24 -13 -2 -7 -8 -1 -11
right_child=14 2 9 5 6 26 7 -9 16 10 11 24 -14 -15 -16 19 -18 -19 -20 -21 22 -23 23 -25 -26 -27 -28 -29 -30 -31
leaf_value=0.081350528191181118 0.081523643315118813 0.081350528191181118 0.078483570782663548 0.02601885911844275 0.013036056566665039 0.038592803365432006 0.057634975595625082 0.06781694650023605 0.070423444702955279 -0.04493826202411972 0.012102919010530089 0.074715735034289951 0.077235347903841289 0.081350528191181118 0.093523572463802301 0.070423444702955279 0.079607815780845748 0.056677353423730127 0.04604330383213337 0.02645729654918464 0.075171328616298022 -0.054048391002371347 0.061930001683249608 -0.00056044957909379156 0.052989669964418173 0.099981641590676684 0.070303176083112304 0.044478111745128245 0.070423444702955279 0.07192121011090595
leaf_weight=30393.437187328935 17911.694252580404 65191.432826243341 7012.2253542244434 4645.3696842193604 330.3477078974247 718.35757905244827 8346.0211488753557 10984.136391304433 10780.083701834083 96.790436252951622 2140.3266573250294 3015.9034409970045 608.59851069748402 596.72584559768438 26195.497647732496 17666.694123387337 11664.252189174294 475.41255289316177 1465.103755004704 459.17825933545828 7701.3239061459899 56.745465595275164 2083.267168879509 223.79618826508522 2570.6758171841502 2094.059382095933 4812.92937252298 6297.3130253516138 757.91588614881039 68.966523200273514
leaf_count=65143 33314 159682 25148 25862 2152 2665 50153 48660 36326 658 14140 7463 1892 1936 27556 72960 23467 1862 7840 2693 23798 696 13743 1915 13057 2898 21763 40926 2283 242
internal_value=0.0764514 0.073529 0.0789272 0.0689193 0.0710569 0.0495385 0.0638902 0.0585213 0.0769567 0.0656118 0.0611884 0.0527911 0.0319787 0.0384974 0.0891721 0.0704234 0.0704234 0.0320042 0.0259128 0.0704234 0.069648 0.0515672 0.0707348 0.0558729 0.064741 0.0834655 0.0662003 0.0519838 0.0813505 0.00396125
internal_weight=247365 201163 92642 108521 97736.1 10785.3 44140.4 25684.2 53595.7 27450.5 20438.3 10264.1 5253.97 4677.57 46201.3 18456.2 22444.3 4080.84 3605.43 18125.9 10174.1 14700.1 10008.4 2307.06 5586.58 20005.8 5531.29 14643.3 31151.4 165.757
internal_count=732893 669125 271484 397641 345459 52182 218240 140435 127219 111802 86654 46298 27754 25778 63768 77805 59793 23842 21980 75653 40356 91775 39456 15658 20520 36212 24428 91079 67426 900
is_linear=0
shrinkage=0.05


Tree=11
num_leaves=31
num_cat=0
split_feature=30 7 14 7 15 22 15 25 30 15 22 18 25 51 22 25 48 41 26 26 18 48 36 15 18 17 50 26 48 50
split_gain=3470.73 1481.59 936.437 699.242 538.668 663.333 407.27 389.991 378.816 308.018 292.936 236.021 217.853 201.784 181.434 180.232 158.115 172.932 153.566 149.813 149.96 139.2 144.849 136.648 186.892 135.468 131.596 124.591 165.618 114.462
threshold=0.74525970220565807 21.500000000000004 127.40000152587892 20.500000000000004 1266.5000000000002 1885909.0000000002 14673.199707031252 0.44452822208404547 25.527339935302738 4841.4499511718759 13897643.000000002 34007.000000000007 0.5004003942012788 -0.015326700638979672 1885909.0000000002 0.7334517538547517 19.679487228393558 17500.849609375004 59.500000000000007 29.500000000000004 41950.000000000007 17.267857551574711 4.5000000000000009 856.89999389648449 36009.800781250007 0.036815144121646888 0.071252468973398222 70.500000000000014 16.763889312744144 -0.053670633584260934
decision_type=2 2 2 2 2 2 2 2 2 2 2 2 2 2 2 2 2 2 2 2 2 2 2 2 2 2 2 2 2 2
left_child=1 2 7 8 10 6 9 -1 29 12 14 -11 21 -12 15 23 -13 25 19 -15 -21 -6 -23 24 -3 -18 -5 -16 -29 -2
right_child=3 4 -4 26 5 -7 -8 -9 -10 11 13 16 -14 18 27 -17 17 -19 -20 20 -22 22 -24 -25 -26 -27 -28 28 -30 -31
leaf_value=0.066461889629532631 0.078498803915094895 0.047142133426154198 0.073430273290848086 0.073430273290848086 0.062780697977979166 0.066461889629532631 -0.056017389051663403 0.069946081460190365 0.089757799692320811 0.066134723163730896 0.0078148170284415546 0.052981628008768725 0.066461889629532631 0.039769812066154459 0.061886358216434956 0.066461889629532631 -0.054829007509493648 0.00073685516604991928 0.027132371832701688 0.063022652952149705 0.027132371832701688 0.057265917870460072 0.03305504117472912 0.050196983878210415 0.0021478939817984985 0.04154504629096549 0.078498803915094895 0.066461889629532631 -0.012302319320996869 0.083079358216882754
leaf_weight=46444.890600994229 11343.733941480517 476.3047192543745 42609.920230709016 14140.72019340843 9767.5545887500048 26417.004433318973 74.644210666418076 12769.419209182262 16169.399926796556 1531.9032718390226 368.49010291695595 2172.1980341076851 9749.6008390039206 1936.4184084460139 10413.271637059748 636.20936731994152 35.523282811045647 332.78944894298911 352.08127149939537 1858.4036510139704 53.548548124730587 17230.433829322457 650.4291675761342 1431.6519162282348 446.37091258168221 1914.9192271232605 6557.6112619489431 87.282849460840225 131.93502190709114 18116.659304499626
leaf_count=124967 16363 2713 84627 35196 34472 90978 758 28087 14216 7207 2057 9424 41732 17534 44910 2784 312 2905 3343 13840 465 88543 3563 7176 3371 12141 11894 207 819 26256
internal_value=0.0702255 0.0667837 0.0708953 0.0800768 0.0620285 0.064028 0.0595421 0.0664619 0.0835673 0.0597435 0.0543418 0.0491648 0.0614344 0.0433387 0.0580252 0.0470603 0.0433031 0.0340569 0.0464499 0.0496575 0.0596197 0.0590995 0.056389 0.0405191 0.0254266 0.0397354 0.0734303 0.0610998 0.0235148 0.0801638
internal_weight=256221 189893 101824 66328.1 88069 69877 43460 59214.3 45629.8 43385.4 18192 5987.33 37398 4568.94 13623 2990.54 4455.43 2283.23 4200.45 3848.37 1911.95 27648.4 17880.9 2354.33 922.676 1950.44 20698.3 10632.5 219.218 29460.4
internal_count=732860 628935 237681 103925 391254 292035 201057 153054 56835 200299 99219 31989 168310 37239 61980 16044 24782 15358 35182 31839 14305 126578 92106 13260 6084 12453 47090 45936 1026 42619
is_linear=0
shrinkage=0.05


Tree=12
num_leaves=31
num_cat=0
split_feature=46 24 22 22 18 15 15 7 48 41 46 50 26 15 18 17 41 41 17 41 18 46 15 41 15 48 50 16 15 46
split_gain=3246.64 1451.31 2149.92 1876.71 1367.98 1024.94 573.165 566.922 420.732 344.161 337.903 319.511 307.73 373.464 230.097 276.1 387.934 226.391 216.095 211.174 193.733 185.263 165.477 161.593 161.114 159.411 158.17 164.51 155.285 145.888
threshold=0.14176698774099353 1.0000000180025095e-35 13897643.000000002 3910147.0000000005 16034.600097656252 925.00000000000011 6869.6999511718759 21.500000000000004 14.535714149475099 302.39999389648443 0.0079338480718433874 -0.05368408374488353 43.500000000000007 984.10000610351574 38060.000000000007 0.011242894921451809 302.39999389648443 23619.399414062504 0.099983483552932753 7564.1000976562509 197024.50000000003 0.030379942618310455 14673.199707031252 236.3999938964844 3883.5000000000005 20.816666603088382 -0.0090754483826458437 0.27206601202487951 8165.0000000000009 1.8227202892303469
decision_type=2 2 2 2 2 2 2 2 2 2 2 2 2 2 2 2 2 2 2 2 2 2 2 2 2 2 2 2 2 2
left_child=1 3 -3 4 -1 23 10 11 9 -4 14 -2 -10 -14 -6 16 20 18 28 21 -16 -8 26 -5 -17 -15 27 -21 -7 -13
right_child=7 2 8 5 6 17 19 -9 12 -11 -12 29 13 25 15 24 -18 -19 -20 22 -22 -23 -24 -25 -26 -27 -28 -29 -30 -31
leaf_value=0.068014852313545301 0.072832556302505486 0.068014852313545301 0.053397970069629035 0.023404691484635382 0.059177866000070314 0.048473122517871954 -0.036006728155022649 0.068014852313545301 0.052896143500838967 0.068014852313545301 0.06239421358163743 0.076678726204805966 0.018344941451833411 0.052896143500838967 0.047738790299299047 0.056329688105573594 -0.022429771653404238 -0.058359870846458689 0.068014852313545301 -0.049101173167544178 -0.065208637582085616 0.06239421358163743 -0.026903717772137382 -0.056819328050225049 0.050679968001272092 0.033796926650347288 0.046511503164358481 0.027588956657117265 -0.056793413641169181 0.083086195181748229
leaf_weight=17524.405098229647 13075.252474233508 65454.297725200653 9702.4957054406404 5389.8068748041987 26778.087035998702 3610.257903598249 182.12925566732883 18362.279864169657 6138.8770156130195 5552.2833174616098 12197.185595661402 10625.570483922958 1662.8274801447988 2794.9553366675973 8472.0856690704823 22330.861714400351 203.51364704966545 43.428133897483349 1618.5227601975203 88.567036427557468 36.48940621316433 40.193916365504265 95.081668294966221 61.670392990112305 7829.4491377398372 1664.0777359157801 1649.6007783748209 244.18413981795311 33.791442789137363 20318.236128434539
leaf_count=46384 17548 153604 29169 26925 92126 16125 1168 38177 33954 11798 30567 15752 13834 10188 24769 88470 1320 317 6073 442 192 65 792 575 34960 8962 8856 863 275 18683
internal_value=0.0645737 0.0614845 0.0660723 0.0575495 0.0597332 0.0377155 0.0567736 0.0745453 0.0535785 0.0591323 0.0575008 0.0776503 0.0466599 0.0385987 0.0559615 0.0534815 0.045607 0.0533579 0.0543016 0.0321272 0.0472392 -0.0140806 0.0370811 0.0224766 0.055753 0.04614 0.0401741 0.00866641 0.0474664 0.0805249
internal_weight=263780 201399 92969.8 108429 97671.8 10757.5 80147.4 62381.3 27515.5 15254.8 77847.7 44019.1 12260.7 6121.86 65650.5 38872.4 8712.09 5306 5262.57 2299.76 8508.58 222.323 2077.43 5451.48 30160.3 4459.03 1982.35 332.751 3644.05 30943.8
internal_count=732933 642773 261509 381264 330974 50290 284590 90160 107905 40967 272404 51983 66938 32984 241837 149711 26281 22790 22473 12186 24961 1233 10953 27500 123430 19150 10161 1305 16400 34435
is_linear=0
shrinkage=0.05


Tree=13
num_leaves=31
num_cat=0
split_feature=1 48 14 26 48 15 25 50 22 22 18 53 36 15 18 7 7 14 41 41 7 15 41 15 15 48 22 14 18 44
split_gain=3302.44 2047.14 1387.26 534.985 495.582 424.759 353.912 268.805 202.333 289.123 153.869 125.138 124.907 144.989 139.422 117.488 116.856 116.639 168.332 114.675 111.456 108.422 90.7776 86.3279 84.3625 95.0198 81.0183 92.7912 131.791 80.0644
threshold=2.568974614143372 14.348484516143801 302.39999389648443 43.500000000000007 21.774999618530277 1213.799987792969 0.44452822208404547 -0.0090754483826458437 3910147.0000000005 13897643.000000002 85080.000000000015 0.21072195470333102 2.5000000000000004 5751.3500976562509 50000.500000000007 21.500000000000004 21.500000000000004 8864.2001953125018 8618.1000976562518 28612.000000000004 12.500000000000002 1031.850036621094 2317.700073242188 2576.9499511718755 4142.1501464843759 9.2750000953674334 3910147.0000000005 21609.400390625004 70100.000000000015 1.0000000180025095e-35
decision_type=2 2 2 2 2 2 2 2 2 2 2 2 2 2 2 2 2 2 2 2 2 2 2 2 2 2 2 2 2 2
left_child=1 2 6 5 8 10 -1 20 11 -10 16 29 14 17 23 -9 -3 18 -14 -7 -2 -16 -18 -6 -4 -26 27 -15 -29 -5
right_child=7 3 24 4 12 19 -8 15 9 -11 -12 -13 13 26 21 -17 22 -19 -20 -21 -22 -23 -24 -25 25 -27 -28 28 -30 -31
leaf_value=0.056780620701381651 0.071314474786610002 0.056780620701381651 0.065289598686305225 0.047165644619165933 0.04131855512029433 0.056780620701381651 0.061035109693843431 0.077835781720343 0.056780620701381651 0.047165644619165933 -0.032804715061224871 0.056780620701381651 0.032782844977140069 -0.05588428420596725 -0.029714808156499763 0.071314474786610002 0.046634048707249354 0.045532442901124376 -0.03927057393732622 -0.057547140521909325 0.065289598686305225 0.036764246433836023 0.0075282833834763481 0.047165644619165933 0.065289598686305225 0.061035109693843431 0.031011568811389025 0.047165644619165933 -0.022468144822909805 0.056780620701381651
leaf_weight=53438.31387013942 6564.481144964695 815.86861451715231 50262.820013470948 14372.221788525581 5565.0014702528715 36452.68823190406 13354.365970104933 20686.58960570395 8789.4505454301834 5035.6188973113894 58.088029325008392 2790.0827028304338 2508.0798529013991 79.611624985933304 61.150262534618378 6439.4481064528227 12057.48153000325 2597.2928803861141 82.145200788974762 30.761960826814175 4858.8891780376434 3127.3683605454862 49.586720585823059 4834.8595760539174 3332.2885345816612 10305.171845629811 188.37016654387116 87.102516710758209 54.338113069534302 1547.7682786881924
leaf_count=133591 7341 2136 87457 54839 31522 133119 28235 19238 22785 19487 392 6795 15530 727 576 10602 59811 13910 600 229 8642 17190 272 22932 4667 22164 963 648 576 5305
internal_value=0.0596386 0.0573842 0.0615201 0.0520411 0.0484775 0.0557651 0.0567806 0.073195 0.0522411 0.0567806 0.0474953 0.0488301 0.0420902 0.0357654 0.0446897 0.0759221 0.0478613 0.0380257 0.0304692 0.0567806 0.0667068 0.0354715 0.0463129 0.0471656 0.0652896 0.0610351 0.00708094 -0.0134068 0.010948 0.0471656
internal_weight=270427 231878 130693 101185 51720.5 49464.5 66792.7 38549.4 32535.1 13825.1 12981 18710.1 19185.3 5596.94 13588.4 27126 12922.9 5187.52 2590.23 36483.5 11423.4 3188.52 12107.1 10399.9 63900.3 13637.5 409.422 221.052 141.441 15920
internal_count=732281 686458 276114 410344 214385 195959 161826 45823 109211 42272 62611 66939 105174 32954 72220 29840 62219 30040 16130 133348 15983 17766 60083 54454 114288 26831 2914 1951 1224 60144
is_linear=0
shrinkage=0.05


Tree=14
num_leaves=31
num_cat=0
split_feature=46 48 24 22 21 26 7 21 21 18 15 14 31 24 22 41 16 49 15 41 15 41 18 26 13 22 15 41 22 15
split_gain=3509.93 1640.8 1056.82 999.069 883.848 592.913 547.783 465.026 772.176 373.711 371.939 362.066 298.76 212.377 211.691 205.761 188.417 181.615 176.204 233.42 159.411 154.047 157.013 152.655 150.701 138.964 140.052 132.56 123.359 177.654
threshold=0.13693542778491977 18.366666793823246 1.0000000180025095e-35 13897643.000000002 10052930.500000002 65.500000000000014 20.500000000000004 5320895.5000000009 12130922.500000002 39440.000000000007 1422.6499633789065 3963.150024414063 107.50000000000001 1.0000000180025095e-35 3910147.0000000005 3845.900024414063 0.10294943302869798 0.16314934939146045 3389.900024414063 8694.5000000000018 2460.0500488281255 3163.0500488281255 53020.000000000007 55.500000000000007 1.5000000000000002 13897643.000000002 2989.900024414063 5267.0500488281259 3910147.0000000005 4841.4499511718759
decision_type=2 2 2 2 2 2 2 2 2 2 2 2 2 2 2 2 2 2 2 2 2 2 2 2 2 2 2 2 2 2
left_child=1 2 4 -4 9 7 12 -3 10 -1 -9 13 -2 -7 15 -12 20 -8 19 21 23 -16 -23 -17 -11 -10 -27 -28 29 -13
right_child=6 5 3 -5 -6 11 17 8 25 24 14 28 -14 -15 18 16 -18 -19 -20 -21 -22 22 -24 -25 -26 26 27 -29 -30 -31
leaf_value=0.058771157629051829 0.063719235813270089 0.050269701282356485 0.058771157629051829 0.050269701282356485 0.050269701282356485 -0.036846737047171452 0.058771157629051829 0.019342138070710155 0.050269701282356485 0.050269701282356485 0.043086874665549342 0.036628379463224961 0.071940411494813922 0.01845662526187572 0.050269701282356485 -0.057193589661723956 0.033229755710603465 0.06359427514445043 0.050269701282356485 -0.060712196974807842 0.018826672387164831 0.033297907647283007 -0.018347810669761235 0.021694694424980857 0.055300511522805351 0.04435021032215973 0.043430165313112709 -0.012736806425296572 0.04511212179481533 0.020304351002949136
leaf_weight=19942.990836061537 19590.376952558756 24082.774754442275 49208.57705232501 20204.74239037931 37060.762923233211 236.36222978681326 11911.613051839173 2954.2690560743213 13205.559420317411 8090.0488682985306 3824.4373025223613 5078.8360256031156 26086.769160956144 637.02748657763004 1053.7535481154919 147.7286836206913 3534.1058085933328 7735.1259439066052 2256.4821640402079 59.808600544929504 967.73042434453964 762.72676181793213 180.86331547051668 68.077654451131821 12320.958160996437 1030.3563299849629 176.18852707743645 254.32617179304361 3178.6289131715894 731.87979116290808
leaf_count=41783 27395 90439 89714 58329 109866 2160 26111 22705 49238 19020 19796 26803 24729 4577 4039 1272 21430 12578 9219 386 6289 3443 1029 388 34064 6349 624 1329 12343 4992
internal_value=0.0552719 0.0521382 0.0550585 0.0587712 0.051002 0.0454809 0.0654041 0.0475219 0.0430707 0.0577468 0.0353598 0.0341831 0.0684174 0.00344009 0.0390371 0.0344587 0.0274488 0.0587712 0.0480834 0.0352231 0.0101596 0.0381537 0.0233808 -0.0285216 0.0518299 0.0502697 0.0343565 0.0103441 0.0371686 0.0328093
internal_weight=276574 211250 146828 69413.3 77414.8 64421.9 65323.9 54559.2 30476.4 40354 15810 9862.73 45677.1 873.39 12855.7 8542.08 4717.64 19646.7 4313.63 2057.15 1183.54 1997.34 943.59 215.806 20411 14666.4 1460.87 430.515 8989.34 5810.72
internal_count=732439 641626 352776 148043 204733 288850 90813 237975 147536 94867 89996 50875 52124 6737 67291 49175 29379 38689 18116 8897 7949 8511 4472 1660 53084 57540 8302 1953 44138 31795
is_linear=0
shrinkage=0.05


Tree=15
num_leaves=31
num_cat=0
split_feature=27 21 21 21 48 15 21 22 48 48 25 48 22 15 15 18 18 26 48 21 21 27 16 15 25 15 24 22 26 22
split_gain=3525.95 1894.69 3352.59 1747.01 1756.92 962.813 834.043 823.265 788.352 656.362 468.197 348.244 311.918 306.338 276.381 275.964 259.166 238.943 478.788 237.881 385.792 238.505 228.182 225.18 218.126 217.996 201.17 293.981 200.998 200.42
threshold=2.3867303133010869 5320895.5000000009 12130922.500000002 10052930.500000002 12.267857074737551 1322.4500122070315 1289243.5000000002 13897643.000000002 18.22500038146973 15.354166507720949 0.24452438205480578 9.5277776718139666 1885909.0000000002 10040.350097656252 925.00000000000011 8010.0000000000009 197900.00000000003 43.500000000000007 20.44999980926514 5320895.5000000009 13439690.500000002 15.009090900421144 0.20318321883678439 12191.500000000002 0.24999500066041949 649.50000000000011 3211691.0000000005 8681399.0000000019 49.500000000000007 13897643.000000002
decision_type=2 2 2 2 2 2 2 2 2 2 2 2 2 2 2 2 2 2 2 2 2 2 2 2 2 2 2 2 2 2
left_child=1 6 3 4 7 10 24 -3 -8 -4 29 -7 15 14 26 -12 25 -16 -19 -2 21 -21 -13 -11 -1 -10 -6 28 -28 -5
right_child=19 2 9 5 13 11 8 -9 16 23 12 22 -14 -15 17 -17 -18 18 -20 20 -22 -23 -24 -25 -26 -27 27 -29 -30 -31
leaf_value=-0.0052342142192848837 0.069999570980538647 0.056973188642169464 0.056973188642169464 0.013456368474874199 0.037499195369402015 0.055823891662950542 0.056973188642169464 0.044222326104550735 0.04029161090131516 0.04779515606848992 0.05132115040742085 0.030014254806777947 0.056973188642169464 -0.039573859367674456 0.044222326104550735 0.020182873119248376 -0.059665826256178001 0.039111448561725305 0.016868325682701128 0.056973188642169464 0.070329616774374187 0.069301393641065981 0.042061815357490269 -0.028557525747044323 0.034760117661982823 0.050517971649657128 0.036533237660956099 -0.0071724433148812571 -0.034273863159261321 -0.010184668052053265
leaf_weight=658.05418125540018 14846.829531133175 19537.85468968749 38036.995249167085 6020.3592038527131 1311.7923515960574 2011.9584504216909 68346.845434859395 5329.1568167507648 6864.287336923182 24353.782023996115 816.21141853928566 12323.491677615792 601.05516004562378 136.62016074359417 7212.9874312728643 3187.3356812596321 54.270038180053234 9054.3568768948317 3307.4708183705807 12884.949862137437 9111.0764461457729 3996.2775878757238 5802.3946885466576 95.729542665183544 704.38595788180828 22402.020749352872 1048.2034670710564 1001.0469552129507 109.23196771740913 1051.7752216234803
leaf_count=2793 14913 40232 66522 27174 6774 3746 130831 14902 31624 88073 2146 53669 1595 957 28952 11641 382 30008 19756 19814 9162 3359 22650 619 2280 77859 4863 8917 627 5986
internal_value=0.0513279 0.049028 0.0453309 0.0385413 0.0445598 0.0294495 0.0543413 0.0537932 0.0548834 0.0540071 0.0180219 0.0360733 0.0304272 0.0346515 0.0350949 0.0252441 0.0479188 0.0374018 0.0331639 0.0649184 0.0620108 0.0575132 0.0338751 0.0474939 0.0154636 0.0481223 0.0220682 0.0126642 0.0298033 0.00993856
internal_weight=282219 241380 142350 79863.3 48048.7 31814.6 99029.9 24867 97667.4 62486.5 11676.7 20137.8 4604.6 23181.7 23045.1 4003.55 29320.6 19574.8 12361.8 40839.1 25992.3 16881.2 18125.9 24449.5 1362.44 29266.3 3470.27 2158.48 1157.44 7072.13
internal_count=732826 685578 439809 284595 155988 128607 245769 55134 240696 155214 48542 80065 15382 100854 99897 13787 109865 78716 49764 47248 32335 23173 76319 88692 5073 109483 21181 14407 5490 33160
is_linear=0
shrinkage=0.05


Tree=16
num_leaves=31
num_cat=0
split_feature=48 39 48 21 21 25 26 39 21 24 25 39 24 46 50 22 50 22 21 21 39 26 24 39 39 22 39 26 48 41
split_gain=3351.85 1962.29 1363.86 1068.04 839.241 699.132 646.153 475.576 369.318 365.833 257.161 254.35 248.164 269.372 242.565 205.635 190.649 181.693 236.878 181.279 180.122 251.827 220.823 179.241 273.007 169.644 197.523 211.17 185.847 229.448
threshold=15.267857074737551 119.1999969482422 11.949999809265138 5320895.5000000009 13439690.500000002 0.82013070583343517 11.500000000000002 1372.7000122070315 1289243.5000000002 7714069.5000000009 0.69240385293960582 10040.350097656252 1.0000000180025095e-35 2.1599670648574834 -0.051857864484190934 13897643.000000002 -0.027546897530555722 1885909.0000000002 10052930.500000002 10052930.500000002 1266.5000000000002 68.500000000000014 3211691.0000000005 6383.8500976562509 4623.5500488281259 3910147.0000000005 1241.6499633789065 43.500000000000007 21.708333015441898 5609.5000000000009
decision_type=2 2 2 2 2 2 2 2 2 2 2 2 2 2 2 2 2 2 2 2 2 2 2 2 2 2 2 2 2 2
left_child=1 5 6 8 7 9 -3 16 -2 -1 11 17 13 -4 -8 -14 -5 18 -9 -18 21 22 -10 24 -20 28 27 -27 -6 -30
right_child=3 2 12 4 25 -7 14 10 20 -11 -12 -13 15 -15 -16 -17 19 -19 23 -21 -22 -23 -24 -25 -26 26 -28 -29 29 -31
leaf_value=0.046849030816562859 0.010599181109114083 0.083761011073835601 0.047133610781842 -0.024466573366370696 0.045678900310374415 0.068570303829026277 0.057083037950545285 0.035112404092124884 0.046849030816562859 0.057709667322794568 0.046849030816562859 -0.030192014029848759 0.057083037950545285 0.057083037950545285 0.06410196824753038 0.047535376256968347 0.024682245388588171 0.038423011547645963 0.01978687194030752 0.00056254653361705064 0.046849030816562859 -0.0001195114401244347 0.035556759884683438 -0.019547354151464452 0.03969494755193536 0.042597382147148366 0.046849030816562859 0.018400243789289644 0.039245397037132007 0.01864594836391301
leaf_weight=68528.423671156168 704.50965143740177 3446.9392872601748 30697.758335456252 256.06880385428667 6543.0475580468774 3748.1029335409403 17752.03210195899 9066.0771784558892 4210.1749349012971 4845.9058620631695 2909.1404153890908 159.12536530196667 12804.368778347969 3803.4847233146429 29311.216483339667 5955.133918941021 3761.737315505743 9535.9669165089726 5864.5028238147497 982.45526494458318 34563.879024021327 372.08432798832655 6594.7961519137025 238.21832794696093 1165.4352834820747 3675.5057415142655 8077.6010574176908 1200.6064889505506 5280.289378657937 1824.5547581464052
leaf_count=157007 3448 3187 64520 1140 19827 5824 23677 42035 14934 7806 11576 1267 18253 5304 31019 11911 23175 35385 30144 8419 104305 2002 28371 1687 5521 14164 21949 6195 19684 9666
internal_value=0.0482829 0.0524328 0.056932 0.0412652 0.0368854 0.046849 0.0628225 0.031669 0.046849 0.046849 0.0341298 0.0325409 0.0513436 0.0488143 0.0612855 0.0559895 0.0174196 0.032929 0.0297173 0.0196897 0.046849 0.0403235 0.041716 0.0229799 0.0244261 0.0435377 0.046849 0.0366495 0.0395852 0.0339621
internal_weight=287879 180893 103771 106986 60540.3 77122.4 50510.2 33938.7 46445.4 73374.3 28938.5 26029.3 53260.7 34501.2 47063.2 18759.5 5000.26 25870.2 16334.2 4744.19 45740.9 11177.1 10805 7268.16 7029.94 26601.6 12953.7 4876.11 13647.9 7104.84
internal_count=733402 328508 157871 404894 251834 170637 57883 160349 153060 164813 127615 116039 99988 69824 54696 30164 32734 114772 79387 31594 149612 45307 43305 37352 35665 91485 42308 20359 49177 29350
is_linear=0
shrinkage=0.05


Tree=17
num_leaves=31
num_cat=0
split_feature=1 24 22 21 21 15 21 48 21 48 25 25 26 25 21 21 41 48 15 41 24 21 21 26 53 1 26 41 41 48
split_gain=2953.12 1387.3 1675.69 1038.71 1595.86 784.88 758.419 757.801 633.82 445.977 350.508 295.764 282.98 264.612 255.26 252.989 371.268 244.933 243.848 243.053 240.221 237.696 231.118 212.688 209.036 200.681 200.228 176.068 157.061 156.558
threshold=0.21320346742868426 1.0000000180025095e-35 8681399.0000000019 10052930.500000002 12130922.500000002 1322.4500122070315 5320895.5000000009 13.464285850524904 13439690.500000002 15.354166507720949 0.18286825716495517 0.86670219898223888 43.500000000000007 0.79595917463302623 5320895.5000000009 13439690.500000002 127.40000152587892 12.535714149475099 8882.4497070312518 12604.300292968752 7714069.5000000009 1289243.5000000002 1289243.5000000002 31.500000000000004 0.32551428675651556 14.421791553497316 34.500000000000007 21609.400390625004 14948.750000000002 17.267857551574711
decision_type=2 2 2 2 2 2 2 2 2 2 2 2 2 2 2 2 2 2 2 2 2 2 2 2 2 2 2 2 2 2
left_child=1 3 -3 7 5 11 -2 -1 25 -6 12 -5 14 27 22 16 20 -10 19 -14 -16 -9 -4 -12 26 -8 -23 -7 -18 -28
right_child=6 2 10 4 9 13 8 21 17 -11 23 -13 18 -15 15 -17 28 -19 -20 -21 -22 24 -24 -25 -26 -27 29 -29 -30 -31
leaf_value=0.048178783402719527 0.061046205174470083 0.048178783402719527 -0.046642784222868723 0.013431364167044296 0.048005370577155912 0.030967588434747978 0.048178783402719527 -0.00010396713640843606 0.063194391481333809 0.035243429666967495 0.048178783402719527 0.048178783402719527 0.019696246127464612 0.048178783402719527 0.0063946332516879442 0.039582553508791016 0.039582553508791016 0.048910265658028751 -0.041292131184993225 0.039582553508791016 0.039582553508791016 0.042816625070496855 0.039582553508791016 0.039582553508791016 -0.074598380265898295 0.061583432999400584 0.041301260749947902 -0.022424049606732787 -0.066832610292867842 0.031790889940137991
leaf_weight=29292.030686661601 25086.619821317494 71171.113289758563 85.536811478435993 10949.755500942469 15142.720164358616 16279.887026209384 23468.377954222262 406.29125951975584 10434.642729908228 12563.71886689961 3457.5957398116589 615.96236697584391 4428.2234613895416 1015.3882329687476 2723.4458030834794 3797.6279548406601 1989.5319973304868 4278.0110212564468 139.13742900639772 1174.5462003052235 338.3256451562047 15098.060092836618 9738.329705491662 4089.8170645087957 39.136022672057152 4125.1315847933292 6670.9843602403998 154.55158789455891 32.974820591509342 12531.677198532969
leaf_count=55093 29200 150726 480 45433 27758 67751 42290 2199 10141 46968 7606 1448 22884 3020 12526 11916 6530 7563 825 3623 996 51654 29322 13445 171 3567 17976 895 173 59388
internal_value=0.044971 0.0422082 0.0464678 0.0385684 0.0336378 0.0254393 0.0541494 0.0429345 0.0500571 0.0422213 0.0363252 0.0153341 0.0334107 0.0321344 0.0363931 0.0299075 0.0225984 0.0590482 0.0236853 0.0253131 0.0116046 0.0379152 0.0395826 0.0457544 0.038365 0.0481788 0.0384982 0.0304628 0.0392135 0.0350987
internal_weight=291319 223926 103166 120760 56722 29015.5 67392.8 64038.2 42306.2 27706.4 31995.1 11565.7 24447.7 17449.8 18705.8 8881.91 5084.28 14712.7 5741.91 5602.77 3061.77 34746.1 9823.87 7547.41 34339.9 27593.5 34300.7 16434.4 2022.51 19202.7
internal_count=733567 640806 261052 379754 193273 118547 92761 186481 63561 74726 110326 46881 89275 71666 61943 32141 20225 17704 27332 26507 13522 131388 29802 21051 129189 45857 129018 68646 6703 77364
is_linear=0
shrinkage=0.05


Tree=18
num_leaves=31
num_cat=0
split_feature=48 15 48 53 25 21 21 21 26 15 24 12 15 24 26 48 24 53 50 6 48 25 26 15 14 16 25 14 44 21
split_gain=3246.47 1969.72 1065.78 816.188 665.399 594.068 697.539 478.517 359.793 339.858 320.15 271.361 246.427 227.482 208.672 191.141 184.271 192.169 175.014 173.82 271.353 170.793 166.404 176.16 238.296 172.279 155.841 141.582 126.859 123.127
threshold=15.267857074737551 119.1999969482422 11.949999809265138 0.088091071695089354 0.79145896434783947 5320895.5000000009 13439690.500000002 1289243.5000000002 12.500000000000002 1372.7000122070315 7714069.5000000009 0.15954545140266421 10040.350097656252 1.0000000180025095e-35 55.500000000000007 19.414285659790043 7714069.5000000009 0.28732809424400335 -0.011665234342217444 -0.0042153499089181415 21.183333396911625 0.76792857050895702 43.500000000000007 1828.4500122070315 6760.3000488281259 0.064081177115440383 0.48989796638488775 6307.8999023437509 0.004653679672628642 5320895.5000000009
decision_type=2 2 2 2 2 2 2 2 2 2 2 2 2 2 2 2 2 2 2 2 2 2 2 2 2 2 2 2 2 2
left_child=1 4 3 -3 10 7 9 26 21 19 -1 29 16 28 -9 -16 17 22 -10 -7 -21 -4 -11 -24 25 -25 -2 -17 -8 -5
right_child=5 2 8 11 -6 6 13 14 18 12 -12 -13 -14 -15 15 27 -18 -19 -20 20 -22 -23 23 24 -26 -27 -28 -29 -30 -31
leaf_value=0.040830716396702729 -0.016455605206432619 0.073809632234704811 0.040830716396702729 0.056012177233031507 0.059744630968775407 -0.009833008113053484 0.031798408280996865 0.040830716396702729 0.044330784093889145 0.032484725730858886 0.050287673682739065 0.062429244897967855 -0.031189455770995519 0.040830716396702729 0.038832024549026727 0.0077112574506251474 0.040830716396702729 0.040830716396702729 0.050917174472194328 0.035812332946234295 0.010170792131982624 0.050917174472194328 0.040830716396702729 -0.015036805784079194 0.026713802615541678 0.016287937737112106 0.036958522560115378 0.030206337252051824 0.040830716396702729 0.050917174472194328
leaf_weight=69058.324164375663 498.49236477911472 5692.6172220855951 16600.138475343585 13595.063714236021 4733.7794922888279 588.99039045721292 13351.876795127988 35594.063604436815 14236.629757061601 12631.35362123698 5021.7839166820049 7464.2111872583628 164.29320857301354 13545.531832784414 7425.8886477723718 888.1701472401619 336.47054547071457 1372.7714109122753 22611.567480415106 1572.3085857629776 3001.2778720967472 1407.007871478796 1457.8397135958076 514.50532450526953 10809.444065317512 2932.7814983576536 185.79857258498669 3319.7406613156199 849.31883232295513 23973.256848305464
leaf_count=155160 2730 5992 33416 14337 7393 2415 47962 109649 26777 54290 7800 5252 1315 42035 21153 5025 607 2477 37433 7656 22663 2188 5900 2730 46326 14282 724 13438 1761 32428
internal_value=0.0421747 0.0462427 0.0507213 0.0559493 0.0408307 0.0354188 0.0322294 0.0396195 0.045885 0.0275714 0.0408307 0.0536884 0.0295973 0.0381668 0.040221 0.0340021 0.0299317 0.0291797 0.0487382 0.0157059 0.0189976 0.0408307 0.0282059 0.0247629 0.023063 0.0116067 -0.00188717 0.0254642 0.0334727 0.0519485
internal_weight=295435 184394 105580 50725.1 78813.9 111041 63128.8 47912.2 54855.3 35382 74080.1 45032.5 30219.5 27746.7 47227.9 11633.8 30055.2 29718.7 36848.2 5162.58 4573.59 18007.1 28345.9 15714.6 14256.7 3447.29 684.291 4207.91 14201.2 37568.3
internal_count=733314 328176 157823 58009 170353 405138 252419 152719 99814 160661 162960 52017 127927 91758 149265 39616 126612 126005 64210 32734 30319 35604 123528 69238 63338 17012 3454 18463 49723 46765
is_linear=0
shrinkage=0.05


Tree=19
num_leaves=31
num_cat=0
split_feature=53 24 24 24 22 22 18 15 15 26 15 26 46 18 4 26 15 15 26 15 15 15 17 17 22 22 53 26 18 17
split_gain=3076.67 1505.9 869.897 1474.41 1156.25 744.91 1396.4 882.51 654.049 772.753 560.036 497.097 453.995 358.675 346.836 335.512 327.881 313.789 303.293 276.635 273.433 213.935 253.301 187.851 181.728 173.919 171.207 168.149 221.695 185.78
threshold=0.26710759103298193 7714069.5000000009 1.0000000180025095e-35 3211691.0000000005 13897643.000000002 1885909.0000000002 26040.000000000004 925.00000000000011 119.1999969482422 11.500000000000002 1.0000000180025095e-35 21.500000000000004 1.8784418702125552 18020.000000000004 0.01835016813129187 11.500000000000002 1508.4500122070315 8507.6000976562518 20.500000000000004 12191.500000000002 119.1999969482422 3937.0500488281255 0.022852892987430099 0.20048536360263827 8681399.0000000019 3910147.0000000005 0.48819473385810858 56.500000000000007 199700.00000000003 0.018195833079516891
decision_type=2 2 2 2 2 2 2 2 2 2 2 2 2 2 2 2 2 2 2 2 2 2 2 2 2 2 2 2 2 2
left_child=1 2 5 20 8 6 11 -7 9 10 -5 13 -2 -1 19 -10 18 23 -6 21 24 22 27 -9 -4 -22 -14 28 -8 -29
right_child=12 -3 3 4 16 7 14 17 15 -11 -12 -13 26 -15 -16 -17 -18 -19 -20 -21 25 -23 -24 -25 -26 -27 -28 29 -30 -31
leaf_value=0.054636482581198846 0.045239856807137019 0.05838385627050903 0.048705619198645064 0.040591060602739308 0.028252183700207153 0.0095981880875974143 0.02843789216523946 0.033745103476239553 0.077562291965131855 0.024532402960478178 0.09317593738826474 0.038037503329204247 0.049746595032075812 0.038607567812265736 0.037600417023406323 0.045199627015739964 0.032967493276493794 -0.06305605051339247 0.011873716265067974 -0.029346762807209992 -0.041067169794871426 0.024712459045985978 0.033871878557480507 0.065127483011576753 0.037552512578080725 0.055475675360646085 0.056939331933319452 -0.01753527892808842 -0.034882279046961943 0.029750645808607225
leaf_weight=11683.531067997217 24856.768454641104 8281.1974814832211 12487.655460476875 12777.52942289412 6393.0854106098413 6497.1108746826649 16795.565824255347 6749.6244499385357 830.8274011015892 10499.158325269818 526.64815202355385 19358.342511899769 11203.010282158852 5013.7018801122904 15206.162570439279 24051.455495834351 11495.078734710813 79.119720704853535 5073.9596679583192 193.36508163809776 45.481917589902878 13624.100531872362 35695.515119835734 514.13330198824406 5226.2922434136271 12429.218770481646 21016.704380020499 437.09924744814634 137.7752116471529 392.27012252062559
leaf_count=19353 36102 15151 24818 24071 17128 28241 44230 23555 556 33315 412 58957 13954 10815 32749 48446 32848 533 30769 1429 176 52628 118278 1225 16707 23177 18746 2463 639 1487
internal_value=0.0398836 0.0374245 0.036683 0.0401589 0.0362512 0.0340084 0.0352903 0.0230251 0.0406143 0.0346817 0.0426863 0.0435004 0.0503297 0.0498287 0.0317004 0.0462864 0.0269976 0.0348996 0.0210083 0.0301433 0.0494303 0.0303157 0.0317427 0.0359837 0.0454196 0.0551172 0.0542533 0.0268421 0.0279186 0.0048475
internal_weight=299571 242495 234214 101836 71647.7 132377 118537 13840 48685.6 23803.3 13304.2 36055.6 57076.5 16697.2 82481.9 24882.3 22962.1 7342.88 11467 67275.7 30188.6 67082.3 53458.2 7263.76 17713.9 12474.7 32219.7 17762.7 16933.3 829.369
internal_count=732958 664156 649005 252423 187545 396582 343028 53554 106800 57798 24483 89125 68802 30168 253903 49002 80745 25313 47897 221154 64878 219725 167097 24780 41525 23353 32700 48819 44869 3950
is_linear=0
shrinkage=0.05


Tree=20
num_leaves=31
num_cat=0
split_feature=53 48 41 48 25 15 22 46 49 24 22 36 24 22 26 53 25 15 17 16 15 26 15 22 48 41 48 22 24 15
split_gain=2987.04 1739.69 1093.1 939.964 624.126 472.666 632.279 443.444 411.373 357.876 304.239 259.86 237.328 226.8 215.673 192.226 160.483 151.933 188.4 141.059 139.665 127.315 126.163 126.088 125.099 120.395 118.74 118.19 128.432 188.53
threshold=0.26710759103298193 15.267857074737551 236.3999938964844 9.3452377319335955 0.62981480360031139 1372.7000122070315 3910147.0000000005 1.8784418702125552 -0.049416434019803994 1.0000000180025095e-35 13897643.000000002 1.5000000000000002 7714069.5000000009 8681399.0000000019 43.500000000000007 0.4993042945861817 0.88008713722229015 5611.4499511718759 0.17606624960899356 0.0040080321487039336 4486.2500000000009 43.500000000000007 14673.199707031252 3910147.0000000005 12.035714149475099 8260.4501953125018 17.354166984558109 8681399.0000000019 1.0000000180025095e-35 7042.3498535156259
decision_type=2 2 2 2 2 2 2 2 2 2 2 2 2 2 2 2 2 2 2 2 2 2 2 2 2 2 2 2 2 2
left_child=1 2 4 8 -1 12 14 27 -4 11 -11 16 13 -3 17 -9 -5 -7 25 21 24 -15 26 -6 -13 -19 -16 28 29 -2
right_child=7 5 3 9 23 6 -8 15 -10 10 -12 20 -14 19 22 -17 -18 18 -20 -21 -22 -23 -24 -25 -26 -27 -28 -29 -30 -31
leaf_value=0.034353442390348446 0.041721426244510383 0.025370383981653224 0.049119568769849214 0.034353442390348446 0.044875513541268244 0.032660208620934106 0.034353442390348446 0.046957052371636797 0.064350249687850761 0.049119568769849214 0.03686253026624306 0.047043012029388549 0.034353442390348446 0.017579637124039715 0.03046747328845243 0.054432391948436021 0.049119568769849214 -0.0087417197707348963 0.034353442390348446 0.034353442390348446 0.034353442390348446 0.0015685165796676941 -0.057053387553780782 0.061060462657998388 0.038366736608063737 0.020381692938763671 0.0232447237328962 0.034428969148571041 0.046957052371636797 0.00042081250809478452
leaf_weight=62545.429619520903 13510.165067389607 17227.957986429334 2479.137972921133 12900.809802100062 7617.9565477967262 22795.359793044627 31896.768192514777 11940.790673449636 7457.4151339679956 13852.136944532394 6405.6717530339956 9589.3228539228439 1191.8883732631803 3288.0928627550602 7889.7097828239202 20089.456447407603 616.49438869953156 647.33921025693417 806.34867819771171 419.58710344135761 2943.7028810977936 1994.780013486743 44.83786016702652 1451.3453015387058 7483.4241877198219 625.87594731152058 20713.408245194703 3878.9113246053457 7124.6300231069326 282.12664291262627
leaf_count=141739 20065 64297 4241 28065 13642 77924 89505 14848 7998 18835 12893 16247 3836 21274 21868 17846 755 3427 3285 1874 6345 13923 400 2165 15191 2787 91123 6542 8815 661
internal_value=0.0371976 0.0348003 0.0385925 0.0433578 0.0343534 0.0301144 0.0318606 0.0475267 0.0574948 0.0407444 0.0459994 0.0375672 0.0239289 0.0225088 0.028069 0.0514191 0.0343534 0.031479 0.0185119 0.0138578 0.0414155 0.0115368 0.0251062 0.0474785 0.0432449 0.00640994 0.025239 0.042495 0.0439874 0.0408768
internal_weight=301711 244885 135343 63728.1 71614.7 109542 85419.6 56826.1 9936.55 53791.6 20257.8 33533.8 24122.3 22930.4 53522.9 32030.2 13517.3 24874.9 2079.56 5702.46 20016.4 5282.87 28648 9069.3 17072.7 1273.22 28603.1 24795.8 20916.9 13792.3
internal_count=732416 663639 268116 110570 157546 395523 290319 68777 12239 98331 31728 66603 105204 101368 200814 32694 28820 87423 9499 37071 37783 35197 113391 15807 31438 6214 112991 36083 29541 20726
is_linear=0
shrinkage=0.05


Tree=21
num_leaves=31
num_cat=0
split_feature=53 7 41 48 25 53 30 22 24 15 24 48 15 15 50 22 48 41 6 41 24 45 24 15 49 24 41 49 49 46
split_gain=2791.57 1472.08 1189.15 931.462 525.724 487.053 432.05 429.113 705.879 320.941 289.744 239.615 236.551 233.971 402.754 175.23 168.255 173.368 153.506 141.859 135.726 134.632 132.965 129.447 127.572 125.005 119.82 119.6 117.849 116.552
threshold=0.26710759103298193 21.500000000000004 127.40000152587892 10.050000190734865 0.79145896434783947 0.10428143292665483 22.869583129882816 8681399.0000000019 1.0000000180025095e-35 3883.5000000000005 3211691.0000000005 14.535714149475099 12191.500000000002 856.89999389648449 -1.0000000180025095e-35 13897643.000000002 7.3541667461395273 1415.850036621094 -0.36627864837646479 6270.1499023437509 7714069.5000000009 -10.224747657775877 7714069.5000000009 1031.850036621094 0.24371013045310977 1.0000000180025095e-35 2215.400024414063 0.073747340589761748 0.098989900201559081 0.065954811871051802
decision_type=2 2 2 2 2 2 2 2 2 2 2 2 2 2 2 2 2 2 2 2 2 2 2 2 2 2 2 2 2 2
left_child=1 2 4 5 20 -4 16 8 11 15 -9 -3 23 14 -12 19 -2 21 -15 25 -1 -18 -16 -13 -8 -5 -25 -20 29 -19
right_child=6 7 3 9 -6 -7 24 10 -10 -11 13 12 -14 18 22 -17 17 28 27 -21 -22 -23 -24 26 -26 -27 -28 -29 -30 -31
leaf_value=0.032714869800230521 0.046107998561276897 0.032714869800230521 0.064665594935160373 0.037840425812744466 0.049480188324062001 0.046089105841401717 0.046107998561276897 0.03178474513256152 0.032714869800230521 0.032714869800230521 -0.035498617584746199 0.015165789645408392 -0.03212414955041086 -0.075018276586638455 0.010279033292266388 0.032714869800230521 -0.04123922371388495 0.014910235902558381 0.02080753730493964 0.046089105841401717 0.041097529062146254 0.030076351922551495 0.032714869800230521 0.029222667558454221 0.053155558085472912 0.045714690773626721 0.025421810866687228 0.032714869800230521 0.042701604826421595 0.037637634177170726
leaf_weight=61185.128449469805 10640.399305775762 6958.8876420557499 5755.8610837012529 15713.111411631107 4738.9109928011894 7344.0495364665985 6351.2926130890846 5197.1254511252046 34194.922991365194 10082.04406927526 472.09552007913589 2701.7540172338486 174.5862340554595 38.464412212371826 3260.9508893638849 3630.6965927183628 65.88729365170002 617.8930419832468 8498.9188794419169 5006.1284652203321 4153.5573250353336 3254.5182933807373 301.15398848056793 5524.9060963690281 15336.088151335716 7532.5565274655819 54774.748542062938 534.75856636464596 13560.621488928795 6938.0589176863432
leaf_count=139109 12007 14024 5796 30136 7257 10732 7040 20494 87061 20272 2510 14620 1442 171 23661 7733 209 1264 28829 7298 6832 5755 1434 17863 13676 10571 205315 1018 18696 10210
internal_value=0.0350461 0.0327542 0.0365701 0.0420852 0.0327149 0.0537307 0.0450489 0.0288596 0.030099 0.0384475 0.0217927 0.0267676 0.0257305 0.0178263 0.00780293 0.0409905 0.041611 0.0392952 0.0222808 0.0423516 0.0327149 0.0286373 0.0135585 0.0258918 0.050605 0.0403957 0.0263719 0.0227116 0.0409682 0.0357835
internal_weight=304540 247775 125142 55064.4 70077.6 13099.9 56764.8 122633 104330 41964.5 18303.5 70134.9 63176 13106.3 4034.2 31882.5 35077.4 24437 9072.14 28251.8 65338.7 3320.41 3562.1 63001.4 21687.4 23245.7 60299.7 9033.68 21116.6 7555.95
internal_count=733035 664178 245736 92538 153198 16528 68857 418442 340325 76010 78117 253264 239240 57623 27605 55738 48141 36134 30018 48005 145941 5964 25095 237798 20716 40707 223178 29847 30170 11474
is_linear=0
shrinkage=0.05


Tree=22
num_leaves=31
num_cat=0
split_feature=48 37 48 53 24 24 14 18 24 18 1 24 30 26 14 37 37 26 37 1 53 48 37 37 26 41 17 26 45 36
split_gain=2528.09 1525.02 1106.07 631.681 387.634 351.442 551.303 352.077 344.352 326.172 314.257 279.416 218.856 217.583 367.034 226.493 190.786 161.209 157.236 180.427 141.962 131.966 128.044 100.921 98.2283 119.121 156.174 95.3618 93.1022 91.0143
threshold=15.267857074737551 119.1999969482422 11.949999809265138 0.083918049931526198 7714069.5000000009 1.0000000180025095e-35 1479.7000122070315 49000.099609375007 3211691.0000000005 19013.600585937504 13.146900653839113 7714069.5000000009 22.869583129882816 77.500000000000014 12604.300292968752 3937.0500488281255 4652.3000488281259 12.500000000000002 4383.6501464843759 0.1367302089929581 0.20680826157331469 18.267857551574711 14673.199707031252 1422.6499633789065 39.500000000000007 6448.8498535156259 0.073131326586008086 33.500000000000007 0.59393939375877391 2.5000000000000004
decision_type=2 2 2 2 2 2 2 2 2 2 2 2 2 2 2 2 2 2 2 2 2 2 2 2 2 2 2 2 2 2
left_child=1 4 3 -3 12 7 8 20 -7 -4 28 21 -1 15 -15 -9 -16 -11 19 -17 27 -10 24 29 25 26 -20 -2 -5 -23
right_child=5 2 9 10 -6 6 -8 13 11 17 -12 -13 -14 14 16 18 -18 -19 22 -21 -22 23 -24 -25 -26 -27 -28 -29 -30 -31
leaf_value=0.031967706808790901 0.029811945884833144 0.061138882419440224 0.040827588642946999 0.040827588642946999 0.045845144689297748 0.027518720623486589 0.031967706808790901 0.024164258018607127 0.024244479068695209 0.031967706808790901 0.052675038352511472 0.027518720623486589 0.048427846774725655 -0.011560015457493147 0.024164258018607127 -0.0074331614246951703 0.0047972620634795316 0.036127067175138868 -0.0084171158950580964 0.024164258018607127 0.031967706808790901 0.013761162405309391 -0.056104466512424227 -0.068235142451851125 0.024164258018607127 0.00061964408272858888 0.024164258018607127 0.024624531525714363 0.045444548712667426 -0.0046687561873760145
leaf_weight=73995.702032014728 14669.74270772934 6021.3662216961384 14595.50684851408 23638.111828133464 5141.254125520587 5471.7949377298355 30895.498958848417 15784.041189774871 2871.2918724194169 13054.006867602468 8297.6998275369406 1214.5907046198845 2621.0816318839788 1349.4622210711241 1643.0564251989126 1318.457911349833 701.18084238097072 28613.386447519064 367.91406143456697 241.82390719652176 3729.4841867983341 8477.2994645312428 54.973112460225821 37.104069396853447 3226.7198989465833 1216.6093116290867 756.33640244603157 22702.069074545056 12946.39767934382 726.40322315692902
leaf_count=159778 52683 6031 22702 31805 7762 18583 78534 57575 10020 26570 6137 3772 2699 5955 5483 6079 3127 50714 1750 469 7521 39394 558 180 13007 5733 2906 86465 13968 4747
internal_value=0.0330576 0.0366392 0.0405739 0.0459165 0.0319677 0.0272962 0.0304921 0.0249516 0.0230697 0.0357387 0.0438716 0.0178947 0.0319677 0.0204729 0.00920276 0.0222845 0.0211545 0.0334373 0.0146633 0.000618875 0.0278556 0.0148816 0.0185591 0.0119678 0.0193162 0.0114682 0.0231861 0.0266623 0.0418722 0.0123059
internal_weight=306380 188925 107166 50903.6 81758 117456 49694 67761.9 18798.5 56262.9 44882.2 13326.7 76616.8 26660.6 3693.7 22966.9 2344.24 41667.4 7182.83 1560.28 41101.3 12112.1 5622.55 9240.81 5567.58 2340.86 1124.25 37371.8 36584.5 9203.7
internal_count=732707 328166 157927 57941 170239 404541 155230 249311 76696 99986 51910 58113 162477 102642 14565 88077 8610 77284 30502 6548 146669 54341 23954 44321 23396 10389 4656 139148 45773 44141
is_linear=0
shrinkage=0.05


Tree=23
num_leaves=31
num_cat=0
split_feature=46 21 21 21 21 22 21 21 26 15 26 15 15 50 22 17 15 22 53 17 14 26 22 15 30 26 24 14 51 24
split_gain=2825.64 1300.83 2042.83 871.902 573.32 558.188 529.799 589.406 501.724 451.151 299.314 269.984 234.295 229.371 201.838 216.053 208.907 200.472 194.166 186.206 172.304 169.969 204.268 167.528 152.396 231.133 174.179 147.795 163.349 139.824
threshold=0.22747265547513965 5320895.5000000009 12130922.500000002 10052930.500000002 1289243.5000000002 8681399.0000000019 5320895.5000000009 13439690.500000002 21.500000000000004 1322.4500122070315 21.500000000000004 3369.099975585938 8882.4497070312518 -0.022943723015487191 1885909.0000000002 0.10331800207495691 3834.4499511718755 13897643.000000002 0.13737331330776217 0.26796667277812963 12933.799804687502 61.500000000000007 13897643.000000002 8882.4497070312518 0.33933649957180029 102.50000000000001 1.0000000180025095e-35 1116.299987792969 -0.011385281570255755 7714069.5000000009
decision_type=2 2 2 2 2 2 2 2 2 2 2 2 2 2 2 2 2 2 2 2 2 2 2 2 2 2 2 2 2 2
left_child=1 4 3 5 -1 8 -2 -8 -3 17 -4 13 21 -7 16 -16 18 -5 19 -11 -14 -6 -23 24 25 26 -12 28 -28 -10
right_child=6 2 10 9 12 11 7 -9 29 14 23 -13 20 -15 15 -17 -18 -19 -20 -21 -22 22 -24 -25 -26 -27 27 -29 -30 -31
leaf_value=-0.00016117395770337789 0.047048125559902267 0.034962010452462354 0.034962010452462354 0.0092722929881369417 0.034720136470017128 -0.013474201130616998 0.034962010452462354 0.046173466212377695 0.022873362693342152 0.01456798765446778 0.025297523118089988 0.028999522138820233 -0.018902771039631242 0.013343621761861039 0.01996680104379242 0.034962010452462354 0.0061202692548560011 -0.011739477747760955 0.034962010452462354 0.034962010452462354 0.022922508038953023 0.030735950626237588 0.010143136032390608 0.00079339800958708314 0.034962010452462354 -0.01737594962488534 -0.0064018948121973302 0.031771774488198137 0.025888029815304178 0.034962010452462354
leaf_weight=1261.7646306976676 22576.93407715857 13166.951402187347 26087.609696567059 11880.923310801387 89221.485867612064 895.83314561843872 25514.071342371404 13618.139902532101 24006.88302192837 7514.7572010904551 16491.129819586873 2559.1178005933762 317.90689294785261 7143.6031961068511 4745.3133254349232 2062.9654485136271 4053.3003425560892 1253.3801245763898 1264.4852977991104 558.28953965008259 1071.154764868319 8113.0546870604157 1417.0549155622721 498.59648298472166 5233.9656447470188 270.08371859788895 422.95448227971792 10181.947144269943 5176.4786050692201 441.70940881967545
leaf_count=4739 24877 26547 43358 41980 196292 3055 39394 15278 80580 30254 50843 7139 1171 27724 16783 5922 17310 6179 2614 1448 3628 23839 5737 2016 9110 1153 1226 22821 18822 796
internal_value=0.0313702 0.0289813 0.0259573 0.0207004 0.0333321 0.0249995 0.0409427 0.037418 0.0278555 0.0144809 0.0326171 0.0148598 0.0337541 0.0103527 0.0191714 0.0261829 0.0156031 0.0072657 0.0197173 0.0168179 0.0133368 0.034041 0.0276767 0.0295899 0.0299699 0.0285815 0.0289672 0.0317718 0.0234476 0.0235998
internal_weight=309022 247313 145910 81547.5 101402 48214.1 61709.1 39132.2 37615.5 33333.4 64362.8 10598.6 100141 8039.44 20199.1 6808.28 13390.8 13134.3 9337.53 8073.05 1389.06 98751.6 9530.11 38275.2 37776.6 32542.6 32272.5 15781.4 5599.43 24448.6
internal_count=732635 653086 417680 268331 235406 145841 79549 54672 107923 122490 149349 37918 230667 30779 74331 22705 51626 48159 34316 31702 4799 225868 29576 105991 103975 94865 93712 42869 20048 81376
is_linear=0
shrinkage=0.05


Tree=24
num_leaves=31
num_cat=0
split_feature=46 48 21 21 7 26 21 21 22 22 39 44 39 21 0 14 18 24 24 21 18 48 41 21 39 46 17 36 39 14
split_gain=2563.54 1249.89 843.005 957.884 612.071 440.679 286.606 387.457 144.195 167.833 187.525 160.948 143.204 137.748 120.397 120.026 134.341 113.327 169.351 109.515 152.981 144.533 102.152 91.4801 89.795 88.9152 88.5133 83.0439 170.768 114.779
threshold=0.13693542778491977 18.535714149475101 5320895.5000000009 15089427.500000002 21.500000000000004 43.500000000000007 5320895.5000000009 12130922.500000002 8681399.0000000019 1885909.0000000002 1031.850036621094 -0.013441558461636303 3509.650024414063 12130922.500000002 7.5000000000000009 127.40000152587892 58060.000000000007 3211691.0000000005 7714069.5000000009 5320895.5000000009 44050.000000000007 21.050000190734867 1984.299987792969 15089427.500000002 2424.0500488281255 0.44974821805953985 0.0819726698100567 4.5000000000000009 2576.9499511718755 8694.5000000000018
decision_type=2 2 2 2 2 2 2 2 2 2 2 2 2 2 2 2 2 2 2 2 2 2 2 2 2 2 2 2 2 2
left_child=1 2 -1 -4 6 15 14 -8 9 11 22 12 26 19 -2 16 17 -3 23 20 24 -22 -11 -19 -13 -9 -7 -10 29 -29
right_child=4 5 3 -5 -6 8 7 25 27 10 -12 13 -14 -15 -16 -17 -18 18 -20 -21 21 -23 -24 -25 -26 -27 -28 28 -30 -31
leaf_value=0.032709491558687014 0.037089001986242369 0.023128214554797091 0.025788543380241093 0.032709491558687014 0.032709491558687014 -0.058649789762626352 0.037089001986242369 0.037362352770730321 0.011578365009542376 0.012758988167522165 0.025788543380241093 0.018708669656990893 0.0015573552176019259 0.024274772162355532 0.048191233255940623 0.025788543380241093 -0.058750772783136757 0.0083714701733262863 0.023128214554797091 0.0098665362943666356 0.018708669656990893 0.0042987323642722838 -0.064843521547293989 0.021680341725697071 0.025788543380241093 0.048994192768175328 0.0015573552176019259 -0.056654992475895373 -0.064820333282418013 0.025788543380241093
leaf_weight=66392.08673607558 2181.204088434577 3659.9452460482717 61436.044101446867 38912.11339559406 21555.427385628223 186.17447154223919 18533.000234141946 2065.6361363679171 5024.0119081586599 2265.3505288213491 7379.7463559061289 1754.068480566144 170.05830346047878 5198.3587805852294 15122.735993400216 29973.328761257231 51.390316233038902 4544.9971869960427 726.25339399278164 6399.9352315254509 1725.9593380615115 2692.3455482497811 41.259360030293465 1804.4732965528965 2409.0070855468512 8826.759528696537 58.777931660413742 41.168686531484127 107.03161481767893 90.347686171531677
leaf_count=121799 2777 14960 162610 70463 38565 956 25074 2724 25330 9407 20488 7044 579 20095 13855 94844 369 20764 2087 35200 5758 12594 224 6664 8406 8038 210 349 595 262
internal_value=0.0296319 0.0272265 0.0296524 0.0266637 0.0381925 0.0219247 0.0414685 0.0384568 0.0178534 0.0191813 0.0246119 0.016625 -0.0141444 0.0172591 0.0465849 0.0254739 0.0204679 0.020858 0.0162 0.0148218 0.0185143 0.0120254 0.0113159 0.0121594 0.025392 0.0467956 -0.0416404 0.010208 -0.0185096 0.0195858
internal_weight=311329 243044 166740 100348 68284.8 76304 46729.3 29425.4 35543.6 30281 9686.36 20594.7 415.011 20179.7 17303.9 40760.4 10787.1 10735.7 7075.72 14981.3 8581.38 4418.3 2306.61 6349.47 4163.08 10892.4 244.952 5262.56 238.548 131.516
internal_count=733090 642057 354872 233073 91033 287185 52468 35836 147497 120961 30119 90842 1745 89097 16632 139688 44844 44475 29515 69002 33802 18352 9631 27428 15450 10762 1166 26536 1206 611
is_linear=0
shrinkage=0.05


Tree=25
num_leaves=31
num_cat=0
split_feature=53 24 48 25 21 21 21 21 1 37 6 36 46 16 1 16 48 48 21 25 16 21 22 37 24 24 37 14 25 24
split_gain=2252.44 1173.83 887.768 885.765 719.026 736.959 681.308 686.585 611.857 472.936 354.005 238.607 207.693 194.101 182.16 180.486 170.765 168.425 152.645 130.695 129.631 125.077 124.411 121.964 121.916 119.338 117.345 206.998 115.067 145.556
threshold=0.13737331330776217 7714069.5000000009 21.774999618530277 0.83346664905548107 5320895.5000000009 15089427.500000002 5320895.5000000009 13439690.500000002 8.2537879943847674 1031.850036621094 0.00029801116033922886 1.5000000000000002 2.2263946533203129 0.065786834806203856 0.22792208194732669 0.18958333879709247 13.348484516143801 9.6833333969116229 1289243.5000000002 0.91012820601463329 0.057932185009121902 1289243.5000000002 8681399.0000000019 1073.6499633789065 1.0000000180025095e-35 3211691.0000000005 6585.5498046875009 20793.000000000004 0.44452822208404547 1.0000000180025095e-35
decision_type=2 2 2 2 2 2 2 2 2 2 2 2 2 2 2 2 2 2 2 2 2 2 2 2 2 2 2 2 2 2
left_child=1 2 3 4 21 -6 14 8 9 16 17 23 -9 -13 18 -10 22 -11 -2 -5 -3 -1 24 25 -8 -4 -19 -28 29 -23
right_child=6 20 11 19 5 -7 7 12 15 10 -12 13 -14 -15 -16 -17 -18 26 -20 -21 -22 28 -24 -25 -26 -27 27 -29 -30 -31
leaf_value=0.023386235626082701 -0.030153147983270095 0.041728890203185189 0.023386235626082701 0.039046113097295727 0.023386235626082701 0.030635814004308249 -0.0017857208958911249 0.035122908253826655 0.034046817906262315 0.026006391796085295 0.031676486705957747 0.0088578207085169731 0.045950175869623605 0.018819221806958338 0.043163921294795321 0.050029210437401328 -0.017863704525757054 0.017957664452381533 0.035237820499261795 0.053409169368042492 0.060002286224640017 0.026153677142544459 -0.0033506187031417927 0.023386235626082701 0.031676486705957747 0.013403899134685322 -0.053410205922715108 0.021500567878310967 0.03512220756262268 0.031847829164803138
leaf_weight=756.16868183761835 88.792779818177223 6930.2440211549401 4325.0663983002305 4121.4929416775703 55888.420320883393 35084.926220089197 396.78540144860744 11502.455253943801 5070.7340404391289 2616.7160178869963 10477.663478210568 6927.0660905092955 7269.8900724798441 16676.229836724699 23625.370303198695 2737.3012463003397 696.07593465596437 9997.0461546629667 8240.1085467934608 2620.8588410243392 1142.4763628989458 18394.215919263661 653.9346366673708 27922.376808788627 795.99342657625675 6553.6991448700428 157.81456525623798 168.14502971619368 12112.238394364715 29139.714912071824
leaf_count=2357 293 12613 17656 6997 159532 68531 986 17329 5915 3533 16342 33691 6747 70467 26421 2349 2417 21476 13444 3623 1596 40106 1739 88753 1299 27998 586 345 22179 55995
internal_value=0.0281801 0.0256012 0.0249152 0.0269086 0.0261181 0.0233862 0.0351564 0.0316517 0.0273864 0.0236918 0.0259154 0.0198639 0.0393204 0.0158968 0.0409167 0.0396612 0.0032089 0.0203363 0.0345336 0.0446434 0.0443292 0.030349 0.0111625 0.0222762 0.0208621 0.0176838 0.0169947 -0.012467 0.0307588 0.0296456
internal_weight=313090 228595 220522 158118 151376 90973.3 84494.8 52540.6 33768.2 25960.2 23417.4 62404.4 18772.3 23603.3 31954.3 7808.04 2542.79 12939.7 8328.9 6742.35 8072.72 60402.3 1846.71 38801.1 1192.78 10878.8 10323 325.96 59646.2 47533.9
internal_count=733315 612094 597885 359320 348700 228063 121221 81063 56987 48723 42282 238565 24076 104158 40158 8264 6441 25940 13737 10620 14209 120637 4024 134407 2285 45654 22407 931 118280 96101
is_linear=0
shrinkage=0.05


Tree=26
num_leaves=31
num_cat=0
split_feature=46 21 21 21 48 7 21 15 27 22 25 48 48 25 15 15 18 21 22 24 22 14 48 15 18 22 52 15 6 15
split_gain=2200.5 917.688 1578.25 1102.75 688.685 645.808 528.464 430.422 362.374 337.893 332.447 319.834 317.632 234.468 217.506 206.538 184.387 182.454 180.035 143.829 142.233 141.522 141.284 140.25 139.215 139.544 158.411 138.655 206.314 199.324
threshold=0.064812574535608306 5320895.5000000009 12130922.500000002 10052930.500000002 13.887499809265138 21.500000000000004 1289243.5000000002 1322.4500122070315 8.1870627403259295 13897643.000000002 0.2942016869783402 14.062500000000002 18.612500190734867 0.81589472293853771 2218.650024414063 6705.7500000000009 197900.00000000003 5320895.5000000009 1885909.0000000002 1.0000000180025095e-35 13897643.000000002 9668.2001953125018 8.9375000000000018 856.89999389648449 98200.000000000015 3910147.0000000005 0.057983193546533592 1945.850036621094 -0.012981583829969166 1491.7000122070315
decision_type=2 2 2 2 2 2 2 2 2 2 2 2 2 2 2 2 2 2 2 2 2 2 2 2 2 2 2 2 2 2
left_child=1 6 3 4 9 8 20 10 17 -3 19 -4 -8 15 27 24 23 -2 -12 -5 22 -22 -1 -14 25 26 -9 28 -6 -30
right_child=5 2 11 7 14 -7 12 13 -10 -11 18 -13 16 -15 -16 -17 -18 -19 -20 -21 21 -23 -24 -25 -26 -27 -28 -29 29 -31
leaf_value=0.02877984788634182 0.038612771988313532 0.02877984788634182 0.02877984788634182 -0.0024256370221043076 -0.048800871735787094 0.02877984788634182 0.02877984788634182 0.0092288470374398846 0.043124359974273163 0.021417029981783214 0.0088805076686808999 0.023167376452965068 0.01823031176957041 0.02877984788634182 0.019097797370478384 -0.015881283800889278 -0.062439418340278656 0.032853616008801573 0.02877984788634182 -0.041111171409472402 -0.067426697405242708 0.02877984788634182 -0.0095608189035059198 0.025764997327785547 -0.0073543663581971414 0.020816412649942984 0.020816412649942984 -0.0050262653785137076 0.0069054401406729851 0.021417029981783214
leaf_weight=272.34060314297676 13290.030473947525 18106.093501016498 31870.013013929129 8063.3583797737956 135.44387162476778 25789.869884297252 61998.870207175612 9960.9003987759352 16244.619101271033 5110.5361664146185 4213.2114970088005 29813.379175856709 8175.2975960597396 915.23690295219421 13838.039111185819 602.55035602673888 60.04424149543047 22357.872673004866 619.24754144251347 245.65952642261982 150.44004268199205 45.655998855829239 714.15431161597371 25575.012074433267 738.67283807694912 5389.9695865735412 1076.5693144798279 1476.1029517501593 4577.5337149128318 2142.324956484139
leaf_count=458 15077 35124 52452 32825 605 47859 113492 40306 14461 13161 12383 90791 32032 2336 50247 3164 384 32020 1415 1040 880 139 2991 75351 3260 17957 2789 6134 24538 7388
internal_value=0.0263322 0.023928 0.0213211 0.0165564 0.0215601 0.0336317 0.0276607 0.00941975 0.0369274 0.0275792 0.00248584 0.0272845 0.0280707 0.014296 0.0152549 0.012853 0.023784 0.0341012 0.012911 -0.00357901 -0.00555044 -0.044214 0.00220904 0.0239411 0.0138633 0.0148182 0.0115847 0.00886892 0.0118615 0.0130983
internal_weight=313569 235887 138895 77211.5 45386.1 77682.4 96991.8 31825.4 51892.5 23216.6 13141.5 61683.4 95809.2 18683.9 22169.4 17768.7 33810.4 35647.9 4832.46 8309.02 1182.59 196.096 986.495 33750.3 17166.1 16427.4 11037.5 8331.41 6855.3 6719.86
internal_count=733059 623642 397915 254672 137197 109417 225727 117475 61558 48285 47663 143243 221259 69812 88912 67476 107767 47097 13798 33865 4468 1019 3449 107383 64312 61052 43095 38665 32531 31926
is_linear=0
shrinkage=0.05


Tree=27
num_leaves=31
num_cat=0
split_feature=49 7 41 21 21 9 25 15 15 6 21 15 15 22 26 26 15 48 15 26 16 18 25 15 51 24 18 41 24 24
split_gain=2344.22 1322.52 1028.06 412.787 482.003 326.992 323.636 260.541 222.432 230.784 204.101 190.669 171.307 170.498 175.166 188.021 161.262 155.613 147.493 142.467 138.812 128.305 114.465 106.518 103.259 102.099 129.157 173.854 101.025 129.004
threshold=0.16314934939146045 21.500000000000004 127.40000152587892 5320895.5000000009 12130922.500000002 143.62424468994143 0.62481230497360241 3001.4499511718755 1266.5000000000002 -0.052277432754635804 5320895.5000000009 10040.350097656252 1705.1499633789065 1885909.0000000002 65.500000000000014 44.500000000000007 5824.8000488281259 12.683333396911623 2989.900024414063 82.500000000000014 0.23974583297967914 196900.00000000003 0.29989059269428259 14673.199707031252 0.026548379100859169 3211691.0000000005 7420.0000000000009 1204.299987792969 7714069.5000000009 3211691.0000000005
decision_type=2 2 2 2 2 2 2 2 2 2 2 2 2 2 2 2 2 2 2 2 2 2 2 2 2 2 2 2 2 2
left_child=1 2 6 8 7 10 -1 18 9 -3 -2 13 28 14 15 -9 -4 -17 -5 25 -7 -10 -13 -14 -20 26 -11 -28 29 -6
right_child=5 3 16 4 12 20 -8 11 21 19 -12 22 23 -15 -16 17 -18 -19 24 -21 -22 -23 -24 -25 -26 -27 27 -29 -30 -31
leaf_value=0.023265018516089697 0.036768614188018939 -0.044329405973593 0.030090036957570496 0.01057427733302772 0.019704266730309148 0.038811589985121887 0.030090036957570496 0.014578937646169122 0.023265018516089697 0.023265018516089697 0.030090036957570496 -0.063088847435376197 0.023265018516089697 0.023265018516089697 0.023265018516089697 0.023265018516089697 0.023265018516089697 -0.010697587091779689 -0.067061270884138463 -0.013427741388060655 0.048563371135784079 -0.030435951655102135 0.014433257287870671 -0.042857444882513203 0.023265018516089697 0.014651456673655536 -0.0092847571344765924 0.016431656857098981 0.023265018516089697 0.0078866235949040606
leaf_weight=64851.768898576498 7235.8015158325434 150.96354454755783 64729.843183740973 22851.916422169656 5081.9923672527075 13510.205960974097 9635.5029267221689 7457.8986564576626 43485.739772975445 3324.6916662156582 11201.102200523019 113.20077095925808 23707.015068374574 7978.3858651220798 3106.8560714572668 228.04623551666737 4780.2110170572996 1399.9679887592793 98.326868176460266 312.12777701020241 5065.5085760056973 152.45105224102736 80.099550824612379 64.75233455747366 19.432494357228279 7713.8295852616429 779.10208352655172 961.99336320161819 500.31682334840298 4239.1519909575582
leaf_count=139445 8619 521 100535 93931 15796 13712 16339 31964 112370 9519 17128 864 63499 23752 10628 382 8791 5503 539 1481 4409 681 488 377 17 28975 3207 2804 1220 15953
internal_value=0.024967 0.0233918 0.0267177 0.0198123 0.0174231 0.0367883 0.023265 0.0139372 0.0230428 0.0167628 0.0320614 0.018055 0.0219188 0.0185296 0.0147716 0.0112191 0.03009 -0.00417131 0.0102851 0.0174739 0.0414758 0.023265 -0.0311465 0.023265 -0.0450751 0.0182917 0.023265 0.0095983 0.0162007 0.0143326
internal_weight=314818 277806 143997 133808 76927.4 37012.6 74487.3 43334.1 56880.9 13242.7 18436.9 20364.5 33593.2 20171.2 12192.8 9085.91 69510.1 1628.01 22969.7 13091.7 18575.7 43638.2 193.3 23771.8 117.759 12779.6 5065.79 1741.1 9821.46 9321.14
internal_count=733449 689581 265110 424471 264913 43868 155784 168068 159558 46507 25747 73581 96845 72229 48477 37849 109326 5885 94487 45986 18121 113051 1352 63876 556 44505 15530 6011 32969 31749
is_linear=0
shrinkage=0.05


Tree=28
num_leaves=31
num_cat=0
split_feature=53 21 21 21 48 14 15 48 48 12 25 21 21 14 22 22 22 18 14 25 25 49 15 22 17 22 48 49 48 36
split_gain=1943.68 909.847 1579.97 1066.14 535.749 528.11 506.653 463.993 440.422 365.731 280.924 238.784 270.655 333.857 197.66 191.608 331.882 317.788 260.491 191.577 187.881 184.566 171.555 170.757 163.69 161.62 157.838 168.804 153.002 143.677
threshold=0.26710759103298193 5320895.5000000009 12130922.500000002 10052930.500000002 13.887499809265138 3196.5500488281255 1213.799987792969 18.038461685180668 15.062500000000002 0.045628037303686149 0.71158316731452953 5320895.5000000009 13439690.500000002 302.39999389648443 13897643.000000002 13897643.000000002 1885909.0000000002 14860.000000000002 1822.0999755859377 0.69826072454452526 0.51442441344261181 0.38597455620765692 5751.3500976562509 13897643.000000002 0.11177678778767587 1885909.0000000002 10.683333396911623 0.11051777377724649 9.0357141494750994 2.5000000000000004
decision_type=2 2 2 2 2 2 2 2 2 2 2 2 2 2 2 2 2 2 2 2 2 2 2 2 2 2 2 2 2 2
left_child=1 7 3 4 6 20 10 15 19 11 -3 -2 13 -13 25 16 17 -1 -18 -4 -5 -11 24 28 -7 -10 -15 -28 -8 -9
right_child=9 2 8 5 -6 22 23 29 14 21 -12 12 -14 26 -16 -17 18 -19 -20 -21 -22 -23 -24 -25 -26 -27 27 -29 -30 -31
leaf_value=0.037885621583112206 0.032601673944082192 0.019386377685763498 0.02766041402990331 -0.00093403620293628471 0.014288981107454947 0.013251106511031403 0.047866555766194252 0.022574600239812663 0.018592403373371324 0.033195034484880447 0.041481987350729201 -0.0060705959946454969 0.032601673944082192 0.028192487696890173 0.0088851535806969799 0.024273912036801439 0.029278289763154899 0.024273912036801439 0.039538813163716519 0.039857081753551946 0.0082542584286839811 0.042089425584626035 0.0082542584286839811 0.019386377685763498 0.024287184075032851 0.024790416604526157 0.0085421848861564863 0.02228097961482299 0.031703093775003528 0.015201679756151533
leaf_weight=4601.2156176567078 11517.801144704223 12370.357383817434 32939.300964549184 13309.679584607482 25011.169774666429 11764.114505574107 1767.4835240542889 27111.377942197025 15769.528337053955 14916.976815000176 1511.4438619911671 1066.5115605890751 6631.2705865949392 6636.0197665840387 3165.8300805985928 12346.431453019381 16017.187852352858 26811.666581243277 10130.816036194563 3580.1035681515932 4402.6140751689672 9666.5792610198259 1578.1405255421996 2166.6703464239836 4709.5949897244573 11678.60733614862 2003.5444943606853 2929.3178636729717 8794.9938914477825 8762.6878386735916
leaf_count=6449 14096 29612 54369 50506 95416 41628 2173 82220 49242 17142 2360 2490 8564 8987 12681 27537 26485 51722 13278 4589 12503 8563 7006 4299 14593 29657 4239 4886 15535 30285
internal_value=0.0236368 0.0218269 0.0193804 0.0149482 0.0195451 0.00831241 0.0244838 0.0254002 0.025149 0.0321444 0.0193864 0.0285078 0.0249945 0.0206876 0.0207226 0.0277732 0.029092 0.0256236 0.0332564 0.0288582 0.00217814 0.0366956 0.0143304 0.0317906 0.0164087 0.0220872 0.023155 0.0163695 0.0344164 0.0207746
internal_weight=315669 260301 154520 87386.3 51622.1 35764.1 26610.9 105781 67133.4 55368 13881.8 30784.5 19266.7 12635.4 30614 69907.3 57560.9 31412.9 26148 36519.4 17712.3 24583.6 18051.9 12729.1 16473.7 27448.1 11568.9 4932.86 10562.5 35874.1
internal_count=733112 664145 426169 275631 149395 126236 53979 237976 150538 68967 31972 43262 29166 20602 91580 125471 97934 58171 39763 58958 63009 25705 63227 22007 56221 78899 18112 9125 17708 112505
is_linear=0
shrinkage=0.05


Tree=29
num_leaves=31
num_cat=0
split_feature=49 48 15 25 21 21 12 15 15 15 15 48 21 45 16 30 21 16 51 24 48 24 25 41 22 15 24 22 15 24
split_gain=1905.82 1049.11 702.777 428.306 371.995 706.222 282.872 280.864 182.362 178.975 163.179 152.248 151.279 148.651 179.001 172.399 145.386 129.174 121.738 120.245 105.201 100.646 133.602 92.9397 91.068 89.4091 88.225 153.016 101.825 86.6184
threshold=0.16314934939146045 14.348484516143801 119.1999969482422 0.44452822208404547 5320895.5000000009 12130922.500000002 0.045628037303686149 4166.7500000000009 4687.3000488281259 10040.350097656252 12191.500000000002 9.3452377319335955 5320895.5000000009 -0.22500000149011609 0.16372457146644595 1.1828202009201052 1289243.5000000002 0.23286761343479159 -0.063654400408267961 7714069.5000000009 5.9166667461395273 3211691.0000000005 0.51002511382102977 13951.700195312502 1885909.0000000002 3937.0500488281255 1.0000000180025095e-35 8681399.0000000019 14673.199707031252 3211691.0000000005
decision_type=2 2 2 2 2 2 2 2 2 2 2 2 2 2 2 2 2 2 2 2 2 2 2 2 2 2 2 2 2 2
left_child=1 2 3 -1 16 8 12 -4 13 18 -7 -9 -2 14 15 -6 -3 20 -10 21 -8 25 -23 -18 -20 -15 28 -28 -25 -11
right_child=6 4 7 -5 5 10 17 11 9 29 -12 -13 -14 19 -16 -17 23 -19 24 -21 -22 22 -24 26 -26 -27 27 -29 -30 -31
leaf_value=0.020884909115738801 0.032877254869265848 -7.3478289558235289e-05 0.027255194716282762 0.027255194716282762 -0.048006059766803014 0.020884909115738801 0.03995194762772334 0.027255194716282762 -0.082895623290561188 -0.058717247947002983 -0.038722082209980482 0.020884909115738801 0.027255194716282762 0.012667025170642497 0.0047546705402626531 -0.0058786708623400803 0.020884909115738801 0.044766346075348636 0.012668025974038636 0.020884909115738801 0.032877254869265848 0.0047546705402626531 0.020884909115738801 0.0098601746041736722 0.020884909115738801 0.0047546705402626531 0.020884909115738801 0.00071089213556136776 -0.058855929114281252 0.0088961854416161681
leaf_weight=63472.187744513154 6049.7664950639009 827.52810830622911 58305.825487732887 15864.144332200289 299.26385920494795 32536.881234921515 4161.0294134169817 4036.5596595555544 26.616630837321281 105.48572603985667 113.0664087086916 11379.291318595409 10189.204728960991 20660.107771657407 1493.1653437465429 1256.5135785192251 48944.413220897317 4540.6920149326324 3390.0903202146292 437.19592212885618 11338.717148184776 5438.4573841616511 871.45335559546947 3020.2382742315531 2824.7814892977476 2821.0616732388735 1299.7824803888798 944.05238977819681 52.922957614064217 83.860256776213646
leaf_count=134717 7454 3536 89622 28157 1254 93518 3299 5177 110 1013 638 21933 16016 87798 3887 3731 135703 3980 14750 1221 12907 23593 2469 9935 8258 12026 2247 3257 434 349
internal_value=0.0225605 0.0211655 0.023956 0.0208849 0.0178138 0.0154557 0.0333449 0.0272552 0.0109755 0.0186836 0.0208849 0.0208849 0.0284311 0.0094849 -0.00103682 -0.0140334 0.0208849 0.0373235 0.0201387 0.0105462 0.0351375 0.00999558 0.00475467 0.0208849 0.0206065 0.0115048 0.0141719 0.0208849 0.0086393 -0.0289917
internal_weight=316784 280505 153058 79336.3 127447 72358 36279.4 73721.7 39708.1 6430.83 32649.9 15415.9 16239 33277.2 3048.94 1555.78 55088.9 20040.4 6241.49 30228.3 15499.7 29791.1 6309.91 54261.4 6214.87 23481.2 5317 2243.83 3073.16 189.346
internal_count=732989 689333 279606 162874 409727 254615 43656 116732 160459 24480 94156 27110 23470 135979 8872 4985 155112 20186 23118 127107 16206 125886 26062 151576 23008 99824 15873 5504 10369 1362
is_linear=0
shrinkage=0.05


Tree=30
num_leaves=31
num_cat=0
split_feature=49 7 14 21 21 15 5 21 25 15 48 15 15 26 44 26 49 15 15 14 48 24 24 18 18 22 17 26 18 41
split_gain=1708.48 880.031 848.363 353.937 461.851 263.294 237.752 187.584 168.145 165.806 159.87 156.947 160.276 198.471 195.516 145.394 139.95 123.499 118.88 116.442 116.22 110.622 133.766 109.257 98.505 96.4451 141.083 159.823 126.835 95.6945
threshold=0.16662679612636569 21.500000000000004 127.40000152587892 5320895.5000000009 12130922.500000002 925.00000000000011 2.5000000000000004 1289243.5000000002 0.44452822208404547 1468.299987792969 14.408333301544191 10040.350097656252 3389.900024414063 68.500000000000014 -0.13668831437826154 58.500000000000007 -0.067965365946292863 1917.049987792969 3841.849975585938 3509.5000000000005 8.354166507720949 3211691.0000000005 7714069.5000000009 24850.000000000004 85080.000000000015 13897643.000000002 0.046151174232363708 59.500000000000007 98200.000000000015 863.35000610351574
decision_type=2 2 2 2 2 2 2 2 2 2 2 2 2 2 2 2 2 2 2 2 2 2 2 2 2 2 2 2 2 2
left_child=1 2 8 7 5 15 -2 9 -1 -3 -7 12 13 16 -15 21 -12 -16 -4 23 -8 29 -23 -14 -21 -9 27 28 -27 -5
right_child=6 3 18 4 -6 10 20 25 -10 -11 11 -13 19 14 17 -17 -18 -19 -20 24 -22 22 -24 -25 -26 26 -28 -29 -30 -31
leaf_value=0.020170294896373599 0.026030625879657154 -0.053716078490250799 0.026030625879657154 0.014561604424183833 0.019513497997687691 0.020170294896373599 0.0385027369288128 0.020170294896373599 0.023100460388015377 0.0062976375565410086 -0.082084942572494934 -0.03496270189103981 -0.001687196915544366 -0.042897516788225405 0.016036296658011574 -0.025164489147732214 0.011203723870381356 -0.007008323401914849 0.023100460388015377 0.016036296658011574 0.031628139917573343 -0.008808602402584893 0.020170294896373599 -0.052961431796067542 0.0023866791967803768 0.015272673159983303 0.020170294896373599 -0.0067441330384257871 -0.032212974036819837 -0.02958847978163473
leaf_weight=59360.902734860778 10162.63576734066 134.05834179371595 52966.396115586162 1951.2662770822644 34584.534821480513 4982.5158386230469 10323.224103689194 48165.223279610276 15663.390034735203 745.01594946533442 38.322145521640778 175.86005533859134 100.63826763629913 291.93582394719124 501.85960950702429 488.35301899164915 17708.583500862122 1399.2728984355927 16869.797435462475 12798.239500053227 15503.202384829521 1928.6128897070885 196.85399308055639 129.65044099092484 1361.1523961946368 5479.3061898723245 2688.230329297483 1103.4865522682667 142.51000964641571 129.12519901245832
leaf_count=127187 14919 822 80529 11175 96953 9560 9111 122298 27989 2817 160 1335 315 1052 1832 2862 67697 5768 29228 46745 19544 11847 753 685 5619 22022 6554 4628 531 700
internal_value=0.0215553 0.0202461 0.0229645 0.017376 0.0151857 0.0117973 0.0318152 0.0201703 0.0201703 -0.00295558 0.013128 0.0119023 0.0121444 0.00923959 -0.00494697 0.000602166 0.0109931 0.00091963 0.0260306 0.0160363 0.0343788 0.00360454 -0.00441629 -0.0194107 0.0160363 0.0201703 0.0149456 0.0106437 0.0140579 0.0117955
internal_weight=318074 282085 144860 137225 78766.8 44182.2 35989.1 58457.8 75024.3 879.074 39488 34505.5 34329.7 19940 2193.07 4694.21 17746.9 1901.13 69836.2 14389.7 25826.4 4205.86 2125.47 230.289 14159.4 57578.8 9413.53 6725.3 5621.82 2080.39
internal_count=733237 689663 264933 424730 265058 168105 43574 159672 155176 3639 140768 131208 129873 76509 8652 27337 67857 7600 109757 53364 28655 24475 12600 1000 52364 156033 33735 27181 22553 11875
is_linear=0
shrinkage=0.05


Tree=31
num_leaves=31
num_cat=0
split_feature=46 24 22 25 48 22 15 18 25 25 21 15 48 24 24 21 15 15 7 21 36 21 53 21 15 18 14 21 21 36
split_gain=1681.6 893.475 1052.48 638.427 474.932 355.853 683.063 326.18 285.604 220.968 210.305 262.996 207.604 184.854 257.387 226.841 176.756 239.528 194.168 142.634 131.786 131.508 130.111 128.469 124.014 122.54 122.066 121.49 141.26 111.421
threshold=0.15280481427907947 1.0000000180025095e-35 13897643.000000002 0.66670760512352001 12.354166507720949 3910147.0000000005 1110.049987792969 38060.000000000007 0.17313640564680102 0.12001407891511919 5320895.5000000009 1241.6499633789065 5.0625000000000009 3211691.0000000005 7714069.5000000009 13439690.500000002 925.00000000000011 3937.0500488281255 12.500000000000002 1289243.5000000002 2.5000000000000004 5320895.5000000009 0.20701967924833301 12130922.500000002 14673.199707031252 49620.000000000007 4624.4499511718759 13439690.500000002 10052930.500000002 2.5000000000000004
decision_type=2 2 2 2 2 2 2 2 2 2 2 2 2 2 2 2 2 2 2 2 2 2 2 2 2 2 2 2 2 2
left_child=1 3 -3 5 12 7 9 -1 10 -7 19 13 20 -12 15 22 18 -18 27 -4 -2 -14 -15 -23 26 -5 -19 28 -9 -21
right_child=4 2 8 25 -6 6 -8 16 -10 -11 11 -13 21 14 -16 -17 17 24 -20 29 -22 23 -24 -25 -26 -27 -28 -29 -30 -31
leaf_value=0.018617980224313053 0.034140605688146128 0.023039124359410041 -0.033486192644560986 0.023039124359410041 0.023039124359410041 -0.0076081669129548918 0.01792622996297482 0.0097122280344287045 0.022107133112186185 0.018700047630881657 0.012777959479388524 0.016148884123668904 0.03259563949746045 -0.01468851020040858 0.016881949990571823 0.0045850761992175249 0.015777561281015737 -0.0049036742834993267 -0.018883218521835138 0.016881949990571823 0.048956934097910132 0.026843296378526463 -0.063740403752751418 0.03259563949746045 -0.048749279512182539 0.018700047630881657 0.010560153346384665 0.015777561281015737 -0.0050570840139806585 0.0050925710048727573
leaf_weight=43974.473631851375 9240.4709549695253 79657.868496574461 143.23584572225809 18861.335896637291 21605.777945958078 6048.0243776664138 6707.4513191580772 5211.1583970189095 8610.4802184104919 589.91295851767063 2490.8438257202506 4917.1288362964988 11707.755793064833 2629.8030431866646 683.47001250088215 2090.2754253223538 35145.337473861873 1417.172936424613 678.86724790930748 12073.887415423989 1807.1687633544207 13426.741808637977 140.78389336168766 7163.657691642642 91.590853691101074 2070.6446991860867 12728.168175578117 2271.2420723289251 1931.1928631663322 2034.5976795628667
leaf_count=113096 9498 154106 789 40573 38198 25648 21082 11172 21032 1443 7872 13294 12514 13377 1855 7825 100271 4674 3640 34552 1216 19169 635 7826 730 6538 42318 4178 6172 6950
internal_value=0.020371 0.0185296 0.0217737 0.0158094 0.0275486 0.014361 0.00667549 0.0153523 0.0141703 -0.00469504 0.0116568 0.00704363 0.0306475 0.00146903 -0.00361439 -0.00784828 0.0129371 0.0141695 0.00690565 0.0158477 0.0365727 0.0286186 -0.0172252 0.0268433 0.00863203 0.0230391 0.00901041 0.00876905 0.00541818 0.0163533
internal_weight=318151 253199 115472 137727 64951.6 116795 13345.4 103449 35814.5 6637.94 27204 12952.3 43345.8 8035.18 5544.33 4860.86 59474.7 49382.3 10092.5 14251.7 11047.6 32298.2 2770.59 20590.4 14236.9 20932 14145.3 9413.59 7142.35 14108.5
internal_count=732243 643822 262287 381535 88421 334424 48173 286251 108181 27091 87149 44858 50223 31564 23692 21837 173155 147993 25162 42291 10714 39509 14012 26995 47722 47111 46992 21522 17344 41502
is_linear=0
shrinkage=0.05


Tree=32
num_leaves=31
num_cat=0
split_feature=53 25 21 21 21 21 48 14 48 21 48 15 21 7 48 50 31 1 18 16 21 15 45 15 15 28 18 15 21 6
split_gain=1679.13 709.98 684.134 1257.17 657.988 522.499 562.422 416.041 354.87 333.972 278.507 285.95 273.627 266.264 264.672 222 211.519 181.399 168.894 163.275 154.265 138.727 136.746 186.787 131.571 129.997 122.142 139.523 239.68 122.132
threshold=0.13737331330776217 0.82505142688751232 5320895.5000000009 15089427.500000002 10052930.500000002 5320895.5000000009 12.683333396911623 2847.0500488281255 11.759615421295168 12130922.500000002 16.267857551574711 1031.850036621094 1289243.5000000002 21.500000000000004 14.062500000000002 0.098410379141569151 637.50000000000011 0.21320346742868426 198800.00000000003 0.34529095888137823 12130922.500000002 8882.4497070312518 -0.22500000149011609 3471.099975585938 7451.5998535156259 4.5000000000000009 43000.500000000007 1828.4500122070315 13439690.500000002 -0.0058184568770229808
decision_type=2 2 2 2 2 2 2 2 2 2 2 2 2 2 2 2 2 2 2 2 2 2 2 2 2 2 2 2 2 2
left_child=1 2 8 4 10 17 9 20 -1 16 11 -4 -10 -5 19 26 -7 24 -14 -3 -6 22 23 -12 -2 -11 -8 28 -28 -26
right_child=5 14 3 13 7 6 15 -9 12 25 21 -13 18 -15 -16 -17 -18 -19 -20 -21 -22 -23 -24 -25 29 -27 27 -29 -30 -31
leaf_value=0.023240592525123421 0.024844922237940603 0.032232848515495703 0.01365216351963643 0.023240592525123421 -0.0026247286205128978 0.02030910506103575 0.01467961722200916 0.010473023588380459 -0.010186245294641721 0.022601651633593706 -0.056359563854470864 0.023240592525123421 0.018090229472195987 0.016548286648713061 0.023240592525123421 0.02030910506103575 0.035141084090529871 0.032564348577465922 -0.034098706866885972 0.051520661368122389 0.0051345352466490475 -0.035061267925655636 0.010622631731995819 -0.0048631530953445615 -0.085115004839341812 0.035060659394898906 -0.066810297855570064 0.0070486049597132663 0.0095175268977981849 0.004945764215749977
leaf_weight=27404.485723674297 7542.2208464071155 4758.0575765818357 12866.556043878198 25842.897983640432 15067.411554407328 19285.865314692259 7992.9608049020171 18195.003457628191 873.68355572223663 2685.1100721657276 207.01585491746664 11741.525477044284 64414.294786341488 27627.698085647076 3553.8363856673241 4913.2504086643457 2734.7104458957911 23163.324749350548 153.63560664653778 1436.1550890505314 3231.1959010213614 170.50919622927904 17747.293945886195 154.89636950194836 45.498784527182579 9761.236732006073 176.94945251941681 4089.1251335516572 202.00555881857872 180.52758711576462
leaf_count=45450 12483 6847 30182 42165 54771 29265 17000 64376 3706 4055 946 22849 164617 79334 10385 7966 2527 27152 661 1516 8263 1180 73555 401 194 10042 696 9266 384 370
internal_value=0.0190738 0.01692 0.0163491 0.0140473 0.010055 0.0251998 0.0221292 0.00511966 0.0196423 0.0258271 0.014254 0.017727 0.0175889 0.0199736 0.0301321 0.0147911 0.0221225 0.0303444 0.017965 0.03672 -0.000203953 0.00957736 0.0100015 -0.0203489 0.0237181 0.0323769 0.010979 0.00435544 -0.0245897 -0.0137709
internal_weight=318219 235446 225698 132852 79381.4 82772.8 51841.2 36493.6 92846.1 34466.9 42887.8 24608.1 65441.6 53470.6 9748.05 17374.3 22020.6 30931.6 64567.9 6194.21 18298.6 18279.7 18109.2 361.912 7768.25 12446.3 12461 4468.08 378.955 226.026
internal_count=732604 611204 592456 378022 256523 121400 81201 127410 214434 45889 129113 53031 168984 121499 18748 35312 31792 40199 165278 8363 63034 76082 74902 1347 13047 14097 27346 10346 1080 564
is_linear=0
shrinkage=0.05


Tree=33
num_leaves=31
num_cat=0
split_feature=49 7 41 25 15 24 9 24 24 18 21 21 16 26 16 26 15 26 26 21 15 18 45 1 41 18 15 53 15 18
split_gain=1354.67 935.115 761.25 386.586 323.28 367.337 220.552 162.927 266.073 193.442 162.323 155.265 150.131 139.295 129.981 148.593 118.668 113.244 112.309 109.71 105.454 97.095 92.2611 105.156 95.5133 87.6908 77.5386 76.1539 73.8998 115.722
threshold=0.17516008019447329 21.500000000000004 127.40000152587892 0.44452822208404547 1266.5000000000002 1.0000000180025095e-35 129.19337463378909 7714069.5000000009 3211691.0000000005 4420.0000000000009 5320895.5000000009 5320895.5000000009 0.23974583297967914 88.500000000000014 0.029225402511656288 43.500000000000007 9413.7998046875018 67.500000000000014 156.50000000000003 12130922.500000002 6472.3000488281259 58060.000000000007 -0.58939391374588002 2.0950191020965581 236.3999938964844 194500.00000000003 1073.6499633789065 0.68233120441436779 3471.099975585938 40810.000000000007
decision_type=2 2 2 2 2 2 2 2 2 2 2 2 2 2 2 2 2 2 2 2 2 2 2 2 2 2 2 2 2 2
left_child=1 2 3 -1 7 11 10 8 9 -3 -2 18 27 14 15 21 19 -18 25 -13 -4 26 23 -11 -24 28 -10 -8 -6 -30
right_child=6 4 20 -5 5 -7 12 -9 13 22 -12 16 -14 -15 -16 -17 17 -19 -20 -21 -22 -23 24 -25 -26 -27 -28 -29 29 -31
leaf_value=0.017516774312866495 0.027967576430610566 0.017516774312866495 0.022858280331203466 0.022858280331203466 0.017516774312866495 0.017516774312866495 0.027967576430610566 0.017516774312866495 0.0080361816388993378 -0.082484111228414189 0.022858280331203466 0.010112523017878924 0.039543970046791325 -0.039689904536657709 0.017516774312866495 -0.0040901671461218278 -0.036338047889333855 0.017516774312866495 -0.07605990839314071 0.015130357109348021 0.017516774312866495 -0.067320195113477657 -0.0096234647112653574 -0.012991709168087534 0.010390276847929557 -0.024226622633225694 -0.029915107941127873 0.0337204052313737 0.017516774312866495 0.0084122388529810355
leaf_weight=59626.268685057759 6553.6320109963417 7081.6479235626757 67378.683158323169 16121.179232016206 18592.834160722792 36188.979071125388 6536.3688661754131 1395.3106442987919 8573.4166152253747 64.824938550591469 9789.5312071591616 30001.067303463817 4820.02116304636 178.34128460288048 662.26668997853994 4470.4671836718917 239.42228577658534 70.980582419782877 30.87494134157896 17128.479381039739 3220.7110653221607 41.60852375626564 701.87560457736254 77.102881446480751 3904.2386984750628 129.91736994683743 112.445103764534 6367.0309384018183 4021.1982856094837 5970.9681210964918
leaf_count=127367 7886 25424 103984 28011 47789 82635 8324 3872 33436 282 15350 111339 4464 879 1705 20120 1884 250 143 47778 6186 226 3415 162 13652 563 428 5894 10564 18603
internal_value=0.018707 0.017584 0.020377 0.0175168 0.0146565 0.0158416 0.0281326 0.00977094 0.00862845 0.014152 0.0239356 0.0134918 0.0319995 0.00397264 0.0045401 0.00332146 0.0117336 -0.0189957 0.0163924 0.0119367 0.0228583 0.00711798 0.00610886 -0.0333212 0.00733775 0.0164971 0.00748998 0.0291756 0.0166838 0.0129856
internal_weight=320052 285985 146347 75747.4 139638 112375 34066.6 27263.5 25868.2 11829.7 16343.2 76185.7 17723.4 14038.5 13860.2 13197.9 47439.9 310.403 28745.8 47129.5 70599.4 8727.47 4748.04 141.928 4606.11 28714.9 8685.86 12903.4 28585 9992.17
internal_count=732615 690697 265548 155378 425149 321548 41918 103601 99729 42935 23236 238913 18682 56794 55915 54210 161251 2134 77662 159117 110170 34090 17511 444 17067 77519 33864 14218 76956 29167
is_linear=0
shrinkage=0.05


Tree=34
num_leaves=31
num_cat=0
split_feature=46 22 24 25 7 21 21 21 15 7 21 21 15 24 26 21 18 48 18 13 49 21 50 48 24 24 41 48 41 15
split_gain=1655.29 736.991 1224.96 507.913 396.659 286.896 292.675 359.873 288.69 283.746 252.471 254.466 205.767 249.174 197.505 194.158 272.824 187.341 207.26 156.377 149.02 140.987 310.758 160.328 144.169 151.999 139.003 138.658 374.991 136.014
threshold=0.32270038127899175 13897643.000000002 1.0000000180025095e-35 0.73922109603881847 21.500000000000004 1289243.5000000002 5320895.5000000009 12130922.500000002 1073.6499633789065 19.500000000000004 5320895.5000000009 13439690.500000002 2257.099975585938 1.0000000180025095e-35 42.500000000000007 10052930.500000002 36009.800781250007 18.366666793823246 45977.000000000007 3.5000000000000004 -0.049416434019803994 5320895.5000000009 -0.020619116723537442 11.683333396911623 7714069.5000000009 3211691.0000000005 3755.099975585938 21.816666603088382 1204.299987792969 4841.4499511718759
decision_type=2 2 2 2 2 2 2 2 2 2 2 2 2 2 2 2 2 2 2 2 2 2 2 2 2 2 2 2 2 2
left_child=1 2 3 5 10 26 17 8 15 -10 -2 -12 13 -3 -14 16 -8 -7 -19 -16 -11 23 -23 -15 25 -24 -1 -4 -29 -9
right_child=4 12 27 -5 -6 6 7 29 9 20 11 -13 14 21 19 -17 -18 18 -20 -21 -22 22 24 -25 -26 -27 -28 28 -30 -31
leaf_value=0.0039262917819188545 0.033288653385825782 -0.01377366951794206 0.020083194008237878 0.020083194008237878 0.020083194008237878 0.016267113409736144 0.016267113409736144 0.016267113409736144 0.016267113409736144 -0.020566911301387429 0.023963916411667601 0.032761732947227951 0.018824917165583658 0.017406312978356871 0.00160603355967754 -0.0011626298565119769 -0.0039111914702088255 0.013552910199933913 0.0043578396836031399 0.017767482198278679 0.0080888671110424682 -0.022668973426052681 0.013681750052225919 0.0058939144799841393 0.020083194008237878 -2.9278509059903897e-05 -0.040014338871756913 0.0073389192507601194 0.017682312641822729 0.0038901455984713161
leaf_weight=344.26934133470058 13557.316130325198 1461.7040150463581 61065.338884621859 15686.375917043537 17260.0102840662 27525.436502434313 2506.5387129634619 26478.157072663307 13480.571767568588 460.46728199720383 15229.641815111041 8406.1925173997879 8268.1528620496392 5631.2830236107111 4307.2925145030022 10511.349602594972 1944.9767720997334 8534.9086806103587 7530.7148389257491 2292.2456597834826 24294.711832720786 1031.5456578582525 2934.0651770159602 6536.703435279429 820.05544867366552 6488.1351696625352 374.41304261237383 9900.3341625928879 11142.109290927649 2373.2879854515195
leaf_count=1027 13406 6561 101823 33088 29699 51132 5621 61673 27586 1421 20684 8598 18474 11249 13598 36797 5677 24385 26530 5866 96546 3438 8711 25582 2032 25774 1829 31204 24983 7630
internal_value=0.0169334 0.0152956 0.0164086 0.0135355 0.0248708 0.012451 0.0126313 0.0108718 0.00843262 0.0107367 0.0278446 0.0247194 0.00902221 0.00624253 0.0136767 0.00254425 0.0112939 0.0159426 0.0108387 0.00722314 0.00755423 0.0074917 0.00346233 0.0112238 0.00609805 0.00424232 -0.019013 0.0200832 0.0152814 0.0153684
internal_weight=318378 263925 224154 142046 54453.2 126360 125641 82050.1 53198.6 38235.8 37193.2 23635.8 39771.2 24903.5 14867.7 14962.9 4451.52 43591.1 16065.6 6599.54 24755.2 23441.8 11273.8 12168 10242.3 9422.2 718.682 82107.8 21042.4 28851.4
internal_count=732624 660237 538952 380942 72387 347854 344998 242951 173648 125553 42688 29282 121285 83347 37938 48095 11298 102047 50915 19464 97967 76786 39955 36831 36517 34485 2856 158010 56187 69303
is_linear=0
shrinkage=0.05


Tree=35
num_leaves=31
num_cat=0
split_feature=52 22 24 25 4 16 24 48 53 24 14 22 14 15 15 25 48 36 17 48 48 15 16 14 36 15 24 51 48 15
split_gain=1479.23 1053.44 1555.56 512.372 479.6 300.248 323.843 233.254 207.777 199.285 186.108 149.12 290.452 193.078 142.81 169.452 135.047 118.932 117.967 107.717 105.834 101.162 174.168 113.358 97.3678 122.514 89.7078 89.2698 88.6775 100.963
threshold=4.9134199619293222 13897643.000000002 1.0000000180025095e-35 0.73922109603881847 0.016438479535281662 0.13431389629840854 1.0000000180025095e-35 21.774999618530277 0.43956537544727331 3211691.0000000005 1204.299987792969 3910147.0000000005 4067.150024414063 3841.849975585938 4091.4499511718755 0.45463122427463537 19.062500000000004 2.5000000000000004 0.042334999889135368 15.354166507720949 16.211111068725589 5611.4499511718759 0.31699289381504064 5746.1000976562509 1.5000000000000002 1322.4500122070315 7714069.5000000009 -0.21740929037332532 21.633333206176761 2203.349975585938
decision_type=2 2 2 2 2 2 2 2 2 2 2 2 2 2 2 2 2 2 2 2 2 2 2 2 2 2 2 2 2 2
left_child=1 2 3 4 11 6 -3 -4 -2 -8 -9 13 -13 16 15 20 -1 -10 26 -5 -15 -16 23 -23 -18 -26 27 -11 29 -29
right_child=8 5 7 19 -6 -7 9 10 17 18 -12 12 -14 14 21 -17 24 -19 -20 -21 -22 22 -24 -25 25 -27 -28 28 -30 -31
leaf_value=0.013996948789069203 0.021265714471425681 -0.01328033308016518 0.021265714471425681 0.021265714471425681 0.016988098514653004 0.016659175399547133 0.011404468476946407 0.010690629460199533 0.02772077153199138 -0.10728342625561826 0.018533996906060057 -0.00090718311407306457 0.013996948789069203 0.00089240734986863884 0.011707884093422391 0.013996948789069203 0.011857971762288838 0.036576658484833234 0.011404468476946407 0.016988098514653004 -0.021030226770466631 -0.046034352345632086 0.013996948789069203 -0.0010944402170950467 -0.010796868828457845 0.0078733198308780367 0.0074676780074178599 0.0013994470253677564 -0.0039412652499647115 0.0074676780074178599
leaf_weight=51459.387936726213 9234.6623941659927 2017.1615500710905 67699.534943237901 11118.19086329639 35214.34570915252 8464.7272336930037 8654.3919191434979 10156.36425408721 15948.198473259807 16.626771226525307 11144.832960829139 6774.332770369947 3412.3054146543145 609.34547843039036 10389.938181348145 688.82525998353958 13194.118176914752 5010.4285251051188 2428.9819215983152 5909.6370591260493 1193.4090140536427 143.93744364380836 1905.2391772940755 3650.5480758883059 952.82726950198412 11052.009644083679 1899.8634290918708 11534.152592435479 4478.4318643510342 3443.752565741539
leaf_count=116436 13565 8659 109184 16964 64012 20143 22919 31225 17267 69 25071 25225 11193 1364 32834 2140 41189 4572 5480 17864 5130 604 6860 14132 5352 44115 4637 32390 25535 7348
internal_value=0.0165488 0.0154506 0.0167088 0.0137054 0.0127105 0.00822225 0.00614976 0.0212657 0.0270808 0.00735809 0.0158023 0.0110058 0.00525447 0.0116208 0.00704692 -0.00408944 0.0127293 0.0298412 0.00482671 0.0212657 -0.0122121 0.00877174 0.00341727 -0.00282251 0.00971899 0.00638991 0.00353089 0.00212617 0.00223068 0.00407639
internal_weight=319801 289607 246669 157668 140641 42938.1 34473.4 89000.7 30193.3 32456.2 21301.2 105426 10186.6 95239.6 18581.2 2491.58 76658.3 20958.6 23801.8 17027.8 1802.75 16089.7 5699.72 3794.49 25199 12004.8 21372.8 19473 19456.3 14977.9
internal_count=733478 698074 570894 405414 370586 127180 107037 165480 35404 98378 56296 306574 36418 270156 63064 8634 207092 21839 75459 34828 6494 54430 21596 14736 90656 49467 69979 65342 65273 39738
is_linear=0
shrinkage=0.05


Tree=36
num_leaves=31
num_cat=0
split_feature=52 22 24 21 21 18 17 26 24 14 15 50 24 18 22 15 18 26 14 24 24 25 15 21 52 17 17 12 15 14
split_gain=1343.35 694.368 1464.12 524.781 658.765 482.436 266.549 262.434 256.415 251.514 246.562 212.997 208.412 173.152 164.107 203.878 160.622 153.609 148.418 267.053 283.423 400.472 144.903 129.249 123.919 114.031 108.079 102.726 101.298 99.0651
threshold=4.7161173820495614 13897643.000000002 1.0000000180025095e-35 10052930.500000002 12130922.500000002 39440.000000000007 0.042334999889135368 32.500000000000007 1.0000000180025095e-35 1415.850036621094 1322.4500122070315 -0.035392384976148598 3211691.0000000005 7420.0000000000009 1885909.0000000002 6383.8500976562509 18020.000000000004 24.500000000000004 1415.850036621094 3211691.0000000005 7714069.5000000009 0.025034818798303608 6472.3000488281259 15089427.500000002 0.15888889133930209 0.19119916111230853 0.067960437387228026 0.15954545140266421 4802.4499511718759 7098.4499511718759
decision_type=2 2 2 2 2 2 2 2 2 2 2 2 2 2 2 2 2 2 2 2 2 2 2 2 2 2 2 2 2 2
left_child=1 2 3 5 10 7 8 -1 -3 -7 17 -2 -10 -12 15 -15 -6 -5 19 -4 21 23 -11 -21 -18 -17 28 -13 -16 -14
right_child=11 6 18 4 16 9 -8 -9 12 22 13 27 29 14 26 25 24 -19 -20 20 -22 -23 -24 -25 -26 -27 -28 -29 -30 -31
leaf_value=0.020043304001285511 0.020043304001285511 -0.012048799216718383 0.018558072124559032 0.00014069439437576709 0.020043304001285511 0.0024786451534936317 0.015334434919663107 0.015546097715507148 0.010860210355534736 0.014274552732337551 0.019325497794613566 0.02587477677111677 0.0030996201091044017 0.0045412850032341768 0.0033321161242536564 -0.047836495321461892 0.010836179775454629 -0.029633342377606023 0.020043304001285511 0.0060218206929260202 0.018558072124559032 0.018558072124559032 0.0078744428132810646 0.013544477859898502 0.016333910599240605 0.00018968271657321303 0.012754325443771334 0.033254557026333127 -0.054531614533876095 0.010860210355534736
leaf_weight=23694.887807358056 8820.4629966169596 1779.4155119471252 14970.784397572279 11962.005750201643 7403.2273698300123 6261.4819192811847 11254.718480616808 16453.376834735274 8347.9219972118735 36746.628249868751 2844.8106672540307 15267.109297737479 18512.107361137867 14781.090810477734 1915.9013127684593 292.61894046142697 22834.382037624717 447.46804114431143 41174.774898126721 16687.724640503526 4722.9987254142761 2981.465711504221 2506.358564004302 8015.2843755930662 4773.3954057842493 212.89207552745938 3716.9592715352774 6881.792030826211 76.741863027215004 3305.4030419662595
leaf_count=44063 12236 7865 26954 39105 14200 15113 26576 43109 21926 94864 7645 18485 62320 49985 5972 1674 58259 2671 68945 40108 7476 4380 9036 17048 7532 873 9851 6153 341 8441
internal_value=0.015626 0.0145641 0.0155929 0.0126736 0.00950289 0.0153109 0.00871791 0.0193064 0.00638599 0.0117858 0.00477802 0.0255225 0.00747415 0.00775284 0.00618315 0.00347196 0.0143945 -0.000937517 0.0200433 0.0170728 0.0136748 0.0112416 0.0132702 0.00853088 0.0126245 -0.0276896 0.0127543 0.0281705 0.00105119 0.0045561
internal_weight=319646 288677 245477 156924 71261.5 85662.7 43199.6 40148.3 31944.8 45514.5 36250.5 30969.4 30165.4 23841 20996.2 15286.6 35011 12409.5 88553 47378.3 32407.5 27684.5 39253 24703 27607.8 505.511 5709.6 22148.9 1992.64 21817.5
internal_count=733206 696332 569204 404293 198108 206185 127128 87172 100552 119013 118117 36874 92687 76341 68696 52532 79991 41776 164911 95966 69012 61536 103900 57156 65791 2547 16164 24638 6313 70761
is_linear=0
shrinkage=0.05


Tree=37
num_leaves=31
num_cat=0
split_feature=48 14 53 15 24 1 26 22 21 48 21 18 50 25 18 21 26 15 26 4 21 17 10 15 26 15 15 25 15 50
split_gain=1219.15 1364.24 1018.89 457.304 580.03 295.747 288.384 260.418 233.381 237.903 213.555 189.704 141.685 136.735 131.526 111.195 110.075 107.54 106.701 215.231 104.991 103.472 102.461 97.0267 92.6719 86.9299 85.567 101.698 103.599 83.2813
threshold=11.949999809265138 1.0000000180025095e-35 0.083918049931526198 856.89999389648449 1.0000000180025095e-35 13.146900653839113 100.50000000000001 13897643.000000002 5320895.5000000009 13.887499809265138 1289243.5000000002 9020.0000000000018 -0.091888528317213045 0.44452822208404547 60000.900390625007 5320895.5000000009 12.500000000000002 8882.4497070312518 43.500000000000007 0.012579114176332952 12130922.500000002 0.08083688467741014 4489.8000488281259 3937.0500488281255 154.50000000000003 4802.4499511718759 1810.5000000000002 0.6000007987022401 2472.4499511718755 -0.11716270074248313
decision_type=2 2 2 2 2 2 2 2 2 2 2 2 2 2 2 2 2 2 2 2 2 2 2 2 2 2 2 2 2 2
left_child=1 13 11 6 8 15 7 14 10 23 22 -3 25 -1 18 -4 26 24 -2 -20 -14 -19 -5 -10 -18 -11 -12 28 -28 -9
right_child=3 2 5 4 -6 -7 -8 29 9 12 16 -13 20 -15 -16 -17 17 21 19 -21 -22 -23 -24 -25 -26 -27 27 -29 -30 -31
leaf_value=0.016198939658571422 0.013175740791726013 0.050292979379568073 0.025080964064674173 -0.020493943770890456 0.016198939658571422 0.031532484557452174 -0.070545142775314401 -0.090571646501079545 0.016198939658571422 -0.014537320851842587 0.016198939658571422 0.033827547882659605 0.0066735850733646296 0.020760008501490401 -0.021030074146837083 0.020760008501490401 0.016198939658571422 -0.069856666657877417 -0.0029651776497597255 0.016198939658571422 0.011420323701543188 0.001585122199527915 0.016198939658571422 0.011420323701543188 -0.072376052501572502 -0.0968071385344354 -0.024202540510048082 0.016198939658571422 0.0028078251273237413 0.0013308735875352329
leaf_weight=51195.914512723684 17565.663305863738 3955.9246043413877 15064.857638895512 619.48605899512768 53954.069153182209 7991.456324622035 115.38728178292513 22.713787972927094 15325.582584828138 339.0433521270752 665.80549971759319 3176.8703545182943 31490.354357745498 15875.057215288281 318.05122844874859 25643.593931600451 35633.720070905983 53.998541966080666 3300.1024845838547 2341.2246936708689 18491.035175058991 533.06175106018782 93.884882152080536 4745.6501544117928 27.874079406261444 33.626778036355972 448.1263817101717 506.25911982357502 1678.4661544561386 9729.2586386725307
leaf_count=109224 46142 3588 18013 2683 109598 7202 700 93 28501 784 977 3879 116734 27701 1431 36954 85252 316 13025 4751 51613 2232 113 10278 130 136 1087 743 3263 44664
internal_value=0.015457 0.0193689 0.0253211 0.0130289 0.0141111 0.0227343 0.00769303 0.00796854 0.011773 0.0100364 0.0148099 0.042971 0.00820107 0.0161989 0.0108162 0.0210057 0.0152991 0.016095 0.0112544 0.00526928 0.00843041 -0.00520105 -0.0122768 0.0146396 0.0161989 -0.0224378 0.0065493 0.00212656 -0.00290133 0.00109829
internal_weight=320936 122904 55832.7 198032 164640 48699.9 33392.4 33277 110686 70425.3 40260.7 7132.79 50354.1 67071 23525 40708.5 39547.3 36248.7 23207 5641.33 49981.4 587.06 713.371 20071.2 35661.6 372.67 3298.66 2632.85 2126.59 9751.97
internal_count=731807 206561 69636 525246 414440 62169 110806 110106 304842 208046 96796 7467 169267 136925 65349 54967 94000 87930 63918 17776 168347 2548 2796 38779 85382 920 6070 5093 4350 44757
is_linear=0
shrinkage=0.05


Tree=38
num_leaves=31
num_cat=0
split_feature=48 14 53 21 21 15 21 30 18 25 15 48 18 49 25 22 50 26 53 27 45 18 22 50 6 46 25 15 25 24
split_gain=1299.99 1526.3 1016.7 479.481 483.014 374.138 305.672 299.645 231.049 195.976 160.083 149.133 143 137.759 187.095 128.074 117.092 116.858 112.032 110.87 133.236 109.584 150.693 108.425 116.64 105.011 103.237 100.355 98.4761 95.5943
threshold=11.949999809265138 1.0000000180025095e-35 0.074434850364923491 5320895.5000000009 12130922.500000002 925.00000000000011 1289243.5000000002 23.395750045776371 8612.2001953125018 0.69240385293960582 10040.350097656252 21.816666603088382 56050.000000000007 -0.071969699114561067 0.19364918768405917 8681399.0000000019 -0.053008658811449998 110.50000000000001 0.21728900820016864 0.13284314423799518 -0.13762626796960828 45977.000000000007 1885909.0000000002 0.088287636637687697 -0.016911349259316918 1.6086322665214541 0.62481230497360241 3752.700073242188 0.15794736891984942 3211691.0000000005
decision_type=2 2 2 2 2 2 2 2 2 2 2 2 2 2 2 2 2 2 2 2 2 2 2 2 2 2 2 2 2 2
left_child=1 26 8 6 5 12 25 18 -3 10 13 -8 16 14 -7 17 -5 -6 -4 20 -17 -13 -23 24 27 -2 -1 -15 -12 -18
right_child=3 2 7 4 15 9 11 -9 -10 -11 28 21 -14 23 -16 19 29 -19 -20 -21 -22 22 -24 -25 -26 -27 -28 -29 -30 -31
leaf_value=0.014958006943458779 -0.016980972276578628 0.049991250945218391 0.023878201243238917 -0.029423354740915522 0.014486962817191676 -0.072573361667357061 0.014958006943458779 0.028000990289838941 0.031892612887479736 0.014958006943458779 -0.061208185246045654 0.013197046848636618 -0.056043893800982292 -0.0069826121944859031 -0.0069826121944859031 -0.081983235389097769 0.0043914080289520364 -0.017275921773901668 0.0197554121966389 0.014958006943458779 0.0033766663017023267 0.00063199875553763022 0.0097459162630296609 0.011047056940497881 0.0075315110148482843 0.014958006943458779 0.0197554121966389 0.0033175067218736464 -0.0028588686493364939 -0.0072960576815949835
leaf_weight=56947.751736178994 1015.3951365873218 4051.2648714184761 6437.6580451279879 341.01458895206451 43235.138322658837 126.92229425907135 50738.680237516761 14468.358396172523 3153.42950335145 6462.6275711543858 132.56192358583212 22377.487819641829 126.33512575179338 2940.2250676453114 280.99724234640598 44.188181474804878 3528.6982323676348 289.93585046380758 27648.973116949201 858.49962119758129 4470.4102833420038 5642.2236828245223 2072.4018902108073 3290.3021107465029 44079.490022808313 111.52764195203781 9867.0520481467247 1586.1525755226612 156.75001115724444 3466.2549480497837
leaf_count=120839 4246 3571 9097 1102 100834 452 99545 14319 3913 17139 827 65486 788 7509 578 189 15956 930 38766 1384 15113 20463 4855 5362 141892 123 16153 3507 811 16994
internal_value=0.0141917 0.0182362 0.0245528 0.0116799 0.00960282 0.00682921 0.0146045 0.0219504 0.0420807 0.00816216 0.00713611 0.014958 -0.00371895 0.00734172 -0.0215347 0.0133755 -0.00280282 0.0142746 0.0197554 0.0060893 0.00250524 0.0114361 0.00629479 0.00756952 0.00674666 -0.0112408 0.014958 -0.000896498 -0.029831 -0.00140059
internal_weight=319949 122574 55759.7 197374 115417 66518.3 81957.7 48555 7204.69 59056 52593.4 80830.8 7462.3 52304.1 407.92 48898.2 7335.97 43525.1 34086.6 5373.1 4514.6 30092.1 7714.63 51896.2 48605.9 1126.92 66814.8 4526.38 289.312 6994.95
internal_count=732743 206658 69666 526085 331367 212917 194718 62182 7484 178077 160938 190349 34840 159300 1030 118450 34052 101764 47863 16686 15302 90804 25318 158270 152908 4369 136992 11016 1638 32950
is_linear=0
shrinkage=0.05


Tree=39
num_leaves=31
num_cat=0
split_feature=49 7 14 9 21 22 22 48 26 21 14 15 21 26 18 15 21 14 36 50 41 30 15 21 6 21 15 21 18 53
split_gain=1078.86 502.431 561.212 264.041 195.564 193.279 203.806 187.167 143.32 127.486 133.346 117.221 126.947 126.399 167.651 122.551 104.243 103.033 100.038 151.85 119.059 100.972 93.584 104.329 98.0741 93.574 88.3194 181.804 104.85 83.7352
threshold=0.073747340589761748 21.500000000000004 127.40000152587892 169.86061096191409 5320895.5000000009 1885909.0000000002 13897643.000000002 15.436508178710939 34.500000000000007 12130922.500000002 1415.850036621094 5417.9499511718759 12130922.500000002 44.500000000000007 56050.000000000007 925.00000000000011 10052930.500000002 6135.8000488281259 3.5000000000000004 -0.043343897908926003 3827.2500000000005 0.44713792204856878 6295.5500488281259 10052930.500000002 -0.0028124050004407759 5320895.5000000009 5611.4499511718759 10052930.500000002 68040.000000000015 0.34217691421508795
decision_type=2 2 2 2 2 2 2 2 2 2 2 2 2 2 2 2 2 2 2 2 2 2 2 2 2 2 2 2 2 2
left_child=1 2 25 4 -2 7 -7 -3 26 29 -11 13 22 14 -8 -15 -5 -16 20 -20 -17 -22 -13 24 -24 -1 -9 28 -28 -10
right_child=3 5 -4 16 -6 6 11 8 9 10 -12 12 -14 15 17 18 -18 -19 19 -21 21 -23 23 -25 -26 -27 27 -29 -30 -31
leaf_value=0.014464455423505041 0.021686641008516971 0.012366478657875969 0.01656243218913411 0.028562565450979363 0.01656243218913411 0.012366478657875969 0.012366478657875969 0.0098184758259554708 0.0030713867072839881 -0.046905604668620871 0.0098184758259554708 -0.015659868465050859 -0.030051394029106279 -0.011137802630581206 -0.023245267133306019 0.012366478657875969 0.021686641008516971 0.0020592863592631106 -0.060043753191105012 0.012366478657875969 -0.010784348960114203 0.012366478657875969 -0.042211247919252244 -0.045166284840068807 0.012366478657875969 0.012366478657875969 0.0098184758259554708 -0.01937792287043168 -0.016686073128884631 -0.089799830195293445
leaf_weight=28975.852652698755 10626.426971055567 12139.437808059156 64200.796461254358 11140.95333519578 17692.571981810033 42383.17867102474 10542.207523830235 27692.84918615222 22791.952045265585 102.71236307919025 7512.339676130563 544.63888341188431 370.53963941335678 1245.0626693069935 565.73301739990711 139.87140891700983 6001.8843493908644 429.46961870789528 71.460459142923355 2293.1201551109552 1806.5229031443596 495.83496743440628 80.41692890226841 82.185159392654896 1210.9017964974046 46448.196560248733 1110.5540571771562 790.97513857483864 371.87419788166881 22.298820286989212
leaf_count=50380 14266 24665 103730 11713 29173 106441 44294 83916 86755 648 23742 1842 1358 6677 2160 311 7379 1218 232 5790 6051 1046 289 468 3572 104656 3551 3974 1692 90
internal_value=0.0135863 0.0124042 0.0145065 0.0207206 0.0177531 0.0102265 0.0122703 0.00847184 0.00727047 0.00485287 0.00981848 0.00729953 -0.00334235 0.00868446 0.0117539 0.0028309 0.0256201 -0.00824791 0.0064522 0.0123665 -0.00072029 -0.00526755 0.00184313 0.00879632 0.0122953 0.0123665 0.00972494 -4.24067e-05 0.00981848 0.00297275
internal_weight=319883 274421 139625 45461.8 28319 134796 62261.1 72535 60395.6 30429.3 7615.05 19878 2288.68 17589.3 11537.4 6051.87 17142.8 995.203 4806.81 2364.58 2442.23 2302.36 1918.14 1373.5 1291.32 75424 29966.3 2273.4 1482.43 22814.3
internal_count=732079 669548 258766 62531 43439 410782 181749 229033 204368 111235 24390 75308 7529 67779 47672 20107 19092 3378 13430 6022 7408 7097 6171 4329 3861 155036 93133 9217 5243 86845
is_linear=0
shrinkage=0.05


Tree=40
num_leaves=31
num_cat=0
split_feature=50 24 22 21 21 16 18 48 24 48 30 15 41 44 17 48 15 21 21 41 36 14 18 14 18 49 53 14 44 48
split_gain=937.539 639.632 1258.82 556.573 670.119 468.986 395.137 241.254 232.698 219.42 198.329 191.348 254.981 187.502 185.58 165.276 148.038 152.25 274.322 147.066 142.86 165.064 139.082 116.633 110.674 107.731 130.969 106.637 106.63 104.679
threshold=0.076757155358791365 1.0000000180025095e-35 8681399.0000000019 10052930.500000002 12130922.500000002 0.17454272508621219 39440.000000000007 15.354166507720949 3211691.0000000005 17.408332824707035 18.729285240173343 4725.6999511718759 1415.850036621094 -0.063474025577306734 0.055862355977296836 17.267857551574711 2460.0500488281255 5320895.5000000009 13439690.500000002 15689.250000000002 2.5000000000000004 6813.3000488281259 134020.00000000003 8393.3002929687518 31020.000000000004 -0.033730158582329743 0.074434850364923491 302.39999389648443 -0.012067099567502735 10.354166507720949
decision_type=2 2 2 2 2 2 2 2 2 2 2 2 2 2 2 2 2 2 2 2 2 2 2 2 2 2 2 2 2 2
left_child=1 3 -3 6 5 19 7 -1 22 24 -2 12 -8 -11 -13 -14 17 20 23 -5 -10 -22 27 -19 -6 -16 -27 -4 -17 -18
right_child=10 2 8 4 9 -7 11 -9 16 13 -12 14 15 -15 25 28 29 18 -20 -21 21 -23 -24 -25 -26 26 -28 -29 -30 -31
leaf_value=0.016978954042284122 0.016978954042284122 0.016978954042284122 0.0092888994385342469 -0.00047210443173010619 0.016978954042284122 0.011533601708509989 0.0017232476272493328 0.012914692598412625 0.0092368016590214704 -0.043655788533885312 0.025317470704417575 -0.022420265047598701 0.012914692598412625 0.0072026884101078666 -0.0089022630993052607 -0.01144116055736338 0.016978954042284122 -0.010533422417551968 0.0082364837198798512 -0.05157374581337662 -0.019345953388700918 0.016978954042284122 -0.063405629555880569 0.016978954042284122 0.011377978037690577 0.001433690488188988 0.012914692598412625 0.016978954042284122 0.008284265158946414 0.007548046575943209
leaf_weight=23796.537860050797 9926.467060662806 88205.995646968484 5971.6804092004895 30016.530482638627 10663.16651917994 10553.943840201944 6360.4478286132216 16769.555900141597 8670.5532441213727 182.00164167582989 16320.010966196656 705.5015886425972 20250.872695207596 12153.857216797769 406.43126204609871 726.08908772468567 1756.6926005929708 5409.2416951954365 3901.4858379289508 139.45707396417856 964.60216724872589 394.62536144256592 56.176189035177231 219.9382535815239 12761.842793636024 4192.4144105128944 1570.7053927257657 4815.5004582107067 11683.150532796979 10044.267196893692
leaf_count=37540 15448 162752 16447 99491 17616 30624 15073 49701 25083 592 18288 2533 38563 38207 1044 2342 2322 21452 11783 692 4182 831 219 474 24336 14903 2888 10023 40910 25942
internal_value=0.0128572 0.012047 0.0146568 0.00995788 0.00685022 0.00246318 0.0127062 0.0163017 0.00742711 0.011844 0.021911 0.00952766 0.0108828 0.00644537 0.00183565 0.0126663 0.00524344 0.00257473 -0.00195038 -0.00071183 0.0068742 -0.00818836 0.0137406 -0.00901114 0.0146862 0.00461574 0.00666575 0.0141541 0.00712843 0.00966573
internal_weight=319590 293343 130411 162933 76470.8 40709.9 86461.7 40566.1 42204.8 35760.9 26246.5 45895.6 39020.6 12335.9 6875.05 32660.1 31361.4 19560.4 9530.67 30156 10029.8 1359.23 10843.4 5629.18 23425 6169.55 5763.12 10787.2 12409.2 11801
internal_count=732301 698565 281510 417055 211558 130807 205497 87241 118758 80751 33736 118256 96888 38799 21368 81815 92069 63805 33709 100183 30096 5013 26689 21926 41952 18835 17791 26470 43252 28264
is_linear=0
shrinkage=0.05


Tree=41
num_leaves=31
num_cat=0
split_feature=46 24 22 48 15 25 21 21 14 26 50 36 18 21 53 14 26 21 14 48 48 21 21 25 15 41 15 22 25 15
split_gain=915.842 507.446 696.911 407.872 333.188 279.953 223.242 527.185 290.736 207.96 176.23 170.35 170.302 163.681 162.263 157.83 156.2 164.108 153.407 146.674 131.008 128.947 231.505 218.785 112.909 98.3306 96.8054 135.265 96.2602 109.854
threshold=0.16736798733472827 1.0000000180025095e-35 13897643.000000002 7.5357143878936776 6869.6999511718759 0.79145896434783947 10052930.500000002 12130922.500000002 3099.849975585938 27.500000000000004 -0.13091206550598142 2.5000000000000004 39440.000000000007 5320895.5000000009 0.4391168504953385 1010.2000122070314 43.500000000000007 1289243.5000000002 302.39999389648443 17.354166984558109 15.211111068725588 5320895.5000000009 13439690.500000002 0.23085205256938937 14673.199707031252 3036.9499511718755 3429.7500000000005 1885909.0000000002 0.010544848162680866 10040.350097656252
decision_type=2 2 2 2 2 2 2 2 2 2 2 2 2 2 2 2 2 2 2 2 2 2 2 2 2 2 2 2 2 2
left_child=1 4 -3 11 5 6 10 8 25 -6 -1 -2 -12 -5 15 -14 17 -4 21 -17 -18 -19 23 -23 -11 -8 -10 -28 29 -22
right_child=3 2 16 13 9 -7 7 -9 26 24 12 -13 14 -15 -16 19 20 18 -20 -21 28 22 -24 -25 -26 -27 27 -29 -30 -31
leaf_value=-0.11696905882271064 0.021212578693731415 0.014124004932744658 -0.049157203445782609 0.0193055795813665 -0.021012296953473477 0.014124004932744658 -0.0025179054984278003 0.011091275880266484 0.010893371864450514 0.0055043023341348717 0.011247178547540175 0.03288716635806354 0.00025998576453540792 0.014124004932744658 -0.040983168607491474 0.0094669332759356409 0.01192507149533441 0.010230379116002098 0.014124004932744658 0.0047867324212962645 -0.0052761118213815418 -0.010499892425660311 0.010230379116002098 0.010230379116002098 -0.061405167154866283 -0.03918445697602839 0.0018263467035808528 0.011247178547540175 0.0046427014402873465 -0.064814950118212075
leaf_weight=25.163950368762016 14326.587413296103 80334.003446415067 118.50567450374365 14960.861587524414 1440.3148573115468 11340.195686265826 16014.512616541237 28846.251240678132 7158.3144640624523 2098.8700186982751 28769.831402987242 4007.6078159362078 5695.8083954229951 27546.332744538784 168.51555325090885 17067.979062259197 2454.6784328371286 8528.5184372067451 9855.5678264424205 14024.454613938928 4208.7805581763387 3939.0442062839866 3254.3255738094449 431.4550523981452 63.007874835282564 182.97202295809984 5339.7414772212505 3340.4905008673668 3685.5932367444038 76.949575327336788
leaf_count=106 16886 154643 550 20758 5859 23100 55910 67868 24162 7906 66456 3681 13636 45508 448 35991 5066 23294 21703 50257 20446 15438 9101 785 538 767 20013 9933 11654 458
internal_value=0.012014 0.0107146 0.013153 0.0175334 0.00870133 0.00909327 0.00837035 0.0061883 0.0017731 -0.00630775 0.0103906 0.0237678 0.0104429 0.0148434 0.00768669 0.00791185 0.00700451 0.00906909 0.00933815 0.00931348 0.00182996 0.00633675 0.00160438 -0.00596221 0.00349928 -0.00293689 0.00658958 0.00303869 -0.00128093 -0.00637486
internal_weight=319305 258464 116887 60841.4 141576 137974 126634 60882.3 32036 3602.19 65751.8 18334.2 65726.6 42507.2 36956.8 36788.2 36553.4 26127.4 26008.9 31092.4 10426 16153.3 7624.82 4370.5 2161.88 16197.5 15838.5 8680.23 7971.32 4285.73
internal_count=732921 646088 263138 86833 382950 368647 345547 178653 110785 14303 166894 20567 166788 66266 100332 99884 108495 70871 70321 86248 37624 48618 25324 16223 8444 56677 54108 29946 32558 20904
is_linear=0
shrinkage=0.05


Tree=42
num_leaves=31
num_cat=0
split_feature=24 1 21 21 22 24 25 21 21 14 25 21 49 14 21 26 26 15 22 21 41 26 41 18 14 41 36 21 6 41
split_gain=936.243 903.617 444.611 381.606 352.489 523.004 274.966 190.306 316.363 235.821 159.053 174.918 221.246 197.834 192.994 160.45 148.09 146.621 131.39 125.379 123.123 112.832 102.138 100.951 95.6975 95.2885 94.3181 166.965 91.9772 86.2754
threshold=7714069.5000000009 0.16542288661003116 5320895.5000000009 13439690.500000002 13897643.000000002 1.0000000180025095e-35 0.7334517538547517 10052930.500000002 12130922.500000002 3477.650024414063 0.15496478974819186 5320895.5000000009 -0.050903679803013795 302.39999389648443 1289243.5000000002 45.500000000000007 43.500000000000007 3988.0500488281255 13897643.000000002 13439690.500000002 31462.150390625004 15.500000000000002 3442.299926757813 46010.000000000007 20793.000000000004 13740.600097656252 5.5000000000000009 5320895.5000000009 0.59072089195251476 9269.0000000000018
decision_type=2 2 2 2 2 2 2 2 2 2 2 2 2 2 2 2 2 2 2 2 2 2 2 2 2 2 2 2 2 2
left_child=1 4 16 -4 5 6 7 17 9 22 11 14 -13 19 -6 -16 -3 -1 -2 21 25 -14 -9 -12 -20 29 -19 -28 -5 -17
right_child=18 2 3 28 10 -7 -8 8 -10 -11 23 12 13 -15 15 20 -18 26 24 -21 -22 -23 -24 -25 -26 -27 27 -29 -30 -31
leaf_value=0.010629791603279275 0.029909053861057369 0.026039797473665718 0.013244316860777861 0.020002535116760065 -0.054065830470428657 0.013244316860777861 0.013244316860777861 -0.001845486468921357 0.0097029601757828883 0.0070059450143680792 0.013244316860777861 -0.062016040533348575 -0.015042427331999654 0.0071721910279513162 0.0071721910279513162 -0.0074362692942607674 0.018151466733783223 0.00549448465514649 0.014691749954947004 0.0011626120607063164 -0.075531940076173698 0.00064188384691950685 -0.069609158536947074 0.0071721910279513162 0.070935160009617179 0.0071721910279513162 -0.066096665314849631 0.010629791603279275 0.032940733347683458 -0.043276447089062871
leaf_weight=51457.054811738431 7804.1419618278742 11631.999913647771 28384.068066246808 12866.797372296453 127.11185983195901 72115.575744412839 15245.711045090109 15018.866054616868 27666.072984602302 13474.482500899583 5200.5664951726794 143.12787558883429 3375.1844941079617 5198.8929021209478 11410.509695932269 897.63474668562412 12240.610011249781 12253.040097400546 2334.4512149021029 2966.5875338539481 64.757338955998421 1735.9312640279531 53.816140435636044 4309.5558008030057 76.345001801848412 393.80991328507662 122.51263450086117 72.320026464760303 1542.639246314764 204.91792565584183
leaf_count=128513 11065 13070 48913 17557 758 141547 32440 51615 66659 47302 12209 517 11223 15244 32216 3944 17896 36922 5404 9927 312 11795 274 11655 86 1042 534 189 1356 730
internal_value=0.0118621 0.0113715 0.0165294 0.0134784 0.00995924 0.010752 0.00886452 0.00801527 0.00589291 0.00220004 0.00539369 0.00340376 -0.000615571 5.55958e-05 0.00717219 0.00717219 0.0219969 0.00988193 0.0267554 -0.00484697 -0.00908644 -0.00971727 -0.00209664 0.0109406 0.0165302 -0.00611393 0.00494373 -0.0293974 0.021392 -0.0141637
internal_weight=320389 310174 66666.1 42793.5 243508 207479 135364 120118 56213.2 28547.2 36028.6 26518.5 13419.7 13276.6 13098.7 12971.6 23872.6 63904.9 10214.9 8077.7 1561.12 5111.12 15072.7 9510.12 2410.8 1496.36 12447.9 194.833 14409.4 1102.55
internal_count=732914 716359 98792 67826 617567 505995 364448 332008 165850 99191 111572 87708 48706 48189 39002 38244 30966 166158 16555 32945 6028 23018 51889 23864 5490 5716 37645 723 18913 4674
is_linear=0
shrinkage=0.05


Tree=43
num_leaves=31
num_cat=0
split_feature=7 43 25 26 15 24 48 53 48 22 24 18 24 26 25 18 43 26 15 15 17 50 18 50 15 24 26 15 17 24
split_gain=949.74 841.234 473.003 448.793 268.133 255.45 247.513 223.444 177.329 162.893 144.774 213.888 181.146 159.139 157.049 132.333 124.213 122.239 154.749 142.294 131.828 125.68 125.084 104.206 96.9352 96.5862 93.5366 90.6475 85.9057 85.4978
threshold=21.500000000000004 1.5000000000000002 0.76566964387893688 13.500000000000002 856.89999389648449 1.0000000180025095e-35 7.5357143878936776 0.59114196896553051 15.354166507720949 13897643.000000002 3211691.0000000005 7010.0000000000009 7714069.5000000009 43.500000000000007 0.25721864402294164 5018.0000000000009 2.5000000000000004 65.500000000000014 9413.7998046875018 1110.049987792969 0.041601428762078292 -0.086166717112064348 88100.000000000015 -0.053670633584260934 3883.5000000000005 1.0000000180025095e-35 99.500000000000014 3153.849975585938 0.3854945451021195 7714069.5000000009
decision_type=2 2 2 2 2 2 2 2 2 2 2 2 2 2 2 2 2 2 2 2 2 2 2 2 2 2 2 2 2 2
left_child=1 2 7 -3 10 8 16 29 -6 23 11 -2 13 -12 -13 -4 -5 18 21 20 -19 -10 26 -8 -25 -17 27 -21 -20 -1
right_child=4 3 15 6 5 -7 9 -9 17 -11 12 14 -14 -15 -16 25 -18 19 28 22 -22 -23 -24 24 -26 -27 -28 -29 -30 -31
leaf_value=0.010908619414368773 0.010908619414368773 0.051044920472851078 0.032538328643274536 0.020902550051210892 0.010908619414368773 0.010908619414368773 0.010908619414368773 0.016576278030592233 -0.09445240144801835 0.010908619414368773 0.0025184160662353426 -0.02723699622749326 0.010908619414368773 -0.0086226854036878901 0.0019537123084584574 0.016576278030592233 0.031852466512448989 -0.068667865262173819 -0.03263630060474839 -0.0014033809400858027 0.0085709705297464817 0.007681064980560523 -0.0086032956776693221 0.020864733513981104 0.01506731577316316 0.025684333446766152 0.0085709705297464817 0.0076035902812665 0.0085709705297464817 0.016576278030592233
leaf_weight=97393.16530418396 7324.7353096567094 1084.6120560765266 2348.3501067906618 6295.6985092610121 18026.935922749341 40183.665953718126 4242.2067527472973 8500.2405261099339 28.149561479687691 5512.8451800942421 8898.758650995791 633.46671675890684 1350.8744203820825 5007.1406074650586 1220.7480466067791 5928.3729835301638 4266.6729800999165 131.20383906364441 369.05931109189987 6620.4875323548913 71.868366479873657 52442.152148783207 2050.5406203381717 20687.201958507299 5479.0342495590448 1170.6126584708691 1804.1154456436634 4829.7640582211316 60.452848631888628 5274.6741815805435
leaf_count=194826 25273 807 2858 7563 34330 89311 6341 9972 114 10005 33479 3025 3698 21476 4564 9470 4080 752 2594 23050 250 166595 7656 29812 8924 1329 5194 16205 262 8065
internal_value=0.0110552 0.0136399 0.0114188 0.019271 0.00817737 0.0091028 0.0185274 0.0109086 0.00742034 0.016547 0.00338172 0.00834276 0.000396301 -0.00149386 -0.00700119 0.0222439 0.0252581 0.00623332 0.00737769 0.00232928 -0.039045 0.00762267 0.00288328 0.0180468 0.019226 0.0188303 0.00466137 0.00239646 -0.0224469 0.0109086
internal_weight=319238 168184 120615 47568.3 151054 126618 46483.7 111168 86434.7 35921.3 24435.7 9178.95 15256.8 13905.9 1854.21 9447.34 10562.4 68407.8 52899.8 15508 203.072 52470.3 15304.9 30408.4 26166.2 7098.99 13254.4 11450.3 429.512 102668
internal_count=731880 294052 226520 67532 437828 346313 66725 212863 257002 55082 91515 32862 58653 54955 7589 13657 11643 222672 169565 53107 1002 166709 52105 45077 38736 10799 44449 39255 2856 202891
is_linear=0
shrinkage=0.05


Tree=44
num_leaves=31
num_cat=0
split_feature=49 21 21 15 48 25 21 50 48 7 21 53 12 17 36 45 15 21 46 48 21 41 16 48 44 48 21 15 44 18
split_gain=888.799 568.082 718.864 456.973 397.706 377.488 332.294 305.664 301.831 269.16 226.886 211.254 182.849 162.379 164.737 144.859 144.034 138.92 129.661 126.681 124.468 115.531 110.266 104.352 143.979 116.074 114.798 98.8981 92.3038 87.5378
threshold=0.17341297864913943 5320895.5000000009 12130922.500000002 925.00000000000011 9.7750000953674334 0.26010203361511236 1289243.5000000002 -0.13091206550598142 21.816666603088382 21.500000000000004 10052930.500000002 0.31530392169952398 0.068404637277126326 0.049175143241882331 2.5000000000000004 -7.6325757503509513 119.1999969482422 10052930.500000002 1.1395699977874758 6.9583332538604745 5320895.5000000009 236.3999938964844 0.17876528203487399 15.690476417541506 -0.014177489094436167 18.774999618530277 10052930.500000002 2902.2500000000005 -0.21177489310503003 46010.000000000007
decision_type=2 2 2 2 2 2 2 2 2 2 2 2 2 2 2 2 2 2 2 2 2 2 2 2 2 2 2 2 2 2
left_child=1 6 3 5 -5 10 18 -6 -8 -4 19 21 20 14 -10 -11 -17 29 -1 -3 -2 -12 -14 27 25 -25 -27 -9 -21 -7
right_child=12 2 9 4 7 17 8 23 13 15 11 -13 22 -15 -16 16 -18 -19 -20 28 -22 -23 -24 24 -26 26 -28 -29 -30 -31
leaf_value=-0.016794396234854125 0.01855149976904117 0.0023735110309385382 0.013924850163705278 0.013924850163705278 -0.11429337119308901 0.013924850163705278 0.013924850163705278 0.0098521680091421052 0.0064968641415155612 -0.056508941705520767 -0.0084550464763329721 -0.087477358612554623 0.019536862391440892 0.011132028565906997 -0.011015995554305408 0.0014792895307599876 0.010001601934876635 0.002597625026817452 0.013924850163705278 -0.031974059523941521 0.013924850163705278 -0.064239836352342941 0.028912313791340086 -0.0029748653028101829 0.0050491512363213479 -0.054203061219349015 -0.01862398928754503 0.0061099340832538353 -0.0041064878454596604 0.0023735110309385382
leaf_weight=1337.1226150766015 6440.5461409091949 8170.1514167636633 36407.30461139977 8415.2177679240704 50.959493741393089 3786.7302535399795 82963.883231826127 12622.660787194967 15654.951747253537 83.684965252876282 8394.7479848638177 84.827320799231529 10657.489696472883 13477.590988796204 1466.9780525043607 5940.4566581249237 29993.548276767135 5229.6401301175356 166.43965683877468 312.57110823690891 11043.644196614623 91.904175374656916 4464.2613455504179 2648.8505672886968 29570.953331574798 182.78123849630356 148.83160215616226 13725.815060526133 5387.2057847715914 934.31475917994976
leaf_count=4934 8296 18631 58700 11978 211 7595 150700 25207 47704 250 32295 319 12409 36539 6466 20336 76139 13815 176 886 17674 691 4361 7545 112202 843 509 29821 23328 2492
internal_value=0.0104574 0.00956923 0.00775134 0.00499842 0.00734497 0.000118145 0.0122893 0.00577949 0.0125985 0.011543 -0.00347605 -0.00987029 0.0182805 0.00833921 0.00499528 0.0084385 0.00859289 0.00822308 -0.0110509 0.000476375 0.0147948 -0.00907415 0.0223082 0.00588725 0.00399339 -0.00647782 -0.0342731 0.00822648 -0.0056454 0.0139249
internal_weight=319856 287250 172183 99758.2 67366.1 32392.1 115067 58950.9 113563 72425 22441.4 8571.48 32605.9 30599.5 17121.9 36017.7 35934 9950.69 1503.56 13869.9 17484.2 8486.65 15121.8 58899.9 32551.4 2980.46 331.613 26348.5 5699.78 4721.05
internal_count=733052 690312 443793 288368 188316 100052 246519 176338 241409 155425 76150 33305 42740 90709 54170 96725 96475 23902 5110 42845 25970 32986 16770 176127 121099 8897 1352 55028 24214 10087
is_linear=0
shrinkage=0.05


Tree=45
num_leaves=31
num_cat=0
split_feature=9 21 21 25 14 48 48 48 25 26 21 26 37 48 24 18 21 18 24 21 24 25 18 37 51 18 26 45 24 26
split_gain=699.441 561.034 758.105 352.325 340.935 281.909 248.134 214.234 193.968 185.467 179.054 169.746 163.099 144.098 139.487 145.386 136.326 129.572 120.834 118.439 114.776 110.574 121.196 109.053 104.052 100.346 98.7969 90.624 81.6407 91.3764
threshold=140.80529785156253 5320895.5000000009 13439690.500000002 0.81589472293853771 1278.299987792969 11.949999809265138 11.759615421295168 15.354166507720949 0.76566964387893688 8.5000000000000018 10052930.500000002 14.500000000000002 649.50000000000011 5.0625000000000009 3211691.0000000005 3004.200073242188 10052930.500000002 60000.900390625007 1.0000000180025095e-35 1289243.5000000002 1.0000000180025095e-35 0.24999500066041949 35003.500000000007 1178.5000000000002 -0.08963459730148314 198800.00000000003 88.500000000000014 -0.33484849333763117 1.0000000180025095e-35 12.500000000000002
decision_type=2 2 2 2 2 2 2 2 2 2 2 2 2 2 2 2 2 2 2 2 2 2 2 2 2 2 2 2 2 2
left_child=1 6 3 4 9 -4 -1 16 13 10 -3 27 14 -2 15 -8 -6 24 -12 21 -7 22 -14 26 -13 28 -22 -11 29 -21
right_child=8 2 5 -5 7 20 12 -9 -10 11 18 17 19 -15 -16 -17 -18 -19 -20 25 23 -23 -24 -25 -26 -27 -28 -29 -30 -31
leaf_value=0.014225542461512034 0.025544159649242795 0.0032559591470040943 0.014225542461512034 0.014225542461512034 0.0092698108718040594 0.0067455943221502411 0.012356902100930205 0.0035040205385605087 0.033715452649415834 -0.11284062390533514 -0.0022416274195651785 -0.021696018428604764 -0.0080505464187679097 0.015157586177675356 0.0028161035740610872 -0.0085079770074576715 0.0063419017327687446 -0.066609753336684771 -0.039392017294862636 0.0020313636183798833 0.0064669431476440473 0.0088594107627122613 -0.053283638431279201 0.011708770843498726 -0.00034792508080390617 -0.023993548185771048 -0.07257951422242935 -0.018767969457232227 0.012356902100930205 0.010759505893796463
leaf_weight=39626.295407354832 4003.4399208575487 11219.610670953989 26637.894786715508 5743.8478944897652 21210.895964942873 23811.996886309236 4959.6625875234604 32920.284984711558 2005.4380698353052 24.105094075202942 11755.378987565637 617.6221392005682 213.79028513282537 15294.673637591302 11041.750678136945 833.61265078932047 12384.524611927569 76.450889524072409 221.04295200109482 3279.869432747364 8659.549704067409 566.19554402679205 204.95104091987014 14760.37058609724 7242.444401845336 192.06029650196433 37.722511895000935 1628.6661417633295 23648.854993365705 35106.756153218448
leaf_count=61292 3867 24554 41208 11858 37615 60907 11767 120596 1781 101 36476 1442 714 20532 34366 3033 27469 528 751 6071 24646 1889 1026 28895 32456 724 204 4861 45498 85951
internal_value=0.0101613 0.00953677 0.00776432 0.00503442 0.00431408 0.0116441 0.012187 0.0063709 0.0189143 0.000141022 0.00255898 -0.00570721 0.0104883 0.0173729 0.00611376 0.0123569 0.00917978 -0.0026692 -0.00293376 0.0116531 0.009192 -0.00554041 -0.0249605 0.0116746 -0.00203049 0.0119254 0.00610749 -0.0202747 0.0120374 0.0100139
internal_weight=319930 298626 178952 105045 99301 73907.5 119674 66515.7 21303.6 32785.3 23196 9589.29 80047.5 19298.1 16835 5793.28 33595.4 7936.52 11976.4 63212.5 47269.6 984.937 418.741 23457.6 7860.07 62227.5 8697.27 1652.77 62035.5 38386.6
internal_count=733078 706898 454567 298707 286849 155860 252331 185680 26180 101169 61781 39388 191039 24399 49166 14800 65084 34426 37227 141873 114652 3629 1740 53745 33898 138244 24850 4962 137520 92022
is_linear=0
shrinkage=0.05


Tree=46
num_leaves=31
num_cat=0
split_feature=52 24 22 25 37 37 22 18 14 50 48 48 26 53 25 25 14 37 18 24 36 26 37 37 37 26 21 37 17 18
split_gain=690.268 407.252 750.448 321.415 299.737 259.095 252.921 415.913 211.137 197.429 182.203 168.882 159.786 157.091 156.632 134.178 133.972 120.121 116.82 116.659 113.215 101.743 156.951 120.351 188.911 138.333 113.526 107.04 94.5702 93.0212
threshold=4.9134199619293222 1.0000000180025095e-35 13897643.000000002 0.73922109603881847 925.00000000000011 3841.849975585938 3910147.0000000005 32820.000000000007 302.39999389648443 -0.053241055458784096 21.774999618530277 17.408332824707035 67.500000000000014 0.48819473385810858 0.076942957937717452 0.58010751008987438 236.3999938964844 8882.4497070312518 159699.00000000003 3211691.0000000005 2.5000000000000004 14.500000000000002 6472.3000488281259 4455.6999511718759 4217.3498535156259 8.5000000000000018 5320895.5000000009 7451.5998535156259 0.17606624960899356 197024.50000000003
decision_type=2 2 2 2 2 2 2 2 2 2 2 2 2 2 2 2 2 2 2 2 2 2 2 2 2 2 2 2 2 2
left_child=1 3 10 4 6 11 7 -1 -4 -8 -3 -6 15 -2 -11 17 -12 21 -13 -10 -15 22 23 24 -7 -26 -24 -28 -21 -9
right_child=13 2 8 -5 5 12 9 29 19 14 16 18 -14 20 -16 -17 -18 -19 -20 28 -22 -23 26 -25 25 -27 27 -29 -30 -31
leaf_value=0.009770907584537027 0.013051669239817898 0.013051669239817898 0.0016035053430944824 0.013051669239817898 0.009770907584537027 -0.0049833696698825328 -0.08744101581870399 -0.0016975575654090951 0.013051669239817898 -0.0080194467666898778 0.0038749102558785949 0.0063677729215006196 0.009770907584537027 0.018006510323532877 0.009770907584537027 0.009770907584537027 0.010693612894687576 -0.016054241469443495 -0.025648638646147744 0.0054266401060153067 0.027856274719296775 0.0029347161889060982 -0.098883755021661857 0.0049962397096048917 0.0053467594993068177 -0.077783663361781677 -0.06050426675922365 0.0053467594993068177 0.013051669239817898 -0.080985533862012155
leaf_weight=12304.475504770875 10728.184889033437 66323.341136589646 19365.917871639132 17306.744593378156 49174.141818240285 647.25621081888676 72.027083516120911 12466.839420422912 4686.6682896241546 6214.9579437337816 9825.4433776885271 33390.097663290799 3647.2368207164109 13361.418904289603 681.59788918495178 3252.9564275592566 12071.046656295657 995.70154179632664 285.43792475759983 15946.676861830056 3743.8561022877693 19724.848627530038 64.382552191615105 1604.7147659361362 28.002218872308731 175.03714825212955 111.40844762325287 133.27594283223152 1175.1527516320348 35.103239759802818
leaf_count=25665 16056 108796 63708 35263 96812 1472 304 30857 9932 25513 29104 110429 9624 15681 1622 8484 27054 4582 1229 40350 3663 58987 259 3335 23 654 406 312 2345 159
internal_value=0.00964899 0.00893104 0.0110235 0.00726283 0.00649015 0.00769433 0.00219868 0.00456299 0.00540333 -0.00621658 0.0130517 0.00914274 0.00374462 0.0171723 -0.00534318 0.00227319 0.00833556 0.000922611 0.00609489 0.0087771 0.0201653 0.00167563 -0.00730505 -0.0030629 -0.0182485 -0.0600744 -0.0407654 -0.0247952 0.00670152 -0.0019331
internal_weight=319544 291710 129394 162316 145009 113234 31775 24806.4 41174.4 6968.58 88219.8 82849.7 30384.8 27833.5 6896.56 26737.6 21896.5 23484.6 33675.5 21808.5 17105.3 22488.9 2764.08 2455.01 850.296 203.039 309.067 244.684 17121.8 12501.9
internal_count=732680 697280 281289 415991 380728 296608 84120 56681 116335 27439 164954 208470 88138 35400 27135 78514 56158 70030 111658 52627 19344 65448 6461 5484 2149 677 977 718 42695 31016
is_linear=0
shrinkage=0.05


Tree=47
num_leaves=31
num_cat=0
split_feature=50 7 14 48 15 41 25 45 4 0 16 15 22 16 48 50 15 14 26 41 17 17 48 26 22 15 50 36 7 15
split_gain=649.32 368.055 476.771 114.467 109.351 112.546 93.8164 92.2289 146.088 106.373 85.7865 84.274 70.1122 80.0481 65.8237 65.1137 80.4348 62.8083 56.0466 47.4671 45.3821 43.1308 40.6951 39.1993 34.8832 31.5753 31.235 30.6415 37.1251 25.2086
threshold=0.080915343016386046 21.500000000000004 236.3999938964844 5.9166667461395273 14673.199707031252 19511.900390625004 0.44452822208404547 -0.33484849333763117 0.020942983217537407 1.0000000180025095e-35 0.15505523979663852 4217.3498535156259 1885909.0000000002 0.0088496347889304178 20.708333015441898 -0.010719696991145609 2859.5500488281255 6356.8999023437509 43.500000000000007 1984.299987792969 0.019163874909281734 0.31179091334342962 15.436508178710939 43.500000000000007 13897643.000000002 3509.650024414063 0.055895024910569198 2.5000000000000004 12.500000000000002 2549.5500488281255
decision_type=2 2 2 2 2 2 2 2 2 2 2 2 2 2 2 2 2 2 2 2 2 2 2 2 2 2 2 2 2 2
left_child=1 2 6 27 7 -6 -1 8 14 12 23 -4 19 18 15 16 -3 20 -14 -9 -10 26 -21 25 -23 -5 -7 29 -29 -2
right_child=3 4 11 10 5 21 -8 9 17 -11 -12 -13 13 -15 -16 -17 -18 -19 -20 22 -22 24 -24 -25 -26 -27 -28 28 -30 -31
leaf_value=0.0089366916145114071 0.027186095439867448 -0.020688793111256244 0.013167559609640179 0.01662793449427789 0.0089366916145114071 -0.063077940465669585 0.011052125612075792 0.0078448847626202984 -0.009497536346227459 0.0089366916145114071 0.019921845584301105 0.011052125612075792 0.0065529298285541661 0.0078448847626202984 -0.074448000001411677 -0.009497536346227459 -0.045705136661148719 0.0047750745998055124 0.0047750745998055124 0.0078448847626202984 0.0007532188182311308 -0.026503862682530521 0.0047750745998055124 0.013167559609640179 0.0089366916145114071 0.013167559609640179 -0.026503862682530521 0.04040550685508424 0.020466584499192076 0.020466584499192076
leaf_weight=64051.641816437244 1841.0582515597343 222.31332457065582 56650.997927978635 5792.6414680331945 77.773950457572937 159.52792863547802 15805.304785296321 6306.1083006151021 842.18374685198069 24904.660947315395 8053.413461253047 14003.005979418755 22044.409052968025 21914.353327274323 53.733952894806862 116.20450481772423 156.2323844730854 4919.5012865960598 8454.7578775547445 5176.6001943945885 1682.0750251412392 21.515506207942963 48024.329353105277 5728.2797071859241 20.228261098265648 1339.5238679051399 8.859340772032736 594.95952096581459 190.02831934392452 1427.4443899542093
leaf_count=134694 1776 609 87425 7135 324 961 28117 19720 2259 53641 10682 24536 70725 54451 248 213 615 9756 32993 11619 3638 170 163305 9269 30 1948 6 390 230 1636
internal_value=0.0096231 0.00896902 0.0107014 0.0173661 0.007172 -0.0235113 0.00893669 0.00723332 0.00201187 0.00753828 0.0158725 0.0131676 0.00675308 0.00784488 -0.0228441 -0.0169623 -0.03188 0.00384899 0.00526097 0.00556685 -0.00326864 -0.0436562 0.00500986 0.013334 0.00180818 0.0166279 -0.0548159 0.0250607 0.0339783 0.0228995
internal_weight=320584 295616 150511 24967.3 145105 287.905 79856.9 144817 7992.24 136825 20913.9 70654 111921 52413.5 548.484 494.75 378.546 7443.76 30499.2 59507 2524.26 210.131 53200.9 12860.4 41.7438 7132.17 168.387 4053.49 784.988 3268.5
internal_count=733121 700055 274772 33066 425283 1491 162811 423792 17338 406454 29034 111961 352813 158169 1685 1437 1224 15653 103718 194644 5897 1167 174924 18352 200 9083 967 4032 620 3412
is_linear=0
shrinkage=0.05


Tree=48
num_leaves=31
num_cat=0
split_feature=27 21 21 15 48 25 48 7 22 21 16 15 22 18 21 26 21 7 26 48 6 50 50 22 45 15 50 53 22 17
split_gain=679.186 490.357 499.657 434.773 278.686 265.611 237.448 221.761 192.623 144.224 191.319 165.866 137.903 137.536 131.818 153.722 128.132 132.697 127.836 162.186 122.899 152.748 116.181 109.351 133.159 105.107 100.209 106.678 224.286 99.5616
threshold=7.0738499164581308 5320895.5000000009 13439690.500000002 1422.6499633789065 21.816666603088382 0.29132147133350378 9.3452377319335955 21.500000000000004 1885909.0000000002 10052930.500000002 0.17454272508621219 6295.5500488281259 8681399.0000000019 27670.000000000004 10052930.500000002 43.500000000000007 10052930.500000002 21.500000000000004 43.500000000000007 19.535714149475101 -0.1489271596074104 -0.0021793566411361094 -0.053241055458784096 8681399.0000000019 -3.7897727489471431 1266.5000000000002 -0.075058858841657625 0.088091071695089354 13897643.000000002 0.10243973508477212
decision_type=2 2 2 2 2 2 2 2 2 2 2 2 2 2 2 2 2 2 2 2 2 2 2 2 2 2 2 2 2 2
left_child=1 4 3 5 12 14 -5 -4 13 18 11 20 -1 -7 15 23 17 -2 -8 -20 21 -11 -16 -3 -25 -6 -17 28 -28 -12
right_child=16 2 7 6 25 8 9 -9 -10 10 29 -13 -14 -15 22 26 -18 -19 19 -21 -22 -23 -24 24 -26 -27 27 -29 -30 -31
leaf_value=0.013327188383926379 0.024060132581564978 0.0019271298694062589 0.012687187284120155 0.013451367120704719 0.0024169603032718101 0.0097524374794556619 0.0096485960736788536 0.0072092471596334855 0.013451367120704719 -0.041028178201916163 0.0038896118922565506 -0.030008451525328984 0.0095850380582933447 0.0019271298694062589 -0.049429642043411326 -0.064103347056981022 0.013451367120704719 0.013451367120704719 0.0075075562577737358 -0.0031861385453139089 0.001458605623746397 -0.0086469457436843689 -0.0065104510533645814 -0.10076946415234433 -0.0050836870866668854 0.0087446953654042349 -0.03674024593965141 0.00062027314638449509 0.0019271298694062589 0.0096485960736788536
leaf_weight=72739.140114627779 9793.3859851360321 8720.9844467416406 37200.051587447524 8415.6677763015032 9389.9435048028827 5808.5141382813454 17579.981645781547 36726.484618704766 2001.8188535943627 439.63963852822781 3560.0252658650279 460.13746543228626 16694.906017497182 3864.4495584890246 158.39677719771862 84.793276369571686 6063.1804645806551 2032.1407500505447 14330.92902103439 4709.8389908522367 14352.692945882678 352.10727120935917 9504.3399247229099 34.662396758794785 4510.2543188482523 21807.834633082151 573.91847496852279 1256.596326559782 543.00817141309381 6734.7798756733537
leaf_count=125558 10043 20441 59451 12190 32920 13100 42058 96790 4069 1331 11163 2263 35709 11258 511 292 7804 3024 33767 20278 47267 645 35810 142 16414 59594 3039 3428 3805 18936
internal_value=0.00899799 0.00843815 0.00679889 0.00463078 0.0109102 0.000241759 0.00692383 0.00996603 0.00648294 0.00584583 0.00298989 -0.000500746 0.0123296 0.00303901 -0.00262868 0.000195824 0.0184646 0.0215217 0.00786536 0.00486236 0.000399638 -0.0187525 -0.00722409 0.00192713 -0.00585745 0.00684044 -0.0113154 -0.00937714 -0.0206057 0.00827997
internal_weight=320445 302556 181924 107998 120632 37061.7 70935.8 73926.5 11674.8 62520.1 25899.4 15604.6 89434 9672.96 25387 15724.2 17888.7 11825.5 36620.7 19040.8 15144.4 791.747 9662.74 13265.9 4544.92 31197.8 2458.32 2373.52 1116.93 10294.8
internal_count=733100 712229 458448 302207 253781 112309 189898 156241 28427 177708 81605 51506 161267 24358 83882 47561 20871 13067 96103 54045 49243 1976 36321 36997 16556 92514 10564 10272 6844 30099
is_linear=0
shrinkage=0.05


Tree=49
num_leaves=31
num_cat=0
split_feature=24 49 22 24 21 21 14 7 48 48 21 15 17 21 22 24 24 51 18 36 6 48 18 44 15 41 21 14 15 45
split_gain=582.227 572.484 371.079 637.899 283.382 293.175 315.853 280.654 209.148 202.659 149.641 146.964 141.864 127.019 125.882 125.119 187.736 144.676 124.893 117.575 143.956 114.683 111.632 105.16 102.46 96.1792 95.5677 93.7196 103.256 91.3017
threshold=7714069.5000000009 0.073747340589761748 13897643.000000002 1.0000000180025095e-35 10052930.500000002 12130922.500000002 3477.650024414063 21.500000000000004 5.9166667461395273 17.408332824707035 5320895.5000000009 3429.7500000000005 0.046874064952135093 13439690.500000002 13897643.000000002 1.0000000180025095e-35 3211691.0000000005 -0.042594997212290757 37980.000000000007 1.5000000000000002 -0.01238109730184078 21.944444656372074 36009.800781250007 -0.39069265127182001 3752.700073242188 3036.9499511718755 15089427.500000002 14948.750000000002 6383.8500976562509 -1.0886363983154295
decision_type=2 2 2 2 2 2 2 2 2 2 2 2 2 2 2 2 2 2 2 2 2 2 2 2 2 2 2 2 2 2
left_child=1 2 3 4 7 6 11 -1 -3 18 -10 29 15 -12 19 22 -17 -18 -7 -2 -21 -19 -4 -11 -8 -23 -25 28 -16 -6
right_child=14 8 12 -5 5 9 24 -9 10 23 13 -13 -14 -15 27 16 17 21 -20 20 -22 25 -24 26 -26 -27 -28 -29 -30 -31
leaf_value=0.01053363817129226 0.019916265612926726 0.021953979137985764 -0.0073621684222393491 0.01053363817129226 -0.036109979466132827 0.01053363817129226 0.0090617743932004599 0.0055171925586050387 0.016575935856197238 -0.084798513679220366 0.01053363817129226 -0.075213816266290701 0.0082154045475119879 0.01706343020475774 0.0091261648088554418 0.0047194053783252733 -0.017572405799000906 0.0023104940263041752 0.0060813510211164025 -0.011252582626472859 0.037778178379002672 -0.0022031957941618238 -0.048569979117523941 0.0060813510211164025 0.0014204669771167634 -0.0087811978621275995 -0.00010648021944624871 0.048879268577724226 -0.091908710961421808 -0.0032969645629647793
leaf_weight=35325.112441897392 5353.8092586398125 6444.0002020746469 1609.8791658654809 78361.279847204685 212.57772459089756 11501.83785931766 9245.7226730883121 45693.106319654733 12907.403428770602 32.755282029509544 15399.438059866428 70.111394435167313 9590.1426233649254 7785.3571249395609 2183.7175236269832 8211.0518035963178 1246.866866722703 13803.701387494802 9905.674379132688 161.51891447603703 1914.2379245758057 3294.2979888990521 181.20567156374454 1435.1419780701399 8347.8244301341474 1425.0201299861073 10818.845468942076 147.57533626258373 23.596689999103546 17790.106488298625
leaf_count=60042 8144 6809 7022 149306 597 19245 28264 136481 17649 133 26323 346 22811 10617 5173 21507 3131 36125 19797 314 2470 20083 802 4002 27697 5714 33958 185 101 58148
internal_value=0.0086451 0.00826673 0.00741165 0.0081833 0.00617373 0.00382772 0.00066808 0.00818203 0.0136556 0.00717206 0.0121729 -0.00397416 0.00292726 0.0105336 0.0206536 0.00122341 0.00204378 -0.00110056 0.0101096 0.0238469 0.0339558 1.00101e-05 -0.0115807 0.00205312 0.00543668 -0.00671689 0.00229908 0.0105672 0.00796386 -0.00368839
internal_weight=320423 310638 268102 228740 150379 69360.6 35666.3 81018.2 42536.2 33694.3 36092.2 18072.8 39362.2 23184.8 9784.46 29772 27980.9 19769.9 21407.5 7429.57 2075.76 18523 1791.08 12286.7 17593.5 4719.32 12254 2354.89 2207.31 18002.7
internal_count=732996 716609 655211 538016 388710 192187 115052 196523 61398 77135 54589 59091 117195 36940 16387 94384 86560 65053 39042 10928 2784 61922 7824 38093 55961 25797 37960 5459 5274 58745
is_linear=0
shrinkage=0.05


Tree=50
num_leaves=31
num_cat=0
split_feature=52 22 24 21 41 21 21 7 6 14 21 50 16 24 24 16 7 51 21 51 1 16 15 7 13 44 24 15 41 24
split_gain=593.625 393.558 631.618 218.174 185.103 183.017 158.278 263.711 149.576 147.914 161.792 144.319 142.572 126.325 233.129 236.79 228.159 122.39 114.544 125.793 108.434 105.382 101.083 99.0521 93.1353 108.03 89.0051 87.3531 132.081 84.1169
threshold=4.9134199619293222 13897643.000000002 1.0000000180025095e-35 5320895.5000000009 23619.399414062504 12130922.500000002 10052930.500000002 12.500000000000002 -0.1489271596074104 302.39999389648443 5320895.5000000009 0.049307929351925857 0.19123911857604983 3211691.0000000005 7714069.5000000009 0.0088496347889304178 21.500000000000004 -0.022935748100280758 1289243.5000000002 -0.057110104709863656 1.6085714101791384 0.22869895398616794 925.00000000000011 21.500000000000004 3.5000000000000004 -0.0036038961261510845 1.0000000180025095e-35 3841.849975585938 3442.299926757813 3211691.0000000005
decision_type=2 2 2 2 2 2 2 2 2 2 2 2 2 2 2 2 2 2 2 2 2 2 2 2 2 2 2 2 2 2
left_child=1 2 3 4 18 6 7 -5 20 10 -3 -2 -10 -4 15 16 -15 29 19 -1 -8 -6 -9 -20 -23 -26 -19 28 -18 -12
right_child=11 9 13 5 21 -7 8 22 12 -11 17 -13 -14 14 -16 -17 27 26 23 -21 -22 24 -24 -25 25 -27 -28 -29 -30 -31
leaf_value=-0.11461720696412513 0.011151218340730632 0.0027763063148193655 0.011151218340730632 0.011151218340730632 -0.059115843749620228 0.0077461662433896961 -0.059319935905864443 -0.02032854119994151 -6.5232923299021102e-05 0.0056816488518607921 -0.012778853626925905 0.018168080726707163 0.0074115860145270735 0.0079556071415553386 0.011151218340730632 0.011151218340730632 1.3283972132138573e-05 -0.012778853626925905 0.011151218340730632 -0.0048865097218901343 -0.011474128870937815 -0.032784569318926308 0.0028140648449734213 0.0075539603037069417 -0.015525725918189019 0.011151218340730632 -0.0011239406016440188 0.0039902182945077119 -0.014973519600929989 -0.035625382920458269
leaf_weight=24.877579510211945 11769.446460574865 10482.682151064277 24790.260785803199 12464.232351124287 102.89414812624454 35803.849113371223 137.94549356400967 482.25778110325336 28039.023931156844 23190.253562822938 322.21042309701443 15573.545867547393 8250.4408679194748 21721.13063006103 7025.7057596445084 19170.027289241552 11116.625930741429 1216.8626649826765 22349.940221607685 935.57834788411856 780.98891013860703 228.07950732111931 18424.254114665091 31154.491154067218 247.27688701450825 539.91457759588957 8167.5265986323357 2228.2722157537937 1692.2047737836838 561.92044615745544
leaf_count=107 16900 31129 41867 22684 466 80389 548 2410 91578 57644 836 18465 24186 37385 10499 34571 31992 5809 35237 3170 1877 1045 59229 79636 681 1507 29857 4478 4180 2076
internal_value=0.0079593 0.00729877 0.00807236 0.00619627 0.00872679 0.00484865 0.00333573 0.00595165 0.00113003 0.00293769 -0.000129036 0.0150037 0.00163494 0.0111512 0.00887468 0.00711902 0.00476 -0.00473638 0.00914032 -0.00796101 -0.0187697 -0.0113962 0.00222167 0.00944759 -0.00645329 0.00173312 -0.00305845 2.48294e-05 -0.00196869 -0.0224993
internal_weight=318995 291652 247710 159966 55583.1 104383 68579.1 31370.7 37208.4 43941.5 20751.2 27343 36289.5 87744.2 62954 55928.3 36758.2 10268.5 54464.9 960.456 918.934 1118.17 18906.5 53504.4 1015.27 787.191 9384.39 15037.1 12808.8 884.131
internal_count=732438 697073 569722 404750 121849 282901 202512 84323 118189 127351 69707 35365 115764 164972 123105 112606 78035 38578 118150 3277 2425 3699 61639 114873 3233 2188 35666 40650 36172 2912
is_linear=0
shrinkage=0.05


Tree=51
num_leaves=31
num_cat=0
split_feature=24 49 24 22 24 15 25 14 48 22 16 18 36 50 6 26 14 22 25 26 16 15 6 15 16 18 41 14 15 26
split_gain=609.53 577.954 373.254 504.385 246.135 233.408 205.448 183.379 181.718 151.082 186.05 166.564 140.223 137.973 123.512 128.726 159.955 123.322 114.428 109.278 106.398 103.554 100.829 90.6432 84.369 77.9695 109.989 77.1356 104.59 89.4768
threshold=7714069.5000000009 0.073747340589761748 1.0000000180025095e-35 8681399.0000000019 3211691.0000000005 6472.3000488281259 0.79145896434783947 7627.6999511718759 9.3452377319335955 13897643.000000002 0.13544274121522906 27005.600585937504 3.5000000000000004 -0.0021517698187381025 0.00054655488929711293 60.500000000000007 6307.8999023437509 13897643.000000002 0.47834612429142004 21.500000000000004 0.069034643471241011 4924.1501464843759 -0.19939299672842023 8165.0000000000009 0.25980216264724737 52059.400390625007 4698.2500000000009 10020.699707031252 8882.4497070312518 82.500000000000014
decision_type=2 2 2 2 2 2 2 2 2 2 2 2 2 2 2 2 2 2 2 2 2 2 2 2 2 2 2 2 2 2
left_child=1 2 5 -4 -5 6 9 19 12 14 11 -11 -3 -9 15 -1 22 20 27 -7 -2 -18 -17 -19 -10 -24 -27 28 29 -6
right_child=17 8 3 4 18 7 -8 13 24 10 -12 -13 -14 -15 -16 16 21 23 -20 -21 -22 -23 25 -25 -26 26 -28 -29 -30 -31
leaf_value=0.0048877144446601321 0.02064119500370093 0.015344016348087583 0.0096708217527128292 0.0096708217527128292 -0.0008123069549428024 -0.059816491097812612 0.0096708217527128292 -0.015195048453880569 0.0096708217527128292 -0.0089123215674423561 0.0071716907409698147 -0.047406534733794345 0.030091347312116708 0.0029346903738271921 0.0071716907409698147 -0.089666591788591377 0.0035699373623973838 0.008249172694553988 0.0096708217527128292 -0.016797548546570996 0.037555481061988437 -0.0060151203318454562 -0.0060151203318454562 0.064912763786840341 0.013649617749422738 -0.017862430285987271 -0.050882938027471951 0.0048147520169019168 -0.084857013302346393 -0.03128214969615338
leaf_weight=107322.11580397934 6471.2159246355295 14101.594244062901 77207.858743801713 10450.654986433685 19859.43316950649 202.53366892039776 11963.287105329335 830.84548413008451 20336.951446287334 1493.4102209657431 627.80291445553303 344.57881940156221 1821.2781400233507 3362.1375698298216 11945.903290137649 40.953250139951706 10878.809999719262 2297.1999562904239 3307.9770877286792 540.15578415989876 1088.7701997756958 1007.2478825971484 1347.0195551663637 70.87898626178503 5971.5750491321087 205.41784641891718 259.49730508029461 4007.5725104883313 35.415424734354019 241.90250186249614
leaf_count=280024 9782 17014 147156 25881 64082 722 23878 2384 33463 6684 1701 1493 1647 12718 20799 176 34556 5346 7558 2228 1256 3915 5464 103 9118 974 1250 9980 151 1353
internal_value=0.00777308 0.00738206 0.00652373 0.00867268 0.00364612 0.0049002 0.00525827 -0.00579365 0.0128179 0.00467256 -0.00758653 -0.0161727 0.0170344 -0.00173201 0.00489994 0.00430437 -0.00025249 0.0199673 0.00115415 -0.0286581 0.0230864 0.0018783 -0.0139085 0.00999852 0.0102648 -0.0120993 -0.0297097 -4.13177e-05 -0.00133764 -0.00118206
internal_weight=319642 309714 267483 115111 37903 152372 147436 4935.67 42231.4 135473 2465.79 1837.99 15922.9 4192.98 133007 121061 13738.9 9928.07 27452.3 742.689 7559.99 11886.1 1852.89 2368.08 26308.5 1811.93 464.915 24144.3 20136.8 20101.3
internal_count=732856 716369 655127 256161 109005 398966 380914 18052 61242 357036 9878 8177 18661 15102 347158 326359 46335 16487 83124 2950 11038 38471 7864 5449 42581 7688 2224 75566 65586 65435
is_linear=0
shrinkage=0.05


Tree=52
num_leaves=31
num_cat=0
split_feature=50 22 24 18 21 17 15 30 14 24 48 24 15 24 18 14 26 21 15 17 26 24 30 44 51 16 21 24 26 21
split_gain=603.13 387.245 707.698 213.367 253.875 226.548 176.831 144.551 144.178 212.747 199.63 138.872 160.456 154.993 126.056 125.557 164.444 119.393 112.838 112.444 111.981 100.209 103.844 140.639 92.228 91.9847 96.0818 83.6945 109.897 218.649
threshold=0.076757155358791365 13897643.000000002 1.0000000180025095e-35 25605.900390625004 10052930.500000002 0.0016722595319151881 3963.2500000000005 18.726327896118168 1415.850036621094 3211691.0000000005 11.759615421295168 3211691.0000000005 2902.2500000000005 1.0000000180025095e-35 197024.50000000003 8393.3002929687518 43.500000000000007 5320895.5000000009 2829.650024414063 0.10162166878581048 42.500000000000007 7714069.5000000009 1.4948433637619021 -0.11338384076952933 -0.12496481835842131 0.26587124168872839 5320895.5000000009 7714069.5000000009 43.500000000000007 5320895.5000000009
decision_type=2 2 2 2 2 2 2 2 2 2 2 2 2 2 2 2 2 2 2 2 2 2 2 2 2 2 2 2 2 2
left_child=1 2 3 4 20 14 -7 -2 9 -4 -11 13 15 19 -5 16 17 18 -13 -3 -1 22 23 -19 -18 26 -9 28 -12 -30
right_child=7 11 8 5 -6 6 -8 25 -10 10 27 12 -14 -15 -16 -17 24 21 -20 -21 -22 -23 -24 -25 -26 -27 -28 -29 29 -31
leaf_value=0.010791292199630625 0.010791292199630625 -0.0082539198905377514 0.009403071552674766 -0.00092126940501346347 0.0062805485641875686 0.0062805485641875686 0.0020438997661664233 0.020751075450445463 0.010791292199630625 0.0084131761211589436 0.0011055703444125653 0.0039900251563413239 0.0059005721531174924 0.0094857404377157502 -0.083038935235329653 0.010791292199630625 -0.090374844306088456 -0.095138904169220204 -0.08867647904831466 0.010791292199630625 0.0062805485641875686 0.0039900251563413239 0.0039900251563413239 -0.0087174230696812974 -0.010580941072066264 0.025581440798639561 0.01432086427460485 0.0044810012938011675 0.001115728253240742 -0.027949232132617033
leaf_weight=17209.409881830215 9694.0807598978281 2421.7134126126766 14981.109881132841 16098.928008913994 27140.823800966144 70444.47567666322 24378.880113128573 4890.3055884689093 41017.131066918373 18873.691099688411 9852.057512357831 7908.8374437242746 9689.5311935320497 10553.508812390268 44.870066318660975 1077.6129525899887 34.550187766551971 45.466488674283028 30.860834375023842 475.56875870376825 5788.1372674778104 829.57513128221035 490.65049400925636 6098.2821589410305 4449.482349473983 3084.6120542287827 7491.9962935000658 1528.7116980701685 1654.0390771776438 1060.706490278244
leaf_count=30656 15465 9868 27020 37038 72041 179105 71262 5368 69125 32072 25569 21013 23007 25922 201 2269 124 192 129 1191 15765 1897 736 21436 19465 3222 9916 3042 4561 4319
internal_value=0.00739411 0.00675853 0.00752039 0.00553865 0.00824569 0.00431541 0.00524756 0.0148241 0.0107913 0.00801485 0.00505112 0.00243879 0.00058019 0.00667391 -0.00115977 -0.00187906 -0.00281124 -0.000357705 0.00390989 -0.00356783 0.0107913 -0.00489713 -0.00726204 -0.00938773 -0.0112358 0.0178504 0.0159207 0.000548826 -0.00134936 -0.0102528
internal_weight=319340 294179 250073 161106 50138.4 110967 94823.4 25161 88967.4 47950.3 32969.2 44105.6 30654.8 13450.8 16143.8 20965.3 19887.7 15403.7 7939.7 2897.28 22997.5 7463.97 6634.4 6143.75 4484.03 15466.9 12382.3 14095.5 12566.8 2714.75
internal_count=732996 699025 571776 406068 118462 287606 250367 33971 165708 96583 69563 127249 90268 36981 37239 67261 64992 45403 21142 11059 46421 24261 22364 21628 19589 18506 15284 37491 34449 8880
is_linear=0
shrinkage=0.05


Tree=53
num_leaves=31
num_cat=0
split_feature=48 15 53 15 24 18 24 24 22 24 24 25 26 4 18 26 46 53 18 53 18 26 16 46 51 15 41 41 48 44
split_gain=600.331 800.635 974.156 334.108 251.494 209.716 211.535 209.764 192.068 221.611 182.983 168.08 133.266 128.963 118.371 111.244 108.823 117.586 94.3183 89.2246 79.4031 71.8352 71.1068 68.9031 70.09 67.5759 70.8422 89.478 82.7392 72.4237
threshold=11.949999809265138 1.0000000180025095e-35 0.083918049931526198 119.1999969482422 1.0000000180025095e-35 52059.400390625007 3211691.0000000005 7714069.5000000009 13897643.000000002 1.0000000180025095e-35 1.0000000180025095e-35 0.79145896434783947 43.500000000000007 0.29587541520595556 5401.1999511718759 12.500000000000002 0.33426006138324743 0.20701967924833301 7420.0000000000009 0.13646202534437182 39440.000000000007 21.500000000000004 0.21224333345890048 0.058216677978634841 -0.0065452791750431052 925.00000000000011 2148.299926757813 2590.099975585938 15.354166507720949 -1.0000000180025095e-35
decision_type=2 2 2 2 2 2 2 2 2 2 2 2 2 2 2 2 2 2 2 2 2 2 2 2 2 2 2 2 2 2
left_child=1 11 10 5 18 6 15 12 9 13 14 -1 23 22 -3 -2 17 -11 -5 25 -17 -7 -4 24 -8 -20 -27 -28 -29 -30
right_child=3 2 8 4 -6 21 7 -9 -10 16 -12 -13 -14 -15 -16 20 -18 -19 19 -21 -22 -23 -24 -25 -26 26 27 28 29 -31
leaf_value=0.0074432720157438436 -0.0053224087792528504 0.043591312454436773 0.0074882601295643732 0.0074432720157438436 0.0074432720157438436 -0.092767754011734968 -0.015699892657288415 0.0074432720157438436 0.0074432720157438436 0.017191342860030181 0.038619097564046218 0.018232243403564025 -0.011095081748583611 0.019957119434401555 0.016454859629926537 0.0074432720157438436 0.022022273755784073 0.0074432720157438436 -0.01035634839933678 0.0057745360281629028 -0.015699892657288415 -0.025998144535282215 0.013736061202289668 0.0074432720157438436 -0.0016164322635276473 0.0057745360281629028 -0.0034711278235738303 0.0057745360281629028 -0.0042542477648662425 0.0028070909106641694
leaf_weight=61569.694342553616 1781.7916325777769 497.19422824680805 15701.031217709184 8403.5969777368009 54561.235533609986 42.980632528662682 472.26709301769733 2098.21232778579 6516.3212828040123 1328.2547683566809 4205.0669533759356 4924.2823123931885 4833.7219607643783 3259.2053356021643 2093.1604534983635 9391.190703202039 8514.5174972563982 3117.4830968379974 891.43628558516502 19406.988442182541 358.21154718101025 431.49593556299806 6421.0301783829927 846.07080690562725 11746.456803023815 8264.0363249033689 5123.8781470581889 21535.607906013727 3938.2745010629296 46319.405196972191
leaf_count=129633 4338 504 23689 20841 111647 175 1288 4934 10669 1551 3997 7364 20784 3442 3006 29570 9203 4862 3215 35940 1618 2183 8725 1409 39696 20512 14547 43793 11429 157970
internal_value=0.00686294 0.00969001 0.0145353 0.00519653 0.00608629 0.000513205 0.00101071 -0.00209935 0.0118617 0.0133902 0.0321753 0.00744327 -0.00400388 0.0106724 0.0216931 0.00640343 0.0187104 0.0123604 0.0045718 0.0041058 0.00744327 -0.0324105 0.00930279 -0.00137898 -0.00242208 0.00332407 0.00346747 0.00291137 0.00336697 0.00225361
internal_weight=318594 118147 51653.3 200447 168444 32002.4 31527.9 19996.7 44857.8 38341.5 6795.42 66494 17898.5 25381.3 2590.35 11531.2 12960.3 4445.74 113883 105480 9749.4 474.477 22122.1 13064.8 12218.7 86072.6 85181.2 76917.2 71793.3 50257.7
internal_count=732534 206645 69648 525889 419894 105995 103637 68111 62141 51472 7507 136997 63177 35856 3510 35526 15616 6413 308247 287406 31188 2358 32414 42393 40984 251466 248251 227739 213192 169399
is_linear=0
shrinkage=0.05


Tree=54
num_leaves=31
num_cat=0
split_feature=24 49 48 24 22 26 16 18 17 22 7 53 15 14 15 53 6 30 15 14 41 22 15 22 41 14 15 22 14 18
split_gain=623.026 468.045 292.095 232.435 312.108 225.768 218.924 148.884 135.484 135.347 90.2587 89.716 80.9058 74.4533 103.485 68.9215 131.326 78.1269 49.6847 118.624 79.0296 49.3444 49.2489 49.7398 47.2077 76.2364 68.1823 64.3096 95.6233 67.4438
threshold=7714069.5000000009 0.073747340589761748 21.774999618530277 1.0000000180025095e-35 13897643.000000002 43.500000000000007 0.26265300810337072 39610.000000000007 0.051367949694395072 1885909.0000000002 21.500000000000004 0.68233120441436779 10925.649902343752 1682.049987792969 1508.4500122070315 0.19107742607593539 -0.013718165922909973 27.707532882690433 8882.4497070312518 12933.799804687502 11013.000000000002 8681399.0000000019 2557.4499511718755 13897643.000000002 10225.699707031252 6270.1499023437509 3088.0500488281255 13897643.000000002 13118.700195312502 60000.900390625007
decision_type=2 2 2 2 2 2 2 2 2 2 2 2 2 2 2 2 2 2 2 2 2 2 2 2 2 2 2 2 2 2
left_child=1 2 3 7 -5 18 11 9 12 10 -1 -3 24 14 -2 16 -8 -17 -4 20 -20 -13 -10 -24 25 26 -7 29 -29 -26
right_child=13 6 5 4 -6 8 15 -9 22 -11 -12 21 -14 -15 -16 17 -18 -19 19 -21 -22 -23 23 -25 27 -27 -28 28 -30 -31
leaf_value=0.0083923927977985879 0.016442006396710316 0.0083923927977985879 0.0046493831740435174 0.0083923927977985879 0.0046493831740435174 -0.0060969895828338339 0.013873331390409511 0.0046493831740435174 -0.001051961850869869 0.0059260697534031315 0.0059260697534031315 0.013873331390409511 -0.067927423216269003 0.025252788713691045 -0.071010618572973971 0.013873331390409511 0.041350171966168886 0.024760895739046523 -0.016070787313410814 0.0046493831740435174 -0.069883266988436429 0.0083923927977985879 0.0046493831740435174 -0.001051961850869869 -0.001051961850869869 -0.001051961850869869 -0.069101834881164698 -0.06851765196643507 -0.010070914546670126 -0.020617941346655691
leaf_weight=35781.976161405444 6704.8671921640635 24698.652441270649 42760.182028263807 56993.261415019631 27686.408228248358 8514.7157241813838 368.32052865624428 52677.674400743097 3731.7710994780064 9861.8140300512314 14001.027691565454 7071.5577211976051 48.252360038459301 3230.9320415109396 32.066746294498444 5301.4509809166193 820.38218724727631 2096.7539823502302 301.95126618817449 189.58035309240222 86.899415995925665 1178.8537633568048 9656.4181719645858 867.01494251191616 537.08895879238844 2681.0122487694025 41.178723245859146 116.6491801738739 172.64911456406116 557.00039698928595
leaf_count=63051 11726 39438 131864 95893 66736 37519 837 124326 13198 30359 35998 8229 296 4623 107 7705 1088 2075 1276 714 551 1730 35138 3182 1574 9250 206 589 799 2491
internal_value=0.00670446 0.00630723 0.00553976 0.00652692 0.00839239 0.00277184 0.011245 0.00503412 -0.000842684 0.00720276 0.00839239 0.00939087 -0.00460475 0.0190069 0.0160048 0.0183558 0.029538 0.0165516 0.00464938 -0.0103232 -0.0283927 0.0138733 0.00250083 0.00431417 -0.00435192 -0.00327757 -0.0064163 -0.0130612 -0.0339461 -0.00748702
internal_weight=318768 308800 267265 197002 84679.7 70262.4 41536 112322 26923.8 59644.8 49783 32949.1 12668.5 9967.87 6736.93 8586.91 1188.7 7398.2 43338.6 578.431 388.851 8250.41 14255.2 10523.4 12620.3 11236.9 8555.89 1383.39 289.298 1094.09
internal_count=732568 716112 655010 416363 162629 238647 61102 253734 104242 129408 99049 49397 52724 16456 11833 11705 1925 9780 134405 2541 1827 9959 51518 38320 52428 46975 37725 5453 1388 4065
is_linear=0
shrinkage=0.05


Tree=55
num_leaves=31
num_cat=0
split_feature=24 1 21 21 48 48 37 26 24 43 44 43 43 21 37 41 24 21 21 37 16 37 21 14 14 16 37 41 14 6
split_gain=564.961 418.878 471.239 243.64 187.904 187.658 220.083 145.242 115.25 86.7655 86.1502 83.8185 78.078 80.4568 76.1981 157.176 144.515 117.912 113.882 126.559 101.855 70.8532 135.239 132.562 73.0827 70.8018 70.5848 68.1378 65.8098 65.6753
threshold=7714069.5000000009 0.11791443824768068 5320895.5000000009 1289243.5000000002 5.0625000000000009 21.774999618530277 649.50000000000011 65.500000000000014 3211691.0000000005 3.5000000000000004 0.027597402222454551 2.5000000000000004 2.5000000000000004 12130922.500000002 2945.0500488281255 3586.299926757813 3211691.0000000005 5320895.5000000009 12130922.500000002 2125.349975585938 0.12496638298034669 2535.150024414063 5320895.5000000009 2590.099975585938 1204.299987792969 0.03364533185958863 2189.849975585938 4099.6501464843759 10664.200195312502 -0.024471905082464215
decision_type=2 2 2 2 2 2 2 2 2 2 2 2 2 2 2 2 2 2 2 2 2 2 2 2 2 2 2 2 2 2
left_child=1 3 7 28 12 6 -5 8 10 -10 -3 14 13 -4 15 21 18 25 19 20 -17 24 -23 -24 -7 -18 -2 -22 -1 -28
right_child=26 2 4 5 -6 11 -8 -9 9 -11 -12 -13 -14 -15 -16 16 17 -19 -20 -21 27 22 23 -25 -26 -27 29 -29 -30 -31
leaf_value=-0.023237878489207331 0.015488184654446508 0.017443551438428104 0.011706531600875193 0.0042558509494434677 0.0070107259815867067 0.00078596393500807984 0.0070107259815867067 0.0074660769435498922 0.0099664117209773747 0.037360218114885477 0.027366460451975591 -0.002160115662202504 0.030022362751744587 0.022704536215612362 0.0042558509494434677 -0.042148925792070288 -0.033671139131785453 -0.041193153430549904 0.0042558509494434677 -0.0024374408700887167 0.0042558509494434677 0.0042558509494434677 -0.043353606443153683 -0.0070041437540052723 0.0042558509494434677 0.0042558509494434677 -0.00066027233347528368 -0.023300279871530577 0.0070107259815867067 0.027906775418105146
leaf_weight=974.36575005576015 7442.7137903794646 10140.333236008883 3018.1628917008638 76925.604853153229 37705.647259220481 15579.933705244213 92305.264809820801 5183.6535171568394 5923.5959461703897 302.25627808272839 2799.4837297797203 7825.264511551708 889.38778954744339 1858.5170089751482 23919.487133294344 423.10446630418301 166.43695652484894 477.95849898457527 1352.0765787214041 2315.7749200239778 252.04342858493328 1470.4328520148993 289.18620584905148 1818.7588008791208 13582.567389175296 358.47292517125607 221.19841854274273 58.60331729054451 160.83975596353412 2212.4050003886223
leaf_count=3761 13000 12852 4214 168824 66417 61554 199547 8810 8599 242 3291 32187 792 1967 75329 2066 566 1824 3831 8999 845 3335 1147 5963 38029 835 355 300 587 3124
internal_value=0.00614295 0.00576549 0.00923559 0.00478587 0.00701073 0.00489563 0.00579578 0.0148955 0.0169039 0.0113079 0.0195942 0.00271592 0.0164023 0.0139071 0.00333075 0.00172859 -0.00616963 -0.0232787 -0.00226267 -0.00817916 -0.0262446 0.00303263 -0.00360595 -0.0120272 0.00384741 -0.00687215 0.0179134 -0.00445163 -0.0183035 0.0253118
internal_weight=317954 308077 67821 240256 43471.7 239121 169231 24349.3 19165.7 6225.85 12939.8 69890.1 5766.07 4876.68 62064.8 38145.4 5404.47 1002.87 4401.6 3049.53 733.751 32740.9 3578.38 2107.95 29162.5 524.91 9876.32 310.647 1135.21 2433.6
internal_count=733192 716713 107184 609529 73390 605181 368371 33794 24984 8841 16143 236810 6973 6181 204623 129294 19266 3225 16041 12210 3211 110028 10445 7110 99583 1401 16479 1145 4348 3479
is_linear=0
shrinkage=0.05


Tree=56
num_leaves=31
num_cat=0
split_feature=7 36 26 25 36 26 1 18 26 1 49 10 50 25 18 15 18 53 25 26 41 15 26 46 41 15 41 18 46 15
split_gain=403.166 619.655 447.245 276.327 136.642 142.398 130.556 106.181 102.319 245.404 121.323 96.2605 95.6949 129.841 109.512 89.7382 83.6093 77.5692 70.4705 69.5176 117.805 65.8157 64.3781 139.606 61.8688 61.7163 108.392 55.3777 48.8681 47.2478
threshold=21.500000000000004 1.5000000000000002 13.500000000000002 0.92402532696723949 2.5000000000000004 45.500000000000007 8.1870627403259295 39610.000000000007 33.500000000000007 0.034286834299564369 0.52484878897666942 21415.799804687504 -0.11716270074248313 0.49479110538959509 31950.000000000004 1372.7000122070315 20820.799804687504 0.24338521808385852 0.6000007987022401 68.500000000000014 5521.5000000000009 2153.150024414063 33.500000000000007 0.0023119999095797543 7674.5000000000009 3733.849975585938 2623.9499511718755 2149.9001464843755 2.3519512414932255 1656.2500000000002
decision_type=2 2 2 2 2 2 2 2 2 2 2 2 2 2 2 2 2 2 2 2 2 2 2 2 2 2 2 2 2 2
left_child=1 3 16 6 8 7 18 21 9 25 -10 17 13 14 -2 19 -3 24 -1 -14 -21 -6 -17 -24 -7 26 -4 -5 -19 -9
right_child=12 2 4 27 5 11 -8 29 10 -11 -12 -13 15 -15 -16 22 -18 28 -20 20 -22 -23 23 -25 -26 -27 -28 -29 -30 -31
leaf_value=0.0059359540294695329 -0.030693151452382241 0.050902635145601338 0.0059359540294695329 0.04830964628288012 0.021645125526858391 0.0061236396281098872 0.013388105076836895 0.021645125526858391 0.0059359540294695329 0.024959719850108645 0.023550093016200126 0.023920011832273155 0.0024066206910549922 -0.0090656973868864441 -0.098705406388041317 0.0059359540294695329 0.01289321164326441 0.0059359540294695329 0.009662029553153215 -0.0090656973868864441 0.0059359540294695329 0.035091461740999787 0.0025174009809273206 0.0059359540294695329 0.01723379644455127 0.0059359540294695329 0.015403732107438839 0.022640491741869783 0.013768590014524719 0.010565023457530283
leaf_weight=95995.623132914305 125.23639856278896 888.3928841650486 1669.1362936943769 249.521225258708 1090.8048945218325 1526.2581910640001 6229.0685953497887 314.50407630205154 14241.024441123009 3247.213612228632 1033.7231688201427 1562.1811964511871 30199.295605391264 134.35947073996067 78.386860832571983 30896.398558948189 174.70116820931435 2518.7655247151852 15063.000423043966 1324.3639784343541 370.56916382908821 1744.4456069022417 56233.854084305465 34082.945863813162 3685.9415234178305 2252.7097020745277 5824.8133814483881 1358.2283536046743 1993.2758722901344 1942.3749191761017
leaf_count=191860 282 571 3425 206 1590 2550 7547 339 22183 3748 1032 1516 105444 171 297 86474 248 4083 25601 5309 750 1897 170892 68852 5276 4364 9127 1763 2453 3095
internal_value=0.0059985 0.00771728 0.0126677 0.00593595 0.0119032 0.0155379 0.00593595 0.0224799 0.00979637 0.0130581 0.00702034 0.0124024 0.00415463 -0.0223448 -0.0523206 0.00421341 0.0446924 0.0105476 0.00593595 0.00185343 -0.00799411 0.0289231 0.00483434 0.00408895 0.0147038 0.00908864 0.0117255 0.0266794 0.00593595 0.0143671
internal_weight=318051 164606 45710.3 118895 44647.2 16378.6 117288 5092.13 28268.6 12993.9 15274.7 11286.4 153445 337.983 203.623 153107 1063.09 9724.24 111059 31894.2 1694.93 2835.25 121213 90316.8 5212.2 9746.66 7493.95 1607.75 4512.04 2256.88
internal_count=732945 294474 67497 226977 66678 22799 225008 6921 43879 20664 23215 15878 438471 750 579 437721 819 14362 217461 111503 6059 3487 326218 239744 7826 16916 12552 1969 6536 3434
is_linear=0
shrinkage=0.05


Tree=57
num_leaves=31
num_cat=0
split_feature=21 21 21 0 16 53 7 25 24 21 15 24 25 26 24 15 41 25 14 12 53 53 45 6 7 14 15 51 31 22
split_gain=423.648 572.639 451.079 359.273 312.393 310.725 247.944 218.117 218.696 215.057 205.937 196.572 168.147 164.658 145.461 144.83 174.597 142.36 130.037 127.542 126.019 157.735 148.424 132.679 116.27 104.11 102.391 101.819 100.319 92.9235
threshold=5320895.5000000009 13439690.500000002 10052930.500000002 3.5000000000000004 0.19123911857604983 0.42667643725872045 21.500000000000004 0.54296705126762401 3211691.0000000005 1289243.5000000002 3369.099975585938 1.0000000180025095e-35 0.16658333688974383 19.500000000000004 7714069.5000000009 8882.4497070312518 10225.699707031252 0.40629123151302343 3196.5500488281255 0.073350071907043471 0.94560331106185924 0.4993042945861817 -1.4954545497894285 1.9822134375572207 21.500000000000004 2014.0999755859377 2930.9499511718755 -0.11058243364095686 5.5000000000000009 3910147.0000000005
decision_type=2 2 2 2 2 2 2 2 2 2 2 2 2 2 2 2 2 2 2 2 2 2 2 2 2 2 2 2 2 2
left_child=3 2 7 9 5 11 28 8 15 26 14 18 20 25 17 -2 -17 27 -4 -15 21 22 -7 -22 -11 -9 -1 -10 -3 -6
right_child=1 6 4 -5 29 12 -8 13 10 24 -12 -13 -14 19 -16 16 -18 -19 -20 -21 23 -23 -24 -25 -26 -27 -28 -29 -30 -31
leaf_value=-0.025693728398259008 0.0060603958163586609 0.0091037065245721978 -0.0048786777827761032 0.013473857043451899 0.0023851343613251774 -0.11728136706942312 0.0047714405117499975 0.013589687949505281 -0.029392257405021178 0.0088728793443393975 0.0068736109098967574 -0.034861194563846849 -0.010605164371211772 0.0068736109098967574 0.0068736109098967574 0.0068736109098967574 -0.065621782290168393 0.0068736109098967574 0.00084270359206423508 0.0234311548828217 -0.18023881556603294 -0.023909315054003379 -0.0392547543311789 -0.023909315054003379 0.0054445804428269453 0.031322488432099636 0.0051912374406636423 -0.0059816009746380596 0.015165806749657418 0.012061725083635542
leaf_weight=744.3780549056828 33725.092397607863 31164.045453995466 19165.148998737335 24921.257397159934 7359.432051744312 90.157292991876602 37532.536816541106 2652.0092125535011 480.6269743591547 45732.934300228953 5352.6411149799824 465.56418234109879 1531.8278374671936 8379.8765673153102 1750.1213219463825 59.000364795327187 153.17591104283929 1028.0590430051088 13309.295528139919 1161.4386196732521 28.27827912569046 648.10912770032883 190.53270515799522 12.949317097663878 53890.691385544837 1205.7666690051556 418.08797488361597 12452.646851912141 8745.6862665861845 3741.7046034708619
leaf_count=2902 83987 51677 63290 35825 20613 377 97349 4543 1121 76371 11031 1615 2815 21735 3611 140 934 2056 42054 1198 148 1285 502 14 143504 1532 1489 38393 11034 8951
internal_value=0.00584098 0.00436591 0.00212676 0.00809836 -0.00167033 -0.00396287 0.00768922 0.00471047 0.00331664 0.00676893 -0.000685281 -0.00267198 -0.0209433 0.0104306 -0.00358442 0.00580044 -0.0351901 -0.00533821 -0.00220838 0.00690365 -0.0372135 -0.0332443 -0.0649693 -0.120957 0.00701851 0.0191455 -0.0145959 -0.006856 0.0104328 0.00564827
internal_weight=318093 192386 114943 125707 46543 35441.9 77442.3 68400.5 55001.4 100786 21064.1 32940 2501.85 13399.1 15711.5 33937.3 212.176 13961.3 32474.4 9541.32 970.027 928.799 280.69 41.2276 99623.6 3857.78 1162.47 12933.3 39909.7 11101.1
internal_count=732096 472005 311945 260091 141664 112100 160060 170281 141273 224266 56212 106959 5141 29008 45181 85061 1074 41570 105344 22933 2326 2164 879 162 219875 6075 4391 39514 62711 29564
is_linear=0
shrinkage=0.05


Tree=58
num_leaves=31
num_cat=0
split_feature=24 22 24 24 25 48 21 21 48 18 48 14 14 14 15 17 10 15 16 21 25 53 21 50 24 26 48 15 21 16
split_gain=507.399 414.929 605.136 663.346 457.287 341.885 276.339 513.576 281.969 266.825 226.059 252.514 219.079 206.686 185.796 165.49 161.158 154.321 154.399 152.521 192.249 149.948 130.517 174.845 150.214 128.565 126.178 125.131 125.086 123.96
threshold=7714069.5000000009 13897643.000000002 1.0000000180025095e-35 3211691.0000000005 0.01668212749063969 9.3452377319335955 10052930.500000002 12130922.500000002 11.759615421295168 31417.700195312504 12.354166507720949 1.0000000180025095e-35 1729.350036621094 3099.849975585938 2976.150024414063 0.20048536360263827 2987.6999511718755 6472.3000488281259 0.19439893215894702 5320895.5000000009 1.0000000180025095e-35 0.13737331330776217 12130922.500000002 -0.057476550340652459 3211691.0000000005 45.500000000000007 11.949999809265138 9413.7998046875018 5320895.5000000009 0.19123911857604983
decision_type=2 2 2 2 2 2 2 2 2 2 2 2 2 2 2 2 2 2 2 2 2 2 2 2 2 2 2 2 2 2
left_child=1 2 6 13 10 -6 8 29 9 -1 11 -5 19 14 -4 26 27 -10 21 25 22 -19 23 -21 -25 -3 -14 -9 -17 -8
right_child=-2 12 3 4 5 -7 7 16 17 -11 -12 -13 15 -15 -16 28 -18 18 -20 20 -22 -23 -24 24 -26 -27 -28 -29 -30 -31
leaf_value=0.015183811516954674 0.016665550470159645 0.00058021186835133015 0.013155639094944742 0.0029367964334079152 0.024064397287181342 0.0089118052015540669 -0.0034378649946144009 0.005309488189923172 0.0047058861222530127 0.0070804065500176712 -0.00082979425404739067 0.0078218642319395973 0.010270792525377074 0.022254295068192514 -0.066263558024134694 0.039827328123184465 0.016007216514338958 -0.019248046456589389 2.1173315682515764e-05 -0.057391833503443679 0.00058021186835133015 -0.10173620955300976 -0.0048243387861672893 -0.0048852073606930587 -0.020952949399885894 -0.019019601737242695 0.0010768348256038113 -0.037597227320049754 0.012200333607027405 0.0029817985292098989
leaf_weight=14091.084904879332 9864.3750114291906 9960.0005631968379 18180.351055756211 11077.237429007888 4819.2029762119055 16360.263955593109 30955.46410401538 34779.806522659957 62216.229655474424 16291.853602916002 18244.192213237286 10848.566233977675 4746.8843592554331 8563.1560380607843 71.994071930646896 551.61735077947378 3748.8508471250534 767.59341699257493 2255.0791753306985 230.34517288208008 1244.345445830375 57.558042109012604 3575.2290343865752 2833.7924517095089 2990.1258881278336 850.69894079864025 17426.932998783886 168.78649169206619 753.40670052170753 9930.4677523188293
leaf_count=20288 16425 28490 31653 21132 5851 29953 97614 78335 159642 27278 46565 15154 6821 12230 226 829 4803 3136 7445 781 2762 243 11371 10814 14558 3807 45202 897 1617 27234
internal_value=0.00550358 0.00514667 0.00590582 0.00928461 0.00641691 0.0123616 0.00420605 0.00202904 0.00601674 0.00999582 0.00328214 0.00670339 0.000718687 0.0158445 0.0128352 0.0040652 0.00615753 0.00416499 -0.00675634 -0.00290477 -0.00711895 -0.025234 -0.0102289 -0.0148412 -0.0131391 0.000580212 0.00304579 0.00510013 0.0213549 -0.00187857
internal_weight=318455 308591 263428 88165 61349.5 21179.5 175263 79583.4 95679.4 30382.9 40170 21925.8 45163.4 26815.5 18252.3 23478.8 38697.4 65296.5 3080.23 21684.5 10873.8 825.151 9629.49 6054.26 5823.92 10810.7 22173.8 34948.6 1305.02 40885.9
internal_count=733156 716731 589679 162764 118655 35804 426915 208883 218032 47566 82851 36286 127052 44109 31879 54469 84035 170466 10824 72583 40286 3379 37524 26153 25372 32297 52023 79232 2446 124848
is_linear=0
shrinkage=0.05


Tree=59
num_leaves=31
num_cat=0
split_feature=45 21 21 21 7 21 48 15 15 50 18 49 22 15 44 26 48 26 15 51 4 14 48 41 14 15 15 25 46 25
split_gain=356.06 236.591 516.175 267.666 208.953 200.076 176.022 167.029 172.552 211.543 173.479 150.256 149.48 124.653 116.774 160.506 106.648 104.694 99.3876 95.7901 124.86 92.4047 91.3704 88.4379 103.323 85.628 84.3207 82.6929 79.5276 78.5882
threshold=0.22916667163372043 5320895.5000000009 13439690.500000002 10052930.500000002 12.500000000000002 1289243.5000000002 7.5357143878936776 6585.5498046875009 1110.049987792969 -0.053241055458784096 11040.000000000002 -0.033166484907269471 13897643.000000002 7042.3498535156259 -0.085584416985511766 43.500000000000007 21.816666603088382 78.500000000000014 14673.199707031252 -0.11367154866456984 0.10741758346557619 2847.0500488281255 11.949999809265138 21609.400390625004 7786.8999023437509 2493.849975585938 3883.5000000000005 0.42875434458255773 1.1395699977874758 0.24999500066041949
decision_type=2 2 2 2 2 2 2 2 2 2 2 2 2 2 2 2 2 2 2 2 2 2 2 2 2 2 2 2 2 2
left_child=1 5 3 4 12 28 -2 8 9 -5 -10 13 -3 14 15 -6 -7 -17 22 20 -12 25 -4 24 -9 -21 -22 -11 29 -1
right_child=6 2 18 7 11 16 -8 23 10 27 19 -13 -14 -15 -16 17 -18 -19 -20 21 26 -23 -24 -25 -26 -27 -28 -29 -30 -31
leaf_value=-0.028502654638169395 0.015340512479046149 0.0077084980394165614 0.0077084980394165614 -0.070485389736720735 -0.088524143310161146 0.0076016944309971416 0.0077084980394165614 -0.046809216758102894 0.0077084980394165614 -0.0074853038575490895 -0.093166774957238338 0.0017431922783109389 0.0036905163645218515 -0.086639845236382657 -0.0043675835374385116 -0.016679442927092392 0.0041662760227335408 -0.097412216392010809 -0.047423113873659245 -0.0035275104244772296 -0.012556209313259277 0.0010242301041295269 0.0052647062462189993 -0.072190013154245308 -0.0068230941880893228 -0.012556209313259277 -0.053316436395649272 0.00080171176657896869 0.0077084980394165614 -0.0042727139123650906
leaf_weight=656.57027872651815 11721.669350937009 21549.284531146288 24440.716645136476 122.77954998612404 92.727356493473053 83287.625486716628 14666.006804153323 223.40494138002396 4175.0370558947325 10469.471169538796 55.421388268470764 30966.177209492773 5843.9451614320278 50.717011734843254 2110.8281318023801 442.65276215970516 31011.143598623574 38.26203978061676 82.511211853474379 2346.8435999527574 294.86988002061844 19180.12347753346 47301.931120440364 81.994701214134693 573.4556697756052 912.64066109061241 53.384795024991035 4224.3626091852784 178.70537023246288 682.08282976225019
leaf_count=2684 14288 38155 38945 460 354 152560 23692 1111 10508 38631 202 100479 13959 218 4986 1032 90387 160 416 7350 483 59395 113260 518 2261 3329 174 10444 212 2211
internal_value=0.00517949 0.00467587 0.00351897 0.00126424 0.00338711 0.00643019 0.0107411 -0.00177218 -0.00131843 -0.0056543 0.00105957 0.000750734 0.0066303 -0.0104784 -0.00897603 -0.0289913 0.0066697 -0.0171934 0.0067776 -0.000734058 -0.0248137 -0.000298706 0.00684125 -0.0233194 -0.0181226 -0.00807925 -0.0134661 -0.00510307 -0.0115962 -0.0161816
internal_weight=317837 291450 175634 103808 61094.6 115816 26387.7 42713.8 41834.9 14816.6 27018.3 33701.4 27393.2 2735.19 2684.47 573.642 114299 480.915 71825.2 22843.3 403.676 22439.6 71742.6 878.855 796.861 3259.48 348.255 14693.8 1517.36 1338.65
internal_count=732864 694884 446830 294209 159343 248054 37980 134866 130976 49535 81441 107229 52114 6750 6532 1546 242947 1192 152621 70933 859 70074 152205 3890 3372 10679 657 49075 5107 4895
is_linear=0
shrinkage=0.05


Tree=60
num_leaves=31
num_cat=0
split_feature=24 24 25 24 14 25 15 18 22 26 15 25 50 41 18 15 41 18 26 53 18 26 41 15 15 26 26 15 9 22
split_gain=382.95 616.962 453.327 333.713 239.711 218.553 224.771 234.481 344.731 195.606 189.487 167.93 141.234 138.704 127.975 111.926 135.752 110.141 108.99 164.907 107.279 153.39 149.575 131.465 107.062 103.412 101.882 134.405 101.06 97.3576
threshold=1.0000000180025095e-35 3211691.0000000005 0.45463122427463537 7714069.5000000009 1903.850036621094 0.91012820601463329 856.89999389648449 31950.000000000004 1885909.0000000002 68.500000000000014 1144.7000122070315 1.0000000180025095e-35 0.080915343016386046 2283.299926757813 17650.000000000004 10925.649902343752 24932.600585937504 196900.00000000003 10.500000000000002 0.10331767797470094 39440.000000000007 14.500000000000002 2050.700073242188 14673.199707031252 2799.849975585938 21.500000000000004 43.500000000000007 1110.049987792969 65.439773559570327 8681399.0000000019
decision_type=2 2 2 2 2 2 2 2 2 2 2 2 2 2 2 2 2 2 2 2 2 2 2 2 2 2 2 2 2 2
left_child=5 4 3 10 9 6 7 8 14 18 11 26 20 -4 -1 25 -17 -9 -2 -20 -8 22 -22 -23 -24 -12 27 -3 -27 -6
right_child=1 2 13 -5 29 -7 12 17 -10 -11 15 -13 -14 -15 -16 16 -18 -19 19 -21 21 23 24 -25 -26 28 -28 -29 -30 -31
leaf_value=0.0093600212271098722 0.01307402384672314 0.00032048713256648686 0.022429220257396854 0.0085461306176383006 0.019981400384014834 0.015634457209100512 0.0051012023748382915 -0.0053471011034146683 -0.0014670052923186783 -0.04646966580360623 0.0085461306176383006 0.0085461306176383006 0.008937596179759472 0.01052646498238166 0.0024925344953762776 0.003098550601748904 -0.044359964349122191 -0.08145005382996498 0.0021245384714412936 0.01307402384672314 0.0036273930715667647 0.0030105279774473516 -0.021647029929516379 -0.056648261817505131 -0.0051558028239311708 0.002781244426067855 -0.0069412840989155275 -0.10347676993838331 0.0085461306176383006 0.01307402384672314
leaf_weight=7800.1290735006332 10493.780538290739 33201.814376045018 3285.9912631511688 9099.3973179832101 10355.02771627903 3538.3379565253854 56443.816549677402 13515.305522106588 7053.1851414479315 155.77312498539686 4761.6744201332331 2352.7164632156491 13149.026235863566 9613.4327628538013 8021.267309717834 371.86208469420671 251.05853009968996 45.721498049795628 8245.6148019582033 3819.5774321258068 1268.037102535367 61586.488581620157 1318.8386138081551 90.485748011618853 3869.0983520299196 27850.094700157642 5831.4706387482584 29.217081427574158 4995.5077096670866 4877.293853059411
leaf_count=13752 17589 81698 5113 15603 15014 6151 137253 33355 27623 632 6868 4616 19040 17589 17504 829 924 209 22278 5763 2133 168572 3174 755 8467 60989 22518 130 6854 9666
internal_value=0.00487526 0.00683513 0.00480393 0.00353069 0.0122753 0.00333563 0.00308559 -0.000406679 0.00268165 0.00901968 0.00234089 -2.30262e-06 0.00400946 0.0135616 0.00744079 0.00487917 -0.0161096 -0.00561566 0.00940693 0.00616389 0.00348916 0.00215358 -0.00517816 0.00292117 -0.00935481 0.00522766 -0.000846821 0.000223006 0.00402024 0.0171284
internal_weight=317291 139591 101644 88744.8 37947.1 177700 174161 36435.6 22874.6 22714.7 79645.4 41415.2 137726 12899.4 15821.4 38230.2 622.921 13561 22559 12065.2 124577 68132.9 6455.97 61677 5187.94 37607.3 39062.5 33231 32845.6 15232.3
internal_count=732661 294673 223731 201029 70942 437988 431837 92443 58879 46262 185426 108962 339394 22702 31256 76464 1753 33564 45630 28041 320354 183101 13774 169327 11641 74711 104346 81828 67843 24680
is_linear=0
shrinkage=0.05


Tree=61
num_leaves=31
num_cat=0
split_feature=21 21 30 15 6 48 49 26 15 50 18 7 22 48 22 21 48 50 14 15 26 26 22 26 14 36 18 14 41 53
split_gain=362.076 502.631 346.925 335.44 255.245 245.623 222.548 148.661 202.765 151.882 147.478 147.225 135.908 127.301 110.462 140.237 167.536 105.491 108.225 102.462 100.563 99.8162 98.6583 98.0236 91.6058 89.7734 89.6747 86.2154 85.6883 93.5051
threshold=5320895.5000000009 12130922.500000002 0.55294069647789013 1266.5000000000002 0.010366445407271387 5.0625000000000009 -0.050655398517847054 43.500000000000007 3715.2500000000005 0.15856517106294635 49000.099609375007 21.500000000000004 3910147.0000000005 11.759615421295168 13897643.000000002 10052930.500000002 21.585714340209964 -0.11958907917141913 6551.5000000000009 3752.700073242188 29.500000000000004 12.500000000000002 13897643.000000002 4.5000000000000009 1.0000000180025095e-35 1.5000000000000002 19602.200195312504 14172.350097656252 17949.399414062504 0.42262174189090734
decision_type=2 2 2 2 2 2 2 2 2 2 2 2 2 2 2 2 2 2 2 2 2 2 2 2 2 2 2 2 2 2
left_child=2 3 13 6 11 23 -2 8 22 17 12 26 -10 24 15 16 -8 18 -9 -12 25 -15 -7 -5 -1 -17 -3 -19 29 -21
right_child=1 4 -4 5 -6 7 14 9 10 -11 19 -13 -14 21 -16 20 -18 27 -20 28 -22 -23 -24 -25 -26 -27 -28 -29 -30 -31
leaf_value=0.0063809857040963164 -0.033716855194917253 0.010110492133827574 0.012175509796265239 0.040954047722346454 0.016322542767434955 0.008187216005578998 0.0045000723147318612 -0.092674799635843116 -0.0022848213923635304 0.0090101841068745189 -0.067651693505609553 0.0034459000347931618 0.0090101841068745189 -0.00069164410603313447 -0.0076572041815694035 -0.0039896418666039591 -0.012230136120858531 -0.0018923299238940107 -0.017707872950102687 -0.0038382644868676565 -0.017949455205455662 0.0051326789383342218 -0.0022083110550586145 0.01297813278312502 0.0088918645223814274 0.038518512860568392 0.0056866711670838319 0.0040982722141380641 -0.058254125149395486 -0.03176388150130692
leaf_weight=24091.830618992448 566.55985113233328 20910.481649935246 25144.698545798659 342.53584606945515 6124.4951066374779 23560.59743052721 13090.781410157681 58.069295927882195 4517.3272281624377 2356.9199792742729 68.679810240864754 36469.958484198898 3992.2689006142318 8348.1125622540712 7294.5278707891703 12422.665725558996 1687.541424240917 25288.54543954879 166.04379035532475 3919.4124977011234 467.683519449085 61877.222296338528 2526.2968830168247 3506.3183391988277 6129.0678540021181 123.47476306557655 15934.330848500133 6449.1603817716241 77.895634941756725 322.6747702807188
leaf_count=42482 1581 33427 36181 321 7775 55837 27370 214 13260 3335 283 96469 8768 15346 29176 39644 7761 75557 331 12323 2630 158454 6283 4526 7926 242 26735 17245 350 729
internal_value=0.0048353 0.00347122 0.00692324 0.00132573 0.00651777 0.00317917 -0.00268503 0.00253249 0.00464502 0.000132581 -0.000483138 0.00569828 0.00335632 0.00560822 -0.00218206 -0.00074456 0.00258825 -0.00081364 -0.0348446 -0.00792596 -0.00452907 0.00444031 0.0071804 0.0154879 0.00832167 -0.00356522 0.00792744 -0.000571153 -0.00694556 -0.0059764
internal_weight=317836 192245 125591 112806 79439.3 77152.7 35653.2 73303.9 38985.2 34318.7 12898.3 73314.8 8509.6 100446 35086.7 27792.1 14778.3 31961.8 224.113 4388.66 13013.8 70225.3 26086.9 3848.85 30220.9 12546.1 36844.8 31737.7 4319.98 4242.09
internal_count=732561 472172 260389 307766 164406 199362 108404 194515 97833 96682 35713 156631 22028 224208 106823 77647 35131 93347 545 13685 42516 173800 62120 4847 50408 39886 60162 92802 13402 13052
is_linear=0
shrinkage=0.05


Tree=62
num_leaves=31
num_cat=0
split_feature=24 21 21 30 21 48 21 25 24 25 48 14 26 26 14 16 6 18 14 22 38 38 26 48 22 14 51 18 24 18
split_gain=495.131 431.807 433.12 384.857 347.325 328.276 227.137 231.062 211.887 228.32 186.608 163.519 275.685 156.266 150.591 143.296 207.238 136.891 135.104 124.266 116.881 128.22 116.286 164.763 118.54 110.683 136.297 109.261 108.703 106.874
threshold=7714069.5000000009 5320895.5000000009 12130922.500000002 0.57527959346771251 10052930.500000002 11.949999809265138 1289243.5000000002 0.24999500066041949 3211691.0000000005 0.050065962597727783 13.690476417541506 1.0000000180025095e-35 15.500000000000002 10.500000000000002 1116.299987792969 0.19123911857604983 -0.16294574737548825 9020.0000000000018 23619.399414062504 3910147.0000000005 1531.7500000000002 1929.2500000000002 54.500000000000007 15.845237731933596 13897643.000000002 302.39999389648443 -0.10133477672934531 35003.500000000007 1.0000000180025095e-35 6816.0000000000009
decision_type=2 2 2 2 2 2 2 2 2 2 2 2 2 2 2 2 2 2 2 2 2 2 2 2 2 2 2 2 2 2
left_child=1 3 4 6 8 11 7 27 10 25 20 -4 17 -11 -7 16 19 -13 -15 -6 -3 -22 -8 -24 -25 26 -10 -1 -23 -17
right_child=-2 2 5 -5 15 14 22 -9 9 13 -12 12 -14 18 -16 29 -18 -19 -20 -21 21 28 23 24 -26 -27 -28 -29 -30 -31
leaf_value=-0.0246328966549565 0.015544810432572968 0.004635105023061809 0.0068017839679550681 0.012154202931777137 -0.01204558826064092 -0.0029863265606691262 0.006109159194191493 0.0029164545638838807 -0.048772396491277757 0.025244825558621176 0.0013706718433672334 0.040420145099213857 0.010769749133076217 0.0014937980703268255 0.0043823925802492407 0.01841191165306278 -0.00338020111219243 0.014116445294800535 0.03294006840548392 -0.038195594407311323 0.022677793626395309 0.0070899021361902504 0.0086397775747945483 0.00027918895048817681 -0.014714381102153867 -0.00027602190950270919 -0.008444537909261229 -0.073620685582337683 0.020436420112249915 0.0007716152930095948
leaf_weight=311.51353285461664 9955.123363442719 9740.0694967657328 16987.466125577688 24369.383766710758 1168.8397594988346 8408.572721362114 81778.588450312614 625.1227975897491 214.48454535007477 857.7793664932251 19767.61299932003 1347.3694071173668 9030.3121810257435 7929.6582782641053 39490.554335739464 939.55450473725796 31848.053760400042 785.69913917779922 354.95134176313877 653.00308034569025 1955.2242610007524 11056.815733447671 3201.3864783197641 9338.2896379753947 1532.9047200530767 5671.7306292913854 6619.7597202397883 180.4832990206778 1768.9613022357225 9749.9140660576522
leaf_count=1328 16528 19608 29528 34955 2434 25192 175045 1988 623 1390 65900 1091 12143 17442 90526 1769 104487 1010 606 1756 2535 18280 5657 26963 6251 13328 24001 1024 2353 27353
internal_value=0.0045711 0.00421594 0.00270443 0.0065372 0.000702775 0.00560736 0.00512535 -0.017271 0.0030041 -0.00104991 0.00498567 0.00989227 0.014593 0.00495509 0.00308876 -0.00271796 -0.00431913 0.0307537 0.00284873 -0.020711 0.00789954 0.0107545 0.00538673 0.00118828 -0.00183731 -0.00543991 -0.00972408 -0.0428288 0.00893358 0.00232527
internal_weight=317639 307684 186346 121338 110296 76050 96968.3 1117.12 65937 21648.4 44288.7 28150.8 11163.4 9142.39 47899.1 44359.4 33669.9 2133.07 8284.61 1821.84 24521.1 14781 95851.2 14072.6 10871.2 12506 6834.24 491.997 12825.8 10689.5
internal_count=733094 716566 463355 253211 303865 159490 218256 4340 166066 57390 108676 43772 14244 19438 115718 137799 108677 2101 18048 4190 42776 23168 213916 38871 33214 37952 24624 2352 20633 29122
is_linear=0
shrinkage=0.05


Tree=63
num_leaves=31
num_cat=0
split_feature=24 49 26 14 15 14 25 48 16 24 18 21 26 16 44 15 46 21 15 14 48 44 21 18 26 15 36 18 15 15
split_gain=384.824 357.777 199.689 185.627 181.567 166.751 165.513 164.681 146.661 133.075 126.394 121.398 116.417 140.02 95.5845 116.008 159.508 87.8363 87.8231 131.009 129.394 86.0806 78.5778 78.003 76.592 90.5839 75.4799 69.2779 67.4375 64.3797
threshold=7714069.5000000009 0.073747340589761748 43.500000000000007 127.40000152587892 9413.7998046875018 12604.300292968752 0.18286825716495517 5.0625000000000009 0.46734000742435461 3211691.0000000005 38060.000000000007 5320895.5000000009 68.500000000000014 1.0000000180025095e-35 -1.1261363625526426 2960.0500488281255 3.6718895435333256 5320895.5000000009 2343.0500488281255 4437.3000488281259 15.775000095367433 -3.362770557403564 13439690.500000002 70100.000000000015 45.500000000000007 1776.1499633789065 3.5000000000000004 16920.000000000004 5611.4499511718759 1491.7000122070315
decision_type=2 2 2 2 2 2 2 2 2 2 2 2 2 2 2 2 2 2 2 2 2 2 2 2 2 2 2 2 2 2
left_child=1 2 3 6 5 11 9 26 -6 -1 -5 14 13 28 15 16 -4 29 19 27 -20 -11 -19 -21 25 -15 -3 -14 -13 -9
right_child=-2 7 4 10 8 -7 -8 17 -10 21 -12 12 18 24 -16 -17 -18 22 20 23 -22 -23 -24 -25 -26 -27 -28 -29 -30 -31
leaf_value=0.0020151111491787145 0.013691130285486033 0.014286326566803785 -0.082007229293464753 0.0054927963542563312 -0.039377557746802655 0.0053559865667144931 0.0036792912524691666 0.0054927963542563312 0.0014232171068825834 -0.091414717525945516 0.0036792912524691666 -0.0078550649440060957 -0.019438864490311944 0.0026191705847312865 0.0026191705847312865 -0.009391602077243202 -0.009391602077243202 0.0054927963542563312 0.0026191705847312865 0.0026191705847312865 -0.033387101088785225 -0.0020655116805266202 0.010699813422538331 -0.016836078103640607 0.0026191705847312865 -0.004017421392063839 0.035184479867626989 -0.06872306111048497 -0.060760739435328941 0.011441529892397767
leaf_weight=27916.844191379845 9838.7246928140521 4950.1685357093811 140.03207378089428 62028.647966694087 501.0468491949141 18047.799366667867 25566.434752419591 2792.847324706614 391.54748715832829 24.983583822846413 42299.004967646673 5243.4739878587425 261.0066462866962 2015.190942581743 24896.04054537788 171.59863147139549 100.88589790463448 15267.902105718851 325.18263009190559 1885.9012254923582 776.20634092390537 28073.794699337333 7559.6082463562489 208.53905545920134 14550.950423769653 9996.0781619250774 472.80098034441471 97.529203377664089 58.985411494970322 9691.4865106493235
leaf_count=69410 16556 5812 483 132895 2375 45732 50422 4456 1461 88 101180 20217 1326 6676 66613 234 150 26552 609 5342 3210 70943 10777 810 40066 34095 347 602 246 13386
internal_value=0.00395857 0.00364587 0.00297659 0.0038741 0.000882155 0.00113649 0.00208736 0.008009 -0.0215166 0.000350931 0.00527122 -0.000117645 -0.00200732 -0.00104963 0.00252689 -0.0214024 -0.0473493 0.00676243 -0.0105876 -0.00531283 -0.0223044 -0.00215146 0.0054928 -0.000520107 0.000431441 -0.00253093 0.0161206 -0.033152 -0.00846628 0.0101992
internal_weight=316151 306313 265578 185910 79668 78775.4 81582.1 40734.8 892.594 56015.6 104328 60727.6 35419 31864.7 25308.6 412.517 240.918 35311.8 3554.37 2452.98 1101.39 28098.8 22827.5 2094.44 26562.2 12011.3 5422.97 358.536 5302.46 12484.3
internal_count=733071 716515 655185 424938 230247 226411 190863 61330 3836 140441 234075 180679 113199 101300 67480 867 633 55171 11899 8080 3819 71031 37329 6152 80837 40771 6159 1928 20463 17842
is_linear=0
shrinkage=0.05


Tree=64
num_leaves=31
num_cat=0
split_feature=24 24 25 21 21 22 24 14 16 53 49 25 48 14 44 36 48 53 15 15 46 15 44 46 21 6 50 45 36 14
split_gain=307.003 474.369 414.967 288.228 291.48 272.279 249.017 248.061 219.258 247.071 180.641 180.717 177.936 220.216 170.791 151.955 148.073 137.953 133.051 170.519 119.636 116.484 106.812 132.782 106.037 105.391 114.019 101.261 100.743 99.7401
threshold=1.0000000180025095e-35 3211691.0000000005 0.48989796638488775 10052930.500000002 12130922.500000002 8681399.0000000019 7714069.5000000009 3163.0500488281255 0.19123911857604983 0.42667643725872045 0.073747340589761748 0.70010000467300426 21.774999618530277 302.39999389648443 0.25735931098461157 1.5000000000000002 14.535714149475099 0.4993042945861817 3841.849975585938 4965.4499511718759 2.2263946533203129 3883.5000000000005 -0.39069265127182001 0.90123364329338085 5320895.5000000009 -0.066001933068037019 -0.052015691995620721 -6.6651513576507559 3.5000000000000004 3477.650024414063
decision_type=2 2 2 2 2 2 2 2 2 2 2 2 2 2 2 2 2 2 2 2 2 2 2 2 2 2 2 2 2 2
left_child=3 5 6 10 8 7 12 28 9 25 11 21 13 -3 -7 -4 20 18 27 -20 -6 -1 23 -18 -15 26 -5 -11 -2 -27
right_child=1 2 15 4 16 14 -8 -9 -10 17 -12 -13 -14 24 -16 -17 22 -19 19 -21 -22 -23 -24 -25 -26 29 -28 -29 -30 -31
leaf_value=0.0036108103175677407 0.010507758505155486 0.00056405036590324083 0.019630864947641914 -0.045385280839525921 0.0051496137465577366 0.0031587969202345415 0.0079386926355188275 0.020602696804786994 0.0039497510686980729 -0.092118156820784225 0.0097035109579778657 0.0066813460118779894 -0.0021688627865170131 0.0079386926355188275 0.036153211331951464 0.0080693145347399894 -0.06996809641579009 -0.011750805375665993 -0.00015693960960613644 -0.089336649569877788 0.016300113607478076 -0.0013899037344177658 0.0011924720325655594 -0.0098356020121181578 0.0034095006495900187 -0.0048704520914482448 -0.010517382054799917 -0.039290382020320196 -0.027735078925145908 -0.00015693960960613644
leaf_weight=54898.345074810088 17355.030648678541 30232.309058114886 4919.6748747974634 288.7665449231863 17065.404347702861 11261.781200133264 9044.0839650407434 8350.0497101545334 10773.745464917272 124.11492538452148 14595.759498015046 11049.783994756639 19656.511425510049 13940.769026525319 404.40218971669674 6737.7396181151271 108.89429976046085 1680.348338842392 204.65565271675587 54.075690194964409 2799.1960899978876 14779.001279532909 18174.774316810071 455.10884110629559 17213.612620562315 18491.694472424686 769.23534220457077 348.61112381517887 172.07773745059967 11077.478824870661
leaf_count=131893 30726 64917 7554 866 28939 27470 15683 11833 28963 457 21394 22001 66680 23452 423 12821 379 3067 309 197 3283 42066 51041 909 33008 62723 1878 908 450 36523
internal_value=0.00409013 0.00584776 0.00407514 0.00271269 0.000547255 0.0106512 0.00292632 0.0135101 -0.00224383 -0.00426363 0.00458487 0.00365918 0.00197124 0.00329696 0.00430853 0.0129511 0.00371494 -0.0196651 -0.0377648 -0.00884336 0.00672236 0.00255012 0.000526466 -0.0208637 0.00625495 -0.0030496 -0.0185407 -0.05349 0.0101292 -0.0024941
internal_weight=317027 139288 101745 177739 82416.1 37543.3 90087.3 25877.2 43812.7 33039 95322.9 80727.1 81043.2 61386.7 11666.2 11657.4 38603.4 2411.81 731.457 258.731 19864.6 69677.3 18738.8 564.003 31154.4 30627.2 1058 472.726 17527.1 29569.2
internal_count=732813 295017 224115 437796 220442 70902 203740 43009 135891 106928 217354 195960 188057 121377 27893 20375 84551 4938 1871 506 32222 173959 52329 1288 56460 101990 2744 1365 31176 99246
is_linear=0
shrinkage=0.05


Tree=65
num_leaves=31
num_cat=0
split_feature=21 21 21 25 44 22 21 48 48 14 48 25 10 17 41 49 27 50 14 18 21 15 15 26 14 44 49 14 44 14
split_gain=279.867 231.765 214.815 203.874 202.773 200.125 246.528 299.721 154.853 229.063 149.013 147.288 145.403 122.055 140.553 111.118 141.591 110.776 106.142 104.875 103.259 100.024 124.598 96.5861 258.287 91.789 89.0048 87.667 184.314 108.755
threshold=5320895.5000000009 13439690.500000002 1289243.5000000002 0.91012820601463329 0.049242423847317703 13897643.000000002 10052930.500000002 13.887499809265138 11.949999809265138 1.0000000180025095e-35 15.354166507720949 0.33337777853012091 15999.399902343752 0.26796667277812963 2347.349975585938 -0.049416434019803994 0.14339827001094821 -0.12109820172190665 1777.9000244140627 16034.600097656252 10052930.500000002 9413.7998046875018 5484.2500000000009 58.500000000000007 8779.6997070312518 0.003219696925953031 -0.026163419708609578 3196.5500488281255 -0.25411255657672877 1638.049987792969
decision_type=2 2 2 2 2 2 2 2 2 2 2 2 2 2 2 2 2 2 2 2 2 2 2 2 2 2 2 2 2 2
left_child=2 5 21 4 8 6 7 12 9 -4 18 15 -2 27 -15 16 25 -9 -3 -20 -17 22 -1 -19 26 -7 -25 28 29 -8
right_child=1 10 3 -5 -6 11 13 17 -10 -11 -12 -13 -14 14 -16 20 -18 23 19 -21 -22 -23 -24 24 -26 -27 -28 -29 -30 -31
leaf_value=-0.01139819452569758 0.0069314126378583951 0.0045769969090693821 0.0060899520753254395 0.0256783851058969 0.015771884156931544 -0.07340958538541803 -0.053729037350283851 -0.098842152489384785 0.004166408901272076 0.010615253385358866 0.0023460298990364632 0.0051482820576204472 0.021408382996289364 0.039337786542385893 0.0055091059180741309 -0.0027376609666458704 -0.014111077629749127 0.0021884249476255917 0.015211056342780138 0.0072478623265232779 -0.014111077629749127 0.06734915270210616 -0.088127495523041624 -0.049207825145858634 0.0021189333637197903 -0.033177738782122317 -0.017807222785395562 0.0010409990815757877 -0.0024839754388502632 -0.014778816989002401
leaf_weight=1549.8737216554582 28389.016617238522 23108.201490089297 23331.864941209555 1310.5426476076245 4658.3502617701888 207.31774166971445 248.58729368448257 26.137058913707733 77889.556231975555 16058.165175959468 32391.458661384881 3794.9396909847856 1845.9540607631207 374.679941162467 1450.0594391711056 10525.150837808847 563.43551866710186 18163.216115919873 5631.7290585413575 15575.575728744268 2242.3099184595048 36.710470125079155 52.848041340708733 111.41131488978863 3742.2970956154168 85.364086329936981 1679.4815553538501 22362.799036292359 18520.41879330948 638.11770957708359
leaf_count=5053 49733 40067 41439 1812 6576 852 729 107 183997 20597 88306 8909 1947 522 3489 33931 1324 56867 7421 24574 9539 54 286 452 11620 236 6568 65364 58710 1236
internal_value=0.00399546 0.00279539 0.00583725 0.00607647 0.00586538 0.00137521 0.0022567 0.00451594 0.00545862 0.0080135 0.00492391 -0.00356125 0.00781664 -0.000539667 0.0121111 -0.00598775 -0.0234059 0.000308807 0.00680796 0.00936377 -0.0048163 -0.0121327 -0.0140349 0.000426502 -0.00535588 -0.0522444 -0.0209604 -0.00109288 -0.00355159 -0.0257948
internal_weight=316566 191678 124888 123248 121938 114971 97552.2 53957.5 117280 39390 76707 17418.5 30235 43594.7 1824.74 13623.6 856.117 23722.5 44315.5 21207.3 12767.5 1639.43 1602.72 23696.4 5533.19 292.682 1790.89 41769.9 19407.1 886.705
internal_count=732317 472503 259814 254421 252609 312135 257344 127294 246033 62036 160368 54791 51680 130050 4011 45882 2412 75614 72062 31995 43470 5393 5339 75507 18640 1088 7020 126039 60675 1965
is_linear=0
shrinkage=0.05


Tree=66
num_leaves=31
num_cat=0
split_feature=6 14 24 48 48 24 48 26 16 26 15 15 21 21 25 21 21 24 15 26 50 53 46 6 44 24 24 44 44 26
split_gain=294.806 206.6 266.619 112.896 104.135 94.9 94.8192 94.7333 86.9145 65.9792 147.823 96.9686 64.29 60.5505 57.3227 54.2919 52.1168 59.2221 47.4634 54.7347 43.7907 100.691 87.6044 51.3412 43.4545 42.1465 40.2001 37.0032 36.786 32.9083
threshold=0.010366445407271387 1116.299987792969 1.0000000180025095e-35 10.535714149475099 7.5357143878936776 1.0000000180025095e-35 10.535714149475099 103.50000000000001 0.19618874788284305 12.500000000000002 925.00000000000011 1110.049987792969 16151869.500000002 1289243.5000000002 0.73922109603881847 12130922.500000002 5320895.5000000009 3211691.0000000005 649.50000000000011 11.500000000000002 -0.042407630011439316 0.21728900820016864 0.018669047392904762 -0.0063469137530773869 -0.045238096266984933 3211691.0000000005 7714069.5000000009 0.003219696925953031 -0.00946969725191593 43.500000000000007
decision_type=2 2 2 2 2 2 2 2 2 2 2 2 2 2 2 2 2 2 2 2 2 2 2 2 2 2 2 2 2 2
left_child=1 3 6 5 8 14 -3 9 15 18 12 16 13 26 -1 -2 17 -12 19 -5 21 24 23 -23 -15 -18 -11 -8 -25 -6
right_child=4 2 -4 7 29 -7 27 -9 -10 10 11 -13 -14 20 -16 -17 25 -19 -20 -21 -22 22 -24 28 -26 -27 -28 -29 -30 -31
leaf_value=0.00081708189778616387 0.0090499537440378221 0.0059658652905033895 0.0059658652905033895 0.00081708189778616387 0.0090499537440378221 0.0027978044433917926 0.0027978044433917926 -0.051615161136780011 0.01976958541998701 -0.051897530166812089 -0.068917585161782008 0.00081708189778616387 -0.068528087044062616 -0.088211419387177387 0.0027978044433917926 0.014775866095460229 -0.011897795592429747 -0.012707545592902547 0.00081708189778616387 -0.0096149090444250605 0.00081708189778616387 -0.064688848083091235 -0.00250586286613785 -0.040905019868292078 -0.01933250748336687 -0.056920865284032063 0.00081708189778616387 0.0043818348669475912 -0.016452809821017711 0.0059658652905033895
leaf_weight=27872.190930232406 6914.0843955874443 11936.738655120134 61341.521584220231 130.22366145253181 3846.7018967419863 36602.32599876821 105356.11660165526 89.942129649221897 2850.4115315154195 88.691537164151669 149.22435307502747 53.575257435441017 31.529970176517963 48.440923899412155 5473.6931453645229 2354.7272971570492 288.84456001222134 69.427317067980766 622.5903879404068 4560.9493786841631 25932.068960100412 77.331574901938438 2101.8537225648761 93.562679097056389 44.546103924512863 61.880316317081451 9.4780465960502607 7067.3789871409535 113.87313744425774 10021.6497753039
leaf_count=67812 9663 17459 119103 109 5475 67056 288572 561 3123 568 562 74 165 215 9034 2739 977 181 1022 10894 91130 306 4444 301 135 258 15 14078 224 16933
internal_value=0.00364343 0.00318653 0.00418735 0.00140826 0.0087452 0.00256346 0.0027978 -0.000929296 0.012134 -0.000794087 0.000139688 -0.0239158 0.000666369 0.000747695 0.000817082 0.00978215 -0.0322488 -0.0513465 -0.00591718 -0.00793791 0.000817082 -0.00582881 -0.00381622 -0.0303998 -0.0563163 -0.0201192 -0.0380749 0.0027978 -0.0171212 0.00596587
internal_weight=316206 290218 185702 104516 25987.6 69948.2 124360 34568 12119.2 34478.1 29164.3 622.952 28541.4 28509.8 33345.9 9268.81 569.377 218.652 5313.76 4691.17 28411.7 2479.61 2386.62 284.767 92.987 350.725 98.1696 112423 207.436 13868.4
internal_count=733188 695255 439212 256043 37933 143902 320109 112141 15525 111580 99555 2052 97503 97338 76846 12402 1978 743 12025 11003 96755 5625 5275 831 350 1235 583 302650 525 22408
is_linear=0
shrinkage=0.05


Tree=67
num_leaves=31
num_cat=0
split_feature=25 53 44 48 14 18 14 26 22 48 46 26 52 41 26 15 14 15 50 25 18 15 26 22 26 18 48 10 45 26
split_gain=348.312 202.908 189.265 132.668 206.955 130.475 124.955 174.829 157.673 115.007 94.2827 107.003 100.301 73.2969 63.5409 57.2584 52.1707 51.8543 50.2665 43.0452 42.2954 40.8733 62.3653 48.8547 39.5708 37.9664 34.745 66.2932 34.4149 45.8291
threshold=0.91012820601463329 0.64281123876571666 0.013961039017885925 11.949999809265138 1.0000000180025095e-35 199700.00000000003 236.3999938964844 12.500000000000002 1885909.0000000002 13.267857074737551 0.20239781588315967 17.500000000000004 0.76082250475883495 26396.650390625004 43.500000000000007 1858.049987792969 10329.000000000002 2012.850036621094 -0.31677702069282526 0.81589472293853771 58060.000000000007 1346.299987792969 40.500000000000007 8681399.0000000019 43.500000000000007 2149.9001464843755 5.9166667461395273 2880.099975585938 -0.046536797657608979 42.500000000000007
decision_type=2 2 2 2 2 2 2 2 2 2 2 2 2 2 2 2 2 2 2 2 2 2 2 2 2 2 2 2 2 2
left_child=1 2 3 4 -1 6 7 -5 15 21 11 -3 -13 17 -4 -8 -16 19 -12 -7 24 23 -23 25 -9 -2 -20 -28 29 -19
right_child=9 10 14 5 -6 13 8 20 -10 -11 18 12 -14 -15 16 -17 -18 28 26 -21 -22 22 -24 -25 -26 -27 27 -29 -30 -31
leaf_value=0.0029552174945767368 0.040349853636619686 -0.009687429113087169 0.010279908951689145 -0.0092790932805175055 0.0054887504029579514 -0.079642918300435725 0.0029552174945767368 0.00056833027498379499 0.0029552174945767368 0.010279908951689145 -0.009687429113087169 -0.13377596134152497 -0.024078013461008588 -0.075627273377042378 0.0054887504029579514 0.00056833027498379499 0.010279908951689145 -0.029280869352105755 0.010279908951689145 -0.0092790932805175055 -0.0092790932805175055 0.035707220461929146 0.016965335119121936 0.050610888257158627 -0.0041768438826997878 0.016965335119121936 0.00029623991930098766 0.0084916787814737337 -0.0092790932805175055 -0.092604114137018287
leaf_weight=64571.081870958209 176.96443259716034 66.405642002820969 6988.0375343114138 4371.6621319800615 32659.635929062963 50.330122701823711 17747.61440173164 17444.326203107834 62292.994562473148 1485.1534255817533 72.360621869564056 34.855656281113625 50.502895653247833 53.260689929127693 4919.6480092480779 79726.046581076458 2965.722437210381 19.7720597833395 4947.6657176688313 11.390520811080931 215.04512410610914 1091.4235489368439 189.66542792320251 108.4230272769928 4456.8198864646256 1275.589486092329 2228.6282790750265 4581.6240313947201 486.26228203997016 32.406036615371704
leaf_count=135568 170 78 11129 10598 48203 254 46906 58472 141266 3587 169 154 107 310 10125 220638 5247 24 5678 16 1105 1000 302 88 18488 1869 3445 5726 1564 138
internal_value=0.00333552 0.00313943 0.00288373 0.00259588 0.00409383 0.0018166 0.00189495 -0.0012856 0.00242226 0.0174204 0.009519 -0.029398 -0.0709097 -0.0204531 0.00838162 0.000831624 0.00548875 -0.0153218 0.0100231 -0.058008 0.000533833 0.0236508 0.0302835 0.0181755 0.00056833 0.0169653 0.0102799 0.00670345 -0.0102322 -0.0492826
internal_weight=315321 310994 299012 284139 97230.7 186908 186255 26487.9 159767 4327.22 11982 151.764 85.3586 653.422 14873.4 97473.7 7885.37 600.161 11830.3 61.7206 22116.2 2842.07 1281.09 1560.98 21901.1 1452.55 11757.9 6810.25 538.44 52.1781
internal_count=732424 725408 710051 683550 183771 499779 497473 88663 408810 7016 15357 339 261 2306 26501 267544 15372 1996 15018 270 78065 3429 1302 2127 76960 2039 14849 9171 1726 162
is_linear=0
shrinkage=0.05


Tree=68
num_leaves=31
num_cat=0
split_feature=24 21 21 44 22 21 48 45 49 15 53 53 14 17 41 51 14 53 26 15 36 45 48 44 21 25 17 26 22 16
split_gain=275.821 269.44 340.446 230.814 172.437 234.833 334.832 171.183 142.935 126.823 123.532 189.913 182.07 127.237 110.722 110.057 107.314 200.716 106.897 119.242 138.409 104.511 104.451 129.754 102.67 190.197 101.076 96.5267 94.9171 90.8625
threshold=7714069.5000000009 5320895.5000000009 12130922.500000002 0.027597402222454551 13897643.000000002 10052930.500000002 13.887499809265138 0.41161616146564489 0.073747340589761748 1213.799987792969 0.43321153521537786 0.48819473385810858 3883.4499511718755 0.062364777550101287 3163.0500488281255 -0.03141376189887523 127.40000152587892 0.27455797791481024 11.500000000000002 2576.9499511718755 4.5000000000000009 -7.2386362552642813 15.354166507720949 -0.39069265127182001 1289243.5000000002 0.24999500066041949 0.26796667277812963 101.50000000000001 13897643.000000002 0.21224333345890048
decision_type=2 2 2 2 2 2 2 2 2 2 2 2 2 2 2 2 2 2 2 2 2 2 2 2 2 2 2 2 2 2
left_child=1 3 4 8 5 6 9 22 24 -3 26 12 14 -14 21 27 17 -6 -11 -20 -21 -12 -4 -24 25 -1 -7 -8 -2 -13
right_child=28 2 7 -5 16 10 15 -9 -10 18 11 29 13 -15 -16 -17 -18 -19 19 20 -22 -23 23 -25 -26 -27 -28 -29 -30 -31
leaf_value=-0.031762123947379386 0.01449117710964388 0.0027235544628361995 0.0055868502189874852 0.015074464542338553 -0.0084959088898862358 -0.001589515328585893 -0.010531088447421202 0.013584529414249983 0.0096590412246473131 0.032851908503619763 -0.10311729401649024 -0.0097048560748663124 -0.036580871571904094 0.00078254077732447006 -0.11952065405029098 -0.0001975969091544212 -0.0019994900915753038 -0.054727447492204984 0.013473458180917056 0.0036123417194171082 0.027234754672869062 -0.036580871571904094 -0.022552397867964979 0.0021463368221565997 0.0040390002781716889 0.0066467379603926263 0.011587073125759104 -0.08677892712337805 0.0030134251696849641 0.012470410443625044
leaf_weight=567.92157177999616 7293.0877488404512 10988.301536619663 39057.875154197216 5355.9171845391393 4575.2384919337928 36668.988022187725 2123.9377681016922 4827.803309880197 11845.920687519014 468.37682427465916 62.656839489936829 1741.7560889869928 104.35496832430363 443.63673377037048 62.147017821669579 21067.622849969193 11614.452668804675 245.58698788285255 7498.6173183694482 9484.9525065273046 661.56775673478842 209.14741866290569 538.97657954692841 31225.684553861618 101906.1740497835 740.60571090877056 1513.5687847733498 40.386388972401619 2393.4359233006835 626.52706350386143
leaf_count=2576 11040 21977 65675 7757 18140 116561 5122 6211 16504 460 257 3091 330 747 262 69613 33827 755 11005 15955 832 510 1265 86123 224120 2176 3588 170 5463 794
internal_value=0.00335024 0.00308746 0.00189369 0.00492988 0.000120622 0.000948694 0.00317506 0.00447649 0.0044574 0.00674822 -0.00186344 -0.0112179 -0.0309956 -0.0131732 -0.0599886 -0.00130111 -0.00460323 -0.0108728 0.00932097 0.00869271 0.00515762 -0.0456032 0.00385525 0.00172586 0.00386024 -0.0100463 -0.00106661 -0.0120327 0.0116564 -0.00383284
internal_weight=315955 306269 185852 120417 110202 93766.5 52333.8 75650.3 115061 29101.8 41432.8 3250.23 881.943 547.992 333.951 23231.9 16435.3 4820.83 18113.5 17645.1 10146.5 271.804 70822.5 31764.7 103215 1308.53 38182.6 2164.32 9686.52 2368.28
internal_count=732906 716403 463270 253133 303996 251274 125134 159274 245376 50229 126140 5991 2106 1077 1029 74905 52722 18895 28252 27792 16787 767 153063 87388 228872 4752 120149 5292 16503 3885
is_linear=0
shrinkage=0.05


Tree=69
num_leaves=31
num_cat=0
split_feature=30 21 26 21 21 26 45 16 21 14 14 48 48 41 48 16 53 14 14 41 41 13 37 41 37 51 30 41 14 48
split_gain=203.309 202.36 189.297 183.438 177.521 189.542 174.331 224.109 170.707 164.484 160.999 140.914 134.883 160.244 130.57 112.43 124.572 110.465 107.795 104.079 93.737 90.2158 86.4966 82.7716 80.8619 80.0544 78.4365 77.4311 114.692 75.7339
threshold=32.72575759887696 5320895.5000000009 65.500000000000014 13439690.500000002 10052930.500000002 43.500000000000007 -8.806818485260008 0.017651307396590713 1289243.5000000002 4546.9499511718759 4813.5500488281259 15.354166507720949 18.535714149475101 2347.349975585938 20.44999980926514 0.17454272508621219 0.41960372030735021 127.40000152587892 17500.849609375004 15991.050292968752 4136.8999023437509 4.5000000000000009 3072.650024414063 10779.799804687502 5677.8000488281259 -1.0000000180025095e-35 0.28804478049278265 9269.0000000000018 6448.8498535156259 5.9166667461395273
decision_type=2 2 2 2 2 2 2 2 2 2 2 2 2 2 2 2 2 2 2 2 2 2 2 2 2 2 2 2 2 2
left_child=1 2 8 4 5 17 7 -6 -1 20 12 -5 -4 -14 18 16 -8 25 27 -16 26 23 -17 -12 -21 -3 -10 28 -7 -2
right_child=29 3 10 11 6 14 15 -9 9 -11 21 -13 13 -15 19 22 -18 -19 -20 24 -22 -23 -24 -25 -26 -27 -28 -29 -30 -31
leaf_value=-0.01290471060989333 0.018466583280279027 -0.015434385078671632 -0.0073468460096620565 0.00547805868661574 -0.089429693998615931 -0.0039488621634478005 -0.0023331856902377257 -0.014264859388668699 0.0032100904271675449 0.0071960603472024688 0.0026407049585449815 0.0010940574856151866 -0.019905036087640729 -0.065007377597737781 -0.0065272846514336713 0.0071960603472024688 -0.012541032800725771 0.0061848463950272183 0.0071960603472024688 -0.067574859071407534 -0.0049962882316534271 0.0071960603472024688 -0.00021207402188509264 -0.0069512840255048823 -0.016601090036751445 0.0016182875013230535 0.0055100236682998375 -0.0039488621634478005 0.0030915129461080329 0.007357159843936205
leaf_weight=1310.3452582582831 2509.9031758010387 719.96991829574108 983.51362370699644 42665.245522007346 111.22780191898346 6047.4037930816412 31332.711332159117 809.44797630608082 59707.656492687762 34382.606870472431 4627.201338455081 32136.430370531976 462.78352200612426 250.80222786962986 4904.9120642766356 4341.6668580025434 1536.1859893798828 25361.792979260907 2585.2910660691559 120.99996799230576 2889.5606037527323 3809.8499667905271 7395.3796224035323 4249.8169640861452 216.87627490051091 14731.741861220449 9327.777703627944 6405.7363189905882 4796.8382964879274 3953.4481293708086
leaf_count=4306 2620 1829 2341 70568 411 15540 102751 1606 128382 67902 11346 87983 2691 1303 22999 10990 3195 56851 5582 671 6364 7960 21517 11563 1181 37450 13582 15555 10240 5177
internal_value=0.00290056 0.00271648 0.00429929 0.00167947 0.000393631 0.00205256 -0.00200735 -0.0235198 0.00501931 0.00524048 -0.00108776 0.00359468 -0.0155415 -0.0324632 -0.00136845 -0.0015623 -0.00306229 0.00415458 0.000486618 -0.00838434 0.00382399 0.000847839 0.00263814 -0.00191465 -0.035146 0.000821826 0.0041933 -0.00101303 0.00166895 0.0116756
internal_weight=314685 308222 122002 186220 111418 65891.6 45526.6 920.676 107618 106308 14384 74801.7 1697.1 713.586 25078.1 44605.9 32868.9 40813.5 19835.3 5242.79 71925 12686.9 11737 8877.02 337.876 15451.7 69035.4 17250 10844.2 6463.35
internal_count=732456 724659 257740 466919 308368 167898 140470 2017 220536 216230 37204 158551 6335 3994 71768 138453 105946 96130 46917 24851 148328 30869 32507 22909 1852 39279 141964 41335 25780 7797
is_linear=0
shrinkage=0.05


Tree=70
num_leaves=31
num_cat=0
split_feature=22 24 24 15 18 15 21 26 18 24 53 14 26 14 26 15 15 50 36 41 24 14 45 26 48 21 44 50 16 52
split_gain=206.401 447.826 412.618 229.29 193.881 179.311 171.607 236.891 198.829 165.315 162.98 162.432 162.264 151.094 147.022 115.765 110.285 109.932 109.211 104.938 100.023 114.417 113.391 99.0927 121.197 92.729 92.5616 92.1729 94.0051 91.4837
threshold=13897643.000000002 1.0000000180025095e-35 3211691.0000000005 1686.4500122070315 39610.000000000007 6585.5498046875009 10052930.500000002 33.500000000000007 8010.0000000000009 7714069.5000000009 0.5249486267566682 3196.5500488281255 14.500000000000002 7564.1000976562509 11.500000000000002 10925.649902343752 14673.199707031252 -0.10753119364380835 10.500000000000002 6135.8000488281259 7714069.5000000009 20793.000000000004 0.22916667163372043 41.500000000000007 12.354166507720949 15089427.500000002 0.40922078490257269 -0.10883838310837744 0.027506683953106407 0.84313055872917186
decision_type=2 2 2 2 2 2 2 2 2 2 2 2 2 2 2 2 2 2 2 2 2 2 2 2 2 2 2 2 2 2
left_child=1 4 11 9 6 12 7 8 -1 10 17 -3 19 -7 -5 20 18 -4 26 -6 21 22 -16 25 -25 -19 -2 28 -14 -12
right_child=16 2 3 14 5 13 -8 -9 -10 -11 29 -13 27 -15 15 -17 -18 23 -20 -21 -22 -23 -24 24 -26 -27 -28 -29 -30 -31
leaf_value=0.018537159168463029 -0.00013376925576958981 0.0091853652748004107 -0.026680724346899866 0.031847149947988172 -0.0030931903802790374 -0.039942454361248214 0.0022001413901543338 0.0022001413901543338 0.0071597372065078484 0.010138694463638846 -0.031340352937403386 0.017647930466001157 -0.058302178418053074 -0.0067580085026134233 0.0048925832942874623 -0.024327368014523284 -0.039519078922195458 -0.00092022534684956967 0.052225951479415104 -0.050518604127200897 0.018367062585717905 0.022063562939774642 0.014050521765603997 0.014477680157920914 -0.0099789232155873282 0.0054308514303825972 0.014262913098521086 0.0022001413901543338 -0.006442953228817383 0.018787971855767274
leaf_weight=4714.2396261617541 46267.254957411438 18118.329808332026 388.2315564006567 616.18294154107571 16129.27682068944 379.75116439908743 45237.562253072858 19055.20902358368 20705.279461793602 5174.8059272021055 94.927293255925179 8259.1061529144645 90.137092426419258 3396.8923364598304 23292.600530952215 286.34442266821861 172.31425931677222 16993.840732514858 99.13964981585741 115.50068165361881 1978.1391508430243 1161.9360073432326 2711.0954149663448 580.01757073402405 3915.1211378052831 8681.8960046172142 1142.0735186263919 62720.993637882173 1715.8767330348492 1545.9705446511507
leaf_count=7197 130306 32111 843 533 35238 1618 116618 46284 39371 8304 213 11999 255 11874 42842 734 651 37122 91 357 2720 1670 3357 795 11843 16737 1749 164282 2982 1746
internal_value=0.00320986 0.00374902 0.00653454 0.00446004 0.00224961 0.000531632 0.00386865 0.00610675 0.00927106 0.00184549 0.000512154 0.0118362 0.00102964 -0.0101142 0.00771197 0.00720452 0.000178718 -0.00031259 0.000324361 -0.00343656 0.00751597 0.00672453 0.00603748 2.84547e-05 -0.0068182 0.00122756 0.000213629 0.00215408 -0.00909285 0.0158534
internal_weight=315740 268059 93798.5 67421.1 174261 84548.4 89712.3 44474.7 25419.5 37374.8 32200 26377.4 80771.8 3776.64 30046.3 29430.1 47680.8 30559.1 47508.5 16244.8 29143.8 27165.6 26003.7 30170.9 4495.14 25675.7 47409.3 64527 1806.01 1640.9
internal_count=732442 599645 173569 129459 426076 216606 209470 92852 46568 77603 69299 44110 203114 13492 51856 51323 132797 67340 132146 35595 50589 47869 46199 66497 12638 53859 132055 167519 3237 1959
is_linear=0
shrinkage=0.05


Tree=71
num_leaves=31
num_cat=0
split_feature=48 36 26 13 26 26 14 26 37 41 17 41 26 41 53 16 53 37 48 48 37 50 21 49 41 49 36 37 37 17
split_gain=182.035 364.083 538.948 145.204 113.256 112.469 199.223 179.06 159.737 216.827 116.809 103.215 100.315 94.9127 81.3579 80.6517 91.4194 78.1485 70.3089 69.9607 67.7777 67.7555 106.513 63.3581 68.8757 60.8714 59.7162 57.7757 119.233 79.8257
threshold=11.949999809265138 1.5000000000000002 33.500000000000007 3.5000000000000004 8.5000000000000018 43.500000000000007 6135.8000488281259 12.500000000000002 1110.049987792969 3845.900024414063 0.017136299051344398 5352.4001464843759 103.50000000000001 26396.650390625004 0.1410496607422829 0.24210300296545031 0.26662230491638189 2888.150024414063 7.5357143878936776 19.612500190734867 3013.650024414063 -0.072723474353551851 5320895.5000000009 0.036641413345932967 5746.1000976562509 0.38597455620765692 2.5000000000000004 6206.0500488281259 5129.8498535156259 0.18689128756523135
decision_type=2 2 2 2 2 2 2 2 2 2 2 2 2 2 2 2 2 2 2 2 2 2 2 2 2 2 2 2 2 2
left_child=1 15 4 25 -3 7 10 8 -2 -10 11 12 21 -9 -5 -1 -17 23 -16 -8 -19 22 -7 24 -13 -4 -6 28 -11 -29
right_child=5 2 3 14 26 6 19 13 9 27 -12 17 -14 -15 18 16 -18 20 -20 -21 -22 -23 -24 -25 -26 -27 -28 29 -30 -31
leaf_value=0.0032221316987432374 -0.0091254491473436814 0.043310382981900472 0.0032221316987432374 0.022455189601622974 0.018145904796384754 -0.01728819668501079 0.0032221316987432374 0.0032221316987432374 0.0032221316987432374 -0.011476217000484337 -0.00016781821411434653 -0.033808693892359278 -0.054297674741681845 -0.048304301077563894 0.019070806836685529 0.033596264550393759 0.0091837423203630399 -0.0033341612787881228 0.0081261267355579852 -0.00012215243483528691 -0.083845177014793867 -0.0043632778517887424 -0.070231384550420287 -0.0033341612787881228 -0.084735931886778582 0.0081261267355579852 0.032538474879542638 -0.026499022538468378 0.0032221316987432374 0.0014939261228417036
leaf_weight=83812.704027891159 4985.1602417230606 615.25706735253334 15262.988520294428 1560.1437964588404 4262.6664050593972 148.92152847349644 41302.780197653919 88966.450162889436 13194.218740656972 2565.9814799278975 18862.717325001955 239.67546419799328 102.0343588963151 114.4868106674403 1510.7656865119934 472.4902680516243 1046.7317347228527 148.11297212541103 3009.0443302541971 16628.978437090293 24.910902574658394 10900.18926230073 108.6851262524724 93.10051004588604 92.994886286556721 2123.0313981026411 871.20116566866636 812.36702425777912 1166.5533752888441 370.2593267261982
leaf_count=164034 11726 444 23623 2053 5388 266 92584 231250 23825 5721 53467 823 633 482 1629 421 1430 338 4513 58790 112 40113 401 177 420 2499 842 2093 2128 732
internal_value=0.00288047 0.00447104 0.00932699 0.00596451 0.0230446 0.00197322 0.000642205 0.0030251 -0.0012018 0.000980198 -0.00261254 -0.0065005 -0.005422 0.00322213 0.0126144 0.00322213 0.0151454 -0.0266953 0.00920916 0.00236823 -0.00333416 -0.0049654 -0.0302131 -0.0383093 -0.0484662 0.00363783 0.0206 -0.00812501 -0.00506841 -0.0177472
internal_weight=315376 114547 29215.1 23466 5749.12 200829 88653.1 112175 23094.5 18109.4 30721.3 11858.6 11259.8 89080.9 6079.95 85331.9 1519.22 598.795 4519.81 57931.8 173.024 11157.8 257.607 425.771 332.67 17386 5133.87 4915.16 3732.53 1182.63
internal_count=732957 206876 40991 34317 6674 526081 248124 277957 46225 34499 96750 43283 41413 231732 8195 165885 1851 1870 6142 151374 450 40780 667 1420 1243 26122 6230 10674 7849 2825
is_linear=0
shrinkage=0.05


Tree=72
num_leaves=31
num_cat=0
split_feature=25 24 24 22 25 15 14 21 49 14 21 18 18 15 26 15 24 46 15 26 49 41 18 18 15 14 26 26 18 14
split_gain=245.55 263.001 512.183 266.078 242.671 169.511 302.134 147.924 153.481 142.249 145.94 120.592 114.712 145.758 208.131 113.46 111.92 117.417 171.065 110.961 108 101.662 99.4274 93.9216 89.3688 83.8053 86.0038 83.4279 98.3218 105.022
threshold=0.91012820601463329 1.0000000180025095e-35 3211691.0000000005 8681399.0000000019 0.01668212749063969 6472.3000488281259 7627.6999511718759 10052930.500000002 0.085602473467588439 2716.0500488281255 13439690.500000002 140100.00000000003 27670.000000000004 1144.7000122070315 58.500000000000007 7885.3999023437509 7714069.5000000009 0.018669047392904762 10925.649902343752 44.500000000000007 -0.010152646806091068 3036.9499511718755 2149.9001464843755 60000.900390625007 2493.849975585938 1.0000000180025095e-35 21.500000000000004 43.500000000000007 38060.000000000007 5183.5000000000009
decision_type=2 2 2 2 2 2 2 2 2 2 2 2 2 2 2 2 2 2 2 2 2 2 2 2 2 2 2 2 2 2
left_child=1 5 -3 4 16 7 -7 8 12 10 19 -12 -1 14 -14 23 17 18 20 24 -4 -11 -2 -8 -9 -22 -27 28 29 -23
right_child=22 2 3 -5 -6 6 15 9 -10 21 11 -13 13 -15 -16 -17 -18 -19 -20 -21 25 27 -24 -25 -26 26 -28 -29 -30 -31
leaf_value=0.0049084340543300332 0.038777745857566499 0.0085113607124141424 -0.018310478692915289 -0.0013699905311641378 0.00848549780202844 -0.035958918668268509 0.0085113607124141424 -0.004873169110359064 0.0078346245592888098 0.0085113607124141424 -0.00056928781259008921 -0.054643187890500794 -0.0035548427055160621 0.0019784342864630935 -0.048968492016249983 -0.010273226918228831 0.0052356936799271021 0.0052356936799271021 -0.064200231379453909 -0.066201944152107284 -0.003406958112073226 0.0032946072689129212 0.012137544744729049 -0.0092598335042108054 -0.021993195272067733 0.0023197976799487112 -0.00065010198752631131 -0.00056928781259008921 -0.00015481974086538482 0.0085113607124141424
leaf_weight=20436.694350078702 383.90505009889603 37382.057390108705 815.20798924565315 34108.489385847002 21136.494058974087 788.96042152494192 1669.020658865571 17307.985225193202 13140.7639606148 2923.7413636371493 12985.319594323635 122.27523423731327 9437.4005980119109 45788.179013520479 257.24347160384059 2490.7643603049219 5758.9976058900356 8266.3534706011415 103.35148404538631 73.938490062952042 10792.180386245251 6304.0006037056446 3859.3450744822621 854.20772098004818 795.63599865138531 4116.0741807073355 14943.871677927673 23341.140376761556 10206.08162881434 4149.1109189093113
leaf_count=43291 421 70924 1984 96270 36261 3140 4131 56922 19523 6912 26158 409 21369 116783 1460 9582 9142 12971 381 581 20795 15377 6596 2707 2630 6012 39550 65389 26328 8612
internal_value=0.00262111 0.00245779 0.00409085 0.00221508 0.00406971 0.00116108 -0.00723861 0.00145256 0.00284591 -0.000134139 -0.00274557 -0.000569288 0.00198224 0.000799183 -0.00476973 -0.00270688 0.00198589 0.00084391 -0.000596098 -0.00588157 -0.000377574 0.00160699 0.0145649 0.00476433 -0.00562792 0.000113335 0.00210675 0.000986935 0.00333617 0.00674403
internal_weight=314739 310496 137423 100041 65932.5 173072 5802.95 167270 89060.3 78209.2 31285.2 13107.6 75919.5 55482.8 9694.64 5013.99 44796 39037 30770.7 18177.6 30667.3 46924.1 4243.25 2523.23 18103.6 29852.1 19059.9 44000.3 20659.2 10453.1
internal_count=732611 725594 294290 223366 127096 431304 19560 411744 202426 209318 86700 26567 182903 139612 22829 16420 90835 81693 68722 60133 68341 122618 7017 6838 59552 66357 45562 115706 50317 23989
is_linear=0
shrinkage=0.05


Tree=73
num_leaves=31
num_cat=0
split_feature=24 48 14 53 15 41 36 49 16 41 15 22 53 48 50 36 15 41 50 44 17 15 15 44 24 49 24 49 41 50
split_gain=297.406 203.05 353.138 770.238 127.769 157.781 120.757 116.646 110.705 99.4545 99.3023 97.6831 81.5336 79.6866 102.652 79.7345 86.5391 95.5536 79.3375 99.8718 72.8035 70.2632 147.102 93.3649 59.8307 58.8409 58.5824 80.2036 73.377 58.418
threshold=7714069.5000000009 11.949999809265138 1.0000000180025095e-35 0.074434850364923491 925.00000000000011 2479.650024414063 5.5000000000000009 0.52779263257980358 0.090694513171911254 236.3999938964844 10040.350097656252 3910147.0000000005 0.21728900820016864 15.354166507720949 -0.11203766986727713 2.5000000000000004 1241.6499633789065 2215.400024414063 -0.11716270074248313 0.78825759887695324 0.12459666654467584 3153.849975585938 2989.900024414063 -2.727012991905212 3211691.0000000005 0.085602473467588439 3211691.0000000005 -0.0028176502091810103 44331.101562500007 -0.062016839161515229
decision_type=2 2 2 2 2 2 2 2 2 2 2 2 2 2 2 2 2 2 2 2 2 2 2 2 2 2 2 2 2 2
left_child=1 2 -1 9 5 6 18 12 -7 -4 11 13 -5 -6 -15 16 17 -16 19 -3 26 22 23 -17 -20 -24 28 -28 -12 -23
right_child=-2 4 3 7 10 8 -8 -9 -10 -11 20 -13 -14 14 15 21 -18 -19 24 -21 -22 29 25 -25 -26 -27 27 -29 -30 -31
leaf_value=0.0027615585459075174 0.011232341446226753 -0.10531855919603027 0.037961214455935526 0.0095957796392847159 0.0027615585459075174 -0.077925261180436162 -0.057845230254687366 0.014037702180567095 -0.01112625485747388 0.021240060373968903 -0.010257367178313057 0.0027615585459075174 0.0051538570980023393 -0.096630715033542369 -0.0038784315421350221 -0.047137665845010335 0.0013803386726670081 -0.033891021895051755 0.0017074934739203123 -0.026629322741674056 -4.7707441372064808e-05 -0.048296005182513722 -0.030309599168353366 -0.0030430792036453026 -0.0026879841169574017 0.0013803386726670081 -0.090932417604716709 -0.025172431862348701 -0.075411614089052503 0.0011776602220218667
leaf_weight=62268.05879946053 9790.7293919697404 46.578949809074402 1090.6499521583319 5964.9003828465939 36975.167908132076 109.98049358651042 91.636425249278545 3694.6076811477542 140.81349296867847 4899.8814919143915 341.74613053351641 58103.312526337802 31550.700779937208 25.473030775785446 1191.8464799299836 119.4549562484026 45765.134143508971 339.35073647648096 13253.318100158125 26.26728393137455 907.71369993872941 43.175777599215508 743.65937958657742 10455.149323970079 18611.909444842488 118.61108270287514 50.998763054609299 403.03729209303856 43.174231175333261 8283.8355800434947
leaf_count=131439 16596 198 1174 9003 69908 602 489 4255 443 5928 1250 126493 47511 105 3780 340 137320 1306 41278 22 3450 147 2903 33908 64760 242 223 1372 264 26440
internal_value=0.00265509 0.00238028 0.00410549 0.00754616 0.00141763 -0.00145757 -0.00114695 0.00515386 -0.0408043 0.024296 0.00198388 0.00211165 0.00515386 0.00102804 -8.81201e-07 3.87047e-05 0.00115321 -0.0105655 -0.000980661 -0.0523988 -0.00986766 -0.00262823 -0.00517172 -0.00355001 -0.000859834 -0.0250057 -0.020467 -0.0329252 -0.0102574 0.000865575
internal_weight=315451 305660 109469 47200.7 196191 32280.5 32029.7 41210.2 250.794 5990.53 163911 162164 37515.6 104061 67085.7 67060.2 47296.3 1531.2 31938.1 72.8462 1746.67 19763.9 11436.9 10574.6 31865.2 862.27 838.956 454.036 384.92 8327.01
internal_count=733149 716553 199310 67871 517243 107792 106747 60769 1045 7102 409451 402892 56514 276399 206491 206386 142406 5086 106258 220 6559 63980 37393 34248 106038 3145 3109 1595 1514 26587
is_linear=0
shrinkage=0.05


Tree=74
num_leaves=31
num_cat=0
split_feature=22 24 24 25 7 25 14 15 25 24 2 15 15 15 17 50 53 26 17 14 26 26 49 26 26 30 44 17 24 6
split_gain=231.215 344.463 408.267 231.102 256.772 178.055 162.039 123.397 111.608 110.753 109.661 111.251 106.784 105.125 122.443 99.0078 93.4687 92.6929 91.3644 84.4987 82.0303 165.589 75.4008 72.5736 69.2597 67.0621 65.8919 75.1114 76.3201 131.052
threshold=13897643.000000002 1.0000000180025095e-35 3211691.0000000005 0.01668212749063969 9.5000000000000018 0.91012820601463329 3545.2500000000005 2042.4500122070315 0.90019154548645031 7714069.5000000009 2.5000000000000004 1656.2500000000002 2511.650024414063 8882.4497070312518 0.052870526909828193 0.080915343016386046 0.10428143292665483 42.500000000000007 0.095305442810058608 18430.650390625004 26.500000000000004 40.500000000000007 -0.10132575780153273 80.500000000000014 178.50000000000003 18.721472740173343 0.40922078490257269 0.046874064952135093 1.0000000180025095e-35 -0.26585733890533442
decision_type=2 2 2 2 2 2 2 2 2 2 2 2 2 2 2 2 2 2 2 2 2 2 2 2 2 2 2 2 2 2
left_child=1 5 6 7 -5 13 23 9 26 10 11 22 -8 15 -15 24 19 -7 -6 -16 -13 -22 -4 -3 -1 -17 27 28 29 -2
right_child=8 2 3 4 18 17 12 -9 -10 -11 -12 20 -14 14 16 25 -18 -19 -20 -21 21 -23 -24 -25 -26 -27 -28 -29 -30 -31
leaf_value=0.0011104979557219799 -0.11325875213047193 0.0082572665591510684 -0.033548120610084428 0.020407985818398009 0.0043772120831274209 0.017833362889431124 0.025868277564652549 0.0043772120831274209 0.028175790384083743 0.0043772120831274209 0.0043772120831274209 -0.0080977673264178186 0.012910695227602824 -0.076666096977365372 -0.019914262311105616 0.0033824250195061689 -0.030011615748571599 0.006948566049083631 0.010733901181807642 0.006948566049083631 -0.10832745151941579 -0.021549889112223913 -0.0018278139342685091 -0.056257799111097698 -0.079531278470090283 0.006948566049083631 0.01100288388003802 0.0021415713099124435 -0.0020025035236156479 -0.010696619376000053
leaf_weight=156049.73303997517 29.724075838923454 18438.900877058506 186.75940525531769 3276.4190097600222 12314.760805889964 2913.8476859629154 2267.0730738639832 11748.678691536188 325.44725003093481 4762.5766676068306 2514.3522816449404 564.53256256878376 5348.5902387201786 68.039584707468748 371.14319011941552 4859.2210421562195 374.87035790830851 683.24847593158484 5965.9747313335538 611.47799715586007 67.182176381349564 275.52239182591438 25144.563192658126 41.725945234298706 24.630564458668232 7956.3492588996887 1093.4693439751863 11268.392518989742 32884.909730177373 1802.7305817380548
leaf_count=395166 129 32625 443 4216 22980 4393 2854 20574 486 7891 3526 1148 8238 430 1788 8539 1000 1740 9929 2787 277 702 57790 158 117 10630 1725 25478 96829 7998
internal_value=0.00230358 0.00287525 0.00533299 0.00326159 0.00752219 0.00156209 0.0106363 0.00123223 -0.000914174 -0.000372839 -0.00161699 -0.00268128 0.0167738 0.00132951 -0.0121821 0.00144369 -0.008842 0.0125676 0.00521072 -0.000721226 -0.0198656 -0.0390912 -0.00206431 0.00810553 0.00109675 0.0056681 -0.00111645 -0.0014051 -0.00255632 -0.0124819
internal_weight=314235 266830 92917.6 66821.3 21557.2 173913 26096.3 45264.2 47404.7 33515.5 28752.9 26238.6 7615.66 170315 1425.53 168890 1357.49 3597.1 18280.7 982.621 907.237 342.705 25331.3 18480.6 156074 12815.6 47079.2 45985.8 34717.4 1832.45
internal_count=732586 599941 173351 129476 37125 426590 43875 92351 132645 71777 63886 60360 11092 420457 6005 414452 5575 6133 32909 4575 2127 979 58233 32783 395283 19169 132159 130434 104956 8127
is_linear=0
shrinkage=0.05


Tree=75
num_leaves=31
num_cat=0
split_feature=25 48 14 53 15 41 15 24 24 51 36 50 52 24 44 15 14 41 14 17 17 21 48 15 53 17 53 50 45 21
split_gain=228.808 173.022 377.492 155.945 129.783 248.288 113.128 95.55 72.6853 76.6336 66.0335 57.6906 70.5359 67.7486 58.5738 57.1506 145.793 230.035 80.4137 79.4584 61.645 56.9531 56.76 66.3444 55.7965 55.5165 52.9381 52.7819 75.3091 112.005
threshold=0.91012820601463329 10.775000095367433 1.0000000180025095e-35 0.21728900820016864 856.89999389648449 1534.7000122070315 14673.199707031252 1.0000000180025095e-35 1.0000000180025095e-35 -0.01360551221296191 4.5000000000000009 -0.036368066444993012 0.33405484259128576 3211691.0000000005 -0.018398268148303028 3937.0500488281255 8530.6000976562518 6448.8498535156259 7627.6999511718759 0.19119916111230853 0.10876413807272912 10052930.500000002 14.348484516143801 1552.4500122070315 0.22612530738115313 0.11598249897360803 0.133181206882 -0.10753119364380835 -1.0886363983154295 10052930.500000002
decision_type=2 2 2 2 2 2 2 2 2 2 2 2 2 2 2 2 2 2 2 2 2 2 2 2 2 2 2 2 2 2
left_child=1 2 -1 -4 5 10 7 15 -8 -10 11 12 14 -13 24 27 17 -17 21 -20 -18 -19 23 -2 -3 -7 -12 28 29 -6
right_child=22 4 3 -5 6 25 8 -9 9 -11 26 13 -14 -15 -16 16 20 18 19 -21 -22 -23 -24 -25 -26 -27 -28 -29 -30 -31
leaf_value=0.0026040595877669681 0.013026281926696418 -0.060337692768981467 0.008010328162078072 0.0052206341003997936 -0.014429623262177291 -0.042945889163156975 -0.059966439949841605 0.0026040595877669681 -0.089893267493021289 -0.0017929831787616892 -0.013667809692813775 0.0026040595877669681 -0.0039332344584302893 -0.0019564062550101453 -0.010863662231001462 -0.001833688377191574 -0.0014708953736083331 -0.022791512437440056 -0.017938052448236982 -0.001833688377191574 0.0026040595877669681 -0.048169588185710634 0.008010328162078072 0.027084953325526767 -0.021559082559625072 0.0026040595877669681 -0.066179381139817514 0.0017587112911982919 -0.0038846827972753954 -0.0546048037751658
leaf_weight=64441.040514692664 1647.9779291823506 114.08463615179062 9946.3730401098728 30476.818019710481 290.3599010258913 428.76484625041485 107.46872284263372 55150.816632606089 25.639911592006683 231.59407962113619 248.57510174065828 11922.883688058704 1581.6546696200967 19359.784482743591 516.999167971313 8112.5565174743533 9929.0852091610432 367.79565870016813 1788.8590532392263 347.43919757008553 7991.1857399269938 324.38291745632887 1441.9646313488483 1201.9393330514431 488.81868384033442 26.117695890367031 58.000990360975266 85299.346720512956 550.15339469909668 206.0819905847311
leaf_count=135246 2389 454 12938 44194 488 1788 872 111813 112 702 1120 37479 3283 66055 1261 22792 28996 1301 5964 877 22296 1614 3489 1265 1252 72 228 221000 929 595
internal_value=0.00235812 0.0021995 0.00385207 0.00783721 0.00135604 -0.00142938 0.00192295 0.00198264 -0.0258191 -0.0112002 -0.000941466 -0.000732352 -0.00773973 -0.000126742 -0.0177941 0.000977857 -0.000948305 -0.0054958 -0.0178033 -0.012983 0.00182843 -0.0326 0.0138212 0.0180422 -0.0290722 -0.0380455 -0.023967 0.00162169 -0.00952808 -0.0249746
internal_weight=314625 310333 104864 40423.2 205468 34745.7 170723 170358 364.703 257.234 34290.8 33984.2 2701.56 31282.7 1119.9 115207 28861.3 10941 2828.48 2136.3 17920.3 692.179 4291.88 2849.92 602.903 454.883 306.576 86345.9 1046.6 496.442
internal_count=732864 725721 192378 57132 533343 112992 420351 418665 1686 814 111132 109784 6250 103534 2967 306852 83840 32548 9756 6841 51292 2915 7143 3654 1706 1860 1348 223012 2012 1083
is_linear=0
shrinkage=0.05


Tree=76
num_leaves=31
num_cat=0
split_feature=21 24 21 45 44 48 24 25 7 21 48 49 45 50 36 14 37 50 21 41 25 36 49 45 18 52 49 28 37 22
split_gain=210.353 209.928 196.057 184.43 171.672 158.948 116.144 269.86 168.514 150.294 152.756 142.993 121.38 109.054 105.419 101.895 95.8231 95.1807 89.3237 83.9781 158.137 97.504 83.8699 95.8352 111.415 147.298 77.8278 92.2943 77.3452 94.6114
threshold=5320895.5000000009 7714069.5000000009 12130922.500000002 0.41161616146564489 1.0000000180025095e-35 11.683333396911623 3211691.0000000005 0.044608430936932571 4.5000000000000009 10052930.500000002 13.887499809265138 -0.082476735115051256 -48.845453262329094 -0.10883838310837744 4.5000000000000009 1.0000000180025095e-35 5677.8000488281259 -0.059050325304269784 10052930.500000002 31462.150390625004 0.10724142938852312 3.5000000000000004 0.26242439448833471 -8.9981060028076154 24050.000000000004 7.0030303001403817 -0.049675324931740754 1.5000000000000002 1396.549987792969 1885909.0000000002
decision_type=2 2 2 2 2 2 2 2 2 2 2 2 2 2 2 2 2 2 2 2 2 2 2 2 2 2 2 2 2 2
left_child=4 2 6 22 5 15 9 18 -9 10 28 -12 -11 -14 -6 -1 -10 -13 26 -7 -21 -22 23 24 -4 -26 27 -8 -2 -30
right_child=1 -3 3 -5 14 19 7 8 16 12 11 17 13 -15 -16 -17 -18 -19 -20 20 21 -23 -24 -25 25 -27 -28 -29 29 -31
leaf_value=0.0042685450395924763 0.0023875851474441431 0.01125329381246656 -0.0090055888507374702 0.012583165579649223 0.0096488599736757538 0.0024774653594154851 -0.05303067878463235 0.023387605877013232 -0.0011254852082640235 -0.11539484857033629 -0.076147672789654411 -0.027614584918087992 -0.015671388682601331 -0.00093408181266056765 0.031305630144890302 0.0075174444441133831 0.012081006678934183 0.00011288098099325027 -0.032843880154957476 -0.050047921560290025 -0.024696954273716737 0.0042685450395924763 0.0075381562870708244 0.0022627254714149675 -0.13984579397409067 -0.029820728898640198 -0.006402766962057143 -0.014160620343213885 0.0060151014455800652 0.01760969257999331
leaf_weight=24078.260953828692 9298.5927554816008 5314.3868749290705 279.44717060029507 4838.0631731301546 6937.3668536990881 76966.398859389126 185.68784546852112 910.46862028539181 7594.1516890563071 21.350911930203438 60.3864965736866 312.53193458914757 1291.3406864404678 42690.226478641853 610.08035243302584 15196.393981456757 891.12121336907148 19366.875312659889 356.69084239751101 217.5052882656455 85.12403592467308 428.39143210276961 2602.1244176924229 67402.804369904101 35.568002417683601 158.04994632303715 11255.844978488982 683.59254463016987 13084.71156591922 2031.8596388027072
leaf_count=42495 18800 9219 417 6238 11281 183532 653 1460 16862 84 216 797 2671 132828 851 20110 1727 64890 1274 899 461 1027 3372 149093 161 333 35280 1695 21377 2699
internal_value=0.00250098 0.00145709 0.0011761 0.00314161 0.00409934 0.00362762 -0.000169278 -0.00342997 0.00297019 0.000639966 0.00270083 -0.000569851 -0.00142805 -0.00136748 0.0114073 0.00621998 0.000774407 -0.000330225 -0.00824742 0.00231711 -0.0145271 0.000654013 0.00249315 0.00210506 -0.0202739 -0.0506359 -0.00751856 -0.0219185 0.00534502 0.00757569
internal_weight=315185 190666 185351 75316.1 124520 116972 110035 21877.6 9395.74 88157.9 44155 19739.8 44002.9 43981.6 7547.45 39274.7 8485.27 19679.4 12481.8 77697.4 731.021 513.515 70478 67875.9 473.065 193.618 12125.1 869.28 24415.2 15116.6
internal_count=732802 472146 462927 159614 260656 248524 303313 58951 20049 244362 108779 65903 135583 135499 12132 62605 18589 65687 38902 185919 2387 1488 153376 150004 911 494 37628 2348 42876 24076
is_linear=0
shrinkage=0.05


Tree=77
num_leaves=31
num_cat=0
split_feature=21 25 24 24 22 25 14 24 21 21 18 53 15 48 18 30 53 45 41 17 44 15 15 25 13 16 17 41 25 44
split_gain=185.353 148.744 154.991 400.465 260.069 196.119 177.911 128.828 99.4986 306.457 132.025 128.59 202.731 123.565 117.806 108.145 156.371 114.377 105.023 141.732 99.0038 98.5131 112.154 105.491 109.795 96.6356 90.0278 86.4689 90.268 146.02
threshold=1289243.5000000002 0.96026313304901134 1.0000000180025095e-35 3211691.0000000005 13897643.000000002 0.43341544270515447 1415.850036621094 7714069.5000000009 10052930.500000002 12130922.500000002 2608.400024414063 0.31711040437221533 649.50000000000011 17.774999618530277 7010.0000000000009 0.32035288214683538 0.42277398705482488 -0.062499999999999993 2532.900024414063 0.14765357226133349 -0.014177489094436167 9413.7998046875018 5484.2500000000009 0.24999500066041949 1.0000000180025095e-35 0.30476750433444982 0.26796667277812963 7401.1000976562509 0.16658333688974383 -12.240800857543944
decision_type=2 2 2 2 2 2 2 2 2 2 2 2 2 2 2 2 2 2 2 2 2 2 2 2 2 2 2 2 2 2
left_child=21 2 8 6 5 7 -4 -5 10 11 -2 26 -13 -12 -11 16 17 18 -16 -20 -15 22 23 24 -1 27 -10 28 29 -14
right_child=1 -3 3 4 -6 -7 -8 -9 9 14 13 12 25 20 15 -17 -18 -19 19 -21 -22 -23 -24 -25 -26 -27 -28 -29 -30 -31
leaf_value=-0.08861747863160227 0.012620166975751119 0.026359511440408941 0.0050047673154018767 0.0016951247043849361 -0.0017584424033896347 0.010664223196319772 0.012012895837574816 0.0066416733946663108 -0.0023614459115073819 0.011658611633486133 0.0033135684080887913 -0.054134300373308353 -0.1320852921457249 -0.014971624700445397 -0.014348208049872758 0.0070014170601635011 -0.12432451567970262 0.001263902714210414 -0.088577683426944109 -0.014348208049872758 -6.0337395489519174e-05 0.064081521784660769 -0.086427942778049202 -0.0019749322621177069 -0.021805333938219495 0.0075352626168372593 0.010511026698564506 -0.025397603987825292 -0.0018996028445394664 -0.0169418200898044
leaf_weight=66.701005026698112 3052.7291438728571 639.8504369482398 21518.501492843032 51637.540754199028 32980.613728199154 8707.7985251545906 15641.350772127509 6538.6954784616828 37008.823927801102 3760.0792991891503 61457.350173871964 249.79731072485447 26.475769892334938 1158.2672109603882 122.20056322216988 8143.9192943647504 22.946712836623192 26321.873265214264 123.22691498696804 49.167826414108276 27424.119919016957 36.74175263941288 53.696715608239174 818.77664370089769 618.71383960917592 818.0760165899992 1408.0859406627715 854.11304531991482 2166.6937869936228 893.06145410239697
leaf_count=281 5749 888 44835 104587 93570 14114 25875 10270 122602 6932 114920 792 112 3446 199 12767 99 63419 477 79 89251 56 298 2310 2454 1173 3427 1873 3692 1824
internal_value=0.00222733 0.00231407 0.00226461 0.00352405 0.00187511 0.00366682 0.00795512 0.00261912 0.00127878 8.43986e-06 0.0023973 -0.00287178 -0.0104059 0.00205043 0.00325344 0.00234422 0.000798878 0.000916083 -0.0299603 -0.0581936 -0.000665605 -0.0147655 -0.0167049 -0.0141044 -0.0285461 -0.00808855 -0.00188911 -0.0113345 -0.00742857 -0.0205366
internal_weight=314320 312725 312086 137025 99864.6 66884 37159.9 58176.2 175061 81968.5 93092.5 43425.1 5008.22 90039.7 38543.4 34783.3 26639.4 26616.5 294.595 172.395 28582.4 1594.63 1557.89 1504.19 685.415 4758.42 38416.9 3940.34 3086.23 919.537
internal_count=732371 726972 726084 293251 222541 128971 70710 114857 432833 219467 213366 135495 9466 207617 83972 77040 64273 64174 755 556 92697 5399 5343 5045 2735 8674 126029 7501 5628 1936
is_linear=0
shrinkage=0.05


Tree=78
num_leaves=31
num_cat=0
split_feature=24 22 50 37 24 24 25 37 41 18 26 26 37 41 25 41 17 25 17 28 13 26 36 17 21 41 17 21 41 37
split_gain=210.666 178.242 161.988 139.595 130.671 142.981 138.166 101.816 97.2308 93.6351 146.849 101.404 78.6076 92.3121 180.72 78.5706 73.8814 94.8128 73.4424 71.9791 71.2959 71.4877 129.503 128.965 120.298 118.315 118.107 98.1856 137.75 111.942
threshold=7714069.5000000009 13897643.000000002 0.076757155358791365 12191.500000000002 1.0000000180025095e-35 3211691.0000000005 0.076942957937717452 14673.199707031252 236.3999938964844 25605.900390625004 14.500000000000002 43.500000000000007 4217.3498535156259 4437.3000488281259 0.59917837381362926 15416.600097656252 0.073131326586008086 0.24999500066041949 0.12459666654467584 9.5000000000000018 10.500000000000002 65.500000000000014 3.5000000000000004 1.0000000180025095e-35 5320895.5000000009 4894.4499511718759 0.16992979496717456 1289243.5000000002 9668.2001953125018 8882.4497070312518
decision_type=2 2 2 2 2 2 2 2 2 2 2 2 2 2 2 2 2 2 2 2 2 2 2 2 2 2 2 2 2 2
left_child=1 2 3 4 9 -6 8 20 -7 11 12 -1 -11 14 -14 -9 17 -15 -5 -4 21 22 24 -23 26 -25 27 28 -3 -29
right_child=-2 7 19 18 5 6 -8 15 -10 10 -12 -13 13 16 -16 -17 -18 -19 -20 -21 -22 23 -24 25 -26 -27 -28 29 -30 -31
leaf_value=0.0044707811055745344 0.0094517106213672045 -0.055991357444441149 0.0044707811055745344 -0.05122577185086883 0.0044707811055745344 -0.0020235779112622128 0.0044707811055745344 0.048965628734595486 0.0022649434440356261 -0.0020034018996334091 0.0015006919248299613 0.0018041411517562729 -0.077018036299957127 -0.074952765907371766 0.0018041411517562729 -0.055592899217309082 -0.0043596421060703135 -0.018063114150512479 -0.010551913281462084 0.0087157212151426494 0.044057354004546655 -0.017676129805879456 0.015978225236507503 0.021566136132874517 -0.0033089085611274502 -0.0036037384045124951 0.021566136132874517 0.0024580414531095098 0.011571540845420451 -0.033469854983820685
leaf_weight=39320.387685507536 9584.2648152336478 162.51891908049583 3009.5579785108566 166.64052220061421 24259.345520436764 23283.87360368669 17575.254047073424 19.191791266202927 14770.769987478852 23690.810541734099 84902.933065786958 10412.158244073391 139.59633088111877 88.435562714934349 55.66209502518177 131.16854762285948 1538.0047904849052 202.47374638915062 328.81056170538068 16050.034790679812 86.262112218886614 1704.89302624017 1200.4981459230185 242.15955969691277 20388.644134819508 3581.0857451036572 550.31286659836769 16837.006680496037 46.046235710382462 217.63879790902138
leaf_count=88996 16471 874 5555 777 42110 52894 31374 31 28441 50904 230183 29742 513 317 74 575 3463 493 1495 22044 92 7095 1948 701 62455 9227 873 42766 73 692
internal_value=0.00215336 0.00192393 0.00242795 0.00207661 0.00213138 0.00378343 0.00180535 -0.000975073 5.91058e-05 0.00130826 0.000498099 0.00311018 -0.00281201 -0.0122646 -0.0447722 -0.0417796 -0.00874896 -0.0317666 -0.0243832 0.00686495 -0.000836933 -0.000925082 -0.000177921 -0.0062486 -0.000686435 -0.00114616 0.00231518 0.00157695 -0.0323577 0.00199569
internal_weight=314546 304962 259795 240735 240240 79889.2 55629.9 45167.4 38054.6 160350 110618 49732.5 25715 2024.17 195.258 150.36 1828.91 290.909 495.451 19059.6 45017.1 44930.8 39402.7 5528.14 38202.2 3823.25 17813.5 17263.2 208.565 17054.6
internal_count=733248 716777 589375 561776 559504 154819 112709 127402 81335 404685 285947 118738 55764 4860 587 606 4273 810 2272 27599 126796 126704 109681 17023 107733 9928 45278 44405 947 43458
is_linear=0
shrinkage=0.05


Tree=79
num_leaves=31
num_cat=0
split_feature=22 43 48 7 43 7 16 44 15 15 41 14 43 46 7 17 21 6 41 45 22 6 48 15 15 4 15 21 15 9
split_gain=235.053 172.614 192.327 167.234 209.795 215.356 145.789 100.525 98.1075 92.9823 92.6816 121.066 91.0719 105.533 89.5808 86.6552 101.187 81.4748 78.3299 100.21 69.7777 106.269 76.9782 90.0829 111.593 104.626 69.5003 66.9325 63.8866 61.4279
threshold=13897643.000000002 4.5000000000000009 14.267857074737551 21.500000000000004 1.5000000000000002 7.5000000000000009 0.11691445112228395 -0.024069263599812981 3841.849975585938 3547.2500000000005 15689.250000000002 18937.600585937504 5.5000000000000009 0.13393385708332065 12.500000000000002 0.20048536360263827 5320895.5000000009 0.010366445407271387 28612.000000000004 -0.044191919267177575 1885909.0000000002 -1.3974590897560117 15.436508178710939 1292.549987792969 1144.7000122070315 0.022305141203105453 856.89999389648449 16151869.500000002 5484.2500000000009 89.119125366210952
decision_type=2 2 2 2 2 2 2 2 2 2 2 2 2 2 2 2 2 2 2 2 2 2 2 2 2 2 2 2 2 2
left_child=1 3 7 4 17 -6 12 -3 9 14 -8 -12 -4 -14 -7 27 -17 -1 20 -20 22 -22 -5 24 -24 -26 -19 29 -9 -2
right_child=15 2 6 18 5 8 10 28 -10 -11 11 -13 13 -15 -16 16 -18 26 19 -21 21 -23 23 -25 25 -27 -28 -29 -30 -31
leaf_value=0.0023751632611267678 -0.0019659830237902507 0.010058198267077342 -0.0086224595789450281 0.0023751632611267678 0.025049979192924732 0.0086771500281939747 0.010058198267077342 0.021538465640975998 0.0023751632611267678 0.015582490044973866 -0.0072201988511637564 0.0079128311805467307 -0.081118084030968846 -0.0072201988511637564 0.0023751632611267678 0.028764200253170974 0.0049564560553881955 0.017924217181574435 -0.062197313038519379 -0.0078207953034812368 -0.087399756546192114 0.0023751632611267678 -0.0026863113232129905 -2.0840057209846879e-05 -0.027963917297827007 0.00092592774752712841 0.0052818852382282263 -0.076420473756692794 0.047784866788422614 0.0049564560553881955
leaf_weight=93061.412522479892 42956.348818682134 1796.9682196676731 436.62751912325621 14688.871679469943 1570.0070913732052 16938.036666706204 2011.3426837772131 1986.3958962261677 7287.8981923609972 2161.619825527072 410.07073204219341 1525.422711301595 107.09211663901806 50.582995489239693 7295.1609784886241 542.69029492884874 778.4967617765069 1405.4287355020642 97.884244225919247 564.01499334163964 31.992600739002228 44915.496156200767 3172.8483883552253 59887.80410409905 963.08740374445915 172.21168078482151 4645.4256489127874 27.818492613732815 262.71401910483837 2965.4901688024402
leaf_count=178794 125588 2565 1286 28051 1513 25347 4762 2761 12248 2864 1396 3960 514 90 11650 856 1731 1699 376 2164 111 108869 11909 186349 3781 352 6533 128 262 4399
internal_value=0.00208061 0.00265508 0.00962855 0.00242368 0.00364696 0.00695966 0.00256325 0.0175531 0.006115 0.00758476 0.00604201 -0.00229365 -0.0204824 -0.0528052 0.00667853 -0.00116958 0.0114457 0.00246857 0.00110336 -0.0160254 0.00119518 0.00237516 0.00027822 -0.000523308 -0.00750489 -0.0209431 0.00818861 -0.00153279 0.024644 -0.00148409
internal_weight=314717 267446 8587.22 258859 134365 35252.7 4541.14 4046.08 33682.7 26394.8 3946.84 1935.49 594.303 157.675 24233.2 47270.8 1321.19 99112.3 124494 661.899 123832 44947.5 78884.8 64196 4308.15 1135.3 6050.85 45949.7 2249.11 45921.8
internal_count=732908 600206 17596 582610 240648 53622 12008 5588 52109 39861 10118 5356 1890 604 36997 132702 2587 187026 341962 2540 339422 108980 230442 202391 16042 4133 8232 130115 3023 129987
is_linear=0
shrinkage=0.05


Tree=80
num_leaves=31
num_cat=0
split_feature=24 15 21 21 14 21 44 51 48 14 26 24 25 21 26 14 45 52 26 15 51 15 18 25 25 15 41 48 41 51
split_gain=193.37 153.597 150.781 317.372 178.55 144.303 139.598 132.833 121.295 141.755 187.038 110.279 241.391 153.579 152.193 121.489 181.627 123.386 110.845 106.493 107.615 96.195 87.0855 93.4246 86.5362 83.4049 105.405 178.935 126.184 117.961
threshold=7714069.5000000009 8882.4497070312518 5320895.5000000009 12130922.500000002 17949.399414062504 1289243.5000000002 0.036201298236846931 -0.083854522556066499 10.775000095367433 1.0000000180025095e-35 15.500000000000002 3211691.0000000005 0.40629123151302343 10052930.500000002 78.500000000000014 3333.700073242188 -8.2222223281860334 8.626984119415285 81.500000000000014 5187.8999023437509 0.081734005361795439 2773.349975585938 191400.00000000003 0.47371710836887365 0.36671064794063574 5001.6999511718759 3545.2500000000005 10.267857074737551 5183.5000000000009 -0.10415764525532721
decision_type=2 2 2 2 2 2 2 2 2 2 2 2 2 2 2 2 2 2 2 2 2 2 2 2 2 2 2 2 2 2
left_child=1 2 5 4 11 7 -7 -1 9 -5 21 13 25 14 -4 16 17 -15 -16 20 24 -11 23 -3 -9 26 29 -28 -29 -13
right_child=-2 22 3 8 -6 6 -8 19 -10 10 -12 12 -14 15 18 -17 -18 -19 -20 -21 -22 -23 -24 -25 -26 -27 27 28 -30 -31
leaf_value=-0.089190931231002898 0.0089714058459196555 -0.01196484785281334 0.0024527111908893375 0.004164743913084766 0.010511306768860605 0.0031378441401191575 0.011803826750765922 -0.021137028051636097 0.0020466932375263372 0.031828216199119824 0.0077582614835210589 -0.031742762021896916 0.0047127341535512903 -0.081673236922497464 -0.068018429357881896 0.00011662904769874126 -0.0045392817282395997 -0.021498876982228916 -0.010143370799481403 -0.049053227869709261 0.032206854437423452 0.0077582614835210589 -0.076470435536541911 0.010101432495874018 0.0048335376241257031 -0.0011893848968465689 -0.0011893848968465689 -0.034823485817611625 -0.014194845971104 -0.0042110154151375713
leaf_weight=51.344236239790916 9641.2476053908467 2655.3626385033131 40439.883870843798 16720.065653085709 3424.7975401133299 111237.49615662917 4848.0773043558002 793.10478349775076 48900.598540782928 1423.5186842381954 7243.3787039518356 403.59632422029972 4058.8224871084094 115.43608266115189 85.704496435821056 22669.295818965882 19788.358384236693 285.30996251106262 1491.2055585831404 59.943399220705032 162.49941867589951 435.53248327970505 45.127373874187469 583.71474120020866 536.59912043064833 1238.9716153740883 1081.2716735601425 961.9682225883007 3239.352941185236 9583.4072917401791
leaf_count=180 16559 8685 98533 29518 7878 235337 7198 3144 115385 1320 9849 1005 8039 415 312 66147 65398 593 4658 348 164 616 313 1748 1503 2570 1608 3024 8615 31589
internal_value=0.00200053 0.00177981 0.00189707 0.00100147 -0.000720824 0.00329411 0.00349996 -0.0115939 0.00351072 0.00628279 0.0113518 -0.00108584 -0.00437045 -0.00028981 0.00185823 -0.00239566 -0.00521631 -0.0384585 -0.013371 -0.00891552 -0.00595957 0.0254922 -0.00897151 -0.0079845 -0.0106651 -0.0070915 -0.00835283 -0.0140639 -0.0189325 -0.00532977
internal_weight=314205 304564 301280 183590 108867 117689 116086 1603.49 74723.1 25822.5 9102.43 105443 20567.4 84875.2 42016.8 42858.4 20189.1 400.746 1576.91 1552.15 1492.2 1859.05 3284.2 3239.08 1329.7 16508.6 15269.6 5282.59 4201.32 9987
internal_count=732251 715692 704946 457072 300384 247874 242535 5339 156688 41303 11785 292506 56450 236056 103503 132553 66406 1008 4970 5159 4811 1936 10746 10433 4647 48411 45841 13247 11639 32594
is_linear=0
shrinkage=0.05


Tree=81
num_leaves=31
num_cat=0
split_feature=22 24 48 25 24 24 25 37 37 17 25 48 21 13 6 26 37 16 17 14 24 24 17 6 37 53 49 37 17 44
split_gain=221.83 199.163 166.807 147.983 120.267 213.846 162.807 152.073 110.17 110.379 104.612 97.8961 85.2488 96.0901 84.1579 78.1647 119.229 91.6852 88.3665 72.493 68.174 139.354 110.365 108.056 83.2488 210.592 125.694 125.243 100.861 95.729
threshold=13897643.000000002 7714069.5000000009 21.774999618530277 0.92010638117790233 1.0000000180025095e-35 3211691.0000000005 0.40629123151302343 1422.6499633789065 6585.5498046875009 0.07872041687369348 0.91012820601463329 10.949999809265138 1289243.5000000002 3.5000000000000004 0.84189721941947948 43.500000000000007 9413.7998046875018 0.064946513622999205 0.42350415885448461 10225.699707031252 1.0000000180025095e-35 3211691.0000000005 0.091784164309501662 -0.26585733890533442 1531.7500000000002 1.0000000180025095e-35 0.073747340589761748 8882.4497070312518 0.17606624960899356 -0.014177489094436167
decision_type=2 2 2 2 2 2 2 2 2 2 2 2 2 2 2 2 2 2 2 2 2 2 2 2 2 2 2 2 2 2
left_child=1 2 4 12 10 7 -7 -6 9 -3 -1 -8 13 19 20 -4 17 -17 -18 -2 22 -22 23 -14 25 -23 27 29 -29 -26
right_child=3 8 15 -5 5 6 11 -9 -10 -11 -12 -13 14 -15 -16 16 18 -19 -20 -21 21 24 -24 -25 26 -27 -28 28 -30 -31
leaf_value=0.0016464291290554187 -0.062196330421062207 0.0092273520978784617 0.0011287142116568841 0.036722780965637317 0.0053076239343776612 0.0012190540418228171 0.017223279241086888 0.014244162794903842 -0.052831986591316452 0.03217949310131759 0.011347722448461186 0.005364355076382164 -0.073387781042598493 0.017513627811750861 0.016753206298032008 -0.0078623890186567524 -0.057005974377583306 -0.00047746335455248673 0.0012130224316967957 -0.014046256578614533 0.0035536420241963477 -0.0027830171509909377 0.007487854465859492 -0.01222927415616663 -0.011417038659767523 -0.017657615376748596 0.007487854465859492 -0.037091577622671401 0.0024883434496499887 0.00039717071025739431
leaf_weight=131070.53155397996 167.99239198863506 6483.2790686190128 37770.329065605998 250.00239838659763 12324.187381289899 37179.165274865925 2599.3060651421547 7759.0758322253823 66.12054631114006 568.39570309966803 2837.0843265131116 4442.3271811082959 72.771586090326309 64.469187129288912 618.9742122143507 5500.7875930815935 167.8656647875905 17792.917842894793 21.140505626797676 43.343640483915806 11080.199400894344 12806.096730127931 589.45327965170145 2213.9358506519347 2034.1964298933744 2920.9069343321025 2904.8886791020632 445.29638033360243 156.40695160627365 10857.04776738584
leaf_count=280794 964 10188 109195 304 20612 67169 3225 10592 182 607 4316 7551 261 127 703 20759 1290 63644 59 107 26709 46322 1496 9530 4441 8287 4391 1699 379 27402
internal_value=0.0016678 0.00222732 0.00200092 -0.0014906 0.00270567 0.00448295 0.0025396 0.00876129 0.0104776 0.011086 0.00185214 0.00950966 -0.00169553 -0.0293115 -0.00153118 -0.000279621 -0.00254473 -0.00222193 -0.041888 -0.0456061 -0.0017775 -0.00128107 -0.00922862 -0.014238 -0.00294873 -0.0055475 -0.000455904 -0.00251117 -0.0247698 -0.00146855
internal_weight=313808 266583 259465 47226 198212 64304.1 44220.8 20083.3 7117.8 7051.67 133908 7041.63 46976 275.805 46700.2 61253 23482.7 23293.7 189.006 211.336 46081.2 43205 2876.16 2286.71 32124.8 15727 16397.8 13492.9 601.703 12891.2
internal_count=733305 600183 589206 133122 394259 109149 77945 31204 10977 10795 285110 10776 132818 1198 131620 194947 85752 84403 1349 1071 130917 119630 11287 9791 92921 54609 38312 33921 2078 31843
is_linear=0
shrinkage=0.05


Tree=82
num_leaves=31
num_cat=0
split_feature=24 38 26 25 24 24 24 22 7 38 26 26 48 24 24 45 50 49 22 13 14 38 41 44 22 38 41 6 50 38
split_gain=145.864 120.93 542.65 235.098 153.589 142.65 246.9 139.562 101.672 103.522 144.385 100.769 118.529 94.7789 219.825 317.699 164.571 106.591 105.291 93.8512 91.6604 210.346 85.204 85.3169 86.9445 84.3431 107.137 80.6987 79.8357 99.5819
threshold=7714069.5000000009 119.1999969482422 11.500000000000002 0.44452822208404547 1.0000000180025095e-35 1.0000000180025095e-35 3211691.0000000005 8681399.0000000019 5.5000000000000009 6585.5498046875009 41.500000000000007 45.500000000000007 21.585714340209964 1.0000000180025095e-35 3211691.0000000005 -33.384090423583977 -0.072723474353551851 -0.01316526625305414 13897643.000000002 10.500000000000002 8123.0000000000009 5919.5000000000009 630.10000610351574 0.009220778942108156 13897643.000000002 14673.199707031252 15416.600097656252 -0.15466403216123578 -0.067498289048671709 7451.5998535156259
decision_type=2 2 2 2 2 2 2 2 2 2 2 2 2 2 2 2 2 2 2 2 2 2 2 2 2 2 2 2 2 2
left_child=1 3 -3 13 -5 8 22 -8 -4 -10 28 25 19 16 -15 -16 -1 18 -17 -13 21 -2 -7 24 -24 -9 -27 -20 29 -11
right_child=20 2 5 4 -6 6 7 11 9 10 -12 12 -14 14 15 17 -18 -19 27 -21 -22 -23 23 -25 -26 26 -28 -29 -30 -31
leaf_value=-0.055740071892061739 0.00693753637404196 0.02411891079599 0.017614348455429796 0.0038804777858161572 0.018107871351236801 0.07780686066203496 0.004318921132531307 0.0019296054186151179 0.0013699362816379478 -0.12728729893098584 0.0022539138386757154 -0.0048613509337856855 -0.027712102815064171 0.0025360142189295755 -0.18314479621192878 -0.005956986291007332 -0.0031957544667498062 -0.0012483117403953522 -0.092587218674342261 0.051671328635906455 0.023456134572462598 -0.11844233104390117 0.01080877886221332 0.021880234398926168 0.0023452924016701547 0.052516340311039994 -0.080412175447090631 -0.020667445574858036 -0.011996102980740064 -0.031447309518006387
leaf_weight=148.02140095829964 8567.583269380033 2836.418235488236 935.55030919611454 13642.887407295406 2201.6635784059763 43.589091628789902 30913.275541007519 11237.853848960251 132642.76671429351 31.065741166472435 2788.8918299898505 5632.6473194360733 585.67875175923109 20703.733196899295 22.22798590362072 2159.8882632553577 22508.781648438424 36219.525647204369 37.982489518821239 72.394367650151253 871.22071651369333 31.58817982673645 9959.3261795714498 1243.2378040254116 4365.7115631923079 18.411924704909325 61.126308441162109 1076.7409797087312 2497.9256941564381 106.45164321362972
leaf_count=509 15087 3058 1028 26504 3375 50 55672 25732 325957 137 9040 13433 2628 43124 119 4525 63657 97497 172 57 1191 138 15671 1531 9327 27 327 3810 9052 236
internal_value=0.00190827 0.00171829 0.0024079 0.000279471 0.00585947 0.00210452 0.00405515 0.00229521 0.00120449 0.00109304 -0.00567605 -0.00125777 -0.00633013 -0.000787438 0.000249727 -0.00214078 -0.00354393 -0.00202964 -0.0106657 -0.00412612 0.00801866 0.00644953 0.00952401 0.00932286 0.00823013 0.0015623 -0.0491078 -0.0233015 -0.0140631 -0.0508985
internal_weight=314164 304694 205972 98721.5 15844.6 203136 64133.3 48521.4 139003 138067 5424.33 17608.1 6290.72 82876.9 60220.1 39516.4 22656.8 39494.1 3274.61 5705.04 9470.39 8599.17 15611.9 15568.3 14325 11317.4 79.5382 1114.72 2635.44 137.517
internal_count=732671 716255 472963 243292 29879 469905 124455 97876 345450 344422 18465 42204 16118 213413 149247 106123 64166 106004 8507 13490 16416 15225 26579 26529 24998 26086 354 3982 9425 373
is_linear=0
shrinkage=0.05


Tree=83
num_leaves=31
num_cat=0
split_feature=21 21 21 21 44 48 24 6 33 50 44 48 25 21 49 25 15 48 14 41 51 24 15 24 25 36 14 48 22 4
split_gain=164.148 148.858 193.138 170.452 148.865 135.164 128.095 127.798 123.636 129.32 123.144 142.356 112.93 111.699 103.262 102.693 102.69 147.27 101.562 126.466 100.029 99.9492 116.168 102.022 96.6477 96.2574 95.8372 90.0354 89.5023 88.7389
threshold=1289243.5000000002 5320895.5000000009 13439690.500000002 10052930.500000002 0.036201298236846931 11.949999809265138 1.0000000180025095e-35 -0.1489271596074104 2.5000000000000004 -0.053241055458784096 0.036688311025500304 10.775000095367433 0.55564939975738536 15089427.500000002 -0.052248043939471238 0.32859666645526892 3128.0500488281255 11.683333396911623 4509.6999511718759 3333.700073242188 -0.018390310928225514 3211691.0000000005 4091.4499511718755 7714069.5000000009 0.27421589195728308 3.5000000000000004 1.0000000180025095e-35 10.354166507720949 3910147.0000000005 0.032362798228859908
decision_type=2 2 2 2 2 2 2 2 2 2 2 2 2 2 2 2 2 2 2 2 2 2 2 2 2 2 2 2 2 2
left_child=16 4 3 12 5 26 7 8 9 15 11 -4 14 -12 -3 -5 17 24 19 -7 27 -16 23 -23 -1 -19 -2 -18 -21 -8
right_child=1 2 10 6 -6 18 29 -9 -10 -11 13 -13 -14 -15 21 -17 20 25 -20 28 -22 22 -24 -25 -26 -27 -28 -29 -30 -31
leaf_value=-0.019600729498946614 0.0033664592070679271 -0.010187780745076905 0.0054532622008391608 -0.086603399687339266 0.011534706959815616 0.001151144210819965 -0.035853447868305043 -0.0017461816765761134 -0.0070152014350877527 -0.018114131848123192 0.040797377289286216 0.00082075032382847323 0.0054523587419981652 0.0094000245912322991 0.0023505824317864759 -0.036712280311989753 -0.012845309567213643 -0.049799110661720394 0.0033664592070679271 -0.010363020408877733 0.014304768579980618 -0.0047670045661191325 0.0028282640601154964 0.0028282640601154964 0.019470634838321788 -0.019600729498946614 0.0071496262738087596 -0.093210594355556786 0.00087592326368850313 0.011149168020608072
leaf_weight=173.61365082859993 23729.006829813123 2289.3488610833883 25350.319084398448 144.67752224206924 5045.6044852286577 31989.178363833576 466.59494102373719 42310.683919452131 2285.6360774189234 495.91646208614111 313.94509559869766 47950.26030690223 12583.158649303019 2767.6937694400549 32888.316982870921 158.82270845770836 58.641472339630127 512.43270534276962 38534.596786368638 4627.9118317067623 429.1696146056056 14761.719883639365 3432.0969396308064 1876.4008798152208 258.47555716335773 122.30334613472223 15233.978110834956 44.953952804207802 2868.7243469133973 126.78077913820744
leaf_count=460 41886 4659 40671 580 7472 80367 1694 132919 4273 1383 298 115204 27495 4226 83664 389 93 2588 87317 11776 1402 43819 7244 3662 372 348 20585 197 5647 204
internal_value=0.00168248 0.00176437 0.000889891 -0.000415328 0.00312735 0.00276455 -0.00276516 -0.00246285 -0.0122842 -0.0292131 0.00283481 0.00242297 0.00117788 0.012623 0.000204169 -0.0553104 -0.0142838 -0.023223 0.00156343 -0.000218773 0.00363609 0.000653772 -0.00212669 -0.00403245 -0.000689408 -0.0385121 0.00516949 -0.0399954 -0.00606315 -0.0258071
internal_weight=313831 312231 190202 113820 122029 116983 45989.1 45395.7 3085.05 799.417 76382.2 73300.6 67831 3081.64 55247.9 303.5 1599.59 1066.83 78020.4 39485.8 532.765 52958.5 20070.2 16638.1 432.089 634.736 38963 103.595 7496.64 593.376
internal_count=732894 727434 472384 311985 255050 247578 141442 139544 6625 2352 160399 155875 170543 4524 143048 969 5460 3768 185107 97790 1692 138389 54725 47481 832 2936 62471 290 17423 1898
is_linear=0
shrinkage=0.05


Tree=84
num_leaves=31
num_cat=0
split_feature=21 30 37 25 21 21 24 24 46 25 37 51 25 25 45 48 14 7 4 24 37 49 41 46 51 45 4 51 48 37
split_gain=119.702 173.972 158.786 144.178 143.997 129.629 184.626 154.237 163.809 117.975 109.023 129.899 107.681 102.15 100.87 99.0957 86.6581 87.217 85.5058 84.591 105.48 85.0467 78.3082 77.4325 118.208 72.694 86.2956 67.8914 148.342 98.7703
threshold=5320895.5000000009 0.39590761065483099 14673.199707031252 0.96026313304901134 12130922.500000002 10052930.500000002 3211691.0000000005 1.0000000180025095e-35 0.0083619067445397394 0.40629123151302343 3369.099975585938 -0.011385281570255755 0.66650778055191051 0.5004003942012788 -8.492424011230467 9.2750000953674334 1.0000000180025095e-35 9.5000000000000018 0.017167698591947559 1.0000000180025095e-35 5187.8999023437509 -0.052344877272844308 28612.000000000004 1.9267283082008364 -0.054128469899296754 -0.062499999999999993 0.020942983217537407 -0.03141376189887523 13.348484516143801 1776.1499633789065
decision_type=2 2 2 2 2 2 2 2 2 2 2 2 2 2 2 2 2 2 2 2 2 2 2 2 2 2 2 2 2 2
left_child=1 13 3 4 5 6 19 -7 -9 10 11 14 -4 25 -8 16 -6 -18 -16 20 22 -22 27 24 -23 26 -1 28 -2 -30
right_child=2 -3 12 -5 15 7 9 8 -10 -11 -12 -13 -14 -15 18 -17 17 -19 -20 -21 21 23 -24 -25 -26 -27 -28 -29 29 -31
leaf_value=-0.061881590312214921 0.00054007992188178039 0.0063505850802878933 -0.071205228138483762 0.026903151261324157 0.0030368087272599721 -0.0022423270236410632 -0.066501611922671192 -0.045897212638615972 0.013528793398084167 0.0047985545338328642 0.00019297166556883974 -0.0043890851848770807 0.05300781127408552 0.0040485515011771502 -0.040615304957867686 0.0010989220078562968 0.013791674328903112 0.0062726967713905889 -0.012536786873156666 0.0072408348333126401 -0.061514361245191024 -0.034038230862920626 -0.07247927725419441 0.013791674328903112 -0.0068091654650982219 0.0011525282474133701 -0.0073231835609815568 0.0035717948363935673 -0.046380428675463742 -0.010706854721246599
leaf_weight=74.719209358096123 4005.909362912178 25971.050979338586 115.64285738952458 523.63282855600119 17790.123359918594 43558.383126135916 95.88800173997879 396.36707365885377 162.505690343678 4260.873452976346 4612.1193559020758 11569.565968800336 18.986013915389776 17051.778522435576 109.3055312037468 52517.522095434368 3393.6694423407316 3899.2561942487955 2451.9638880118728 8635.1253737211227 70.546830669045448 97.591476112604141 32.812135025858879 366.42648297548294 1974.732018891722 79247.275727991015 1332.7047394663095 27482.776325214654 226.10959865152836 1315.0196198672056
leaf_count=313 6437 39956 774 713 31178 135303 290 1552 279 8551 9838 35662 31 34468 535 123061 3966 5603 6209 18464 213 349 126 470 7060 183172 2820 71374 733 3163
internal_value=0.0015032 0.00271341 0.000714091 0.000752922 0.000680197 -0.00047148 0.00090924 -0.0025779 -0.028631 -0.00271329 -0.00441261 -0.00668034 -0.0531686 0.00174652 -0.0166459 0.00233382 0.00491909 0.00950858 -0.014729 0.00280218 0.00172434 -0.0081548 0.00247457 -0.0065621 -0.0103115 0.000952373 -0.0103034 0.00255341 -0.00249163 -0.0159941
internal_weight=313360 123678 189683 189548 189025 111424 67306.8 44117.3 558.873 23099.7 18838.8 14226.7 134.629 97706.5 2657.16 77600.6 25083 7292.93 2561.27 44207 35571.9 2509.3 33062.6 2438.75 2072.32 80654.7 1407.42 33029.8 5547.04 1541.13
internal_count=732663 260729 471934 471129 470416 306608 169474 137134 1831 61085 52534 42696 805 220773 7034 163808 40747 9569 6744 108389 89925 8092 81833 7879 7409 186305 3133 81707 10333 3896
is_linear=0
shrinkage=0.05


Tree=85
num_leaves=31
num_cat=0
split_feature=50 48 44 15 41 14 26 26 21 14 51 14 50 22 41 13 26 45 1 41 46 14 26 17 15 25 48 24 15 15
split_gain=153.61 136.679 154.454 131.032 128.632 123.1 119.428 119.635 112.612 91.8528 81.8703 72.6299 71.4566 66.8946 59.1689 56.2787 83.7336 129.403 119.716 82.0599 80.2961 65.8983 57.9989 141.513 58.5758 99.8487 53.666 45.6949 40.9751 47.3799
threshold=0.076757155358791365 11.949999809265138 -8.6952924728393537 925.00000000000011 2479.650024414063 1.0000000180025095e-35 12.500000000000002 103.50000000000001 1289243.5000000002 19511.900390625004 -0.1294775456190109 4931.1501464843759 -0.17593795061111447 1885909.0000000002 2215.400024414063 4.5000000000000009 55.500000000000007 -0.3674242496490478 1.6434624791145327 26396.650390625004 0.0079338480718433874 6813.3000488281259 12.500000000000002 0.045362833887338645 3841.849975585938 0.52384921908378612 5.9166667461395273 7714069.5000000009 6585.5498046875009 5129.8498535156259
decision_type=2 2 2 2 2 2 2 2 2 2 2 2 2 2 2 2 2 2 2 2 2 2 2 2 2 2 2 2 2 2
left_child=1 5 -3 4 6 -1 27 8 -8 26 -10 -6 -5 14 -14 16 19 18 -18 22 21 -19 23 -16 -25 -26 -2 -4 29 -11
right_child=9 2 3 12 11 -7 7 -9 10 28 -12 -13 13 -15 15 -17 17 20 -20 -21 -22 -23 -24 24 25 -27 -28 -29 -30 -31
leaf_value=0.0016135104285181037 0.01079740523367548 -0.09600907119765989 -0.0080552300370632639 -0.047755984982930211 -0.047755984982930211 0.0034018518585080012 -0.047755984982930211 -0.047755984982930211 -0.047755984982930211 0.012835588685978167 -0.00041294373811639145 0.0016135104285181037 0.0016135104285181037 0.0016135104285181037 -0.021103850104977197 0.0016135104285181037 -0.023321473686489531 -0.0087116090595133876 -0.0087116090595133876 -0.023321473686489531 0.00039317478353386674 -0.0025971241754499559 0.00039317478353386674 0.00039317478353386674 -0.011199014534745118 0.00039317478353386674 0.0038269501245148684 -0.02671321734308656 0.01277428251555374 0.042053121767086678
leaf_weight=65737.552959442139 3245.3063070997596 39.469124898314476 4373.3798117488623 28.195910304784775 208.58374295383692 35443.774844832718 72.87782359495759 76.771489389240742 23.741500183939934 244.50317947566509 27648.969431888312 20.359724685549736 10808.977224834263 58496.738058404997 1042.3433140218258 4728.4674687683582 1037.4012902453542 2855.0619964934886 1106.0723338425159 111.59900420531631 6030.4806331545115 9987.7842506580055 54369.250170810148 4144.4536398351192 1773.9382518827915 676.87816128134727 18492.65807364881 353.36238704621792 386.41426075994968 326.37143744528294
leaf_count=137281 3953 143 10413 97 975 52959 581 573 101 329 96605 40 25722 129475 2511 11451 3031 10705 2183 652 13479 34691 151134 7904 4376 1207 28545 822 585 285
internal_value=0.00157534 0.00126652 0.000476045 0.000497101 -0.00237849 0.00275098 -0.00211453 -0.000865888 -0.00068468 0.00553718 -0.000513206 -0.039563 0.00109673 0.00111304 0.000166501 -0.000395215 -0.000827161 -0.00355506 -0.0151912 9.58654e-05 -0.00223206 -0.00468182 0.000187772 -0.00400252 -0.00129418 -0.00781418 0.00486848 -0.00946077 0.0206801 0.0296279
internal_weight=313892 291196 190015 189976 32778 101181 32549.1 27822.4 27745.6 22695.3 27672.7 228.943 157198 157169 98672.7 87863.7 83135.3 21016.8 2143.47 62118.5 18873.3 12842.8 62006.9 7637.61 6595.27 2450.82 21738 4726.74 957.289 570.875
internal_count=732808 699111 508871 508728 110110 190240 109095 97860 97287 33697 96706 1015 398618 398521 269046 243324 231873 64089 5214 167784 58875 45396 167132 15998 13487 5583 32498 11235 1199 614
is_linear=0
shrinkage=0.05


Tree=86
num_leaves=31
num_cat=0
split_feature=24 24 24 25 15 13 21 18 41 18 21 15 18 49 15 41 44 41 44 25 41 41 22 36 15 46 49 18 41 41
split_gain=115.263 247.7 129.366 122.585 111.434 150.244 109.868 218.052 181.254 151.867 163.715 160.085 155.585 130.886 122.283 109.352 99.4799 95.0427 91.3226 92.4459 90.2805 86.212 79.2293 89.5263 78.4625 106.369 77.9435 76.8562 81.5443 76.7521
threshold=1.0000000180025095e-35 3211691.0000000005 7714069.5000000009 0.46679636836051946 6585.5498046875009 4.5000000000000009 10052930.500000002 2608.400024414063 3477.650024414063 160500.00000000003 13439690.500000002 3429.7500000000005 18020.000000000004 0.082257445901632323 1668.4500122070315 2250.0500488281255 0.009220778942108156 31462.150390625004 -0.20432900637388227 0.15007082372903827 7674.5000000000009 7627.6999511718759 8681399.0000000019 1.5000000000000002 2989.900024414063 2.8095080852508549 0.07330589741468431 27670.000000000004 6307.8999023437509 2590.099975585938
decision_type=2 2 2 2 2 2 2 2 2 2 2 2 2 2 2 2 2 2 2 2 2 2 2 2 2 2 2 2 2 2
left_child=4 16 3 20 6 17 7 14 9 10 18 12 -12 27 -1 -5 22 21 19 -8 -3 -6 23 -2 29 -26 -19 -9 -29 -14
right_child=1 2 -4 15 5 -7 8 13 -10 -11 11 -13 24 -15 -16 -17 -18 26 -20 -21 -22 -23 -24 -25 25 -27 -28 28 -30 -31
leaf_value=0.027411271309115755 0.0048510659089023266 -0.00076997487298352801 0.0068709557581421487 0.014251139002084077 -0.022863139048205815 0.02389509897450643 -0.025286736299497289 0.0035514946888129798 0.0018831246212044916 -0.047904210858488623 0.0080179765396867584 0.052334173067199112 -0.0039362687277864966 0.0062924389943037912 0.0082779028137132688 0.0028693526199332943 0.017244319334762354 -0.0485391255272377 -0.0047114029121935047 -0.01161543761821604 0.0028693526199332943 -0.0039292769127396866 0.0020417413212947609 0.011209936330814907 -0.025286736299497289 0.0027115985378187778 0.0053226630401467228 -0.0016546800398915822 0.001727101956848151 0.0027115985378187778
leaf_weight=1219.34126329422 15315.980641543865 63787.418398931623 9598.9523516893387 2783.3842273429036 705.42324995994568 380.33970415219665 461.36892947554588 19500.727621644735 41223.098091892898 184.45918630063534 4944.7595487460494 148.9637978374958 8590.6363240107894 12961.263431280851 1997.7144969552755 8416.1037313342094 1911.0654006451368 248.02509728074074 20485.279065735638 808.76015724986792 15531.421343605965 4013.8517264518887 11104.175507284701 8671.1936413496733 654.29390570521355 111.80946524441242 91.33548991382122 33978.525314997882 21526.454551450908 2081.0108039826155
leaf_count=1746 27031 155398 16659 4571 2724 856 1279 41224 107833 691 8847 188 18483 19518 3960 16178 2640 1460 67689 1425 31630 13356 26962 14464 1823 79 168 83770 56039 4281
internal_value=0.00155704 0.00264431 0.0013523 0.000766944 0.000711473 -0.00633277 0.000935759 0.00212101 -0.000420386 -0.00288863 -0.00266926 0.00108144 0.000609074 0.00165324 0.0149026 0.00566322 0.00613981 -0.00861404 -0.00551918 -0.0185195 7.54852e-05 -0.00676794 0.00553411 0.0071505 -0.00259478 -0.0180297 -0.0340965 0.000851426 -9.72908e-05 -0.00148356
internal_weight=313437 137120 100117 90518.3 176317 5438.98 170878 91184 79694.4 38471.3 38286.9 16531.5 16382.5 87967 3217.06 11199.5 37002.4 5058.64 21755.4 1270.13 79318.8 4719.27 35091.3 23987.2 11437.8 766.103 339.361 75005.7 55505 10671.6
internal_count=732972 295533 224436 207777 437439 18564 418875 206257 212618 104785 104094 33701 33513 200551 5706 20749 71097 17708 70393 2704 187028 16080 68457 41495 24666 1902 1628 181033 139809 22764
is_linear=0
shrinkage=0.05


Tree=87
num_leaves=31
num_cat=0
split_feature=24 24 18 46 22 24 26 26 37 21 37 26 37 26 13 9 36 53 16 37 21 22 22 18 26 17 37 16 41 14
split_gain=144.041 280.501 168.69 125.43 133.358 110.389 105.045 104.077 122.206 95.5092 139.908 167.404 153.844 137.405 149.649 103.063 94.8409 94.658 91.8613 91.2046 85.7112 76.0242 73.4488 210.498 152.613 71.9226 69.9853 162.995 93.499 84.7393
threshold=1.0000000180025095e-35 3211691.0000000005 39610.000000000007 0.042083382606506355 8681399.0000000019 7714069.5000000009 42.500000000000007 14.500000000000002 14673.199707031252 15089427.500000002 3369.099975585938 11.500000000000002 3350.9499511718755 33.500000000000007 2.5000000000000004 406.04849243164068 2.5000000000000004 0.20701967924833301 0.34529095888137823 2080.0500488281255 5320895.5000000009 13897643.000000002 3910147.0000000005 8010.0000000000009 21.500000000000004 0.20048536360263827 3937.0500488281255 0.19964200258255008 6448.8498535156259 8530.6000976562518
decision_type=2 2 2 2 2 2 2 2 2 2 2 2 2 2 2 2 2 2 2 2 2 2 2 2 2 2 2 2 2 2
left_child=2 3 6 4 -2 9 16 -4 26 10 12 -12 15 -11 -15 20 22 -5 21 -18 -3 -7 23 24 -1 -24 -9 28 -28 -30
right_child=1 5 7 17 -6 18 -8 8 -10 13 11 -13 -14 14 -16 -17 19 -19 -20 -21 -22 -23 25 -25 -26 -27 27 -29 29 -31
leaf_value=0.015484457939520555 0.0069440435268134544 -0.00036279020426621759 -0.004868520473078156 0.023318725034919899 -0.00030997859717990192 0.0079667162340280942 0.00024271825493902234 0.00024271825493902234 -0.058841668566272431 0.0060817328013608486 0.039996738520680634 0.0029093700308213972 -0.074394035342309262 -0.0086013580048750135 0.0045870674920914607 0.018991030874745199 0.00024271825493902234 0.0091625251454242346 0.035228231390207664 0.025208200519684937 -0.0047266857176808058 -0.0026212789555142505 0.00024271825493902234 0.0019766148314914445 0.0059531788105693997 0.019732342125373947 -0.0035861448026995751 0.00024271825493902234 -0.02139921731748624 -0.0080819492633876621
leaf_weight=5987.9111799150705 20641.331100299954 32338.360967621207 16512.892065748572 1475.8597722798586 9141.2179199159145 6934.2875107228756 25601.811978550628 49140.702206175774 87.479402910917997 15331.536172896624 308.29554265737534 15709.714073505253 70.752843052148819 4175.8455930352211 4431.6632222011685 596.5824014171958 299.25203002989292 5910.0086721777916 263.29671993106604 896.58445679396391 17254.475783146918 2242.7042132616043 9849.0719619765878 43646.989980656654 4289.6987818405032 550.58158522844315 3597.1406221687794 8989.5753440782428 1548.7774312347174 5224.3543897122145
leaf_count=9054 36853 74267 36758 2005 23994 10911 68545 126189 804 29522 225 31851 251 10788 9235 619 559 8197 279 1150 50464 5319 33971 94584 9336 1042 10598 24410 5511 15824
internal_value=0.00124068 0.00245784 0.000295606 0.00616471 0.00471768 0.00107523 0.00179058 -0.00130514 -0.000447127 0.000536864 -0.000440877 0.00362809 -0.00173776 0.00324367 -0.00181168 -0.00163237 0.00295197 0.0119968 0.00621898 0.0168924 -0.00188122 0.00537918 0.00269229 0.00349273 0.00992974 0.000242718 -0.000370838 -0.00297728 -0.00741501 -0.0111326
internal_weight=313049 136826 176223 37168.4 29782.5 99657.5 91121.9 85100.9 68588 90217.2 66278.2 16018 50260.2 23939 8607.51 50189.4 65520.1 7385.87 9440.29 1195.84 49592.8 9176.99 64324.3 53924.6 10277.6 10399.7 68500.5 19359.8 10370.3 6773.13
internal_count=733115 294780 438335 71049 60847 223731 218241 220094 183336 207222 157677 32076 125601 49545 20023 125350 149696 10202 16509 1709 124731 16230 147987 112974 18390 35013 182532 56343 31933 21335
is_linear=0
shrinkage=0.05


Tree=88
num_leaves=31
num_cat=0
split_feature=50 22 22 18 15 18 25 14 51 46 41 18 14 21 50 15 21 49 15 21 14 15 41 17 45 17 41 41 52 8
split_gain=146.042 79.366 122.949 149.423 76.6279 75.2535 65.6971 79.0152 63.3116 112.638 100.915 82.0598 68.8632 60.1659 102.264 79.8972 78.5165 92.2232 144.021 100.029 78.584 105.148 68.4056 75.2313 55.2209 73.2434 54.5671 51.0413 48.4167 47.353
threshold=0.080915343016386046 8681399.0000000019 1885909.0000000002 7420.0000000000009 14673.199707031252 37420.000000000007 0.1860766485333443 127.40000152587892 -0.058814650401473038 0.52028617262840282 16709.700195312504 74100.000000000015 8260.4501953125018 5320895.5000000009 -0.23311688005924222 2521.650024414063 13439690.500000002 -0.052248043939471238 6295.5500488281259 10052930.500000002 2283.299926757813 2484.150024414063 15689.250000000002 0.06526519358158113 -0.33484849333763117 0.048395916819572456 22469.549804687504 6183.6999511718759 5.1952381134033212 1398.799987792969
decision_type=2 2 2 2 2 2 2 2 2 2 2 2 2 2 2 2 2 2 2 2 2 2 2 2 2 2 2 2 2 2
left_child=1 2 3 -1 13 -6 7 -4 9 10 11 -3 27 14 15 -5 17 18 24 -19 -21 -22 -16 26 25 28 -24 -10 -15 -2
right_child=29 8 6 4 5 -7 -8 -9 12 -11 -12 -13 -14 16 22 -17 -18 19 -20 20 21 -23 23 -25 -26 -27 -28 -29 -30 -31
leaf_value=0.0032775100987583136 0.0032775100987583136 -0.016819388393567229 1.9649803382839157e-05 -0.13623371761017666 0.0016636181363710726 -0.067694484190603268 0.0032775100987583136 0.0025045943210444395 -0.00060309973328619615 -0.0044368975974425524 -0.11364149497069634 -0.093240955413871979 0.0032775100987583136 -0.10508699406846958 0.0016636181363710726 -0.027198183945238763 0.0012460421816862046 0.00043749155898512498 -0.10599012467619168 -0.0076000274210988638 0.0016636181363710726 -0.0045304068837305131 -0.0089233235366010175 -0.00068173684017603254 -0.0076000274210988638 -0.017129731282527958 -0.027198183945238763 -0.0044368975974425524 -0.044113045133826925 0.0072540442068253913
leaf_weight=11212.060102876276 8742.6446383818984 889.53203845769167 39221.148084022105 20.30973456799984 20.38904345408082 79.927378594875336 24606.683345496655 35518.236290596426 31327.826397467405 1476.8078649714589 27.744545489549637 34.714053377509117 8934.433531453833 46.628501161932945 48150.717712190002 55.34994287788868 31056.185694672167 28187.965601749718 39.18474380671978 7350.5282081514597 3209.3951494954526 12103.796811811626 699.45617071539164 2360.2058052830398 1147.9336128681898 361.80914223194122 278.18321124836802 2832.0831138640642 28.089535132050514 13703.054404817522
leaf_count=22469 14280 1953 87685 88 56 801 46437 73422 96645 2384 118 126 21650 198 105980 105 70846 77022 166 22318 9714 40444 1841 6426 2162 781 980 7612 58 18959
internal_value=0.00148425 0.00118476 0.00153998 0.000618725 4.97262e-05 -0.0432043 0.00289762 0.00173168 -0.000732855 -0.0085838 -0.0228498 -0.0198849 -0.000289998 8.24839e-05 0.00142545 -0.0559082 -0.000746547 -0.00192581 -0.0136491 -0.00155098 -0.00402396 -0.00196431 0.00151187 -0.00551697 -0.0112347 -0.026649 -0.0171649 -0.0013155 -0.0710964 0.00537026
internal_weight=313723 291277 245754 146408 135196 100.316 99346.1 74739.4 45523.1 2428.8 951.991 924.246 43094.3 135096 51564.2 75.6597 83531.5 52475.3 1623.65 50851.7 22663.7 15313.2 51488.6 3337.85 1584.46 436.527 977.639 34159.9 74.718 22445.7
internal_count=733726 700487 569999 362455 339986 857 207544 161107 130488 4581 2197 2079 125907 339129 115420 193 223709 152863 3365 149498 72476 50158 115227 9247 3199 1037 2821 104257 256 33239
is_linear=0
shrinkage=0.05


Tree=89
num_leaves=31
num_cat=0
split_feature=24 7 36 7 25 24 16 44 44 7 36 22 31 14 18 24 15 21 13 21 53 14 15 44 15 24 16 50 22 15
split_gain=121.381 112.098 188.905 251.107 100.58 89.4256 101.335 134.456 83.8118 117.337 81.1456 78.8385 67.3081 63.9865 57.6257 58.8164 58.5944 55.194 54.6755 53.2265 65.4388 53.4741 78.9162 59.6892 52.9858 50.7672 58.5485 48.6817 47.2028 100.645
threshold=7714069.5000000009 21.500000000000004 1.5000000000000002 3.5000000000000004 0.73922109603881847 3211691.0000000005 1.0000000180025095e-35 -0.2809090912342071 1.2170454859733584 12.500000000000002 3.5000000000000004 13897643.000000002 96.500000000000014 6660.3000488281259 36009.800781250007 3211691.0000000005 2989.900024414063 5320895.5000000009 1.0000000180025095e-35 10052930.500000002 0.20701967924833301 7223.6501464843759 119.1999969482422 -5.1568181514739981 1508.4500122070315 3211691.0000000005 0.074023749679327025 -0.013320707250386475 3910147.0000000005 14673.199707031252
decision_type=2 2 2 2 2 2 2 2 2 2 2 2 2 2 2 2 2 2 2 2 2 2 2 2 2 2 2 2 2 2
left_child=1 2 4 -4 -1 28 7 11 9 10 14 12 -7 24 15 16 -5 -6 -2 21 -21 22 23 -13 27 -19 -27 -9 29 -3
right_child=18 5 3 8 17 6 -8 13 -10 -11 -12 19 -14 -15 -16 -17 -18 25 -20 20 -22 -23 -24 -25 -26 26 -28 -29 -30 -31
leaf_value=0.001027223883770075 0.0017096241147248439 -0.00012152951782421785 0.04388081873412443 0.010185570500523565 0.011640373944115547 -0.05683022465873238 0.00066938519584874411 -0.012314624507674732 0.016327982445755215 0.001027223883770075 0.010185570500523565 -0.10855805243368927 -0.012314624507674732 -0.0017383099938685573 0.0034264872207813652 0.0052692751276266275 0.0052692751276266275 0.0035680192743062058 0.0096273600608620426 -0.012314624507674732 -0.11356043753357568 -0.012314624507674732 -0.10844466706804479 -0.028397487585187082 -0.010073996234935496 0.0035680192743062058 0.0295407912022582 -0.003464907192170897 0.001027223883770075 -0.060326271852277749
leaf_weight=100868.82685081661 3405.2082731574774 84588.53273082152 406.1685808673501 6401.6348130330443 3087.0476028472185 86.71173882484436 20984.477018281817 1112.3489907644689 1436.5256040617824 11486.015103846788 3513.9731787666678 21.990663856267929 506.72920946776867 3922.5949377566576 11313.078606881201 4420.8002175614238 2907.0610961019993 5975.7788596525788 6064.7436954975128 16.790291219949722 41.551763400435448 169.7082110196352 39.075961217284203 198.3370595574379 4232.6436256542802 334.37246985733509 403.19801498949528 12440.045932296664 22187.933803740889 67.474476654082537
leaf_count=202940 5675 244964 268 9126 4210 271 47458 3703 1795 19106 4743 92 889 9212 18859 7396 4721 10622 10759 39 175 339 165 573 11060 547 409 50176 61421 789
internal_value=0.00120752 0.00103338 0.00198869 0.00485364 0.00102722 6.57602e-05 -0.00183762 -0.00414601 0.00446938 0.00404316 0.00582575 -0.0213413 -0.0123146 -0.00328791 0.00472815 0.00711206 0.00983074 0.00610881 0.00678126 -0.036472 -0.0807416 -0.0301065 -0.0444804 -0.0322625 -0.0051915 0.00356802 0.0166694 -0.00366536 0.000845576 -0.000170939
internal_weight=312641 303171 152554 41885.3 110669 150617 43773 22788.5 41479.1 40042.6 28556.5 1080.89 593.441 21707.6 25042.6 13729.5 9308.7 9800.4 9469.95 487.454 58.3421 429.112 259.404 220.328 17785 6713.35 737.57 13552.4 106844 84656
internal_count=732502 716068 284742 66014 218728 431326 124152 76694 65746 63951 44845 2543 1160 74151 40102 21243 13847 15788 16434 1383 214 1169 830 665 64939 11578 956 53879 307174 245753
is_linear=0
shrinkage=0.05


Tree=90
num_leaves=31
num_cat=0
split_feature=25 24 24 22 18 17 48 49 18 26 25 53 52 10 26 14 41 16 53 7 1 15 16 18 48 17 50 26 14 53
split_gain=110.012 87.1434 217.493 157.558 103.651 185.276 90.9164 77.2406 75.699 66.6968 83.4212 62.5192 101.064 66.2363 65.3101 84.0063 64.1972 65.0502 68.8648 114.412 65.0826 61.3582 91.5242 56.864 55.7687 50.7709 62.6887 53.0706 50.3377 88.6372
threshold=0.91012820601463329 1.0000000180025095e-35 3211691.0000000005 13897643.000000002 38060.000000000007 0.013129034079611303 13.267857074737551 -0.050655398517847054 196090.00000000003 1.0000000180025095e-35 0.14276190847158435 0.94560331106185924 11.452380657196047 15043.500000000002 45.500000000000007 18937.600585937504 18430.650390625004 0.0040080321487039336 0.14375617355108264 21.500000000000004 0.012903762981295587 3834.4499511718755 0.20318321883678439 2149.9001464843755 21.354166984558109 0.0016722595319151881 -0.067498289048671709 38.500000000000007 6986.5998535156259 0.29303689301013952
decision_type=2 2 2 2 2 2 2 2 2 2 2 2 2 2 2 2 2 2 2 2 2 2 2 2 2 2 2 2 2 2
left_child=1 4 -3 6 -1 7 9 -6 -9 10 -4 14 13 -13 -5 16 17 18 24 -20 -19 -7 -23 -2 -16 26 27 -8 29 -21
right_child=23 2 3 11 5 21 25 8 -10 -11 -12 12 -14 -15 15 -17 -18 20 19 28 -22 22 -24 -25 -26 -27 -28 -29 -30 -31
leaf_value=0.0015886029005723985 0.028787074265041335 0.0052273976455135714 0.0021200615991748043 -0.0006120386771434306 -0.067677945945422577 0.00036396081991782068 -0.015196185844260657 -0.005890492593150898 -0.036604601944508319 0.0052273976455135714 0.0052273976455135714 -0.17116077543964381 -0.010932268039073439 -0.057552410729520942 -0.009708601150324625 0.0047095778152394796 -0.061733848197173626 -0.009708601150324625 -0.009708601150324625 -0.041963520308979499 -0.0019057517166732722 -0.0033196737372184373 0.00036396081991782068 0.0075601544345430816 -0.035896850904086376 0.0021200615991748043 -0.0012004213181661992 -0.066600306079789409 -0.026572084144509636 -0.10345634675542258
leaf_weight=86618.403566917405 342.76562324166298 36887.033859863877 13729.922459691763 25074.430005840957 49.72483928501606 51094.030534837395 136.96632941067219 11482.369623359293 202.26824210211635 19423.548497609794 2116.272750467062 17.763699114322662 124.68469563126564 18.365778766572475 1119.8703186623752 1493.3690123558044 54.200293608009815 1765.1280426606536 298.31231051683426 195.12539924681187 2177.8792033866048 13924.063078603707 9407.6520737763494 3769.6343726068735 205.78381258249283 13310.824959293008 17403.500205457211 63.386260464787483 186.10117550194263 74.552829653024673
leaf_count=209300 422 71075 25248 71652 161 126599 263 28520 725 28907 2804 93 206 37 4541 3434 207 5643 510 792 4305 40786 25642 6638 1910 26539 44940 205 437 312
internal_value=0.00122053 0.00111226 0.00205962 0.000837949 0.000367213 -0.000860681 0.00224233 -0.00669938 -0.00642835 0.00397723 0.00212006 -0.00199532 -0.0329025 -0.104173 -0.00184105 -0.00591056 -0.00852108 -0.00802187 -0.015173 -0.02732 -0.00424423 6.0035e-05 -0.00225685 0.00934254 -0.0097086 0.000262891 -0.00152228 -0.029192 -0.0434356 -0.057355
internal_weight=312768 308656 135877 98990 172779 86160.1 66184.4 11734.4 11684.6 35269.7 15846.2 32805.6 160.814 36.1295 32644.8 7570.32 6076.95 6022.75 2079.75 754.092 3943.01 74425.7 23331.7 4112.4 1325.65 30914.7 17603.9 200.353 455.779 269.678
internal_count=732853 725793 294060 222985 431733 222433 128906 29406 29245 56959 28052 94079 336 130 93743 22091 18657 18450 8502 2051 9948 193027 66428 7060 6451 71947 45408 468 1541 1104
is_linear=0
shrinkage=0.05


Tree=91
num_leaves=31
num_cat=0
split_feature=21 18 21 21 48 44 37 7 37 50 41 50 45 2 48 14 44 52 48 37 49 30 18 14 41 50 37 22 37 1
split_gain=149.739 155.127 120.953 90.5114 103.904 89.794 87.599 160.633 134.248 114.302 95.4426 89.3188 91.0369 107.681 76.1568 92.0239 77.6141 73.7847 72.1563 68.86 74.5163 90.9181 68.0912 67.3764 103.809 66.806 65.5771 64.4794 61.9151 226.452
threshold=5320895.5000000009 198800.00000000003 1289243.5000000002 12130922.500000002 13.887499809265138 0.88495671749115001 1322.4500122070315 4.5000000000000009 1929.2500000000002 -0.053241055458784096 2448.700073242188 -0.10753119364380835 -0.4564394056797027 4.5000000000000009 11.267857074737551 1.0000000180025095e-35 -1.0000000180025095e-35 0.51471862196922313 13.464285850524904 4687.3000488281259 -0.010152646806091068 0.39590761065483099 8010.0000000000009 4546.9499511718759 3333.700073242188 0.45565807819366461 4965.4499511718759 1885909.0000000002 2042.4500122070315 0.11396104097366334
decision_type=2 2 2 2 2 2 2 2 2 2 2 2 2 2 2 2 2 2 2 2 2 2 2 2 2 2 2 2 2 2
left_child=1 2 25 6 17 14 9 -8 -9 18 11 12 13 -10 15 -4 -17 -5 -2 -6 21 -21 -13 24 -16 -1 -22 -26 29 -12
right_child=3 -3 5 4 19 -7 7 8 10 -11 28 22 -14 -15 23 16 -18 -19 -20 20 26 -23 -24 -25 27 -27 -28 -29 -30 -31
leaf_value=-0.012746889734644884 -0.012004507458160927 -0.036874334872698429 0.003144427242816954 0.002332028010183475 0.00054326679171611415 0.013876239386098714 0.025904138534687145 0.005760019096482283 -0.12353631183847234 -0.002092362746866193 -0.029349472706286996 0.013045728603163907 -0.0077605553744237027 -0.039723609397049262 0.0016083846513542659 0.0053622837074228727 0.0082744709015120411 0.007640903937233841 -0.043953137830253147 -0.051473176641027976 -0.014226633612616347 -0.014226633612616347 0.0038838346785009174 0.003144427242816954 -0.008282141570235357 0.048994221166234975 -0.0010538875208413775 0.00097593139730165314 -0.00085926579203027492 0.010355601334802201
leaf_weight=1550.604587867856 912.7224540412426 246.63157595507801 23603.437333613634 32111.509575173259 32883.07798641175 1813.7115621417761 610.13360047340393 9452.4046689644456 46.976861998438835 34787.015457555652 788.70991573482752 925.83666107803583 154.7011095136404 21.188064903020859 32954.404647983611 10797.282003067434 4477.6787308380008 8219.4837852865458 218.05171195417643 199.8083256483078 544.89020484685898 281.26934327185154 3030.1536926925182 39889.984215639532 4928.0675835907459 43.152982741594315 3416.6559867225587 3040.001418672502 60445.425183788873 656.44026635587215
leaf_count=5335 1981 902 41752 55089 85860 2360 635 22812 202 106945 2967 1664 258 13 81893 15273 5411 11037 860 656 1627 606 7743 89123 12330 21 9820 5953 161505 1086
internal_value=0.00122481 0.00258095 0.00266059 0.000343041 0.00165491 0.00284016 -0.000566169 0.000394092 0.000187319 -0.00260146 -0.000610105 0.00670156 -0.0239613 -0.0716867 0.0026727 0.00449103 0.00758014 0.00341431 -0.018232 -0.000246232 -0.0060875 -0.0246286 0.00844023 0.00179783 0.000370044 -0.0110159 -0.00382464 -0.00475062 -0.00110399 -0.0113246
internal_weight=313051 123345 123098 189706 77656.7 121505 112050 76132 75521.8 35917.8 66069.4 4178.86 222.866 68.1649 119691 38878.4 15275 40331 1130.77 37325.7 4442.62 481.078 3955.99 80812.5 40922.5 1593.76 3961.55 7968.07 61890.6 1445.15
internal_count=733719 260353 259451 473366 164695 254095 308671 198885 198250 109786 175438 9880 473 215 251735 62436 20684 66126 2841 98569 12709 1262 9407 189299 100176 5356 11447 18283 165558 4053
is_linear=0
shrinkage=0.05


Tree=92
num_leaves=31
num_cat=0
split_feature=44 21 24 21 6 46 6 14 7 46 53 25 48 15 25 14 41 21 15 25 14 15 15 48 18 36 18 21 21 14
split_gain=125.693 139.987 76.6171 79.0656 113.171 223.285 123.61 118.196 94.6291 93.1311 116.629 74.8507 69.5612 63.8393 95.4743 109.755 91.9606 65.6264 110.238 63.6901 57.1075 52.069 52.0926 46.0533 45.7108 45.6774 54.8687 44.888 59.9565 44.4379
threshold=0.027597402222454551 5320895.5000000009 7714069.5000000009 5320895.5000000009 -0.011253239586949347 0.046653682366013534 -0.012981583829969166 1278.299987792969 9.5000000000000018 2.1056938171386723 0.36329026520252233 0.18103912472724917 18.816666603088382 9413.7998046875018 0.010544848162680866 10664.200195312502 28612.000000000004 1289243.5000000002 5484.2500000000009 0.24999500066041949 4437.3000488281259 2231.650024414063 5677.8000488281259 11.949999809265138 92034.601562500015 2.5000000000000004 7420.0000000000009 12130922.500000002 15089427.500000002 4546.9499511718759
decision_type=2 2 2 2 2 2 2 2 2 2 2 2 2 2 2 2 2 2 2 2 2 2 2 2 2 2 2 2 2 2
left_child=2 -2 3 13 5 6 21 11 -9 10 12 -6 -7 17 15 -15 -17 18 19 20 -1 -5 -23 -19 -16 26 -10 -3 -29 -25
right_child=1 27 -4 4 7 9 -8 8 25 -11 -12 -13 -14 14 24 16 -18 23 -20 -21 -22 22 -24 29 -26 -27 -28 28 -30 -31
leaf_value=-0.032697439900347701 0.012179292192898528 0.0033045907484881721 0.0033045907484881721 -0.035374625485130186 -0.0016842071049427477 -0.0042993609663904576 -0.017813591628951204 0.0033045907484881721 0.0021012225265217496 -0.0016842071049427477 -0.014801664516126536 8.2037707161092095e-05 -0.017813591628951204 -0.099919749507285938 0.0033045907484881721 -0.012669137384374862 -0.055454480282820101 0.0033045907484881721 -0.080654955868355846 0.0033045907484881721 -0.0071960710706673011 -0.080141851721097251 -0.035374625485130186 0.00011926512334325432 -0.012669137384374862 0.0021012225265217496 8.2037707161092095e-05 0.028280541266532618 0.0072521254109730333 0.0023139676963794069
leaf_weight=326.29003579169512 5487.3325339406729 5591.7563584446907 9183.5639692544937 141.54577531665564 37942.46151445806 5535.1095937117934 266.34505098313093 4118.2017734050751 12060.776936210692 6831.070972673595 3206.5807050466537 18882.254880394787 364.43673227727413 44.380962796509266 608.41071126610041 311.69712084159255 133.25706044584513 36128.931380055845 49.186215430498123 794.83370545506477 312.18536677584052 187.16402997076511 37.963498070836067 38253.393357206136 203.73574137687683 31208.42643023096 54632.147020336241 381.8556572124362 2928.2846575081348 36296.169134613127
leaf_count=1511 8026 11635 16111 433 111080 11389 646 4955 27611 10146 6384 41704 1222 197 1837 822 607 59015 294 2265 1079 738 101 95204 881 80720 149649 451 4613 81647
internal_value=0.00113281 0.00569674 0.000912446 0.000741897 7.66181e-05 -0.00385524 -0.0329308 0.000486822 0.00150473 -0.00269638 -0.00691451 -0.00134065 -0.00429936 0.00177041 -0.00923136 -0.0266291 -0.0189044 0.00189823 -0.00854507 -0.00596157 -0.0176967 -0.0529357 -0.0683098 0.00203827 0.00129079 0.000897854 0.000142139 0.00330459 0.00969356 0.00132334
internal_weight=312450 14389.2 298061 288877 175414 16570.2 633.018 158844 102020 15937.2 9106.13 56824.7 5899.55 113462 1301.48 489.335 444.954 112161 1482.5 1433.31 638.475 366.673 225.128 110678 812.146 97901.4 66692.9 8901.9 3310.14 74549.6
internal_count=732973 24725 708248 692137 446778 31059 1918 415719 262935 29141 18995 152784 12611 245359 4344 1626 1429 241015 5149 4855 2590 1272 839 235866 2718 257980 177260 16699 5064 176851
is_linear=0
shrinkage=0.05


Tree=93
num_leaves=31
num_cat=0
split_feature=26 36 15 26 49 51 31 15 44 48 9 41 6 41 41 41 26 21 21 24 44 26 44 50 15 24 50 24 41 41
split_gain=110.219 219.09 159.136 148.254 144.857 101.828 110.585 95.6962 94.8488 121.346 113.005 93.5232 90.1466 89.751 86.0447 86.305 431.931 84.4474 153.38 82.1659 114.212 76.0295 156.366 106.948 85.1161 156.483 123.684 108.797 88.1968 87.4399
threshold=43.500000000000007 2.5000000000000004 925.00000000000011 33.500000000000007 0.2987103164196015 -0.10745851323008536 104.50000000000001 2125.349975585938 -0.61287879943847645 14.062500000000002 15.464504241943361 2479.650024414063 -0.0023856577463448043 1863.0999755859377 26396.650390625004 127.40000152587892 11.500000000000002 15089427.500000002 10052930.500000002 3211691.0000000005 -0.22714286297559735 37.500000000000007 -0.03847402706742286 -0.085082970559597002 6383.8500976562509 1.0000000180025095e-35 -0.080518092960119234 3211691.0000000005 7674.5000000000009 8864.2001953125018
decision_type=2 2 2 2 2 2 2 2 2 2 2 2 2 2 2 2 2 2 2 2 2 2 2 2 2 2 2 2 2 2
left_child=1 14 5 -3 8 6 -2 -5 10 -10 12 13 -4 -7 15 17 -17 18 -1 20 -20 24 23 -23 -18 26 29 28 -27 -26
right_child=2 3 4 7 -6 11 -8 -9 9 -11 -12 -13 -14 -15 -16 16 21 -19 19 -21 -22 22 -24 -25 25 27 -28 -29 -30 -31
leaf_value=0.0009147201744570798 -0.11891189730519908 0.030238836993949154 -0.12043453680797661 -0.0042699030681283764 0.0089821309554776168 -0.0051848163371658509 -0.024593556985849231 0.013032220463144057 0.0045226365223108266 -0.00033787568006412444 -0.0038921452976763932 -0.024593556985849231 -0.03084427766501038 0.026041231190214439 -0.043819145210509232 0.021512908208457113 0.002237984060289131 0.0031641785997081466 -0.043503468985447498 -0.016481727610887596 -0.0031177966742106863 -0.091003888415375891 0.031440261030606716 0.00064588386985434511 -0.033830112660692302 -0.011886103311528638 -0.0099056724234170886 -0.0017460702799370323 0.027428368343282918 -0.1242482498380843
leaf_weight=51081.333466667682 36.489077344536781 934.36913143843412 35.198892310261726 1118.6189074069262 4798.5664623826742 9894.1023240871727 135.59331667423248 2789.2579339072108 15916.668477535248 61678.170204069465 10402.003397323191 282.72561324760318 60.960205316543579 233.63621184229851 102.18940391950309 2919.1329674720764 105559.45139276981 21759.391036182642 175.23522347211838 1353.3534278869629 14391.541444629431 31.950305208563805 635.98374103754759 509.47469766438007 106.63421650230885 179.95474617928267 2747.5384931992739 2382.3842045366764 668.68749355524778 34.888092115521431
leaf_count=111337 160 908 155 2097 6428 36813 278 4158 26407 179992 18580 1135 127 589 446 3238 229384 41877 504 3893 46038 110 986 794 260 369 9822 4967 917 153
internal_value=0.00119729 0.00185676 -0.000137813 0.0123664 0.00052406 -0.00594661 -0.0438758 0.00807988 6.31421e-05 0.000666646 -0.0043968 -0.00531135 -0.0577964 -0.00445947 0.00160796 0.00163108 0.00253037 0.000458061 -0.000420845 -0.00470572 -0.00360953 0.002039 0.0146676 -0.00507753 0.0019056 -0.00382624 -0.0122773 0.00373329 0.0190834 -0.0575408
internal_weight=312955 209481 103474 4842.25 92891.6 10582.5 172.082 3907.88 88093 77594.8 10498.2 10410.5 96.1591 10127.7 204639 204537 115776 88760.9 67001.5 15920.1 14566.8 112857 1177.41 541.425 111680 6120.09 2889.06 3231.03 848.642 141.522
internal_count=732922 462258 270664 7163 231689 38975 438 6255 225261 206399 18862 38537 282 37402 455095 454649 251000 203649 161772 50435 46542 247762 1890 904 245872 16488 10235 6253 1286 413
is_linear=0
shrinkage=0.05


Tree=94
num_leaves=31
num_cat=0
split_feature=49 22 15 45 44 49 45 31 15 18 15 22 36 41 17 25 1 15 46 18 21 50 14 36 48 15 7 13 41 15
split_gain=108.841 77.5484 82.0745 113.641 83.6175 79.2215 91.7845 89.042 71.2227 68.8288 72.8771 69.5068 95.04 102.471 68.4012 68.3139 75.1357 67.6909 65.4528 64.2447 73.3984 64.7208 61.9624 59.8713 93.9883 73.8356 57.8463 50.8543 139.868 65.5
threshold=0.52484878897666942 13897643.000000002 3369.099975585938 -27.651515007019039 -1.0000000180025095e-35 -0.077029220759868608 -0.092171717435121522 21.500000000000004 6705.7500000000009 39610.000000000007 14673.199707031252 1885909.0000000002 1.5000000000000002 10549.799804687502 0.16992979496717456 0.5004003942012788 0.017937581054866317 3301.9499511718755 0.015200218651443722 199700.00000000003 15089427.500000002 -0.10753119364380835 13118.700195312502 6.5000000000000009 17.816666603088382 3862.150024414063 9.5000000000000018 5.5000000000000009 11884.450195312502 3062.849975585938
decision_type=2 2 2 2 2 2 2 2 2 2 2 2 2 2 2 2 2 2 2 2 2 2 2 2 2 2 2 2 2 2
left_child=1 9 3 4 -3 6 7 -4 -7 15 11 12 13 19 -10 16 -1 27 -19 21 -21 -11 -15 -14 25 -25 -17 28 -5 -30
right_child=-2 2 5 17 -6 8 -8 -9 14 10 -12 -13 23 22 -16 26 -18 18 -20 20 -22 -23 -24 24 -26 -27 -28 -29 29 -31
leaf_value=0.00073945116301393169 0.0080724914437091937 -0.16418744431435778 -0.12360673141932597 -0.0022204090981745596 -0.046320874225693344 0.0043305045633087067 -0.011093509904507196 -0.039685471410189389 -0.010121207998350005 -0.015494212549238294 -0.03954565813243531 0.00073945116301393169 0.00049206474301293239 -0.07718068208496881 0.0043305045633087067 0.0043305045633087067 0.0021836833395082376 -0.046320874225693344 0.00099871392343402351 -0.07115563613028647 -0.019806773024147573 -0.0024927432560771113 0.00073945116301393169 0.00073945116301393169 -0.057590404486450412 -0.031644188727489551 0.0021836833395082376 0.0043305045633087067 -0.046320874225693344 -0.012272257248419113
leaf_weight=91285.88641596958 4934.4686799272895 18.474259719252586 40.005930051207542 33520.464614901692 16.412629276514053 9212.6627485007048 171.07289174199104 43.723261684179306 1774.5233911573887 990.19212657213211 114.93075777124614 22083.276590980589 49784.248151984066 72.769143339246511 455.33738107979298 12022.537256330252 28306.307851396501 165.6370267868042 125.08435635268688 83.197505917400122 56.843752816319466 27216.046529892832 31.359106600284576 322.77736043930054 107.58143516629934 108.29940874874592 27144.35087043792 613.10574455186725 160.66977381706238 190.14527721703053
leaf_count=217522 6382 94 173 101292 24 20499 284 83 5036 1920 889 43339 129772 507 1002 20117 48280 605 225 391 124 68768 124 617 494 309 61056 1291 575 499
internal_value=0.000707247 0.000588518 -0.00129175 -0.00250932 -0.0902256 0.00233143 -0.0251343 -0.0682774 0.00294732 0.000925205 -9.54141e-05 -4.96754e-05 -0.000993512 -0.00330319 -0.00513559 0.00157432 0.000980727 -0.00241614 -0.0263595 -0.00311936 -0.0366633 -0.00295023 -0.0523443 0.000312361 -0.0162367 -0.00569797 0.00338664 -0.00221276 -0.00255017 -0.0338678
internal_weight=311172 306238 46507.3 34810 34.8869 11697.3 254.802 83.7292 11442.5 259731 100972 100857 78773.3 28450.4 2229.86 158759 119592 34775.1 290.721 28346.3 140.041 28206.2 104.128 50322.9 538.658 431.077 39166.9 34484.4 33871.3 350.815
internal_count=732293 725911 131682 104605 118 27077 540 256 26537 594229 247254 246365 203026 71834 6038 346975 265802 104487 830 71203 515 70688 631 131192 1420 926 81173 103657 102366 1074
is_linear=0
shrinkage=0.05


Tree=95
num_leaves=31
num_cat=0
split_feature=22 24 24 25 41 24 48 14 25 25 44 13 15 26 26 17 14 26 15 26 22 14 4 6 7 15 25 41 41 15
split_gain=121.531 173.628 209.331 189.613 116.966 90.9389 102.555 102.417 81.4844 72.9433 71.8029 68.9173 68.6644 121.311 133.214 114.42 113.93 218.312 115.209 97.652 123.561 95.7221 82.7938 74.3301 66.5139 63.6264 62.2438 71.9261 61.9727 101.263
threshold=13897643.000000002 1.0000000180025095e-35 3211691.0000000005 0.40629123151302343 630.10000610351574 7714069.5000000009 13.348484516143801 1.0000000180025095e-35 0.28581193089485174 0.96026313304901134 -2.8912879228591915 10.500000000000002 3883.5000000000005 68.500000000000014 82.500000000000014 0.06526519358158113 6224.3498535156259 55.500000000000007 3320.150024414063 57.500000000000007 1885909.0000000002 7223.6501464843759 0.032362798228859908 -1.0000000180025095e-35 9.5000000000000018 3301.9499511718755 0.010544848162680866 5698.5500488281259 18937.600585937504 4652.3000488281259
decision_type=2 2 2 2 2 2 2 2 2 2 2 2 2 2 2 2 2 2 2 2 2 2 2 2 2 2 2 2 2 2
left_child=1 9 8 5 -5 6 7 -4 -3 12 -2 -12 16 24 -15 22 19 18 -18 -1 26 -20 23 -16 -14 -11 27 -21 29 -26
right_child=10 2 3 4 -6 -7 -8 -9 -10 25 11 -13 13 14 15 -17 17 -19 21 20 -22 -23 -24 -25 28 -27 -28 -29 -30 -31
leaf_value=0.00043117672075778301 -0.010651655221663161 0.0059138090661545253 -0.00022356971791295344 0.021322959459605943 0.0059272508690213889 0.0044833127902005592 -0.0024806368686707018 0.0044833127902005592 0.013991301533817058 0.012088196436472444 -0.00095112940219077569 0.044784306374180294 0.008108475785924614 0.0099519043656062355 -0.078528229876282163 0.0050687942352797702 0.0099519043656062355 0.0018047707075030028 0.0018047707075030028 -0.018014919144479006 -0.073494837539737484 0.0097284767364361289 -0.0077206380535656234 -0.02464851407746578 -0.0059462316572830836 0.062311899802065973 -0.0046794610813145586 -0.086375041323729293 -0.011239965842567831 0.00024575437464212797
leaf_weight=100513.21627426893 1954.583135433495 22279.437888488173 12067.389207437634 1457.8777453452349 7984.2807098552585 6424.1716924309731 23845.698593474925 14564.372578985989 3631.0588669478893 437.18925713002682 44964.373423619196 80.5206129103899 1404.1733404994011 1401.1106541343033 80.01730315387249 1309.3736514560878 7215.8520106449723 21036.652679674327 2754.9238503053784 246.89614321663976 69.272381540387869 3997.874503493309 264.88398652523756 309.03603882342577 11457.610263362527 72.039518177509308 2886.2454630546272 44.012085430324078 2126.6057254048064 15578.990090848878
leaf_count=238400 3429 38783 22670 1907 13527 10251 58899 22257 5291 701 129333 83 1936 2886 360 3515 13672 53951 7169 882 439 8733 491 1233 31354 67 9249 215 7109 44057
internal_value=0.00106876 0.00148368 0.00323579 0.00174725 0.00830837 0.000658251 -9.90065e-05 0.0020335 0.00704677 0.000550427 -0.00127473 -0.00086739 0.000494594 -0.00152153 0.00748707 -0.00346319 0.000987606 0.00345411 0.00857847 0.000155434 -0.00837689 0.00312764 -0.0205101 -0.036075 -0.00251349 0.0194092 -0.00691177 -0.0288764 -0.00302545 -0.00237854
internal_weight=312460 265460 92254.3 66343.8 9442.16 56901.6 50477.5 26631.8 25910.5 173206 46999.5 45044.9 172697 33931.8 3364.42 1963.31 138765 35005.3 13968.7 103760 3246.43 6752.8 653.937 389.053 30567.4 509.229 3177.15 290.908 29163.2 27036.6
internal_count=732849 600004 173585 129511 15434 114077 103826 44927 44074 426419 132845 129416 425651 92941 8485 5599 332710 83525 29574 249185 10785 15902 2084 1593 84456 768 10346 1097 82520 75411
is_linear=0
shrinkage=0.05


Tree=96
num_leaves=31
num_cat=0
split_feature=25 14 7 18 44 7 22 26 17 44 6 26 47 21 26 50 53 25 21 15 25 45 49 41 15 25 21 26 45 49
split_gain=142.771 135.396 175.518 148.506 82.2765 80.4985 71.4814 61.7032 58.6745 55.5384 44.9392 42.8976 40.0636 39.9514 96.5789 71.8609 90.2497 97.6588 63.1015 75.6083 67.7833 55.1845 65.2489 52.012 39.9372 43.3926 39.5433 70.5856 48.1804 47.169
threshold=0.91012820601463329 1278.299987792969 9.5000000000000018 197024.50000000003 1.0000000180025095e-35 13.500000000000002 8681399.0000000019 103.50000000000001 0.14978250116109851 -9.9484844207763654 0.00029801116033922886 43.500000000000007 0.24444444477558139 5320895.5000000009 43.500000000000007 -0.067498289048671709 0.10331767797470094 0.28542743623256689 15089427.500000002 1178.5000000000002 0.42875434458255773 -0.08964646607637404 -0.049232875928282731 236.3999938964844 925.00000000000011 0.22810026258230212 5320895.5000000009 45.500000000000007 -0.99090909957885731 -0.049416434019803994
decision_type=2 2 2 2 2 2 2 2 2 2 2 2 2 2 2 2 2 2 2 2 2 2 2 2 2 2 2 2 2 2
left_child=1 3 -3 6 10 8 13 9 -2 12 11 -4 -8 -1 18 -16 17 23 19 20 21 22 -15 -17 25 26 27 28 -11 -28
right_child=5 2 4 -5 -6 -7 7 -9 -10 24 -12 -13 -14 14 15 16 -18 -19 -20 -21 -22 -23 -24 -25 -26 -27 29 -29 -30 -31
leaf_value=0.00038629322882195873 0.010705785232667318 0.0053427226670009651 0.0012124409236341125 -0.081335402874898433 0.0032274223764612534 0.0053427226670009651 -0.041003680881886252 -0.041003680881886252 0.024087445519403155 -0.01968662119673048 0.0019989249523779252 0.00038629322882195873 -0.01968662119673048 -0.036302609792151941 -0.041003680881886252 -0.011128646903107872 0.00038629322882195873 0.00038629322882195873 0.00038629322882195873 -0.032039205931988252 0.00038629322882195873 -0.0032445376273696398 -0.010437974481754753 -0.024866302312151419 -0.01968662119673048 0.00038629322882195873 -0.01968662119673048 -0.016028968342355576 -0.0015187456347764844 -0.0048571015655761163
leaf_weight=33420.654752425849 1308.2098087072372 9518.022340901196 85598.19939473737 55.090311758220196 15389.521196436137 1700.3880813643336 66.126483723521233 42.005252804607153 1225.7766664177179 282.73171243071556 23135.480983659625 67009.895320832729 54.495351076126099 295.6053366959095 83.920473739504814 730.3441426306963 1109.8968206271529 189.91105078905821 20825.930598765612 211.04065660387278 6711.5733469128609 19001.509599171579 393.30584658682346 570.83447095379233 190.94666066020727 1231.5922780260444 519.01164250075817 837.69812061265111 10070.113892253488 10063.338668078184
leaf_count=64560 1938 12448 197191 263 28053 3876 208 351 1296 620 39167 185993 64 935 265 3619 2379 804 38999 728 15179 54557 759 2566 632 2698 1647 3619 28763 38506
internal_value=0.000847296 0.00072174 0.00148761 -0.000715026 0.00111212 0.0099637 -0.000671959 -0.00311702 0.0160688 -0.00299389 0.000770428 0.000425957 -0.036557 1.17104e-05 -0.00110583 -0.0103278 -0.00872892 -0.0168173 -0.000583479 -0.00237117 -0.00213161 -0.00374963 -0.0176314 -0.022558 -0.00281622 -0.00261776 -0.00342378 -0.00151875 -0.00151875 -0.00561834
internal_weight=311843 307609 200651 106958 191133 4234.37 106903 23358.1 2533.99 23316.1 175744 152608 120.622 83544.5 50123.9 2684.91 2600.99 1491.09 47439 26613 26402 19690.4 688.911 1301.18 23195.4 23004.5 21772.9 11190.5 10352.8 10582.4
internal_count=732683 725573 462852 262721 450404 7110 262458 77108 3234 76757 422351 383184 272 185350 120790 9633 9368 6989 111157 72158 71430 56251 1694 6185 76485 75853 73155 33002 29383 40153
is_linear=0
shrinkage=0.05


Tree=97
num_leaves=31
num_cat=0
split_feature=48 14 53 18 15 22 15 1 44 26 14 41 44 41 7 25 45 1 44 48 50 48 1 15 18 26 50 14 53 18
split_gain=106.51 164.132 551.641 82.831 89.4961 78.2113 101.011 126.692 108.084 88.0583 79.6864 76.0213 116.549 74.032 64.9942 59.209 55.7703 124.965 82.8976 99.4592 113.341 69.585 57.1837 55.732 116.187 70.8944 65.7221 52.6421 94.2368 82.6205
threshold=10.535714149475099 1.0000000180025095e-35 0.074434850364923491 8612.2001953125018 2682.4499511718755 1885909.0000000002 4841.4499511718759 0.19774955511093142 -0.036103894934058182 69.500000000000014 11596.549804687502 23619.399414062504 -0.095346320420503602 5609.5000000000009 5.5000000000000009 0.44452822208404547 -0.33484849333763117 0.18107302486896518 0.012183054815977814 17.038461685180668 -0.036368066444993012 21.708333015441898 1.7231800556182864 9413.7998046875018 80100.000000000015 65.500000000000014 -0.021202153526246544 1479.7000122070315 0.24338521808385852 9020.0000000000018
decision_type=2 2 2 2 2 2 2 2 2 2 2 2 2 2 2 2 2 2 2 2 2 2 2 2 2 2 2 2 2 2
left_child=1 15 3 -3 -5 6 11 8 9 10 13 16 -13 -8 -4 -1 17 -2 19 -19 -21 -18 -22 27 26 -26 -25 28 29 -7
right_child=5 2 14 4 -6 23 7 -9 -10 -11 -12 12 -14 -15 -16 -17 21 18 -20 20 22 -23 -24 24 25 -27 -28 -29 -30 -31
leaf_value=0.0016303409229272018 -0.093457085993150252 0.025904754852205447 0.013784954781605033 0.003430968064260004 0.019679023345399928 0.00062743635459372102 -0.03953438817670047 0.0016303409229272018 -0.0056931419157736675 -0.087299119323761429 -0.0181998236925934 -0.10969321895687015 -0.013234931441621925 -0.096761560274743252 0.003430968064260004 0.003430968064260004 0.0016303409229272018 -0.0042422692193223987 -0.0010715739937721697 -0.048054144834354023 -0.030384210302087891 -0.0010116562061565526 -0.012303352873225872 -0.025840554082024209 -0.075652050640885593 -0.025840554082024209 0.0010502448358208961 0.0016303409229272018 -0.0076957323250047482 -0.012090153589592109
leaf_weight=50542.589881435037 36.022306606173515 2894.8013837635517 1615.6969493851066 1098.2304212450981 1396.2188010364771 28569.240269981325 39.595273450016975 2430.5988111719489 11122.022336117923 57.845894530415535 278.89641604200006 33.801309645175934 256.82672666758299 71.136154055595398 32356.054471559823 15222.262729823589 53031.708134278655 6458.6121718883514 3310.8195479810238 191.57756999135017 437.35467328131199 32918.269064582884 492.41439765691757 125.75376991182566 103.07226234674454 54.805900111794472 1097.5460706334561 62035.343880333006 3887.5905797854066 1275.5258782543242
leaf_count=109432 151 3148 1894 1662 1648 95181 71 4165 37757 249 683 144 755 294 48659 27777 120332 11721 5916 674 1405 110058 1022 374 439 174 3019 132490 8349 3792
internal_value=0.001309 0.00260645 0.0052316 0.0201486 0.0134533 0.000654236 -0.000252284 -0.00422261 -0.00666572 -0.0307065 -0.0219016 0.000319844 -0.0251265 -0.060869 0.00343097 0.00163034 0.0003967 -0.00296761 -0.0026512 -0.00663206 -0.0203644 0.000824463 -0.012934 0.00163034 -0.00841947 -0.0485059 -0.00317522 0.00163034 -0.000375468 0.000578524
internal_weight=313442 105126 39361 5389.25 2494.45 208316 111168 14000.1 11569.5 447.474 389.628 97167.4 290.628 110.731 33971.8 65764.9 96876.8 10926.8 10890.8 7579.96 1121.35 85950 929.769 97148.9 1381.18 157.878 1223.3 95767.7 33732.4 29844.8
internal_count=733435 194220 57011 6458 3310 539215 295397 43219 39054 1297 1048 252178 899 365 50553 137209 251279 20889 20738 14822 3101 230390 2427 243818 4006 613 3393 239812 107322 98973
is_linear=0
shrinkage=0.05


Tree=98
num_leaves=31
num_cat=0
split_feature=15 26 18 24 24 25 24 50 18 14 41 41 14 30 6 26 15 16 43 14 15 13 25 44 41 26 26 43 45 25
split_gain=102.888 236.202 133.555 121.961 140.8 112.498 97.5163 176.176 88.6572 87.0163 162.899 97.2773 122.574 83.3344 77.7745 73.8513 195.837 120.387 109.796 103.655 99.4496 77.7823 120.494 85.071 82.3361 77.7634 163.365 195.005 200.702 117.12
threshold=119.1999969482422 11.500000000000002 197024.50000000003 1.0000000180025095e-35 3211691.0000000005 0.6000007987022401 7714069.5000000009 -0.05368408374488353 16034.600097656252 17087.500000000004 16709.700195312504 3827.2500000000005 6270.1499023437509 1.0126612782478335 -0.012981583829969166 42.500000000000007 6472.3000488281259 0.40623095631599432 2.5000000000000004 1346.600036621094 6705.7500000000009 4.5000000000000009 0.56005865335464489 -0.0087662334553897363 31462.150390625004 12.500000000000002 21.500000000000004 1.5000000000000002 -8.6515154838561994 0.88008713722229015
decision_type=2 2 2 2 2 2 2 2 2 2 2 2 2 2 2 2 2 2 2 2 2 2 2 2 2 2 2 2 2 2
left_child=2 -2 5 15 -5 -1 9 13 -7 10 11 -6 -13 -8 -9 16 18 20 25 -17 -18 24 -23 -24 -21 29 27 28 -27 -3
right_child=1 3 -4 4 6 8 7 14 -10 -11 -12 12 -14 -15 -16 19 17 -19 -20 21 -22 22 23 -25 -26 26 -28 -29 -30 -31
leaf_value=-0.00086784776333102733 0.016339786007949386 -0.002751139724623691 -0.078611136839189563 0.0073035322215736637 0.0042164701822389114 0.0088332222437475724 -0.11418387136260194 -0.013599302513093112 0.0019333993309412073 0.0079277179663767867 -0.051196105786820947 -0.0051555948346088008 0.0015737159289343303 -0.02250254836052153 0.015584398421326286 -0.065036547759384611 -0.043363293288324521 0.011497721700804745 0.012422286129787524 -0.001100990199467337 -0.012049364452362252 0.0016914589564515912 0.010804006059780923 0.031851543837365028 -0.027054398473357645 -0.013818364772613653 0.0021338176897134991 -0.0082731576241478356 0.046516309854229096 0.020733311192088714
leaf_weight=94350.449912410229 2662.3188106715679 12456.220126412809 52.522839536890388 15407.940151765943 14064.617738775909 6285.6532971858978 29.077349618077278 227.81731903553009 3612.8894017785788 4486.1571971960366 149.1765449270606 10546.344959147274 18875.232298053801 130.4101887345314 2714.0780154243112 60.602252643555403 287.26605965942144 482.0053923651576 2485.6765006184578 57723.158483248204 2085.8550473013893 5206.5033283066005 388.10374761372805 679.01511653512716 305.22282124496996 172.56740801036358 54317.621832832694 399.09739181399345 667.70095715671778 552.53833363205194
leaf_count=237007 3167 25174 254 26551 27696 10202 114 419 7600 8963 463 22554 38216 250 4073 309 1156 1196 3750 157977 7733 12335 723 1319 1482 306 129955 721 621 692
internal_value=0.000904415 0.0015482 -0.000376728 0.00135585 0.00311307 -0.000335805 0.00185233 0.0104429 0.00473465 0.00129826 0.000616358 0.000796443 -0.000838633 -0.0404248 0.0132262 0.000509024 0.00158736 -0.0112476 0.00210342 -0.000729223 -0.0158732 -0.000666595 0.00462135 0.0199166 -0.00123843 0.00172899 0.00254378 0.0204786 0.0341219 -0.00175062
internal_weight=311864 207562 104302 204900 66630.9 104249 51222.9 3101.38 9898.54 48121.5 43635.4 43486.2 29421.6 159.488 2941.9 138269 73906.5 2855.13 71051.4 64362.6 2373.12 64302 6273.62 1067.12 58028.4 68565.7 55557 1239.37 840.268 13008.8
internal_count=732978 477915 255063 474748 129299 254809 102748 4856 17802 97892 88929 88466 60770 364 4492 345449 171304 10085 161219 174145 8889 173836 14377 2042 159459 157469 131603 1648 927 25866
is_linear=0
shrinkage=0.05


Tree=99
num_leaves=31
num_cat=0
split_feature=36 26 41 26 26 36 53 26 25 15 41 41 51 44 48 44 53 15 15 45 53 41 48 18 41 51 6 46 41 48
split_gain=92.6587 200.974 108.697 90.1135 154.376 97.8609 207.728 132.175 132.894 86.5725 93.9658 127.094 91.4059 90.3696 115.715 128.33 88.9973 91.8689 82.273 77.5531 115.275 76.9978 145.906 119.242 98.1007 85.5764 73.1789 137.91 71.7307 71.6189
threshold=4.5000000000000009 77.500000000000014 4698.2500000000009 55.500000000000007 49.500000000000007 2.5000000000000004 0.096482492983341231 33.500000000000007 0.51930531859397899 2000.2500000000002 11495.799804687502 11134.649902343752 -0.010893064085394142 0.003219696925953031 15.354166507720949 -0.85698053240776051 0.074434850364923491 2682.4499511718755 8882.4497070312518 -5.8106062412261954 0.47550001740455633 14707.000000000002 20.866071701049808 100200.00000000001 18937.600585937504 0.0067552740219980487 -0.0028124050004407759 0.015867696143686775 5654.5998535156259 7.6833331584930429
decision_type=2 2 2 2 2 2 2 2 2 2 2 2 2 2 2 2 2 2 2 2 2 2 2 2 2 2 2 2 2 2
left_child=3 28 -3 4 5 -1 7 -7 18 -4 11 12 -11 14 -12 -16 17 -15 26 20 -6 -5 24 -24 -23 -26 27 -9 29 -2
right_child=1 2 9 21 19 6 -8 8 -10 10 13 -13 -14 16 15 -17 -18 -19 -20 -21 -22 22 23 -25 25 -27 -28 -29 -30 -31
leaf_value=0.00085598999984108691 0.040121723760404363 -0.025657905360010141 0.013436155003454917 -0.0022945656446383953 -0.096813768654222837 0.02429368812994441 0.013845006498811145 -0.11389975107280154 0.011612813611495527 -0.062805933845711634 0.0080347394384699729 -0.092761272800187047 0.0028807534418351577 0.07428899508778565 -0.061953467353203354 -0.0049250508390970282 0.0088908467165295744 0.016178993733449783 -0.053432121120732159 0.030060265522996361 0.0055511884857117333 0.010636541020771573 -0.0082772677470193522 -0.065431133119484647 -0.0035864443695802859 0.01538765687291156 -0.001857502906937215 -0.01979902556031992 0.022601300760151002 -0.044721100869635669
leaf_weight=240835.23101884779 34.393747448921204 332.32367530837655 1703.5417200028896 35899.493662390858 30.82745848596096 580.44057808816433 4612.9127030447125 42.284578904509544 1920.5897615924478 65.373167008161545 2344.0865359976888 54.535000070929527 246.85182125866413 117.00131085515022 100.4061574190855 2707.9397150762379 514.15262681245804 162.20826052129269 78.099824707955122 646.23427870124578 59.959567233920097 4204.8949726447463 1183.8534890711308 96.983528504148126 2743.9120655637234 667.35968769341707 7890.0861396938562 100.41522027552128 1811.1425677984953 77.50823251157999
leaf_count=562009 29 1462 3560 96615 113 640 6371 179 3485 214 3805 242 605 103 326 8007 908 311 294 826 57 8646 4844 641 7364 977 17009 186 2339 243
internal_value=0.00096574 0.00563537 0.00227664 0.000806669 0.00116765 0.00110178 0.00498917 0.00113773 -0.000206693 0.00344083 0.000740037 -0.0237521 -0.0111848 0.00225829 -0.000163124 -0.00700661 0.0179448 0.0408849 -0.00300763 0.0239872 -0.0189579 -0.00126261 0.00290093 -0.0127002 0.00552727 -0.000773206 -0.00250419 -0.0377405 0.0201989 -0.0183975
internal_weight=311865 10271.5 8348.42 301594 256797 256060 15224.8 10611.9 10031.5 8016.1 6312.55 366.76 312.225 5945.79 5152.43 2808.35 793.362 279.21 8110.89 737.021 90.787 44796.5 8897 1280.84 7616.17 3411.27 8032.79 142.7 1923.04 111.902
internal_count=732410 22154 19543 710256 591169 590173 28164 21793 21153 18081 14521 1061 819 13460 12138 8333 1322 414 17668 996 170 119087 22472 5485 16987 8341 17374 365 2611 272
is_linear=0
shrinkage=0.05


Tree=100
num_leaves=31
num_cat=0
split_feature=49 27 41 48 14 26 15 26 14 48 36 48 26 14 53 41 14 7 7 44 16 15 21 44 15 21 25 49 41 22
split_gain=78.6879 264.903 163.959 75.0477 163.158 531.654 125.541 83.9636 71.6586 65.1812 64.297 90.594 58.625 52.7145 48.7908 46.9875 42.2927 39.8509 38.7092 32.5277 29.5737 28.1285 54.5706 44.1544 40.7665 37.916 26.9822 26.3071 24.7105 24.1426
threshold=-0.049675324931740754 0.068337485194206252 5790.6999511718759 11.949999809265138 1.0000000180025095e-35 11.500000000000002 984.10000610351574 12.500000000000002 6135.8000488281259 9.3452377319335955 3.5000000000000004 7.9444444179534921 55.500000000000007 1777.9000244140627 0.22003561258316043 6930.1000976562509 14707.000000000002 12.500000000000002 4.5000000000000009 -0.047546897083520882 0.11691445112228395 2080.0500488281255 5320895.5000000009 -0.03847402706742286 1396.549987792969 15089427.500000002 0.52732190489768993 0.10509692505002023 1863.0999755859377 1885909.0000000002
decision_type=2 2 2 2 2 2 2 2 2 2 2 2 2 2 2 2 2 2 2 2 2 2 2 2 2 2 2 2 2 2
left_child=1 2 19 4 -2 6 -6 -5 -4 20 18 17 -9 -8 -11 -16 -14 29 -7 -1 -10 22 23 -21 25 26 -24 -13 -15 -12
right_child=3 -3 8 7 5 10 13 12 9 14 11 27 16 28 15 -17 -18 -19 -20 21 -22 -23 24 -25 -26 -27 -28 -29 -30 -31
leaf_value=-0.061798973332510859 0.0014714260078145273 -0.00043339626920570629 -0.10902517135285016 -0.00043339626920570629 0.036974904275278914 0.019739076379757668 0.0033163100555372044 0.0014714260078145273 -0.028239850867848817 -0.028239850867848817 0.017107931002694445 0.0033163100555372044 -0.00043339626920570629 0.044132326303012108 -0.028239850867848817 -0.071896085811811533 0.0014714260078145273 0.010989136665969889 0.0033163100555372044 -0.035624101316150909 -0.0072917214550661637 -0.0072917214550661637 -0.035624101316150909 -0.0072917214550661637 -0.035624101316150909 -0.0072917214550661637 -0.0072917214550661637 0.010516360205734378 0.018704877295678574 0.028135350548726724
leaf_weight=28.021047383546829 65737.624297916889 15621.721174299717 33.392182379961014 22771.771410703659 1138.4813864678144 564.49880769103765 338.15450313687325 123199.92499806359 42.067543506622314 165.58745826780796 351.90173910558224 2414.8166781663895 34220.414199713618 99.46361269056797 50.873681485652924 117.20844510197639 11747.340981653892 621.23383757472038 25391.831586942077 99.322070270776749 124.05194196105003 1636.9466399103403 227.58607251942158 713.29085358977318 217.31172628700733 306.67843443155289 34.294967338442802 1327.2537435367703 2090.0857007056475 878.62089415639639
leaf_count=89 137342 27477 141 46254 1095 585 518 336031 122 448 438 3959 96758 65 120 436 30478 830 38143 262 186 3181 810 1374 601 603 59 1714 2391 793
internal_value=0.00100552 -0.00207666 -0.01415 0.00120987 0.00231344 0.00516119 0.0231916 0.000629412 -0.0398077 -0.034767 0.00331631 0.00870948 0.00115482 0.0169592 -0.0474507 -0.066383 -0.000414632 0.0177491 0.00331631 -0.0099363 -0.00902904 -0.00944923 -0.0146006 -0.00729172 -0.0240789 -0.0164634 -0.0305619 0.00422914 0.0198992 0.0232267
internal_weight=312312 19418.4 3796.63 292893 100954 35216.3 3666.19 191939 533.181 499.789 31550.2 5593.83 169168 2527.7 333.67 168.082 45967.8 1851.76 25956.3 3263.45 166.119 3235.43 1598.48 812.613 785.871 568.559 261.881 3742.07 2189.55 1230.52
internal_count=733303 35909 8432 697394 187873 50531 4069 509521 1453 1312 46462 7734 463267 2974 1004 556 127236 2061 38728 6979 308 6890 3709 1636 2073 1472 869 5673 2456 1231
is_linear=0
shrinkage=0.05


Tree=101
num_leaves=31
num_cat=0
split_feature=21 21 50 44 26 21 25 50 53 14 15 41 41 15 50 26 26 14 15 48 51 15 45 45 30 52 36 41 26 24
split_gain=74.6334 80.8747 86.9302 70.7008 66.3446 98.61 104.213 87.6302 111.384 69.1212 131.825 107.599 105.313 85.1654 69.0838 64.8742 116.901 72.7583 86.7647 63.6861 81.2452 69.6997 63.3537 62.3977 61.4312 58.866 58.7561 55.7857 54.4699 53.634
threshold=5320895.5000000009 12130922.500000002 -0.31677702069282526 1.0000000180025095e-35 65.500000000000014 1289243.5000000002 0.24999500066041949 -0.10043290257453917 0.49242784082889562 4353.1000976562509 4315.6499023437509 3333.700073242188 3625.0000000000005 3612.5000000000005 -0.080750361084938035 125.50000000000001 123.50000000000001 31462.150390625004 8165.0000000000009 19.679487228393558 -1.0000000180025095e-35 5677.8000488281259 6.8712122440338144 0.36515152454376226 2.958694696426392 1.5285714268684389 4.5000000000000009 10896.299804687502 41.500000000000007 3211691.0000000005
decision_type=2 2 2 2 2 2 2 2 2 2 2 2 2 2 2 2 2 2 2 2 2 2 2 2 2 2 2 2 2 2
left_child=3 2 -2 4 5 6 25 8 -6 10 11 -7 13 14 22 16 17 29 -19 27 -21 -22 -13 -3 -16 28 -5 -9 -1 -4
right_child=1 23 15 26 7 9 -8 19 -10 -11 -12 12 -14 -15 24 -17 -18 18 -20 20 21 -23 -24 -25 -26 -27 -28 -29 -30 -31
leaf_value=-0.028019599183856353 -0.081456444370800865 0.00091023959862078789 -0.00029248351962487125 0.0051324239527384182 -0.14654192613699263 0.0017671978852633087 0.00083711728765032203 0.0038691304455195385 -0.033545950206442736 0.0037912930461371543 -0.065893331614856221 -0.12082369510353291 -0.0010880447823573864 -0.10996679370152943 -0.015718548393136321 -0.023508915426940891 0.067779638183292953 0.039269438098445984 0.0089673723427007041 -0.033545950206442736 -0.0032906010426856968 -0.01950182121620701 -0.041624954159955159 0.0068162054000974574 0.0023976308663467751 -0.013854432034910054 0.022256042562490301 -0.0032458932380918823 -0.068845530049853221 -0.0029875008692619425
leaf_weight=338.69581456854939 31.421663232147694 72687.875178257003 87095.16051575169 6667.0101934447885 24.292791768908501 60422.389770396054 670.28540633991361 4418.7381088063121 28.128627508878708 33114.763358388096 71.561585858464241 30.892547309398651 5349.8333954662085 21.258147187530994 1619.7252861261368 311.7758319824934 60.210828617215157 284.1434009000659 186.36863445863128 183.23517140001059 3443.1759576238692 293.33132812008262 17.734911635518074 4763.5562161356211 207.8666099011898 99.496430777013302 539.97432983666658 4807.3993787653744 108.50803583487868 23424.915267828852
leaf_count=1402 101 157740 242961 11224 115 126019 1889 9265 35 67741 249 124 11169 93 3975 994 72 377 746 664 12640 1532 18 6618 242 136 824 10474 757 62588
internal_value=0.000656218 3.27566e-05 -0.000830032 0.0016175 0.00131705 0.00174839 -0.0123877 -0.00201859 -0.0653357 0.00191921 0.00100397 0.00107666 -0.00467941 -0.0147933 -0.013599 -0.00080582 -0.000741659 -0.000780051 0.0187985 -0.00175621 -0.00709368 -0.00545769 -0.0712614 0.00127365 -0.0119885 -0.028546 0.00642121 0.000512474 -0.0381879 -0.000863741
internal_weight=311324 188845 111394 122478 115271 102073 1216.99 13198.3 52.4214 100856 67741.3 67669.7 7247.31 1897.48 1876.22 111363 111051 110991 470.512 13145.9 3919.74 3736.51 48.6275 77451.4 1827.59 546.7 7206.98 9226.14 447.204 110520
internal_count=732784 472197 307839 260587 248539 213814 4184 34725 150 209630 141889 141640 15621 4452 4359 307738 306744 306672 1123 34575 14836 14172 142 164358 4217 2295 12048 19739 2159 305549
is_linear=0
shrinkage=0.05


Tree=102
num_leaves=31
num_cat=0
split_feature=22 36 26 25 21 45 15 26 36 26 36 49 44 8 50 53 14 26 49 53 52 41 45 45 52 12 41 50 14 41
split_gain=108.468 108.893 169.409 98.4337 99.2776 93.4577 99.7179 89.2721 77.3981 77.9593 104.695 75.556 179.282 104.924 78.6808 73.4152 72.2902 72.2185 69.7946 108.521 187.997 157.257 83.9844 71.5508 210.263 79.5163 66.3899 66.0743 63.804 60.6053
threshold=8681399.0000000019 4.5000000000000009 68.500000000000014 0.42111454904079443 5320895.5000000009 0.22916667163372043 12191.500000000002 33.500000000000007 10.500000000000002 65.500000000000014 3.5000000000000004 0.10509692505002023 -0.16776438057422635 2132.4499511718755 -0.054600955918431275 0.28061492741107946 8694.5000000000018 90.500000000000014 0.17516008019447329 0.59626841545104992 9.2460317611694354 5000.0500488281259 -18.613636970520016 -2.7227272987365718 2.9211233854293828 0.018019480630755428 5941.5000000000009 -0.077705629169940935 13118.700195312502 17949.399414062504
decision_type=2 2 2 2 2 2 2 2 2 2 2 2 2 2 2 2 2 2 2 2 2 2 2 2 2 2 2 2 2 2
left_child=1 5 -3 17 -5 6 7 -1 9 10 -2 12 13 26 -14 16 -13 -4 19 22 21 -21 -9 24 25 -24 -11 -19 -8 -30
right_child=8 2 3 4 -6 -7 28 18 -10 11 -12 15 14 -15 -16 -17 -18 27 -20 20 -22 -23 23 -25 -26 -27 -28 -29 29 -31
leaf_value=0.0016440982442406538 -0.0010944552708025874 0.029648766169032944 0.0071960075637714062 0.024783981732084431 0.0071960075637714062 0.0043915183688988408 -0.081413447158918587 -0.096920959403725873 0.042160886865535777 -0.046624603074127996 0.013523062687095711 -0.0030342795492560221 -0.022518508605659619 -0.022518508605659619 -0.0047555533845747774 -0.0030342795492560221 0.031922539644042819 -0.08168555463668016 0.0025982499381172241 -0.041362098843467712 0.0002135553844518046 -0.14764026902055341 -0.047425423201880146 -0.00032205608836389626 -0.0034954662071117653 -0.017248790830837801 -0.10954883876083775 -0.0030343475575427357 0.0025982499381172241 -0.029881175256079848
leaf_weight=141155.78592870384 41526.051124660298 741.0989373549819 2156.731469206512 1082.571477919817 1189.6742265075445 19680.840917088091 40.265537969768047 20.670939937233925 100.20891638472676 99.850572273135185 1260.1799396276474 153.15017269924283 84.182040192186832 318.87128047645092 3870.6770812086761 766.50817735493183 345.82112577557564 24.92741521447897 8364.6833674311638 57.818600907921791 178.64159096032381 49.900330811738968 374.26718787848949 80400.060654699802 3942.8794330954552 381.07333977520466 65.590890318155289 3268.0929695535451 118.31934428587556 283.0240915203467
leaf_count=304616 116108 767 4019 1828 2696 29619 245 75 99 357 2121 431 323 725 13748 1358 526 84 13246 115 262 224 1255 219355 7333 864 278 8294 435 1488
internal_value=0.000866683 0.00126695 0.00684608 0.00465054 0.0133881 0.00108177 0.000804982 0.000849696 -0.00130395 -0.0013955 -0.000663315 -0.00688493 -0.00995627 -0.0386071 -0.00642994 0.00388771 0.019048 0.00100387 -0.00034616 -0.000802012 -0.0314234 -0.0829378 -0.000698259 -0.000672608 -0.00666888 -0.0310021 -0.0707307 -0.00367894 -0.0228786 -0.0166314
internal_weight=312102 263511 8463.1 7722 2272.25 255048 235367 234926 48591.1 48490.9 42786.2 5704.65 4439.17 484.313 3954.86 1265.48 498.971 5449.75 93770 85405.3 286.361 107.719 85119 85098.3 4698.22 755.341 165.441 3293.02 441.609 401.343
internal_count=732894 596820 17688 16921 4524 579132 549513 547345 136074 135975 118229 17746 15431 1360 14071 2315 957 12397 242729 229483 601 339 228882 228807 9452 2119 635 8378 2168 1923
is_linear=0
shrinkage=0.05


Tree=103
num_leaves=31
num_cat=0
split_feature=24 24 25 31 26 46 15 18 26 18 15 6 25 15 16 41 21 41 41 15 41 15 15 6 51 6 17 15 50 15
split_gain=100.557 232.232 150.43 79.6131 76.9697 78.7298 70.3411 63.9394 58.8209 58.5214 58.1672 137.367 92.0949 59.7219 58.3824 57.6669 76.7896 73.4812 56.9212 54.2717 93.3739 64.5501 61.1004 53.6979 52.8228 83.4103 52.5921 50.8994 49.7799 139.255
threshold=1.0000000180025095e-35 3211691.0000000005 0.45463122427463537 5.5000000000000009 96.500000000000014 0.0035332732368260626 3369.099975585938 59020.000000000007 137.50000000000003 199900.00000000003 8882.4497070312518 -0.51239630579948414 0.097104161977767958 8507.6000976562518 0.27206601202487951 28612.000000000004 5320895.5000000009 17500.849609375004 8694.5000000000018 3284.650024414063 10020.699707031252 3320.150024414063 3301.9499511718755 0.10000506788492204 -0.036106364801526063 -0.0078861359506845457 0.057871000841259963 12191.500000000002 -0.10883838310837744 6585.5498046875009
decision_type=2 2 2 2 2 2 2 2 2 2 2 2 2 2 2 2 2 2 2 2 2 2 2 2 2 2 2 2 2 2
left_child=10 3 6 4 24 -6 19 8 27 -8 13 -12 -13 28 -14 16 17 -16 -15 -3 21 22 -21 -11 25 -2 -20 -4 29 -1
right_child=1 2 7 -5 5 -7 9 -9 -10 23 11 12 14 18 15 -17 -18 -19 26 20 -22 -23 -24 -25 -26 -27 -28 -29 -30 -31
leaf_value=-0.0042356890346336735 -0.030990453299168271 -0.00092945471085798849 0.007272112783065058 0.010256069707901196 -0.068949211534909502 0.0071322093799626347 0.0026025518428804796 0.002609103514188825 0.054132999572410051 -0.091251962751536742 -0.1295420434287986 -0.035234773997414925 -0.018335382655581496 0.055883338656418841 -0.0063105499155870527 -0.0063105499155870527 -0.0053492347993224654 0.049698209391224345 -0.071848035182778533 -0.0094950848650439037 -0.063202416295296521 0.002609103514188825 -0.069158888445397512 -0.023773028687848134 0.0046242055955853043 -0.00021853574667661247 0.014928042569639463 0.062781925349110659 2.6765019440191795e-05 -0.079338452139162088
leaf_weight=4493.9990140646696 254.85525320470333 68254.1927071549 9669.5843812860548 6109.1803322583437 70.313656874001026 38.526824325323105 17927.393165975809 2600.2007284909487 66.18507719039917 35.78740581870079 21.725646987557411 254.97875322122127 372.01484689395875 83.849241137504578 47.424714855849743 325.54334446229041 201.44289088808 199.4958279132843 16.770426012575626 115.43456178158522 86.898999698460102 353.58223060518503 67.03532375395298 14.947891429066656 29243.829025201499 1222.4664958640933 252.72857288271189 39.510496005415916 169286.54625870846 60.591248899698257
leaf_count=7644 611 164007 17225 8527 290 74 35867 5391 45 165 101 1459 1846 188 173 1419 810 481 92 255 294 665 234 8 59445 2134 744 44 422949 208
internal_value=0.000638205 0.00165794 0.000398078 0.00504213 0.00400835 -0.0375863 -0.000336814 0.00555502 0.00783756 0.00244812 -0.000152484 -0.0102146 -0.00818201 -7.01909e-05 -0.0021116 0.00571428 0.0175517 0.0361276 0.0204068 -0.00106378 -0.0157313 -0.00782949 -0.0319264 -0.0501486 0.00415815 -0.00506128 0.00903864 0.00751089 -0.000112047 -0.00526919
internal_weight=311787 136170 99230.8 36939.2 30830 108.84 86855.3 12375.5 9775.28 17978.1 175617 1422.63 1400.9 174194 1145.92 773.907 448.363 246.921 353.348 68877.1 622.951 536.052 182.47 50.7353 30721.2 1477.32 269.499 9709.09 173841 4554.59
internal_count=733395 295281 224200 71081 62554 364 201495 22705 17314 36040 438114 6289 6188 431825 4729 2883 1464 654 1024 165455 1448 1154 489 173 62190 2745 836 17269 430801 7852
is_linear=0
shrinkage=0.05


Tree=104
num_leaves=31
num_cat=0
split_feature=21 25 21 21 50 14 51 44 44 26 26 49 49 25 21 26 26 15 41 26 15 15 36 26 49 15 41 14 45 14
split_gain=138.183 122.577 101.525 96.341 102.327 95.2203 77.2226 71.9215 71.3812 71.3445 109.901 88.8893 78.4715 68.2273 63.4417 59.8618 97.631 73.2886 66.9855 72.1765 60.6187 80.6436 59.4476 70.6943 106.066 99.1682 103.131 63.4739 58.4732 58.4226
threshold=1289243.5000000002 0.95385658740997326 5320895.5000000009 12130922.500000002 -0.054528366774320595 236.3999938964844 0.06887483969330789 0.027597402222454551 0.036201298236846931 112.50000000000001 130.50000000000003 0.16314934939146045 -0.0075013528112322083 0.47834612429142004 10052930.500000002 61.500000000000007 31.500000000000004 1322.4500122070315 4546.9499511718759 44.500000000000007 7885.3999023437509 6206.0500488281259 5.5000000000000009 43.500000000000007 0.33731061220169073 1841.1499633789065 2716.0500488281255 8393.3002929687518 -0.082070708274841295 14435.399902343752
decision_type=2 2 2 2 2 2 2 2 2 2 2 2 2 2 2 2 2 2 2 2 2 2 2 2 2 2 2 2 2 2
left_child=6 2 8 4 5 -4 13 9 -2 15 11 -11 -12 -1 22 16 -5 -18 -19 20 21 -20 23 25 29 -6 -27 -28 -24 -25
right_child=1 -3 3 7 14 -7 -8 -9 -10 10 12 -13 -14 -15 -16 -17 17 18 19 -21 -22 -23 28 24 -26 26 27 -29 -30 -31
leaf_value=-0.025165283575140154 0.0014551533331147643 0.01851924256420184 -0.023961831878551422 0.0018136702286047253 -0.0010149998643970502 -0.0047608329285753906 0.018511702337378057 0.0083915155417008617 0.0076244640985492357 -0.092416870289475928 -0.085824976227050084 0.0046348937114687313 0.0046348937114687313 -0.00080158185015444499 -0.0021856512630364054 0.0046348937114687313 -0.0087981592721928358 0.0046348937114687313 -0.0061638053227129046 0.0021776873559004304 -0.027618765836214743 0.0046348937114687313 -0.0034918977365961199 -0.0034918977365961199 0.0095455162367221891 0.0095455162367221891 0.00043419813045157896 0.0090179133694837273 0.0095455162367221891 0.0030389923681116708
leaf_weight=987.80596490949392 115532.15338517353 952.29840549081564 701.21555205434561 44769.35091387108 19728.156271733344 7923.2741681262851 159.07868707925081 3326.6756328195333 4885.1742317453027 74.614825919270515 23.61511118710041 19.251418083906174 192.72386158630252 405.08492091298103 40794.13092408143 7657.1676122676581 3604.1287860237062 3878.7288032397628 7868.0394256487489 4997.681177854538 293.49409309215844 572.03490074723959 222.89406779035926 17458.666314287111 1269.651121661067 4134.6380350589752 11603.029919870198 2642.6328835198656 918.68530981242657 3562.59294241108
leaf_count=4039 246732 1381 1954 88715 51071 14913 210 5118 7506 333 104 17 476 1172 130639 18448 11070 8450 19005 10280 1040 1228 563 54417 1617 8521 26870 5571 1842 9481
internal_value=0.000552468 0.000627113 0.00057179 -0.000153504 -0.00109749 -0.00632717 -0.0143202 0.00120191 0.00170556 0.000878272 -0.0229731 -0.0675389 -0.00319518 -0.0180911 -0.000656629 0.000979365 0.000489751 -0.0023041 -0.00097415 -0.00261385 -0.00535562 -0.00457509 0.000356965 0.000138671 -0.00209784 0.00144692 0.00408921 0.00202756 0.00954552 -0.00295955
internal_weight=311159 309607 308654 188237 110960 8624.49 1551.97 77277.5 120417 73950.8 310.205 93.8662 216.339 1392.89 102335 73640.6 65983.5 21214.1 17610 13731.2 8733.57 8440.07 61540.9 60399.4 22290.9 38108.5 18380.3 14245.7 1141.58 21021.3
internal_count=732783 727362 725981 471743 307459 16867 5421 164284 254238 159166 930 350 580 5211 290592 158236 139788 51073 40003 31553 21273 20233 159953 157548 65515 92033 40962 32441 2405 63898
is_linear=0
shrinkage=0.05


Tree=105
num_leaves=31
num_cat=0
split_feature=15 15 7 41 25 22 15 1 51 6 15 41 15 51 49 50 41 48 15 41 41 48 44 50 48 22 15 41 16 44
split_gain=74.778 76.1893 211.361 122.727 91.1907 84.0592 93.1589 112.117 86.6312 80.4888 72.4655 99.3074 72.1953 110.034 83.291 99.073 71.7245 88.1385 102.488 99.8683 104.37 116.313 79.7766 79.3233 77.7001 72.4523 111.518 72.1867 71.7327 69.6345
threshold=14673.199707031252 856.89999389648449 9.5000000000000018 2479.650024414063 0.82505142688751232 1885909.0000000002 5297.3000488281259 0.20638945698738101 -0.10133477672934531 -0.016911349259316918 5046.5998535156259 31462.150390625004 4687.3000488281259 -0.063365232199430452 0.073747340589761748 -0.0037492270348593588 3845.900024414063 9.3452377319335955 1110.049987792969 11357.100097656252 14948.750000000002 12.949999809265138 -4.3082251548767081 -0.059050325304269784 19.535714149475101 8681399.0000000019 2914.299926757813 11596.549804687502 0.28570155799388891 0.013961039017885925
decision_type=2 2 2 2 2 2 2 2 2 2 2 2 2 2 2 2 2 2 2 2 2 2 2 2 2 2 2 2 2 2
left_child=1 3 9 4 -1 6 10 8 -8 -3 11 29 16 14 15 -14 -7 -18 -19 25 21 -21 -22 -23 -24 -20 -27 28 -25 -4
right_child=-2 2 5 -5 -6 12 7 -9 -10 -11 -12 -13 13 -15 -16 -17 17 18 19 20 22 23 24 27 -26 26 -28 -29 -30 -31
leaf_value=-0.00048165824314563534 -0.020730930320654057 0.0047327291495876563 0.00010621989103070853 -0.044964590402490366 0.0072145520389134653 0.0038775800252999746 -0.10803320628353648 0.0047327291495876563 -0.0066284307826495088 0.011766157621823738 0.0047327291495876563 -0.064132270741266664 -0.080167428702785454 0.0047327291495876563 -0.0044530979387278668 -0.022179632127825269 0.0047327291495876563 -0.068324557533612537 0.0020142601512044976 0.0020142601512044976 -0.07572794998412756 -0.10572782637886478 0.0020142601512044976 -0.061352509267063954 -0.025948980058195809 -0.0086410496825499537 0.0020142601512044976 -0.014259192555730278 -0.0079512013879952572 0.0047327291495876563
leaf_weight=102486.9153195899 400.77318579796702 3231.324709661305 101138.59353492782 151.28229441866279 3997.0867397785187 20815.216237921268 19.123460903763771 2405.3478260934353 8498.1332394648343 6875.3468096777797 2425.0171947181225 57.563654355704784 92.700405016541481 14694.277463871986 617.26031070947647 127.33980787545443 3871.6074431911111 53.940299704670906 18889.066200450063 821.39003735780716 31.030185952782631 23.524062156677246 1886.6878869533539 141.81713235378265 248.68036000430584 4511.5094890445471 4129.7391609400511 2207.3889190107584 72.638295769691467 7217.7493375986814
leaf_count=253561 1838 4625 253514 631 6494 41577 81 3998 28912 8610 5701 211 297 30820 1021 228 5259 217 37961 1323 97 98 3536 520 835 12011 9744 5795 191 12951
internal_value=0.000799261 0.000827073 0.00139069 -0.000256995 -0.000192636 0.00102523 0.000220107 -0.00418511 -0.00688142 0.00844023 0.000654287 0.00041102 0.00236377 0.00473273 -0.0136389 -0.0399062 0.00153103 0.000206813 -0.000704209 -0.000589419 -0.00678318 -0.0124239 0.00172618 -0.0179167 0.00201426 0.000633335 -0.00318494 -0.0169772 -0.0445633 0.000446491
internal_weight=312140 311739 205104 106635 106484 194997 121762 10922.6 8517.26 10106.7 110839 108414 73235.8 15531.6 837.301 220.04 57704.2 36889 33017.4 32963.5 5433.16 3266.76 2166.4 2445.37 2135.37 27530.3 8641.25 2421.84 214.455 108356
internal_count=732657 730819 470133 260686 260055 456898 305368 32991 28993 13235 272377 266676 151530 32366 1546 525 119164 77587 72328 72111 12395 7927 4468 6604 4371 59716 21755 6506 711 266465
is_linear=0
shrinkage=0.05


Tree=106
num_leaves=31
num_cat=0
split_feature=24 26 7 36 7 25 18 53 41 26 53 18 26 41 52 37 37 50 41 21 53 26 44 26 22 26 37 46 17 52
split_gain=90.1343 76.5576 75.982 122.931 105.417 92.1196 124.977 90.2438 67.6184 60.9712 55.0116 90.6435 59.2056 70.0971 58.8695 51.7684 79.2745 81.8955 108.24 88.616 78.3428 63.4114 102.222 78.8178 61.0853 56.0329 86.3099 58.8199 51.9435 72.7439
threshold=7714069.5000000009 170.50000000000003 21.500000000000004 2.5000000000000004 11.500000000000002 0.60625335574150097 8010.0000000000009 0.24338521808385852 7459.3500976562509 12.500000000000002 0.27638819813728338 41950.000000000007 42.500000000000007 3132.0500488281255 9.4301948547363299 4250.0500488281259 4115.8999023437509 -0.013320707250386475 8260.4501953125018 10052930.500000002 0.133181206882 77.500000000000014 -0.61287879943847645 132.50000000000003 8681399.0000000019 88.500000000000014 3450.700073242188 0.021951922215521339 0.06700166687369348 1.8206555843353274
decision_type=2 2 2 2 2 2 2 2 2 2 2 2 2 2 2 2 2 2 2 2 2 2 2 2 2 2 2 2 2 2
left_child=1 2 3 5 -5 -1 -7 8 -6 -2 -11 12 -12 -14 -13 16 21 19 -19 20 -18 -4 23 28 -20 26 27 -24 29 -23
right_child=9 -3 15 4 7 6 -8 -9 -10 10 11 14 13 -15 -16 -17 17 18 24 -21 -22 22 25 -25 -26 -27 -28 -29 -30 -31
leaf_value=0.00045759400607902641 0.0012550715168398903 0.029641040882690529 -0.00032572836389069905 0.018927243408037142 0.00094457997911324943 0.010144478481817563 0.0022021529399502025 0.00045759400607902641 0.010417210133264731 0.011757327708182158 0.0091718237178479069 -0.12463313486650203 -0.03506829557197088 0.0041124365729822395 -0.03506829557197088 0.00045759400607902641 -0.088232982188681641 -0.018722790755888948 0.00045759400607902641 -0.068584956804343594 -0.018722790755888948 -0.07563712942228 -0.0087494672893783793 -0.08818380478592773 -0.018722790755888948 0.00045759400607902641 0.00045759400607902641 2.0217636227015746e-05 -0.0087494672893783793 -0.01805179849369468
leaf_weight=116589.96710275859 4441.3822488114238 222.94732144102454 106720.57724369317 1340.3415858894587 2761.9775834456086 5920.352172665298 14164.224111378193 4893.2434363439679 5926.9038212150335 4027.4646451771259 587.5491706058383 24.1281458735466 48.788769759237766 129.20007317513227 18.681762352585793 28844.088013648987 39.449089929461479 595.83762976527214 1300.4445589929819 111.68580806255341 216.79427759349346 56.023522645235062 3340.8596612401307 34.348295137286186 167.24798335134983 4167.7198263481259 1125.6923151090741 1913.152748182416 579.39731208980083 1094.3527033776045
leaf_count=228228 7372 404 308880 1437 4816 8718 24964 7476 8935 7731 773 100 176 180 26 81573 168 2045 3480 410 432 208 12271 126 545 10819 2763 4282 1023 2424
internal_value=0.000631794 0.000482713 0.000460985 0.00125081 0.00555952 0.000780301 0.00394671 0.00423774 0.00740701 0.0054857 0.00936914 -0.00252928 0.00151263 -0.0235917 -0.0716492 -0.000335623 -0.000900384 -0.00983408 -0.00594399 -0.0315016 -0.0187228 -0.000717734 -0.00411516 -0.0152484 0.000457594 -0.00225052 -0.00537971 -0.00862122 -0.0137 -0.0209826
internal_weight=311405 302128 301905 151597 14922.5 136675 20084.6 13582.1 8688.88 9277.19 4835.81 808.348 765.538 177.989 42.8099 150308 121464 2431.46 2063.53 367.929 256.243 119032 12311.5 1764.12 1467.69 10547.4 6379.7 5254.01 1729.77 1150.38
internal_count=732785 716427 716023 284574 22664 261910 33682 21227 13751 16358 8986 1255 1129 356 126 431449 349876 7080 6070 1010 600 342796 33916 3781 4025 30135 19316 16553 3655 2632
is_linear=0
shrinkage=0.05


Tree=107
num_leaves=31
num_cat=0
split_feature=37 18 26 51 45 50 17 18 7 25 14 37 41 37 44 26 49 14 41 25 48 41 14 41 18 49 14 7 25 44
split_gain=79.3828 87.0659 99.3351 90.7076 63.2234 63.4911 73.2284 54.7392 51.1111 93.3971 53.8162 58.9268 49.7342 47.3608 69.3793 103.683 64.9904 46.525 134.446 76.5444 45.3202 59.8575 60.824 45.7009 41.8056 41.4978 39.2259 34.5622 33.6201 29.6062
threshold=8882.4497070312518 140100.00000000003 67.500000000000014 -0.028557900339365002 17.731060028076175 -0.31677702069282526 0.038026185706257827 70100.000000000015 21.500000000000004 0.60625335574150097 236.3999938964844 3841.849975585938 10124.049804687502 4420.1501464843759 -1.6627272367477415 85.500000000000014 0.25127005577087408 12771.899902343752 15416.600097656252 0.12494444474577905 15.354166507720949 2215.400024414063 2716.0500488281255 3036.9499511718755 37420.000000000007 0.085602473467588439 20092.599609375004 11.500000000000002 0.097104161977767958 0.013961039017885925
decision_type=2 2 2 2 2 2 2 2 2 2 2 2 2 2 2 2 2 2 2 2 2 2 2 2 2 2 2 2 2 2
left_child=4 2 7 -4 5 6 -1 17 9 10 -7 -12 -3 14 15 -10 -17 -2 19 -19 -16 -22 -23 -24 -11 -25 -9 -20 -5 -14
right_child=1 12 3 28 -6 8 -8 26 13 24 11 -13 29 -15 20 16 -18 18 27 -21 21 22 23 25 -26 -27 -28 -29 -30 -31
leaf_value=-0.11592504303317806 -0.013992214823715389 -0.026006360836701537 -0.026006360836701537 0.0040922581930229488 0.010125399208925672 0.00056424967740970782 -0.02196989989513834 -0.026006360836701537 -0.0035429432439043778 0.0053430930381594905 0.0024761073179735654 0.0013022127363765843 -0.077195705742107518 0.00056424967740970782 0.00056424967740970782 -0.02196989989513834 -0.0035429432439043778 0.0048782136671815168 0.029082744151584947 0.067170050179167773 -0.00018559211607947101 -0.0035429432439043778 -0.00018559211607947101 -0.0023894236847923325 0.0024761073179735654 -0.00018559211607947101 -0.013992214823715389 -0.0070356011876314935 0.036614407442509621 -0.026006360836701537
leaf_weight=23.344309017062187 743.3159669265151 23.591385394334793 22.486849322915077 118.39166425913572 1735.5709918960929 69999.124750547111 52.766940258443356 203.28901555947959 3901.9526432007551 17971.354443542659 47150.158546760678 15960.982950992882 96.391218390315771 24441.516408015043 20626.44934220612 429.23451569676399 238.85479693859816 92.749554257839918 65.332429587841034 104.13500578887761 32001.381136229262 6117.347464967519 4332.4482417814434 55541.462102845311 3886.8960392251611 3532.9873544275761 357.5116245187819 1214.0107466131449 243.16077807731926 13.016140855848787
leaf_count=93 2336 48 97 357 2102 148205 91 979 7030 28787 76744 28947 677 66525 40801 1108 332 227 63 153 110667 18291 11364 166259 7294 7043 1336 4063 591 28
internal_value=0.000532108 -0.00718232 -0.00550097 0.0182734 0.000614758 0.000560787 -0.0445121 -0.00879561 0.000572284 0.00121036 0.000712913 0.00204018 -0.0465118 -8.18579e-05 -0.000632539 -0.00667969 -0.0219699 -0.00525866 -7.89876e-05 0.0381694 -0.000406193 -0.000935434 -0.00190995 -0.0012359 0.0042393 -0.00195139 -0.0227258 -0.00601561 0.026046 -0.0664748
internal_weight=311241 3297.38 3164.38 384.039 307944 306208 76.1112 2780.34 306132 154969 133110 63111.1 132.999 151164 126722 4570.04 668.089 2219.54 1476.23 196.885 122152 101526 69524.2 63406.9 21858.3 59074.4 560.801 1279.34 361.552 109.407
internal_count=732638 10955 10202 1045 721683 719581 184 9157 719397 289977 253896 105691 753 429420 362895 8470 1440 6842 4506 380 354425 313624 202957 184666 36081 173302 2315 4126 948 705
is_linear=0
shrinkage=0.05


Tree=108
num_leaves=31
num_cat=0
split_feature=21 15 17 44 13 43 26 14 14 49 53 6 46 26 41 15 51 26 44 31 26 4 44 26 14 15 22 15 14 15
split_gain=75.0211 112.859 118.799 109.788 90.9619 57.3453 61.4035 57.374 57.0116 55.7622 49.1648 48.5726 72.0975 161.436 56.18 62.0948 47.7 47.5197 47.2284 44.2365 46.239 126.309 128.443 117.753 69.1731 72.8908 65.2293 62.4083 45.3234 63.9125
threshold=5320895.5000000009 14673.199707031252 0.7038119137287141 1.0000000180025095e-35 10.500000000000002 4.5000000000000009 44.500000000000007 12933.799804687502 44331.101562500007 0.22089631110429767 0.24338521808385852 -0.25405237078666681 1.4700127243995669 57.500000000000007 236.3999938964844 5824.8000488281259 -0.010893064085394142 70.500000000000014 2.868181705474854 1814.5000000000002 82.500000000000014 0.0076340327505022296 -0.063474025577306734 132.50000000000003 6551.5000000000009 2718.7500000000005 13897643.000000002 3769.299926757813 14172.350097656252 4965.4499511718759
decision_type=2 2 2 2 2 2 2 2 2 2 2 2 2 2 2 2 2 2 2 2 2 2 2 2 2 2 2 2 2 2
left_child=3 4 -3 9 8 6 10 -7 19 11 -5 12 13 14 -1 -16 -9 -14 -12 20 28 23 27 24 -22 -26 -27 -23 -2 -30
right_child=1 2 -4 5 -6 7 -8 16 -10 -11 18 -13 17 -15 15 -17 -18 -19 -20 -21 21 22 -24 -25 25 26 -28 -29 29 -31
leaf_value=-0.026389113327502628 -0.00010917619031379216 -0.067874375342107218 0.068262915656940301 0.017343341766149763 0.046968928208763069 0.0043232730518356537 0.0043232730518356537 0.018474281549353183 0.023474919514702937 0.0043232730518356537 0.0043232730518356537 0.0010081352100771521 -0.0042142740989796323 -0.019274676649838642 -0.13254911440069897 -0.019274676649838642 0.045307483077691862 -0.019274676649838642 0.020171722102925022 0.011712961681695567 -0.043126452111517818 -0.0068384707904456041 0.0058146550842288341 -0.072814360688702326 -0.0068384707904456041 -0.026136594740608296 -0.0068384707904456041 -0.00051190785310838496 0.0058146550842288341 0.0017803137449406547
leaf_weight=29.408194400370121 173147.95607611723 104.30768465250731 17.206876005977392 1649.9245950877666 101.05345258116722 168.39611200988293 1877.4444374069571 136.84593557566404 219.22722471505404 6444.774285748601 2749.5236824005842 107717.84952202719 811.74105507135391 131.80004495382309 56.658680185675621 12.650559157133101 281.46425864100456 80.466186195611954 546.62410495430231 307.4533181861043 161.18618429452181 1463.341793589294 2133.0554358884692 80.698774687945843 859.37278083711863 813.52331693843007 184.43186098337173 731.81352717429399 3139.914009205997 5173.515414070338
leaf_count=69 432168 765 18 2598 113 325 3770 216 449 8919 4318 237550 1187 225 242 24 320 229 626 306 1154 3544 5037 415 2929 3379 575 1208 6266 13836
internal_value=0.000601258 -2.47078e-05 -0.0478037 0.00156363 6.59657e-06 0.00746218 0.00616825 0.0224388 -1.90892e-05 0.00118437 0.0103005 0.000900222 -0.00943668 -0.0343351 -0.0866406 -0.110748 0.0326253 -0.00421427 0.00676671 -4.89962e-05 -8.36515e-05 -0.00425069 0.000631977 -0.0143089 -0.0119002 -0.00914674 -0.0207034 -0.00683847 6.39916e-05 0.0036698
internal_weight=311334 188638 121.515 122696 188517 7410.22 6823.52 586.706 188415 115285 4946.07 108841 1122.72 230.517 98.7174 69.3092 418.31 892.207 3296.15 188196 187889 6427.42 4328.21 2099.21 2018.51 1857.33 997.955 2195.16 181461 8313.43
internal_count=732780 472162 783 260618 471379 12173 11312 861 471266 248445 7542 239526 1976 560 335 266 536 1416 4944 470817 470511 18241 9789 8452 8037 6883 3954 4752 452270 20102
is_linear=0
shrinkage=0.05


Tree=109
num_leaves=31
num_cat=0
split_feature=36 14 44 49 18 7 51 53 41 21 21 17 25 31 51 41 14 17 21 38 45 53 50 14 49 45 38 50 53 38
split_gain=82.0095 116.258 124 108.78 74.5317 69.5032 68.5227 69.6243 67.4586 65.8775 69.6696 116.953 76.8968 71.4565 86.9641 93.9478 70.0535 69.8938 65.599 77.705 109.968 72.0092 65.355 125.733 64.7774 63.0772 62.4884 59.202 56.761 56.1821
threshold=4.5000000000000009 4698.2500000000009 1.0000000180025095e-35 -0.022907647304236885 1.0000000180025095e-35 14.500000000000002 -0.0077071737032383672 0.083918049931526198 31462.150390625004 1289243.5000000002 5320895.5000000009 0.3854945451021195 0.96026313304901134 3.5000000000000004 -0.040021644905209534 7098.4499511718759 14172.350097656252 0.13457149267196658 12130922.500000002 4687.3000488281259 -16.621212005615231 0.86614793539047252 -0.055306212976574891 1278.299987792969 0.11138926818966867 -9.1780300140380842 5484.2500000000009 -0.062016839161515229 0.1263082176446915 2218.650024414063
decision_type=2 2 2 2 2 2 2 2 2 2 2 2 2 2 2 2 2 2 2 2 2 2 2 2 2 2 2 2 2 2
left_child=8 4 3 -3 -2 -5 -4 -8 9 26 11 13 16 14 15 -11 18 -17 22 -20 21 -21 23 25 -18 -12 -1 -10 -7 -15
right_child=1 2 6 5 -6 28 7 -9 27 10 12 -13 -14 29 -16 17 24 -19 19 20 -22 -23 -24 -25 -26 -27 -28 -29 -30 -31
leaf_value=-0.0080454799328693438 -0.0095887590736754517 -0.0073587176240994135 0.011850194681280707 0.011850194681280707 -0.060201736161281952 0.0061838374184585952 0.050135435735308667 0.022494581015397794 -0.10587073437754504 -0.0051315602802080792 -0.077661016179602999 0.017730636218306704 0.019934641575093674 0.0067096731351624864 0.00083950492943635376 -0.054770693993732168 0.001935472334447688 -0.0035656406764815909 0.001051495732201651 -0.17638989457522916 -0.0052901839159121165 -0.052824364746129164 -0.00099528886782694701 -0.0036688235430660399 0.0098164634769641775 -0.02127970612636771 -0.059375090892218242 -0.012411081158225756 -0.00094779995175626889 0.0021676058880687218
leaf_weight=1423.2706369198859 334.50897537171841 503.33008410036564 774.57350496947765 1069.7221054360271 91.336663028225303 5226.480140959844 312.7501355484128 262.47863736003637 15.387736305594442 2630.2995311170816 51.862651795148849 1073.4036446064711 468.65798449516296 9468.5513724163175 90407.490670699626 173.17088623344898 6882.8952058982104 84.997620537877083 67493.738137926906 14.692120589315893 4123.4750331789255 13.96022045612335 95348.086215136573 5951.8147987350821 1455.3745407015085 697.37753213942051 59.95259864628315 746.44777165725827 1580.413649328053 11953.467039115727
leaf_count=4902 1249 1188 1301 1267 454 12870 397 410 67 4853 199 1754 689 14482 203804 488 18977 152 142354 79 9953 22 271353 10613 2060 1820 327 2788 2961 18881
internal_value=0.000418363 0.00483701 0.00595762 0.0036898 -0.0206751 0.00546312 0.0200106 0.033139 0.00026902 0.00030683 0.000359129 0.00131844 -0.000249531 0.00116457 0.000566571 -0.00797079 -0.000301715 -0.0366359 -0.000516642 0.000643016 -0.00599422 -0.100359 -0.0013308 -0.00610305 0.00417451 -0.0253788 -0.0101974 -0.0145711 0.00331999 0.00376864
internal_weight=310694 10155.6 9729.75 8379.95 425.846 7876.62 1349.8 575.229 300538 299777 298293 115791 182502 114718 93296 2888.47 182033 258.169 173695 71645.9 4152.13 28.6523 102049 6701.05 8338.27 749.24 1483.22 761.836 6806.89 21422
internal_count=732714 22097 20394 18286 1703 17098 2108 807 710617 707762 702533 244414 458119 242660 209297 5493 457430 640 436393 152408 10054 101 283985 12632 21037 2019 5229 2855 15831 33363
is_linear=0
shrinkage=0.05


Tree=110
num_leaves=31
num_cat=0
split_feature=22 24 18 24 45 15 26 41 15 41 26 15 26 41 18 13 25 15 22 53 50 41 26 25 26 15 15 41 18 15
split_gain=68.4798 156.008 154.944 127.792 112.884 101.668 98.3323 85.762 79.946 77.0795 231.786 94.1043 91.3602 75.1671 68.3115 64.7668 64.6178 173.038 62.3015 118.779 61.4349 66.2122 58.8295 62.0379 58.3228 58.3791 66.1119 57.9031 55.9615 55.2203
threshold=13897643.000000002 1.0000000180025095e-35 39610.000000000007 3211691.0000000005 2.7348484992980961 3320.150024414063 14.500000000000002 3442.299926757813 14673.199707031252 5483.5000000000009 42.500000000000007 1322.4500122070315 30.500000000000004 6503.5000000000009 57040.000000000007 10.500000000000002 0.01668212749063969 2385.650024414063 3910147.0000000005 0.31711040437221533 0.12417027354240419 8320.5000000000018 106.50000000000001 0.42834821343421942 80.500000000000014 3334.650024414063 3408.299926757813 127.40000152587892 10530.000000000002 2080.0500488281255
decision_type=2 2 2 2 2 2 2 2 2 2 2 2 2 2 2 2 2 2 2 2 2 2 2 2 2 2 2 2 2 2
left_child=1 2 5 7 16 9 14 24 27 12 28 13 -1 -12 -4 -2 29 -18 19 -9 -13 -22 -20 -24 25 -3 -27 -8 -11 -5
right_child=15 3 6 4 -6 -7 8 18 -10 10 11 20 -14 -15 -16 -17 17 -19 22 -21 21 -23 23 -25 -26 26 -28 -29 -30 -31
leaf_value=0.0027263057396136542 -0.0015018001010396807 0.0037701810199291344 -0.0023425634761105422 -0.0014666281877973631 0.011716500522369198 -0.00028309708580251869 -0.031148958749382866 -0.11101362986856456 -0.052301543765169003 0.03207995418507157 -0.00028309708580251869 0.00050853832329564471 -0.00028309708580251869 0.073782891346541327 -0.0088406295083806406 0.041270427850439814 0.0062362081785057068 0.0013827112970244914 0.01059786516747673 0.041743925061864362 0.0074867384746163728 0.031558597140719867 -0.093039994253533667 0.020627966681432502 -0.054853141674047839 -0.098788722909076032 0.006604011248586325 -0.00080658878124544833 0.014833529197146556 0.0013827112970244914
leaf_weight=44913.319985799491 46939.904306557029 17879.820851646364 9011.0802298411727 32698.806111000478 2437.1511924639344 18717.170853339136 155.60506112128496 27.338017046451569 73.666924881748855 605.28757175803185 34.117673799395561 9032.2055917084217 12445.045150965452 79.575376108288765 7339.1278287693858 86.674605835229158 8872.8999864310026 11300.726027242839 7311.6750600636005 21.013706363737583 505.48843781650066 356.46324034035206 26.057859353721142 19.915732935070992 40.772991806268692 27.616079792380333 29.43351886421442 66865.122965537012 2130.9866537228227 10785.451015502214
leaf_count=100293 132938 32326 19664 70978 3065 47058 819 115 805 783 90 22979 33471 72 16861 83 14707 21317 11077 13 786 365 100 26 157 105 47 178611 3747 19494
internal_value=0.00033647 0.000649882 -0.000236289 0.00231861 0.00116041 0.00121716 -0.00178335 0.00533404 -0.000935982 0.00226196 0.00577902 0.00225165 0.00148034 0.0470851 -0.00526008 -0.00142121 0.000755916 0.00309457 0.00986159 -0.0456039 0.00172706 0.0144649 0.0102384 -0.044992 0.003468 0.00360667 -0.0460316 -0.000877963 0.0186692 -0.000329147
internal_weight=310770 263743 172264 91478.7 66095 88819.7 83444.6 25383.6 67094.4 70102.5 12744.1 10007.9 57358.4 113.693 16350.2 47026.6 63657.9 20173.6 7406 48.3517 9894.16 861.952 7357.65 45.9736 17977.6 17936.9 57.0496 67020.7 2736.27 43484.3
internal_count=732952 599931 426404 173527 129561 209644 216760 43966 180235 162586 28822 24292 133764 162 36525 133021 126496 36024 11331 128 24130 1151 11203 126 32635 32478 152 179430 4530 90472
is_linear=0
shrinkage=0.05


Tree=111
num_leaves=31
num_cat=0
split_feature=36 26 49 14 26 36 53 14 49 15 18 51 14 6 1 48 4 15 50 17 15 18 53 6 15 6 15 18 47 17
split_gain=63.4142 135.259 145.276 124.368 95.2483 130.872 231.522 150.806 100.095 98.7979 90.8596 75.1212 72.2805 69.2209 125.057 141.992 67.074 65.1413 64.7436 88.9432 62.643 61.512 60.7628 64.6755 69.6547 57.9126 56.2012 54.8833 151.121 54.0862
threshold=4.5000000000000009 67.500000000000014 -0.022907647304236885 10664.200195312502 55.500000000000007 2.5000000000000004 0.089191608130931868 6270.1499023437509 0.2578235417604447 2068.4499511718755 50851.400390625007 -0.037059187889099114 19511.900390625004 -0.062055336311459534 1.6434624791145327 18.414285659790043 0.0076340327505022296 775.10000610351574 -0.015413943212479351 0.3854945451021195 119.1999969482422 132600.00000000003 0.1410496607422829 0.84189721941947948 2448.7500000000005 -0.0028268832247704263 2269.650024414063 80100.000000000015 0.023268398828804496 0.060674523934721954
decision_type=2 2 2 2 2 2 2 2 2 2 2 2 2 2 2 2 2 2 2 2 2 2 2 2 2 2 2 2 2 2
left_child=4 27 3 20 5 18 7 9 13 25 -9 -5 16 14 15 -6 -4 -15 -1 -20 -3 22 -8 24 -24 -7 -14 -2 -29 -26
right_child=1 2 12 11 8 6 21 10 -10 -11 -12 -13 26 17 -16 -17 -18 -19 19 -21 -22 -23 23 -25 29 -27 -28 28 -30 -31
leaf_value=-0.0015601554287954472 0.026592668960359445 -0.042283768909726738 -0.0054753149150696678 -0.042283768909726738 -0.013886889878197514 -0.074380842293686064 0.023508171948578491 0.0086798394665396038 0.0083060465437187099 -0.096032619454746171 -0.0020459881541709229 -0.007752663313934577 0.06051702991371654 0.0029951337120895354 -0.0048840910861456862 -0.05070233485836341 0.0055555465356972424 -0.002266791756423075 0.00066989941801166549 0.0097363734296818192 -0.10658195533133319 -0.033524892750999485 0.016682409455886189 0.030076849585005207 -0.0095181984828955971 -0.0069619471002033062 0.009403737403450069 -0.12740212388853145 0.00232147821251759 0.0085719985301411887
leaf_weight=34143.735295820981 814.00567820668221 32.574295371770859 2374.6882245279849 128.36598825454712 785.18937861919403 30.235608220100403 1365.0268581882119 4982.9020725563169 2339.0726281553507 30.032095283269882 2886.0102970004082 446.2558421343565 52.790025129914284 2892.5517872385681 3416.8102399706841 326.80596273392439 3070.7473038136959 34774.640060773119 203341.5350140864 2739.5387510024011 58.641400836408138 65.766289733350277 1527.762311078608 401.26817494630814 630.79659452289343 2880.8485702574253 3172.7096522785723 22.664605490863323 38.56538250297308 1153.4840696230531
leaf_count=64924 892 92 7063 347 1818 105 1905 9129 3152 125 6139 871 48 10965 6451 1221 5894 95512 491662 5352 249 153 1926 344 1104 6709 6654 100 28 1635
internal_value=0.000508237 0.00438271 0.00261845 -0.0198536 0.000376635 0.00074766 0.00513261 0.000976879 -0.00175755 -0.00867926 0.00458729 -0.011121 0.00434825 -0.00231578 -0.00815484 -0.0228897 0.000833829 -0.00161334 0.000456401 0.000790518 -0.0734466 0.0138619 0.0144885 0.011162 0.00885357 -0.00771277 0.0102773 0.0231544 -0.0219497 0.00213908
internal_weight=310926 10212 9336.77 665.838 300714 256179 15954.1 10810 44535.1 2941.12 7868.91 574.622 8670.94 42196 4528.81 1112 5445.44 37667.2 240225 206081 91.2157 5144.1 5078.34 3713.31 3312.04 2911.08 3225.5 875.236 61.23 1784.28
internal_count=732569 22238 21218 1559 710331 591212 29274 22207 119119 6939 15268 1218 19659 115967 9490 3039 12957 106477 561938 497014 341 7067 6914 5009 4665 6814 6702 1020 128 2739
is_linear=0
shrinkage=0.05


Tree=112
num_leaves=31
num_cat=0
split_feature=22 49 36 48 44 15 15 17 25 51 21 13 21 21 15 15 6 53 13 50 17 45 8 49 15 44 36 6 4 8
split_gain=102.344 92.6908 89.5469 97.9716 250.8 110.221 98.237 94.8181 76.5316 73.893 63.9395 61.3738 84.2977 57.7655 78.6377 75.4266 54.9238 76.6481 53.8389 53.4251 52.3893 53.8703 84.8806 47.0988 46.4671 46.3711 43.6419 43.4446 52.788 41.8688
threshold=13897643.000000002 0.52779263257980358 3.5000000000000004 14.535714149475099 -1.5689394474029539 3450.700073242188 3320.150024414063 0.069280497729778304 0.90019154548645031 0.056615246459841735 16151869.500000002 4.5000000000000009 5320895.5000000009 13439690.500000002 7254.5500488281259 12191.500000000002 -0.0084545887075364572 0.10331767797470094 1.5000000000000002 -0.31677702069282526 0.20048536360263827 -31.977272987365719 2287.5000000000005 -1.0000000180025095e-35 2747.0500488281255 0.2918181717395783 1.5000000000000002 -0.0053605814464390269 0.022305141203105453 2903.849975585938
decision_type=2 2 2 2 2 2 2 2 2 2 2 2 2 2 2 2 2 2 2 2 2 2 2 2 2 2 2 2 2 2
left_child=1 2 19 -4 7 6 11 9 10 -5 13 12 -6 20 25 23 -14 -18 -17 -1 21 22 -2 -16 -3 27 -10 28 -15 -23
right_child=8 24 3 4 5 -7 -8 -9 26 -11 -12 -13 16 14 15 18 17 -19 -20 -21 -22 29 -24 -25 -26 -27 -28 -29 -30 -31
leaf_value=-0.044256686212281855 -0.10928554663345301 0.012704009242399478 0.0043289440418913059 -0.094808444748721563 -0.0020098818459539226 0.0020606743634649523 -0.02076196306539687 -0.02076196306539687 0.040205617952744549 -0.043982563276991071 -0.07726193541771631 0.0020606743634649523 -0.02076196306539687 -0.083342462092946795 -0.10409828026747503 -0.070181563702008051 -0.014491978909321258 -0.0020098818459539226 0.010155929364405725 0.00018780142927397154 0.0087495740877640699 -0.003509914810350406 -0.022054014771853668 -0.030550251732948366 0.0043289440418913059 0.010155929364405725 0.010155929364405725 0.0027843307345866699 -0.0074645065942991005 0.0027766970943127463
leaf_weight=65.635474361479282 30.451410308480263 2493.2474734410644 11230.840972028673 109.61246146261692 2234.6822474971414 4600.0079254265875 273.94081965833902 157.03610308468342 172.39386305958033 73.336320146918297 26.293095700442791 2732.5988322049379 412.85325247049332 21.704798579216003 23.318564429879189 19.373223595321178 1940.4813978038728 453.29641088843346 66.279775179922581 235054.39357407391 939.24389063566923 34954.220391502604 61.518996104598045 187.96282790601254 1460.9786609038711 276.17683268338442 145.30943390727043 7054.9999357014894 724.15633926540613 2016.5684558451176
leaf_count=159 117 2977 17792 430 5763 12148 982 330 185 165 121 7245 1323 93 99 100 7438 968 132 539623 1897 104976 94 601 2084 301 287 19009 1451 3283
internal_value=0.000206405 0.000589095 0.00047322 0.00336797 -0.000207595 0.00093468 -0.00395797 -0.0424586 -0.0019502 -0.0672032 -0.00211808 -0.0027615 -0.00608044 -0.00207215 0.00168674 -0.0234971 -0.0122466 -0.00881708 0.0101559 0.000175018 -0.00290049 -0.00319618 -0.0410081 -0.0395676 0.00818467 0.00261815 0.0224299 0.00157032 -0.00988956 -0.0030999
internal_weight=310013 263293 259339 24218.7 12987.8 12647.9 8047.85 339.985 46720 182.949 46402.3 7773.91 5041.31 46376 8373.97 296.934 2806.63 2393.78 85.653 235120 38002 37062.8 91.9704 211.281 3954.23 8077.04 317.703 7800.86 745.861 36970.8
internal_count=732173 599427 594366 54584 36792 35867 23719 925 132746 595 132274 22737 15492 132153 21786 932 9729 8406 232 539782 110367 108470 211 700 5061 20854 472 20553 1544 108259
is_linear=0
shrinkage=0.05


Tree=113
num_leaves=31
num_cat=0
split_feature=41 49 18 25 24 26 51 44 17 15 15 21 21 50 41 22 44 0 50 26 53 25 15 24 18 15 41 7 1 26
split_gain=82.6231 118.376 87.1465 74.8951 74.0267 68.5876 101.513 64.9234 64.1438 66.0332 130.873 58.7583 104.087 87.8591 138.881 87.474 82.8607 81.3634 83.1006 122.752 77.3803 71.8995 69.8921 71.7859 69.3989 149.789 85.2223 102.363 69.1416 65.6885
threshold=21609.400390625004 -0.024623334407806393 120200.00000000001 0.83346664905548107 7714069.5000000009 76.500000000000014 0.022063188254833225 -0.99967533349990834 0.070691179484128966 5919.5000000000009 7885.3999023437509 5320895.5000000009 12130922.500000002 -0.054528366774320595 236.3999938964844 8681399.0000000019 0.036201298236846931 2.5000000000000004 -0.043343897908926003 57.500000000000007 0.33809229731559759 0.94291248917579662 2535.150024414063 3211691.0000000005 57987.701171875007 8882.4497070312518 7286.0000000000009 10.500000000000002 0.13284314423799518 56.500000000000007
decision_type=2 2 2 2 2 2 2 2 2 2 2 2 2 2 2 2 2 2 2 2 2 2 2 2 2 2 2 2 2 2
left_child=4 2 7 -3 11 8 -7 -2 9 -6 -11 17 13 14 15 28 24 18 19 -1 -17 -15 -18 -24 26 -26 27 -14 -13 -16
right_child=1 3 -4 -5 5 6 -8 -9 -10 10 -12 12 16 21 29 20 22 -19 -20 -21 -22 -23 23 -25 25 -27 -28 -29 -30 -31
leaf_value=-0.0068416566821114053 -0.05251202836741873 0.00712003187087871 -0.094559899703097958 0.044739007648149337 0.0043417071015592456 -0.082298675266079424 0.026767759811920096 -0.0053804237998409318 0.018618893951592375 -0.09599452833646116 0.011222479071819872 -0.088173933072683744 0.0035887186047860948 -0.0010957286273239328 -0.003639126762700277 -0.012205998337012719 0.0049566232623672914 0.0037056125234958093 0.00065187649528491846 -0.10654661500538916 -0.07714213257411151 0.014586472375748605 0.023768612597604797 0.0049566232623672914 -0.0023494912561241874 -0.068374766084619926 0.0049566232623672914 -0.00072347439869039102 -0.0098903251603903487 -0.017697449372182501
leaf_weight=2896.5550928488374 46.006886556744576 6081.2461256282404 30.556123595684767 133.34057626873255 8251.5440261289477 51.655079856514931 34.121637552976608 547.59047024324536 801.4778985530138 46.673540227115154 62.902522519230843 28.502449780702591 18252.604692429304 97682.297944376245 6939.2618292272091 69.902478739619255 1448.4235659390688 22977.370315331966 88945.517424989492 29.215132027864456 136.43303456157446 734.4070338010788 1151.6975337937474 381.83208099752665 11427.658460568637 84.555639285594225 8959.5852570272982 31475.783515434712 387.14877876639366 857.08887208253145
leaf_count=5473 141 14987 138 165 14689 207 34 1204 1073 181 108 125 30709 280650 12665 249 2472 36419 203349 124 569 1234 1460 643 26449 452 18832 75340 921 2009
internal_value=0.000421406 0.00585565 -0.01487 0.00794132 0.000299167 0.00470347 -0.0392911 -0.0104642 0.00512381 0.00382606 -0.0343858 0.000160996 -0.000402768 -0.00139784 -0.00629984 -0.028999 0.00104988 0.00104465 0.000379066 -0.00790936 -0.0554714 -0.000978411 0.00921025 0.0171625 0.000702994 -0.00284623 0.00139928 0.000572585 -0.015655 -0.00448195
internal_weight=310953 6838.74 624.153 6214.59 304114 9248.37 85.7767 593.597 9162.6 8361.12 109.576 294866 180017 106835 8418.34 621.987 73182.1 114849 91871.3 2925.77 206.336 98416.7 2981.95 1533.53 70200.2 11512.2 58688 49728.4 415.651 7796.35
internal_count=733071 16635 1483 15152 716436 16292 241 1345 16051 14978 289 700144 454779 298422 16538 1864 156357 245365 208946 5597 818 281884 4575 2103 151782 26901 124881 106049 1046 14674
is_linear=0
shrinkage=0.05


Tree=114
num_leaves=31
num_cat=0
split_feature=21 21 14 7 41 50 41 21 49 25 46 50 22 49 53 45 26 25 41 26 15 14 50 26 21 41 16 46 46 48
split_gain=62.6037 70.6587 92.4933 151.315 123.694 103.223 74.3264 72.8452 67.6227 65.2472 67.7778 75.9244 64.9576 63.2855 100.284 122.428 97.2847 66.7185 75.3228 73.2186 62.4817 260.473 84.7957 64.3149 60.1733 83.5346 65.3446 54.2644 53.7978 53.4846
threshold=5320895.5000000009 13439690.500000002 1278.299987792969 4.5000000000000009 1010.2000122070314 -0.054600955918431275 1582.850036621094 10052930.500000002 -0.10132575780153273 0.91671621799469005 0.0057533450890332469 -0.013320707250386475 8681399.0000000019 0.036062303930521018 0.14688599109649661 -1.4954545497894285 102.50000000000001 0.12513667345047 12771.899902343752 131.50000000000003 3862.150024414063 3925.2500000000005 -0.057476550340652459 12.500000000000002 15089427.500000002 630.10000610351574 0.2686633318662644 0.002993207075633109 4.0317258834838876 11.683333396911623
decision_type=2 2 2 2 2 2 2 2 2 2 2 2 2 2 2 2 2 2 2 2 2 2 2 2 2 2 2 2 2 2
left_child=9 2 4 -4 5 8 -5 -7 -2 10 11 27 -6 16 15 -15 20 19 -19 -18 -3 -22 -23 -24 -17 -26 -27 -1 -16 -20
right_child=1 13 3 6 12 7 -8 -9 -10 -11 -12 -13 -14 14 28 24 17 18 29 -21 21 22 23 -25 25 26 -28 -29 -30 -31
leaf_value=-0.081021815781709472 -0.057393380351502113 0.0011539373822647089 0.024044543427728188 0.010772626256550587 -0.021324583460430594 -0.0016822396209197215 -0.0005405503120338046 -0.0054325345505087715 -0.014955171031511796 0.013754218353502127 0.003038426692993007 0.00045844521362862361 -0.083285341935628629 0.0025755264710337878 0.0025755264710337878 0.07337029000139382 -0.084341504954734858 0.0025755264710337878 0.0025755264710337878 -0.030130358765688384 -0.098704002607386099 -0.036716365022154335 -0.014140947397386437 -0.00042538694494899138 0.084693849903871091 0.018936558868134713 0.047606878779828214 -0.015350698216501195 0.0091882329939071937 -0.030130358765688384
leaf_weight=32.444505795836449 109.59705713391304 56447.886225793511 640.19512960314751 1477.9299087151885 513.26667712628841 18735.46652270481 76450.432162823156 14304.604963034391 609.87478365004063 1019.8047365918756 32048.474065460265 88797.249539163895 44.51731314510107 113.67942455410957 5355.7186035513878 86.26875139772892 81.442352313548326 117.16958896443248 38.873628228902817 61.121431838721037 68.933974772691727 175.87803572416306 952.48198686540127 8179.1097218617797 55.329215444624424 215.77035018801689 198.26676771044731 388.90796680375934 3183.2601461932063 171.22003822773695
leaf_count=143 388 121903 669 3372 1761 52594 202640 48640 1572 1536 53326 204776 234 309 8749 46 402 299 31 205 295 404 1916 20755 48 431 203 1045 4008 643
internal_value=0.000291322 -0.000280525 -0.00107245 -0.000126541 -0.00323794 -0.00285123 -0.000325722 -0.00244253 -0.021561 0.00117227 0.00106623 0.000357744 -0.0265496 0.000903498 0.00478712 0.0233955 0.000363932 -0.0222591 -0.00969639 -0.0505643 0.000526077 -0.00325321 -0.00252522 -0.00185879 0.0352976 0.0280183 0.0200738 -0.0207663 0.0033234 -0.0301304
internal_weight=310675 188388 112886 78568.6 34317.3 33759.5 77928.4 33040.1 719.472 122287 121267 89218.6 557.784 75502.4 9208.29 669.315 66294.1 469.827 327.263 142.564 65824.3 9376.4 9307.47 9131.59 555.635 469.366 414.037 421.352 8538.98 210.094
internal_count=733343 472517 311870 206681 105189 103194 206012 101234 1960 260826 259290 205964 1995 160647 13794 1037 146853 1580 973 607 145273 23370 23075 22671 728 682 634 1188 12757 674
is_linear=0
shrinkage=0.05


Tree=115
num_leaves=31
num_cat=0
split_feature=26 50 26 36 26 36 49 7 14 26 15 44 46 15 15 18 14 26 15 14 15 50 22 44 49 15 17 14 49 14
split_gain=73.9875 67.3093 61.6379 135.382 152.777 83.7208 176.019 83.0426 67.8475 570.956 145.66 66.4666 64.9039 65.3372 145.728 64.6967 112.45 101.21 114.658 64.7893 80.29 59.338 65.0447 110.037 60.6266 63.0334 81.5179 56.9599 55.3145 55.2342
threshold=170.50000000000003 -0.31677702069282526 43.500000000000007 2.5000000000000004 29.500000000000004 4.5000000000000009 -0.021418264135718342 12.500000000000002 1.0000000180025095e-35 11.500000000000002 649.50000000000011 1.0000000180025095e-35 0.010115656070411207 2177.4499511718755 1552.4500122070315 7420.0000000000009 1204.299987792969 21.500000000000004 2814.4499511718755 10225.699707031252 5751.3500976562509 0.3292758315801621 13897643.000000002 -3.5977271795272823 0.12629869580268863 1422.6499633789065 0.046522777527570731 3302.9499511718755 -0.024623334407806393 6307.8999023437509
decision_type=2 2 2 2 2 2 2 2 2 2 2 2 2 2 2 2 2 2 2 2 2 2 2 2 2 2 2 2 2 2
left_child=1 -1 3 8 -5 21 -7 -8 -3 10 -10 -9 13 14 -6 16 -11 18 -18 -19 -21 22 29 -24 25 28 -27 -26 -25 -4
right_child=-2 2 5 4 12 6 7 11 9 15 -12 -13 -14 -15 -16 -17 17 19 -20 20 -22 -23 23 24 27 26 -28 -29 -30 -31
leaf_value=-0.04395763878042791 0.029408085982514362 -0.00056711919964350088 -0.0022625497128765195 0.031818021150938368 0.0073287876217585923 -0.020393802183039142 0.019574627985462487 0.0022107538878315776 0.036885319501620516 0.0013849741645130726 0.014630623079905817 0.011813249457309369 0.015623773581171447 0.0066503061359286693 -0.021745814372542145 0.00041215750987717349 0.019333821672868439 0.0033207455760469145 0.0037162215329247469 0.033455635348517386 0.0086935095823660446 0.01201721376908217 -0.021745814372542145 -0.01255853342365134 0.00015208823264648564 -0.01255853342365134 -0.0025675575878275343 0.0054469787420145582 0.00015208823264648564 0.00047090224820049443
leaf_weight=83.29165880382061 218.7917443215847 64984.04522511363 29821.503605537117 648.09356534481049 585.58083066344261 694.34429901093245 960.91571798175573 7168.362761721015 1043.2750214710832 28291.760526873171 2497.7330886274576 1042.2334447540343 1179.8513137698174 2049.1198738515377 300.82643163204193 84611.947386630811 2420.1451998054981 15814.537385948002 2285.1098143011332 391.83347131311893 1012.9103936739266 865.21819376945496 539.3894994482398 701.94691186770797 398.71567340195179 3582.8918465878814 4296.5425104349852 1438.2595684155822 2692.7289662621915 48591.724924007431
leaf_count=199 400 137341 81471 578 1027 1632 1143 17135 1018 79584 3026 1764 1472 3358 776 192354 3102 32189 3837 505 2210 1048 1149 2505 1130 11218 11387 2148 14515 122087
internal_value=0.000474374 0.00045383 0.00046601 0.000960782 0.00929121 -0.000535696 0.00384318 0.00568213 0.000765555 0.00139143 0.0212046 0.00405187 0.00572994 0.00174546 -0.00958257 0.000870773 0.00235779 0.00525652 0.0117539 0.00347991 0.0140663 -0.00100066 -0.00112326 -0.00430831 -0.00337125 -0.0047437 -0.00721586 0.00504787 0.000152088 -0.000568694
internal_weight=311214 310995 310912 208117 4763.47 102795 9865.86 9171.51 203353 138369 3541.01 8210.6 4115.38 2935.53 886.407 134828 50216.3 21924.5 4705.26 17219.3 1404.74 92928.9 92063.7 13650.5 13111.1 11274.1 7879.43 1836.98 3394.68 78413.2
internal_count=733308 732908 732709 462377 7211 270332 21674 20042 455166 317825 4044 18899 6633 5161 1803 313781 121427 41843 6939 34904 2715 248658 247610 44052 42903 39625 22605 3278 17020 203558
is_linear=0
shrinkage=0.05


Tree=116
num_leaves=31
num_cat=0
split_feature=15 18 53 26 21 25 14 18 15 15 25 21 15 15 41 48 44 21 14 26 15 17 18 25 48 25 14 18 15 18
split_gain=64.0042 138.762 85.8317 84.9845 72.5961 116.976 63.9387 60.0467 54.5294 51.0078 49.9923 61.3909 46.077 45.7755 77.43 225.08 101.698 87.728 86.5615 95.1055 74.6965 139.375 78.3267 78.0594 79.8237 69.2533 68.321 121.995 61.1481 74.2217
threshold=7885.3999023437509 120200.00000000001 0.2165072709321976 66.500000000000014 13439690.500000002 0.091024167835712447 20793.000000000004 34007.000000000007 8507.6000976562518 9413.7998046875018 0.090737566351890578 10052930.500000002 3715.2500000000005 3963.2500000000005 15689.250000000002 16.354166984558109 -0.012067099567502735 10052930.500000002 6307.8999023437509 43.500000000000007 3988.0500488281255 0.020001315511763099 57040.000000000007 0.615535467863083 15.436508178710939 0.53846231102943432 127.40000152587892 197024.50000000003 2055.849975585938 58060.000000000007
decision_type=2 2 2 2 2 2 2 2 2 2 2 2 2 2 2 2 2 2 2 2 2 2 2 2 2 2 2 2 2 2
left_child=6 3 9 7 5 -5 13 10 -7 -3 -2 -12 -8 14 18 17 -17 -16 19 26 21 -15 -22 24 -23 -18 27 -1 -21 -30
right_child=1 2 -4 4 -6 8 12 -9 -10 -11 11 -13 -14 20 15 16 25 -19 -20 28 22 23 -24 -25 -26 -27 -28 -29 29 -31
leaf_value=-8.1009042565331925e-05 -0.003819784690099528 -0.061640742390761276 -0.11289623235973636 -0.021249876797786369 0.042933769605559342 0.00013838696011663764 0.018420745945624799 -0.011210996360852375 0.034451797031537813 -0.021249876797786369 0.0049600509487356713 0.036214902822966751 0.0042807149144317592 -0.088093686568507301 0.0032706612037048111 -0.085659117518074424 -0.042181244356879297 -0.017188095891130167 0.0027337391540486165 -0.00059600222668150971 0.00065988285398056235 -0.0092857354981243419 -0.0040123700332045696 0.0032706612037048111 -0.044493595080858775 -0.017188095891130167 0.0015556035190724055 -0.077640977670808811 -0.002962469469670919 -0.013148098859803404
leaf_weight=88135.513630639762 1663.3781482204795 84.708125993609428 33.00443109869957 107.75483845546842 164.19219413399696 66.187880620360374 656.57266332954168 2213.2017576759681 229.40674082003534 156.90637711435556 336.28358885645866 197.43655289709568 4623.9178492724895 61.523877687752247 882.85898830741644 87.109659969806671 343.01091256737709 289.94868782907724 47992.895680122077 26064.753566065803 29742.250843692571 259.69221495836973 12841.42288890481 121.34977766871452 220.4502018392086 102.18717676401138 82183.19735025987 48.7289521060884 8785.6028249040246 2244.3326079472899
leaf_count=203460 4191 421 152 414 309 208 1099 7889 532 837 890 479 10197 251 1379 373 1357 669 109069 78337 69430 494 33969 208 878 226 174964 225 23465 6921
internal_value=0.000497984 -0.00497357 -0.0394429 -0.00305688 0.0151218 0.0036444 0.000592031 -0.00540201 0.0215267 -0.0285647 0.000454435 0.0137399 0.00604519 0.000496137 0.000749245 -0.00986401 -0.0367626 0.00238636 0.000820164 0.000377468 -0.0010089 -0.0176369 -0.000749192 -0.0101622 -0.0218421 -0.0268549 0.000877005 -0.000125627 -0.00191672 -0.00503701
internal_weight=310940 5252.46 274.619 4977.84 567.542 403.349 305687 4410.3 295.595 241.615 2197.1 533.72 5280.49 300407 257160 1705.12 532.308 1172.81 255455 207462 43246.7 663.016 42583.7 601.492 480.142 445.198 170367 88184.2 37094.7 11029.9
internal_count=733293 16322 1410 14912 1463 1154 716971 13449 740 1258 5560 1369 11296 705675 600445 4004 1956 2048 596441 487372 105230 1831 103399 1580 1372 1583 378649 203685 108723 30386
is_linear=0
shrinkage=0.05


Tree=117
num_leaves=31
num_cat=0
split_feature=26 22 24 26 6 17 26 15 43 26 15 50 22 25 52 51 15 21 18 21 26 51 46 18 31 15 26 21 45 44
split_gain=51.2592 52.7534 63.8086 73.2288 81.3536 69.4168 140.03 121.992 61.7145 106.277 80.051 188.813 99.7434 78.1289 72.4426 69.6385 97.339 68.5028 105.235 83.3329 79.2474 147.909 110.9 85.4679 75.7066 71.4215 77.0548 108.377 73.3401 71.2153
threshold=170.50000000000003 13897643.000000002 7714069.5000000009 35.500000000000007 -0.01182784605771303 0.063979580998420729 32.500000000000007 2695.349975585938 4.5000000000000009 103.50000000000001 6585.5498046875009 -0.11716270074248313 3910147.0000000005 0.21521398425102237 1.8206555843353274 -0.010893064085394142 2297.7500000000005 13439690.500000002 120200.00000000001 5320895.5000000009 43.500000000000007 -0.0023323898203670974 0.84922614693641674 38060.000000000007 2.5000000000000004 7667.7001953125009 12.500000000000002 10052930.500000002 4.0871212482452401 1.0000000180025095e-35
decision_type=2 2 2 2 2 2 2 2 2 2 2 2 2 2 2 2 2 2 2 2 2 2 2 2 2 2 2 2 2 2
left_child=1 2 8 5 -5 6 -4 -8 10 -10 -1 -12 17 14 15 16 -11 18 19 -13 24 22 -22 -23 -19 29 27 -27 -28 -21
right_child=-2 -3 3 4 -6 -7 7 -9 9 13 11 12 -14 -15 -16 -17 -18 20 -20 25 21 23 -24 -25 -26 26 28 -29 -30 -31
leaf_value=0.00074306691932770762 0.025137181678076895 -0.00096648153995411402 0.0034603260010280124 -0.023780452106533786 0.02174804490495057 0.021547640278147106 -0.022232880607155309 -0.13242205988139227 0.0090792907850661755 -0.034386009191171955 -0.1086406240735015 -0.0037471847906069278 0.0032599122069853592 0.0040909090934649643 -0.0044768301740657924 -0.015476840978078507 -0.093813102962931147 -0.023394534636361295 -0.050189819501813608 -0.030052623987190549 -0.056284706087289887 0.068725244173208813 -0.0011959779131341165 0.016573710501424126 0.024167389030426839 -0.030052623987190549 -0.023312876340074555 0.053943112500338113 0.03956150381369436 0.021941346402672379
leaf_weight=241119.92659356445 210.62424387037754 46884.263486031443 5042.6238939166069 107.05181541293859 1006.2144533619285 477.67365424335003 212.62804783880711 26.712535448372364 5398.4169022515416 67.494062662124634 41.308705650269985 2065.045168954879 2909.7050141841173 1603.2828693501651 364.01343289762735 619.58045464940369 83.016791887581348 341.754359241575 168.739437924698 518.50933672487736 57.688077632337809 108.91614731028676 50.971443235874176 276.10470564849675 108.79805874079466 39.188783198595047 477.08062572591007 94.996288985013962 49.536172315478325 66.407221227884293
leaf_count=548803 410 132641 8137 226 1458 580 476 119 10112 170 162 6409 5892 3886 567 2181 357 1388 997 2433 258 184 55 986 136 132 2558 168 40 136
internal_value=0.000595639 0.000578824 0.00085378 0.00560754 0.0173352 0.00333549 0.00168095 -0.0355264 0.000726425 0.00501106 0.000586105 -0.00454461 -0.00392879 -0.00301269 -0.0130446 -0.0229872 -0.0532952 -0.00865648 -0.0118963 -0.00991543 0.00328202 0.0170873 -0.0339974 0.0316054 -0.0118534 -0.0201182 -0.0086539 0.0249225 -0.0172713 -0.0300526
internal_weight=310598 310388 263503 6872.9 1113.27 5759.64 5281.96 239.341 256630 8135.8 248495 7374.75 7333.44 2737.39 1134.1 770.091 150.511 4423.74 3479.5 3310.76 944.233 493.68 108.66 385.021 450.552 1245.72 660.802 134.185 526.617 584.917
internal_count=732057 731647 599006 10996 1684 9312 8732 595 588010 17273 570737 21934 21772 7161 3275 2708 527 15880 12873 11876 3007 1483 313 1170 1524 5467 2898 300 2598 2569
is_linear=0
shrinkage=0.05


Tree=118
num_leaves=31
num_cat=0
split_feature=21 24 26 50 41 48 25 26 25 41 41 21 41 48 25 25 18 22 53 26 15 26 6 36 48 41 41 15 41 6
split_gain=102.584 83.2743 77.9296 117.54 104.739 101.104 100.261 122.917 92.1232 81.8102 77.9544 82.8243 76.5944 74.6463 88.4861 74.3469 70.5002 68.6736 64.2828 62.0967 75.5515 74.0177 72.3734 60.6369 106.536 86.2524 105.657 81.7697 69.8032 66.7174
threshold=5320895.5000000009 7714069.5000000009 65.500000000000014 -0.091888528317213045 4624.4499511718759 10.050000190734865 0.076942957937717452 101.50000000000001 0.91671621799469005 400.39999389648443 31462.150390625004 1289243.5000000002 3925.2500000000005 10.354166507720949 0.58825558423995983 0.82013070583343517 195300.00000000003 13897643.000000002 0.066246051341295256 69.500000000000014 6585.5498046875009 112.50000000000001 -0.0028124050004407759 3.5000000000000004 14.690476417541506 21609.400390625004 16709.700195312504 1945.850036621094 5483.5000000000009 -0.0034798535052686925
decision_type=2 2 2 2 2 2 2 2 2 2 2 2 2 2 2 2 2 2 2 2 2 2 2 2 2 2 2 2 2 2
left_child=2 -2 4 5 8 -4 7 17 12 18 11 -6 16 -12 -15 -3 -1 -5 -8 -11 -21 22 -22 25 -25 26 27 28 -13 -27
right_child=1 15 3 6 10 -7 9 -9 -10 19 13 23 -14 14 -16 -17 -18 -19 -20 20 21 -23 -24 24 -26 29 -28 -29 -30 -31
leaf_value=0.0011231267020463751 -0.00061796838320903004 0.0048939842706274281 -0.029549242609469756 -0.0036566908666981362 -0.016636868242107469 -0.1278787230481597 0.073403733081513919 -0.029549242609469756 0.017579106319144552 -0.0036566908666981362 0.01845842768814809 -0.0026420687846324467 -0.0052060026442806761 -0.068440345716788836 -0.012991057106691751 0.045547930328356939 -0.062587907800422352 -0.017434486270457503 -0.001648747716256627 0.002238649565987425 -0.0036566908666981362 -0.0036566908666981362 0.040482278646346605 0.014533241155935224 -0.066888461094614757 -0.023434489365340858 -0.012616583753460853 0.0046608562327593037 -0.035739244024575754 0.026306665484053145
leaf_weight=67479.143646452576 182658.03223316837 5093.3841378465295 60.975256823003292 2756.8134193457663 461.75803485326469 31.970632389187813 67.085295155644417 373.61473273858428 808.76150599867105 4538.6369855739176 66.456454657018185 610.30010385811329 5214.8968014121056 119.9483828227967 33.139323320239782 113.04037865996361 41.44963289052248 965.05114337429404 48.454083517193794 5333.0592434369028 72.809007555246353 28.347649209201336 358.36442609876394 2028.5273435264826 39.038436993956566 73.675592020153999 959.63388801366091 29151.352955885231 213.7553950548172 647.1709391605109
leaf_count=140675 462661 9169 112 6588 1695 141 322 1296 1150 12085 82 1234 11465 650 57 83 160 3841 126 12063 180 135 718 2817 129 162 2507 58165 589 1377
internal_value=0.000293977 -0.000440215 0.00141914 -0.00200451 0.00188333 -0.0574562 -0.00164224 -0.00827088 0.000818039 0.000957501 0.00416033 0.00435169 0.000631191 -0.0254061 -0.0444405 0.0057938 0.00108216 -0.00544149 0.0424363 0.000485498 0.00391906 0.0233272 0.031028 0.00464005 0.0129327 0.00409764 0.00369843 0.00422154 -0.011293 0.021172
internal_weight=310449 187864 122584 14635.2 107949 92.9459 14542.2 4095.48 73544.3 10446.8 34404.8 34185.2 72735.5 219.544 153.088 5206.42 67520.6 3721.86 115.539 10331.2 5792.58 459.521 431.173 33723.5 2067.57 31655.9 30935 29975.4 824.055 720.847
internal_count=732434 471913 260521 37607 222914 253 37354 11725 153450 25629 69464 68675 152300 789 707 9252 140835 10429 448 25181 13096 1033 898 66980 2946 64034 62495 59988 1823 1539
is_linear=0
shrinkage=0.05


Tree=119
num_leaves=31
num_cat=0
split_feature=25 14 26 49 36 15 53 31 6 27 45 15 17 44 14 15 15 22 48 22 14 18 15 18 15 22 50 27 15 18
split_gain=55.9123 52.4232 68.1509 111.459 88.679 64.8791 103.779 99.6465 66.1283 51.94 110.517 56.1939 106.323 50.1061 62.2213 55.5332 43.2415 42.7864 110.536 41.9687 82.1684 74.4863 67.7234 54.5661 39.9679 37.7822 37.0036 161.423 125.893 41.8932
threshold=0.95385658740997326 21609.400390625004 33.500000000000007 0.085602473467588439 1.5000000000000002 3815.2500000000005 0.59626841545104992 283.50000000000006 -0.86420100927352894 0.23582887649536136 -0.40719696879386896 3862.150024414063 0.073131326586008086 -0.5303463041782378 6087.2500000000009 1858.049987792969 3301.9499511718755 3910147.0000000005 17.038461685180668 1885909.0000000002 10225.699707031252 116200.00000000001 4882.6501464843759 20050.000000000004 2112.4499511718755 1237896.0000000002 -0.015413943212479351 0.051503095775842674 7667.7001953125009 65007.000000000007
decision_type=2 2 2 2 2 2 2 2 2 2 2 2 2 2 2 2 2 2 2 2 2 2 2 2 2 2 2 2 2 2
left_child=1 2 4 5 25 13 8 -8 -7 10 -10 12 -12 17 15 -15 -2 18 -4 20 22 -21 -13 -24 -20 -1 27 28 -27 -29
right_child=16 -3 3 -5 -6 6 7 -9 9 -11 11 19 -14 14 -16 -17 -18 -19 24 21 -22 -23 23 -25 -26 26 -28 29 -30 -31
leaf_value=-0.03794137185007089 0.0082467588303890126 0.0043588793319183699 -0.009127107238559402 0.0020342784230708141 0.0021383829056197483 -0.085600629353359922 -0.15496350842431728 -0.014331589769092835 -0.044680334411619928 0.00017797806846803178 -0.024573057020761381 -0.0096439167338770761 -0.0022642371712006172 -0.00097606924768205107 0.00017797806846803178 -0.0038460140637187955 0.040959925004716097 -0.0038460140637187955 -0.032921034822211884 -0.0022642371712006172 -0.003197508712259739 -0.024573057020761381 -0.0078612350065958344 -0.024573057020761381 -0.08047007669249448 -0.011962817565707931 0.00037496511375784982 -0.00094121682282224505 -0.097875124699897093 -0.0071189777946177174
leaf_weight=63.186191573739052 786.29669115692377 6792.4312694258988 1762.0870864391327 25114.872304003686 14117.989246986806 22.713345050811768 20.143367901444435 30.278220005333424 71.10353784263134 2654.2893252372742 357.55725389719009 2972.7170368432999 487.12964835762978 24469.274550005794 35527.251590028405 17013.817746892571 114.24715949594975 1504.5928610116243 53.231494843959808 8130.3567583411932 7771.9574400261045 270.46417638659477 85.573616176843643 332.5036778151989 76.019468188285828 2767.0528991222382 144798.79735967051 11011.410633064806 41.357470706105232 884.41179355978966
leaf_count=195 1247 16686 3377 41597 23265 79 98 53 271 4737 1337 10097 1305 78320 90095 47223 134 2702 173 19312 24521 855 161 1455 328 6004 337029 18484 177 1796
internal_value=5.1744e-05 1.54713e-05 -8.21135e-05 -0.000953972 0.000564077 -0.00167832 -0.00400712 -0.0742826 -0.0038477 -0.00376004 -0.00470645 -0.00446578 -0.0170783 -0.0010061 -0.000743904 -0.00213012 0.0124785 -0.00694812 -0.0124357 -0.00391953 -0.00603255 -0.00226424 -0.012525 -0.0245731 -0.056715 0.000116716 0.000132268 -0.0022574 -0.0132967 -0.000941217
internal_weight=310105 309205 302412 128728 173684 103613 23206.8 50.4216 23156.4 23133.7 20479.4 20408.3 844.687 80406.3 77010.3 41483.1 900.544 3395.93 1891.34 19563.6 11162.8 8400.82 3390.79 418.077 129.251 159566 159503 14704.2 2808.41 11895.8
internal_count=733113 731732 715046 328096 386950 286499 64281 151 64130 64051 59314 59043 2642 222218 215638 125543 1381 6580 3878 56401 36234 20167 11713 1616 501 363685 363490 26461 6181 20280
is_linear=0
shrinkage=0.05


Tree=120
num_leaves=31
num_cat=0
split_feature=53 24 24 14 48 48 21 43 48 24 14 15 43 49 53 51 51 15 15 15 15 17 44 49 52 15 14 49 48 17
split_gain=61.3219 46.1767 120.157 58.9525 91.7311 69.9383 51.7396 144.801 60.2907 49.7569 48.6617 76.0778 46.4477 50.609 56.28 91.1292 46.9148 45.9303 67.9177 105.926 104.737 54.0272 44.5973 43.4713 67.66 54.5649 53.3202 49.8378 45.0536 74.9887
threshold=0.78158670663833629 1.0000000180025095e-35 3211691.0000000005 127.40000152587892 3.5227272510528569 10.949999809265138 1289243.5000000002 2.5000000000000004 12.464285850524904 7714069.5000000009 2942.2500000000005 2708.900024414063 6.5000000000000009 -0.0062878786120563737 0.28732809424400335 -0.014613572508096693 0.21820501238107684 3450.700073242188 2930.9499511718755 1858.049987792969 1705.1499633789065 0.11830051988363267 0.009220778942108156 -0.10132575780153273 0.26289208233356481 2357.5500488281255 2084.150024414063 -0.10828754678368567 21.816666603088382 0.0016722595319151881
decision_type=2 2 2 2 2 2 2 2 2 2 2 2 2 2 2 2 2 2 2 2 2 2 2 2 2 2 2 2 2 2
left_child=1 -1 3 5 -5 -3 7 8 -4 12 11 -11 16 14 15 -14 23 18 19 20 -9 -19 -6 24 25 -8 27 -26 -25 -30
right_child=-2 2 6 4 22 -7 9 17 -10 10 -12 -13 13 -15 -16 -17 -18 21 -20 -21 -22 -23 -24 28 26 -27 -28 -29 29 -31
leaf_value=-0.00015893676472401898 0.00566001807939017 0.0033266805947595257 -0.018486507051390402 0.028646970082607033 0.0042217974549875921 -0.0034258688282747052 -0.032603164861619877 -0.027485773541079356 -0.069629650432439558 0.0020873361952376385 0.010044420303060615 -0.060162986068081015 -0.1121374852749621 0.020395033171767302 0.0025586463504253783 -0.0039642282132161923 0.014097051610244339 -0.084463871073440111 0.081481958898984116 -0.086559360426723089 0.10367704996374845 0.031203711855387662 0.01364400930537802 0.00047231813070461889 -0.032603164861619877 -0.12886810852004585 -0.0055396736209570837 -0.015213521786410795 -0.0048305478216322797 -0.0008468941161011202
leaf_weight=172173.32067955192 5601.3988222405314 10583.252073079348 123.55723172426224 412.50655861198902 18160.789068818092 5285.0855968669057 50.578275412321091 28.559694077819586 109.37312424182892 6836.5077289566398 2296.2329306006432 47.437392503023148 28.838917322456837 504.61695343255997 40.07041834294796 53.228914231061935 566.30422834306955 18.826058894395828 44.079855069518089 20.933598309755325 29.041155442595482 18.05384872853756 1347.7690505608916 63775.032383274287 86.528045915067196 17.879456639289856 531.74588783085346 273.85280323028564 14189.000326603651 7489.3299455195665
leaf_count=433768 7392 18476 343 366 35796 13636 130 135 743 12629 3581 135 128 783 27 118 775 98 38 103 16 23 1918 128845 281 80 775 569 52667 18482
internal_value=0.000476781 0.000381597 0.00108149 0.00355814 0.00536917 0.0012842 0.000169336 -0.0179031 -0.0428892 0.000242979 0.00374469 0.00164102 -0.000124036 0.0134169 -0.0152777 -0.0437401 -0.000221914 0.0186667 0.0332856 0.00488215 0.0399038 -0.0291486 0.00487407 -0.000316076 -0.0108823 -0.0580665 -0.00713981 -0.0248874 -0.000197049 -0.00216611
internal_weight=310744 305142 132969 35789.4 19921.1 15868.3 97179.6 392.425 232.93 96787.2 9180.18 6883.95 87607 626.755 122.138 82.0678 86980.3 159.494 122.614 78.5344 57.6008 36.8799 19508.6 86413.9 960.584 68.4577 892.127 360.381 85453.4 21678.3
internal_count=732856 725464 291696 70192 38080 32112 221504 1499 1086 220005 16345 12764 203660 1056 273 246 202604 413 292 254 151 121 37714 201829 1835 210 1625 850 199994 71149
is_linear=0
shrinkage=0.05


Tree=121
num_leaves=31
num_cat=0
split_feature=14 44 15 51 26 25 21 15 18 14 45 15 14 21 48 7 15 14 18 26 25 43 18 53 53 15 24 50 21 44
split_gain=71.5194 99.5828 149.8 114.178 87.156 102.143 67.7728 54.9865 51.279 50.3299 109.557 51.7018 44.2197 95.1758 43.7179 39.3767 39.2719 39.2254 114.825 55.0432 37.4523 35.9 53.8727 34.7521 33.937 33.5869 31.9874 107.181 32.719 43.6932
threshold=12604.300292968752 1.0000000180025095e-35 3184.5000000000005 -0.012113237287849186 77.500000000000014 0.4003745317459107 1289243.5000000002 8882.4497070312518 7420.0000000000009 5521.5000000000009 -2.0643938779830928 1872.7000122070315 9502.8999023437518 10052930.500000002 20.267857551574711 15.500000000000002 10925.649902343752 302.39999389648443 197024.50000000003 33.500000000000007 0.44452822208404547 2.5000000000000004 54100.000000000007 0.074434850364923491 0.40419149398803716 2231.650024414063 1.0000000180025095e-35 -0.072723474353551851 13439690.500000002 -0.27256493270397181
decision_type=2 2 2 2 2 2 2 2 2 2 2 2 2 2 2 2 2 2 2 2 2 2 2 2 2 2 2 2 2 2
left_child=4 8 3 -3 6 9 -1 17 -2 10 15 -11 13 -9 -12 -6 -14 18 20 -19 26 22 -4 -5 -13 -7 27 -8 29 -29
right_child=1 2 21 23 5 25 7 12 -10 11 14 24 16 -15 -16 -17 -18 19 -20 -21 -22 -23 -24 -25 -26 -27 -28 28 -30 -31
leaf_value=-0.011012262932945799 0.0067242715663999829 0.0067242715663999829 0.032147831806051776 0.066066428311254574 -0.042968766861379327 0.0016050139926986227 -0.037688889875410969 -0.017418966513548129 0.0016050139926986227 -0.0035802655545368552 -0.012755849400212686 -0.012755849400212686 0.0016050139926986227 -0.082869683012529061 -0.039670416730082356 -0.093748016384673324 -0.017418966513548129 0.0016050139926986227 -0.075157440199547482 0.00036134671214073128 0.00036134671214073128 0.0067242715663999829 0.0067242715663999829 0.032209148492761942 -0.0035802655545368552 -0.0035802655545368552 -0.00028730033225344887 -0.019944434748114123 -0.00024654427999033627 -0.0029953630700838728
leaf_weight=1287.8763328120112 3930.9859631862491 160.67050214111805 345.63137777894735 205.62142838537693 19.390040829777718 1548.0341659449041 137.47187871485949 183.61248660087585 20735.912648946978 1371.8920067474246 748.57018715143204 2814.3920315131545 405.75500230491161 62.648378632962704 150.53288672678173 66.841277778148651 235.99067280441523 82088.300075814128 49.144771978259087 88477.632281295955 15511.063186213374 2031.6290438808501 113.51405351608992 130.01994597911835 314.9994425624609 880.49776544421911 64313.515683330595 211.71903164684772 4099.3753053992987 17989.841056652367
leaf_count=4600 8422 271 446 194 32 3669 485 479 52301 3348 2814 8404 1158 325 1242 299 855 174164 242 214045 29555 3931 277 159 432 2436 155558 539 7831 54491
internal_value=0.000510194 0.00293702 0.0115561 0.0365867 0.000273006 -0.00489916 0.000421879 0.000475749 0.00189242 -0.00876555 -0.0189922 -0.00651948 -0.0119321 -0.0298549 -0.0137405 -0.072197 -0.00498305 0.000516214 -0.000257803 0.000980497 -0.00022034 0.00672427 0.0206884 0.0532194 -0.0109089 0.00160501 -0.000854435 -0.0024798 -0.00219998 -0.00327454
internal_weight=310623 27654 2987.09 496.312 282969 7915.15 275054 273766 24666.9 5486.62 985.334 4501.28 888.007 246.261 899.103 86.2313 641.746 272878 102312 170566 102263 2490.77 459.145 335.641 3129.39 2428.53 86751.9 22438.4 22300.9 18201.6
internal_count=733004 66001 5278 624 667003 22676 644327 639727 60723 16571 4387 12184 2817 804 4056 331 2013 636910 248701 388209 248459 4654 723 353 8836 6105 218904 63346 62861 55030
is_linear=0
shrinkage=0.05


Tree=122
num_leaves=31
num_cat=0
split_feature=24 49 22 51 52 17 24 24 25 21 21 41 14 14 15 51 45 14 18 22 15 14 48 14 41 15 45 46 36 7
split_gain=73.1371 58.3333 53.7332 51.7046 55.8352 51.2146 51.0382 117.178 107.559 59.1737 82.276 86.8709 93.3358 70.6252 66.5479 128.387 55.462 47.3705 42.4977 59.1119 39.4649 118.294 78.3656 46.6778 96.0054 67.9244 58.9839 80.423 55.6869 54.2884
threshold=7714069.5000000009 0.52484878897666942 8681399.0000000019 -0.063654400408267961 0.23869047313928607 0.20048536360263827 1.0000000180025095e-35 3211691.0000000005 0.01668212749063969 15089427.500000002 10052930.500000002 10124.049804687502 127.40000152587892 236.3999938964844 4166.7500000000009 -0.040103601291775696 -0.27143308520317072 127.40000152587892 4804.8000488281259 1885909.0000000002 8882.4497070312518 10896.299804687502 18.683333396911625 8456.1000976562518 8123.0000000000009 7885.3999023437509 -0.27424243092536921 0.0083619067445397394 4.5000000000000009 12.500000000000002
decision_type=2 2 2 2 2 2 2 2 2 2 2 2 2 2 2 2 2 2 2 2 2 2 2 2 2 2 2 2 2 2
left_child=1 2 6 4 -2 20 18 -8 9 10 13 12 -12 -9 -11 16 -16 -5 19 -1 23 -22 -23 24 25 28 -26 -28 -4 -30
right_child=3 -3 5 17 -6 -7 7 8 -10 14 11 -13 -14 -15 15 -17 -18 -19 -20 -21 21 22 -24 -25 26 -27 27 -29 29 -31
leaf_value=0.0029151541579649424 -0.085627209742365581 0.0057464268036195639 -0.002034839730013371 0.0022254880101753153 -0.0082363953115706448 0.0029151541579649424 0.0029151541579649424 -0.0044935334364521635 0.0029151541579649424 0.00067742431684205187 -0.02400597188273125 -0.074705647920501161 0.00067742431684205187 0.00067742431684205187 -0.14177563979859401 -0.0073846864452961711 -0.045702615434548982 0.009551139716422706 -0.00036772473496526014 0.0010406094647810486 -0.065370512591174004 0.00051752720507307272 -0.035551591194506377 0.00051752720507307272 -0.088979175685811707 -0.087201271022399718 -0.041117228732963203 -0.0010104454297952229 -0.0010104454297952229 -0.040916753560237946
leaf_weight=7582.394912622869 22.983550354838371 4617.0046688243747 34186.725652743131 5050.3323318511248 358.66150370240211 1270.340616773814 24471.382018260658 14638.449416443706 19622.582558117807 11201.180456779897 722.50996156036854 56.988438248634338 476.01194241642952 9483.5017524510622 20.636617578566074 765.99927733838558 55.051944494247437 3919.5880982577801 155041.71387082618 7073.2714041210711 92.923448793590069 515.97688226774335 158.70023690536618 8359.172165825963 33.337129101157188 21.520319268107414 211.06815207004547 144.17887927591801 50.968759894371033 178.72831874527037
leaf_count=15138 79 6168 102777 9134 593 2487 42595 34458 35005 22497 2040 213 1091 18331 96 1641 136 6685 382252 25417 373 1184 887 19227 124 96 756 257 69 1006
internal_value=0.000306045 0.000170761 8.38815e-05 0.00466022 -0.0133191 -0.00150267 0.000369505 0.00139778 1.2442e-05 -0.00156031 -0.00295747 -0.0154263 -0.0124879 -0.00230726 0.000677424 -0.0136166 -0.0748726 0.005428 -0.000124441 0.00244894 -0.0018801 -0.0131034 -0.00573267 -0.00168002 -0.00253842 -0.00225871 -0.0271886 -0.0209244 -0.00220053 -0.026631
internal_weight=310404 301052 296435 9351.57 381.645 45223.6 251212 81514.3 57042.9 37420.3 25377.5 1255.51 1198.52 24122 12042.9 841.688 75.6886 8969.92 169697 14655.7 43953.3 767.601 674.677 43185.7 34826.5 34437.9 388.584 355.247 34416.4 229.697
internal_count=732812 716321 710153 16491 672 129243 580910 158103 115508 80503 56133 3344 3131 52789 24370 1873 232 15819 422807 40555 126756 2444 2071 124312 105085 103948 1137 1013 103852 1075
is_linear=0
shrinkage=0.05


Tree=123
num_leaves=31
num_cat=0
split_feature=26 26 41 49 21 21 50 14 24 44 18 15 15 21 48 25 14 49 48 30 15 26 18 31 45 16 53 53 6 9
split_gain=53.6123 49.8736 53.1684 49.4889 46.252 71.1247 74.9062 117.446 152.34 78.6155 70.4992 53.799 71.4896 87.1355 119.42 109.438 66.4399 61.494 84.5564 70.5135 47.9558 78.0083 111.634 62.9179 92.8038 61.5108 81.9919 52.2157 51.9471 103.913
threshold=170.50000000000003 191.50000000000003 24932.600585937504 0.52779263257980358 5320895.5000000009 12130922.500000002 -0.054528366774320595 1278.299987792969 1.0000000180025095e-35 0.055454544723033912 56050.000000000007 4687.3000488281259 5001.6999511718759 15089427.500000002 17.408332824707035 0.30567033588886267 4970.5000000000009 -0.012615652289241551 17.774999618530277 0.29438838362693792 1705.1499633789065 29.500000000000004 112009.69921875001 181.50000000000003 -5.2253787517547599 0.0088496347889304178 0.38676449656486517 0.69276779890060436 -0.16294574737548825 58.665151596069343
decision_type=2 2 2 2 2 2 2 2 2 2 2 2 2 2 2 2 2 2 2 2 2 2 2 2 2 2 2 2 2 2
left_child=3 -2 -3 4 -1 6 7 8 9 -6 -9 20 13 -13 16 -16 -15 18 19 -14 21 22 27 24 -23 26 -26 -7 29 -22
right_child=1 2 -4 -5 5 11 -8 10 -10 -11 -12 12 17 14 15 -17 -18 -19 -20 -21 28 23 -24 -25 25 -27 -28 -29 -30 -31
leaf_value=0.0010300397341658088 0.039874147021184685 0.046113591652419988 -0.045813758323563034 0.005548695394734275 -0.081374277259435301 0.0017014198881649312 -0.0006641815621464286 -0.0030924687665389206 -0.013565083047301455 -0.013565083047301455 -0.013397081847568644 0.0029074514607963118 -0.032161925515824911 -0.026405639543295875 -0.073124082576024915 -0.026405639543295875 0.00070361896376597809 0.0011179446944165467 -0.056639649718029199 -0.006084193037583497 -0.041134028089456598 -0.11398969877488169 -0.036574357286454758 0.0029074514607963118 -0.010172124968328476 -0.0017998639281336772 -0.060076360344851115 -0.017530468046731543 0.0029074514607963118 -0.001573270702363645
leaf_weight=120173.48166737892 157.02602078393102 23.01152578741312 40.630676843225956 4497.0932243615389 141.38019792735577 27708.612012162805 100443.52082503028 6120.782552704215 624.27502057701349 53.78744138777256 1678.9007597640157 153.27089793980122 236.71055284142494 79.413848668336868 179.00734448432922 167.92214204370975 496.55702633410692 4866.802444294095 97.697026144713163 537.56026852875948 182.52665396034718 18.025886878371239 191.7196591347456 799.04492396116257 2939.3661885969341 3295.5298660062253 55.129398241639137 188.17682933807373 32218.126833632588 1654.2764319851995
leaf_count=258012 220 50 135 6022 605 54772 288244 10901 1600 152 3586 278 600 229 757 530 914 12055 358 913 470 78 514 1106 10125 8347 169 365 67651 2639
internal_value=0.000360554 0.024886 -0.0121827 0.000342924 0.000266208 -0.00022963 -0.00104809 -0.00552076 -0.0235043 -0.0619908 -0.00362584 0.00094387 -0.00329432 -0.0151075 -0.0218688 -0.0449566 -0.00785471 -0.00107456 -0.0132863 -0.0076842 0.00136103 6.67406e-05 0.00125087 -0.00461217 -0.00650718 -0.00616302 -0.0113547 0.00151342 0.0026986 -0.00554496
internal_weight=310019 220.668 63.6422 309799 305302 185128 109063 8619.13 819.443 195.168 7799.68 76065.5 6814.94 1076.17 922.9 346.929 575.971 5738.77 871.968 774.271 69250.5 35195.6 28088.5 7107.1 6308.05 6290.03 2994.5 27896.8 34054.9 1836.8
internal_count=732397 405 185 731992 725970 467958 305088 16844 2357 757 14487 162870 16634 2708 2430 1287 1143 13926 1871 1513 146236 75476 55651 19825 18719 18641 10294 55137 70760 3109
is_linear=0
shrinkage=0.05


Tree=124
num_leaves=31
num_cat=0
split_feature=21 44 36 7 41 53 37 46 4 7 6 53 26 36 37 53 18 37 41 22 50 4 25 18 21 25 18 6 25 41
split_gain=86.5517 88.6895 73.0553 138.021 120.991 90.5746 89.6516 112.3 81.0657 69.9446 69.4571 90.6236 59.3643 65.5009 64.652 103.536 60.8128 105.572 84.0795 74.2838 63.3106 61.6374 66.6041 72.9993 61.5471 57.5812 57.5011 56.4452 60.1354 56.3346
threshold=5320895.5000000009 0.036201298236846931 2.5000000000000004 11.500000000000002 20793.000000000004 0.4391168504953385 4455.6999511718759 0.068686824291944518 0.11726508662104608 4.5000000000000009 -1.2812936305999754 0.83050015568733226 30.500000000000004 1.5000000000000002 4217.3498535156259 0.32551428675651556 13070.000000000002 1110.049987792969 7722.7500000000009 1885909.0000000002 -0.10753119364380835 0.041960094124078758 0.20693664997816089 30820.000000000004 12130922.500000002 0.44452822208404547 32013.600585937504 0.043733440339565284 0.34289523959159857 11884.450195312502
decision_type=2 2 2 2 2 2 2 2 2 2 2 2 2 2 2 2 2 2 2 2 2 2 2 2 2 2 2 2 2 2
left_child=1 -1 4 -4 5 8 9 -8 12 -7 11 -9 13 29 -14 -16 -15 24 20 -20 25 22 23 -21 -18 -19 -17 28 -6 -2
right_child=2 -3 3 -5 27 6 7 10 -10 -11 -12 -13 14 16 15 26 17 18 19 21 -22 -23 -24 -25 -26 -27 -28 -29 -30 -31
leaf_value=0.00088836589529653137 -0.00045593678917475104 0.0076449195631500934 0.020442801233770489 0.00085413888763383053 -0.069776899871682119 0.016887437040849919 -0.10656203222998606 -0.060183537616498355 0.011342631614472302 -0.0041198029157409931 -0.010776061702306432 -0.029408355392271497 -0.0036580734216509758 0.0052948743139103992 0.0031989472238778574 -0.0034996808968683919 -0.095839770160080662 -0.1039111486987308 -0.0023971438319819495 -0.045348107250018116 0.0024507203257522914 0.0024507203257522914 -0.021795842394775621 -0.10024315193406984 -0.016088716904508114 -0.025377999474909499 -0.047206099110910532 0.022813955476107414 -0.013441589496008899 -0.037261985542390318
leaf_weight=117433.54971839022 88966.951866984367 5064.5364640429616 916.99705422669649 41849.073143460788 119.89359642285854 408.89010129123926 31.33431701362133 37.654513217508793 1398.1714968308806 11150.548307597637 1548.1326340734959 96.686367250978947 26876.149352580309 2532.7250021845102 6368.1896547917277 142.12354126572609 41.687491789460182 28.552367508411407 728.47923462092876 30.653809487819672 3623.6318253129721 39.5492974370718 230.94196270406246 80.812175393104553 56.447415351867676 25.216161400079727 158.76946951448917 30.347186021506786 57.761112024076283 102.08447870332748
leaf_count=253202 224908 7754 960 106024 769 457 133 182 1937 18450 2758 144 82627 3973 18678 248 172 106 1505 44 6349 33 525 315 117 34 432 34 277 578
internal_value=0.000134016 0.00116783 -0.00054076 0.0012751 -0.00107666 -0.00102161 -0.00495763 -0.0156232 -0.00062404 -0.00337392 -0.013805 -0.0480406 -0.000752883 -0.000122947 -0.00256468 0.00184141 0.00439036 -0.000393434 0.000668969 -0.0117842 0.00245072 -0.0295818 -0.0374411 -0.0689004 -0.0512044 -0.0532067 -0.0267213 -0.0390013 -0.0496971 -0.000498957
internal_weight=310177 122498 187678 42766.1 144912 144704 13273.2 1713.81 131431 11559.4 1682.47 134.341 130033 96487.7 33545.2 6669.08 7418.7 4885.97 4787.84 1110.44 3677.4 381.957 342.408 111.466 98.1349 53.7685 300.893 208.002 177.655 89069
internal_count=733725 260956 472769 106984 365785 364705 22124 3217 342581 18907 3084 326 340644 238659 101985 19358 13173 9200 8911 2422 6489 917 884 359 289 140 680 1080 1046 225486
is_linear=0
shrinkage=0.05


Tree=125
num_leaves=31
num_cat=0
split_feature=15 25 16 48 36 22 22 53 21 15 14 41 41 45 52 25 45 53 15 17 14 51 14 15 44 1 17 48 17 24
split_gain=71.0806 113.506 88.5959 88.4357 74.3343 71.1779 103.68 64.6621 60.239 49.0217 55.2237 77.3474 67.4926 114.26 91.3576 74.5249 70.7794 60.2153 77.6647 62.802 50.6013 47.0574 40.4584 39.5432 39.2494 36.6734 35.5321 34.6377 64.0739 39.2362
threshold=119.1999969482422 0.44452822208404547 0.020833667367696766 5.0625000000000009 2.5000000000000004 1885909.0000000002 13897643.000000002 0.133181206882 5320895.5000000009 1858.049987792969 5838.0500488281259 6603.6999511718759 5698.5500488281259 -6.0265152454376212 2.8650794029235844 0.32859666645526892 -0.31742423772811884 0.97442540526390087 3834.4499511718755 0.13813228905200961 2747.900024414063 -0.14643845707178113 2716.0500488281255 856.89999389648449 0.055454544723033912 0.47752524912357336 0.071659822016954436 13.267857074737551 0.1007467843592167 1.0000000180025095e-35
decision_type=2 2 2 2 2 2 2 2 2 2 2 2 2 2 2 2 2 2 2 2 2 2 2 2 2 2 2 2 2 2
left_child=1 -1 5 4 7 8 -7 22 -3 21 12 -12 17 15 16 -14 -15 -11 20 -20 26 25 -2 -9 -13 -5 -19 -18 29 -29
right_child=3 2 -4 9 -6 6 -8 23 -10 10 11 24 13 14 -16 -17 27 18 19 -21 -22 -23 -24 -25 -26 -27 -28 28 -30 -31
leaf_value=-0.0014291832238262133 0.0044953257068750243 0.0068175722624982012 0.089887452444239846 -0.063436589344009767 0.017852925548514548 0.016586390804218622 0.0008782730004483196 0.032574101220899987 0.0008782730004483196 -0.00038850484097100694 0.0033002271341773279 0.00018692879015320279 -0.14772924793052405 -0.042335283316816186 0.00018164062972462187 -0.042335283316816186 -0.0069546976768059951 -0.08350891829333193 -0.15624245081826293 -0.022654120154987776 0.00018164062972462187 0.0025928397862537166 0.022688120110295036 0.0033002271341773279 0.0033002271341773279 -0.0099410502131568948 -0.02258560591237636 -0.027066073413062237 -0.012210301454062909 -0.019638187433562573
leaf_weight=88181.666570255533 539.8629288226366 4406.1223178505898 27.411658346652985 33.34566056728363 1128.5062759444118 2041.7696086168289 633.79831289872527 129.55178970843554 8584.3125212490559 68985.116375371814 12404.51854018867 76145.700201010332 21.721913523972034 54.981552973389626 309.46501851081848 37.163727715611458 526.18661992251873 33.277339197695255 16.839835718274117 18.00077960640192 130.83885192871094 33515.9741974473 705.88629467785358 5756.6556248962879 4258.2276005148888 358.48329427838326 43.987585410475731 523.90799472481012 288.05881773680449 323.77890159189701
leaf_count=224979 748 7177 45 96 1213 3068 1499 112 18205 159511 28395 187252 104 204 353 84 950 104 81 34 168 77412 745 8397 7433 602 74 2112 801 770
internal_value=0.000334751 -0.000731916 0.00318573 0.000871862 0.00594006 0.00302257 0.0104456 0.00405058 0.00149231 0.000660393 0.000302806 0.00110677 -0.000743487 -0.00960197 -0.0075663 -0.0771043 -0.014091 -0.000476384 -0.0252233 -0.0921994 -0.0132392 0.00239108 0.0148239 0.00330023 0.000479112 -0.0147927 -0.0453529 -0.0117969 -0.0174659 -0.0270661
internal_weight=310165 103875 15693.4 206290 8260.46 15666 2675.57 7131.96 12990.4 198030 164122 92808.4 71313.3 2085.26 2026.38 58.8856 1716.91 69228.1 242.944 34.8406 208.104 33907.8 1245.75 5886.21 80403.9 391.829 77.2649 1661.93 1135.75 847.687
internal_count=732728 254973 29994 477755 11215 29949 4567 10002 25382 466540 388430 223080 165350 5378 5190 188 4837 159972 461 115 346 78110 1493 8509 194685 698 178 4633 3683 2882
is_linear=0
shrinkage=0.05


end of trees

feature_importances:
avg_instalment_amount=421
declared_income_type_code=352
agg_dpd_count=269
declared_employment_code=253
current_clean_streak_24m=246
agg_instal_sum=222
total_annuity=215
declared_income_gap=194
monthly_income=190
declared_education_code=189
late_payment_entropy_24m=111
dpd_late_autocorr_lag2_24m=107
payment_to_income=95
dpd_acceleration_24m=95
dpd_late_autocorr_lag1_24m=88
agg_instal_mean=87
agg_instal_count=72
longest_clean_streak_24m=71
debt_to_income=65
dpd_recent_minus_old_24m=60
recency_weighted_dpd_24m=58
dpd_trend_slope_24m=53
dpd_late_autocorr_lag3_24m=49
mean_dpd_24m=26
agg_dpd_std=25
dpd_mean_abs_change_24m=24
num_active_obligations=22
pct_dpd_payments_24m=18
agg_instal_nonzero=18
agg_dpd_sum=13
agg_instal_min=11
avg_overdue_amount_24m=10
agg_instal_max=10
agg_dpd_mean=9
total_overdue_amount=7
pct_overdue_payments_24m=7
max_dpd_24m=5
max_overdue_amount_24m=4
agg_dpd_max=3
num_dpd_events_24m=2
frac_late_recent_third_24m=2
max_consecutive_dpd_24m=1
agg_dpd_nonzero=1

parameters:
[boosting: gbdt]
[objective: binary]
[metric: auc]
[tree_learner: serial]
[device_type: cpu]
[data_sample_strategy: bagging]
[data: ]
[valid: ]
[num_iterations: 3000]
[learning_rate: 0.05]
[num_leaves: 31]
[num_threads: 0]
[seed: 42]
[deterministic: 0]
[force_col_wise: 0]
[force_row_wise: 0]
[histogram_pool_size: -1]
[max_depth: -1]
[min_data_in_leaf: 50]
[min_sum_hessian_in_leaf: 0.001]
[bagging_fraction: 0.8]
[pos_bagging_fraction: 1]
[neg_bagging_fraction: 1]
[bagging_freq: 1]
[bagging_seed: 400]
[bagging_by_query: 0]
[feature_fraction: 0.8]
[feature_fraction_bynode: 1]
[feature_fraction_seed: 30056]
[extra_trees: 0]
[extra_seed: 12879]
[early_stopping_round: 0]
[early_stopping_min_delta: 0]
[first_metric_only: 0]
[max_delta_step: 0]
[lambda_l1: 0]
[lambda_l2: 2]
[linear_lambda: 0]
[min_gain_to_split: 0]
[drop_rate: 0.1]
[max_drop: 50]
[skip_drop: 0.5]
[xgboost_dart_mode: 0]
[uniform_drop: 0]
[drop_seed: 17869]
[top_rate: 0.2]
[other_rate: 0.1]
[min_data_per_group: 100]
[max_cat_threshold: 32]
[cat_l2: 10]
[cat_smooth: 10]
[max_cat_to_onehot: 4]
[top_k: 20]
[monotone_constraints: 1,1,1,1,1,1,1,-1,1,1,1,1,1,1,1,0,1,1,-1,-1,-1,0,0,0,0,1,0,1,1,1,1,1,1,1,1,1,0,0,0,0,0,0,0,0,1,1,1,1,-1,1,1,1,1,0]
[monotone_constraints_method: basic]
[monotone_penalty: 0]
[feature_contri: ]
[forcedsplits_filename: ]
[refit_decay_rate: 0.9]
[cegb_tradeoff: 1]
[cegb_penalty_split: 0]
[cegb_penalty_feature_lazy: ]
[cegb_penalty_feature_coupled: ]
[path_smooth: 0]
[interaction_constraints: ]
[verbosity: -1]
[saved_feature_importance_type: 0]
[use_quantized_grad: 0]
[num_grad_quant_bins: 4]
[quant_train_renew_leaf: 0]
[stochastic_rounding: 1]
[linear_tree: 0]
[max_bin: 255]
[max_bin_by_feature: ]
[min_data_in_bin: 3]
[bin_construct_sample_cnt: 200000]
[data_random_seed: 175]
[is_enable_sparse: 1]
[enable_bundle: 1]
[use_missing: 1]
[zero_as_missing: 0]
[feature_pre_filter: 1]
[pre_partition: 0]
[two_round: 0]
[header: 0]
[label_column: ]
[weight_column: ]
[group_column: ]
[ignore_column: ]
[categorical_feature: ]
[forcedbins_filename: ]
[precise_float_parser: 0]
[parser_config_file: ]
[objective_seed: 16083]
[num_class: 1]
[is_unbalance: 0]
[scale_pos_weight: 31.972]
[sigmoid: 1]
[boost_from_average: 1]
[reg_sqrt: 0]
[alpha: 0.9]
[fair_c: 1]
[poisson_max_delta_step: 0.7]
[tweedie_variance_power: 1.5]
[lambdarank_truncation_level: 30]
[lambdarank_norm: 1]
[label_gain: ]
[lambdarank_position_bias_regularization: 0]
[eval_at: ]
[multi_error_top_k: 1]
[auc_mu_weights: ]
[num_machines: 1]
[local_listen_port: 12400]
[time_out: 120]
[machine_list_filename: ]
[machines: ]
[gpu_platform_id: -1]
[gpu_device_id: -1]
[gpu_use_dp: 0]
[num_gpu: 1]

end of parameters

pandas_categorical:null
